id,name,email,home_address,dob,card_last4,member_since,tier,churn_risk
MEM-0001,Margaret Okafor-Reyes,m.okafor.reyes@example.com,"418 Balloon Way, Toledo, OH 43604",1961-04-17,7743,2019-05-02,golden_goose,0.05
MEM-0002,Gus Kim,gus.kim2@example.com,"37 Ferry St, Toledo, OH 46700",2004-08-25,8526,2023-04-01,standard,0.32
MEM-0003,Lamar Wright,lamar.wright3@example.com,"94 Ferry St, Kalamazoo, MI 46290",1995-01-09,3284,2025-05-01,standard,0.17
MEM-0004,Omar Lee,omar.lee4@example.com,"154 Prairie Ln, South Bend, IN 48993",1980-07-21,5192,2025-02-01,standard,0.32
MEM-0005,Pearl Thomas,pearl.thomas5@example.com,"776 Foundry St, Findlay, OH 44201",1964-11-10,5458,2023-12-01,standard,0.21
MEM-0006,Zoe Torres,zoe.torres6@example.com,"824 Harbor Rd, South Bend, IN 47727",1990-10-14,6787,2021-11-01,standard,0.36
MEM-0007,Quinn Anderson,quinn.anderson7@example.com,"955 Airline Rd, Dayton, OH 49747",1985-02-18,1740,2017-01-01,standard,0.25
MEM-0008,Bettye Patel,bettye.patel8@example.com,"211 Oak Ave, Sandusky, OH 46208",1990-10-15,3510,2021-12-01,standard,0.13
MEM-0009,Ivan Young,ivan.young9@example.com,"518 Meadow Ln, Findlay, OH 46583",1969-04-19,2639,2023-05-01,standard,0.29
MEM-0010,Ingrid Scott,ingrid.scott10@example.com,"132 Airline Rd, Fort Wayne, IN 48553",1960-03-14,4917,2015-09-01,standard,0.22
MEM-0011,Ximena Moore,ximena.moore11@example.com,"789 Prairie Ln, Erie, PA 43564",1982-04-03,8342,2023-06-01,standard,0.06
MEM-0012,Ingrid Smith,ingrid.smith12@example.com,"147 Harbor Rd, Bowling Green, OH 49089",1983-07-28,4417,2016-08-01,standard,0.21
MEM-0013,Jamal Kowalczyk,jamal.kowalczyk13@example.com,"13 Meadow Ln, Toledo, OH 48007",1984-11-09,5970,2017-07-01,standard,0.37
MEM-0014,Yuki Kowalczyk,yuki.kowalczyk14@example.com,"771 Elm Ct, Kalamazoo, MI 45346",1989-01-16,5178,2018-11-01,golden_goose,0.23
MEM-0015,Yosef Martin,yosef.martin15@example.com,"119 Elm Ct, Dayton, OH 45318",1976-01-10,2495,2019-08-01,standard,0.36
MEM-0016,Carlos Nowak,carlos.nowak16@example.com,"171 Willow Pass, Findlay, OH 47405",1968-12-06,1037,2017-06-01,standard,0.01
MEM-0017,Ingrid Scott,ingrid.scott17@example.com,"86 Airline Rd, Findlay, OH 47147",1969-03-17,1209,2023-09-01,standard,0.38
MEM-0018,Zoe Harris,zoe.harris18@example.com,"995 Summit Ave, Kalamazoo, MI 48989",2001-03-02,3831,2025-10-01,standard,0.12
MEM-0019,Yosef Harris,yosef.harris19@example.com,"759 Orchard Ave, Akron, OH 44613",1990-09-08,6354,2019-01-01,standard,0.06
MEM-0020,Aisha Thomas,aisha.thomas20@example.com,"177 Ferry St, Sandusky, OH 46138",1959-11-07,6500,2021-01-01,standard,0.15
MEM-0021,Paloma Lopez,paloma.lopez21@example.com,"576 Orchard Ave, Fort Wayne, IN 45071",1988-06-14,1979,2020-05-01,standard,0.22
MEM-0022,Priya Al-Sayed,priya.al.sayed22@example.com,"643 Meadow Ln, Kalamazoo, MI 48403",1986-01-09,8776,2020-11-01,standard,0.05
MEM-0023,Rosa Adams,rosa.adams23@example.com,"614 Airline Rd, Ann Arbor, MI 49653",1998-01-21,5769,2024-01-01,standard,0.4
MEM-0024,Stan Hill,stan.hill24@example.com,"662 Harbor Rd, Kalamazoo, MI 47724",1968-11-14,5413,2017-07-01,standard,0.12
MEM-0025,Jerome Hernandez,jerome.hernandez25@example.com,"585 Harbor Rd, Findlay, OH 48967",1988-12-27,3664,2022-01-01,golden_goose,0.07
MEM-0026,Lamar Wright,lamar.wright26@example.com,"429 Harbor Rd, Findlay, OH 48397",1987-11-02,6274,2022-09-01,standard,0.3
MEM-0027,Ivan Wilson,ivan.wilson27@example.com,"982 Harbor Rd, Ann Arbor, MI 48235",1985-03-24,5776,2023-10-01,standard,0.01
MEM-0028,Mabel Anderson,mabel.anderson28@example.com,"557 Maple St, Columbus, OH 43507",2001-03-11,2089,2020-08-01,standard,0.08
MEM-0029,Linda Baker,linda.baker29@example.com,"564 Oak Ave, Toledo, OH 43241",1963-04-22,9238,2015-07-01,standard,0.33
MEM-0030,Luis Osei,luis.osei30@example.com,"197 Airline Rd, Ann Arbor, MI 43147",1962-09-14,9566,2016-05-01,standard,0.17
MEM-0031,Paloma Tanaka,paloma.tanaka31@example.com,"16 Lakeview Dr, Findlay, OH 44808",1964-08-14,3942,2025-01-01,standard,0.13
MEM-0032,Kitty Hernandez,kitty.hernandez32@example.com,"491 Orchard Ave, Ann Arbor, MI 49986",1956-11-17,2916,2021-08-01,standard,0.1
MEM-0033,Flo Young,flo.young33@example.com,"278 Maple St, Fort Wayne, IN 44842",1984-04-11,9236,2021-05-01,standard,0.01
MEM-0034,Ximena Tanaka,ximena.tanaka34@example.com,"537 Maple St, Akron, OH 46736",1998-03-11,6016,2016-06-01,standard,0.36
MEM-0035,Yuki Young,yuki.young35@example.com,"732 Canal Rd, Bowling Green, OH 47711",1959-08-10,9249,2025-02-01,standard,0.05
MEM-0036,Keiko Young,keiko.young36@example.com,"487 Maple St, Toledo, OH 48366",1988-03-04,8884,2017-01-01,standard,0.13
MEM-0037,Fatima Hernandez,fatima.hernandez37@example.com,"779 Summit Ave, Bowling Green, OH 47110",1987-01-01,2465,2019-05-01,standard,0.22
MEM-0038,DeShawn Clark,deshawn.clark38@example.com,"129 Airline Rd, Bowling Green, OH 43854",1985-11-09,2031,2015-06-01,standard,0.39
MEM-0039,Nellie White,nellie.white39@example.com,"232 Airline Rd, Findlay, OH 43371",1959-04-17,7848,2022-03-01,standard,0.18
MEM-0040,Curtis Martin,curtis.martin40@example.com,"93 Willow Pass, Findlay, OH 46548",1999-10-02,4223,2022-08-01,standard,0.09
MEM-0041,Tomasz Nowak,tomasz.nowak41@example.com,"596 Foundry St, Bowling Green, OH 43435",1993-09-19,1856,2016-11-01,standard,0.01
MEM-0042,Ximena Smith,ximena.smith42@example.com,"28 Summit Ave, Bowling Green, OH 45156",1993-10-23,9592,2024-03-01,standard,0.2
MEM-0043,Margaret Thompson,margaret.thompson43@example.com,"10 Balloon Way, Dayton, OH 49911",1966-01-12,3522,2024-11-01,standard,0.23
MEM-0044,Keiko Johnson,keiko.johnson44@example.com,"415 Canal Rd, Findlay, OH 45199",1976-08-05,1561,2024-03-01,standard,0.2
MEM-0045,Aisha Hill,aisha.hill45@example.com,"988 Ferry St, Toledo, OH 48467",1998-10-08,3192,2018-08-01,standard,0.37
MEM-0046,Ernesto Ramirez,ernesto.ramirez46@example.com,"925 Orchard Ave, Sandusky, OH 47610",1987-08-06,3508,2025-12-01,standard,0.13
MEM-0047,Chen Baker,chen.baker47@example.com,"433 Harbor Rd, Sandusky, OH 45143",2004-09-10,2645,2019-10-01,standard,0.13
MEM-0048,Linda Perez,linda.perez48@example.com,"557 Summit Ave, Sandusky, OH 49316",1960-10-02,4164,2023-11-01,standard,0.22
MEM-0049,Bob Baker,bob.baker49@example.com,"880 Harbor Rd, South Bend, IN 44481",1984-04-18,5263,2018-03-01,standard,0.37
MEM-0050,Otis Miller,otis.miller50@example.com,"777 Summit Ave, Fort Wayne, IN 44915",1957-04-13,4350,2015-12-01,standard,0.3
MEM-0051,Ernesto Smith,ernesto.smith51@example.com,"808 Prairie Ln, Sandusky, OH 45657",2004-07-07,3428,2022-08-01,standard,0.29
MEM-0052,Kitty Lopez,kitty.lopez52@example.com,"348 Harbor Rd, Akron, OH 48128",1972-06-25,6611,2020-05-01,standard,0.24
MEM-0053,Ernesto Kim,ernesto.kim53@example.com,"398 Ferry St, Columbus, OH 46265",1957-09-26,2430,2018-03-01,standard,0.07
MEM-0054,Tomasz Clark,tomasz.clark54@example.com,"183 Maple St, Findlay, OH 43146",1982-09-17,2103,2022-02-01,standard,0.02
MEM-0055,Stan Harris,stan.harris55@example.com,"733 Elm Ct, Fort Wayne, IN 49369",1982-12-27,4820,2019-09-01,standard,0.4
MEM-0056,Wes Adams,wes.adams56@example.com,"714 Canal Rd, Bowling Green, OH 48958",1980-03-01,8963,2022-02-01,standard,0.3
MEM-0057,Dolores Nguyen,dolores.nguyen57@example.com,"974 Cedar Blvd, Findlay, OH 47992",1998-01-22,6790,2025-09-01,standard,0.04
MEM-0058,Curtis Brzezinski,curtis.brzezinski58@example.com,"996 Ferry St, Columbus, OH 48837",1982-09-18,1205,2021-04-01,standard,0.38
MEM-0059,Linda Perez,linda.perez59@example.com,"995 Airline Rd, Kalamazoo, MI 49688",1967-02-20,2370,2023-06-01,standard,0.24
MEM-0060,Ray Miller,ray.miller60@example.com,"446 Meadow Ln, Columbus, OH 46363",1976-07-04,4244,2018-08-01,standard,0.01
MEM-0061,Ivan Patel,ivan.patel61@example.com,"851 Maple St, Toledo, OH 48390",1961-09-16,3020,2025-09-01,golden_goose,0.35
MEM-0062,Omar Lopez,omar.lopez62@example.com,"531 Summit Ave, South Bend, IN 43438",1962-02-06,7365,2015-07-01,standard,0.27
MEM-0063,Nellie Martin,nellie.martin63@example.com,"310 Canal Rd, Dayton, OH 48489",1995-09-09,4501,2015-01-01,standard,0.18
MEM-0064,Aisha Green,aisha.green64@example.com,"862 Oak Ave, Findlay, OH 44964",2003-10-25,6648,2024-05-01,standard,0.07
MEM-0065,Keiko Smith,keiko.smith65@example.com,"411 Foundry St, Kalamazoo, MI 44534",1971-01-26,9989,2016-11-01,standard,0.12
MEM-0066,Flo Adams,flo.adams66@example.com,"998 Balloon Way, Bowling Green, OH 45542",1958-01-18,3253,2021-02-01,standard,0.27
MEM-0067,Kitty Adams,kitty.adams67@example.com,"333 Harbor Rd, Sandusky, OH 46991",1974-05-01,7102,2021-10-01,standard,0.22
MEM-0068,Ray Martinez,ray.martinez68@example.com,"710 Meadow Ln, Bowling Green, OH 47719",1978-07-07,2329,2020-06-01,standard,0.34
MEM-0069,Carlos Wright,carlos.wright69@example.com,"387 Willow Pass, Kalamazoo, MI 44151",1962-09-04,6873,2024-01-01,standard,0.25
MEM-0070,Tomasz Miller,tomasz.miller70@example.com,"188 Cedar Blvd, Sandusky, OH 49944",1976-12-05,1588,2016-02-01,standard,0.39
MEM-0071,Jamal Torres,jamal.torres71@example.com,"992 Meadow Ln, Sandusky, OH 45197",1963-05-21,1166,2023-10-01,golden_goose,0.08
MEM-0072,Ingrid Adams,ingrid.adams72@example.com,"552 Cedar Blvd, Dayton, OH 46270",1971-12-17,1969,2015-01-01,standard,0.21
MEM-0073,Aisha Hernandez,aisha.hernandez73@example.com,"914 Ferry St, Columbus, OH 45733",1955-01-19,8391,2025-11-01,standard,0.12
MEM-0074,Aisha Martin,aisha.martin74@example.com,"390 Meadow Ln, Bowling Green, OH 44221",1966-06-22,4122,2022-08-01,standard,0.32
MEM-0075,Rosa White,rosa.white75@example.com,"613 Summit Ave, Dayton, OH 45265",1964-08-17,3520,2020-07-01,standard,0.07
MEM-0076,Ivan Brown,ivan.brown76@example.com,"816 Orchard Ave, Kalamazoo, MI 46280",1981-11-13,7875,2021-09-01,standard,0.32
MEM-0077,Otis Clark,otis.clark77@example.com,"466 Willow Pass, Erie, PA 43355",1989-05-14,3061,2022-11-01,standard,0.29
MEM-0078,Harriet Patel,harriet.patel78@example.com,"476 Maple St, Ann Arbor, MI 47069",1985-01-17,1273,2020-10-01,standard,0.38
MEM-0079,Ingrid Lopez,ingrid.lopez79@example.com,"25 Airline Rd, Akron, OH 46937",2001-12-08,1591,2017-06-01,standard,0.1
MEM-0080,Pearl Okafor-Reyes,pearl.okafor.reyes80@example.com,"41 Foundry St, South Bend, IN 47805",1967-06-13,2713,2022-07-01,golden_goose,0.01
MEM-0081,Hannah Clark,hannah.clark81@example.com,"392 Summit Ave, Fort Wayne, IN 46239",1979-11-13,6990,2015-02-01,standard,0.18
MEM-0082,Ximena Nowak,ximena.nowak82@example.com,"810 Elm Ct, Ann Arbor, MI 45046",1962-01-27,1615,2017-02-01,standard,0.06
MEM-0083,Priya Ramirez,priya.ramirez83@example.com,"779 Airline Rd, Kalamazoo, MI 47242",1999-03-02,4459,2025-01-01,standard,0.29
MEM-0084,Stan Nguyen,stan.nguyen84@example.com,"940 Canal Rd, Erie, PA 48254",1966-11-19,7119,2015-05-01,standard,0.27
MEM-0085,Umar Clark,umar.clark85@example.com,"121 Balloon Way, Akron, OH 49143",1994-10-22,3186,2024-03-01,standard,0.01
MEM-0086,Paloma Ramirez,paloma.ramirez86@example.com,"781 Lakeview Dr, Ann Arbor, MI 46967",1966-01-03,2037,2016-12-01,standard,0.07
MEM-0087,Bettye Brown,bettye.brown87@example.com,"911 Canal Rd, Sandusky, OH 44619",1979-08-03,6214,2022-12-01,golden_goose,0.11
MEM-0088,Paloma Smith,paloma.smith88@example.com,"287 Harbor Rd, Kalamazoo, MI 47713",1955-06-27,6500,2019-03-01,standard,0.22
MEM-0089,Ingrid Hernandez,ingrid.hernandez89@example.com,"186 Summit Ave, Columbus, OH 44180",1986-10-12,6737,2020-03-01,standard,0.03
MEM-0090,Flo Young,flo.young90@example.com,"302 Oak Ave, Kalamazoo, MI 43931",1989-08-26,6053,2020-06-01,standard,0.34
MEM-0091,Ximena Brown,ximena.brown91@example.com,"79 Harbor Rd, Sandusky, OH 47553",1982-11-19,2354,2020-09-01,standard,0.36
MEM-0092,Nellie Nowak,nellie.nowak92@example.com,"510 Willow Pass, Erie, PA 46349",1992-10-12,9211,2016-09-01,standard,0.04
MEM-0093,Zoe Lee,zoe.lee93@example.com,"285 Ferry St, Erie, PA 43926",1978-09-26,1120,2016-11-01,standard,0.3
MEM-0094,Greg White,greg.white94@example.com,"912 Harbor Rd, South Bend, IN 46147",1978-04-02,4743,2025-10-01,standard,0.01
MEM-0095,Zoe Smith,zoe.smith95@example.com,"909 Maple St, Toledo, OH 43790",1977-02-28,9388,2024-02-01,standard,0.03
MEM-0096,Wes Baker,wes.baker96@example.com,"435 Canal Rd, Ann Arbor, MI 43987",1988-02-07,6001,2021-05-01,standard,0.38
MEM-0097,Omar Kim,omar.kim97@example.com,"930 Willow Pass, Sandusky, OH 49382",1969-04-18,3847,2025-07-01,standard,0.24
MEM-0098,Curtis Clark,curtis.clark98@example.com,"605 Meadow Ln, Sandusky, OH 44007",1974-07-06,9436,2021-04-01,standard,0.38
MEM-0099,Rosa Miller,rosa.miller99@example.com,"419 Oak Ave, Fort Wayne, IN 49323",2002-10-03,2153,2025-03-01,standard,0.02
MEM-0100,Aisha Walker,aisha.walker100@example.com,"832 Foundry St, Dayton, OH 49054",1997-01-02,2640,2023-07-01,standard,0.18
MEM-0101,Aisha Osei,aisha.osei101@example.com,"666 Harbor Rd, Findlay, OH 43562",1958-05-06,5669,2016-04-01,standard,0.21
MEM-0102,Carlos Womack,carlos.womack102@example.com,"530 Airline Rd, Findlay, OH 45740",1960-11-27,2365,2025-10-01,standard,0.15
MEM-0103,Luis Thompson,luis.thompson103@example.com,"162 Elm Ct, Columbus, OH 43710",1991-07-11,2670,2016-05-01,standard,0.04
MEM-0104,DeShawn Al-Sayed,deshawn.al.sayed104@example.com,"757 Willow Pass, Ann Arbor, MI 43180",2003-10-10,8576,2016-03-01,standard,0.13
MEM-0105,Ernesto Adams,ernesto.adams105@example.com,"874 Foundry St, Findlay, OH 48237",1980-09-09,9584,2022-01-01,golden_goose,0.35
MEM-0106,Paloma Wright,paloma.wright106@example.com,"865 Elm Ct, Fort Wayne, IN 45521",1976-08-17,8129,2022-10-01,golden_goose,0.36
MEM-0107,Quinn Jackson,quinn.jackson107@example.com,"521 Balloon Way, Fort Wayne, IN 43397",1981-12-03,1753,2019-06-01,standard,0.33
MEM-0108,Otis Flores,otis.flores108@example.com,"172 Harbor Rd, Toledo, OH 46360",1994-12-22,9527,2015-07-01,standard,0.04
MEM-0109,Nadia Brown,nadia.brown109@example.com,"57 Meadow Ln, Kalamazoo, MI 48522",1993-10-09,9798,2020-08-01,standard,0.1
MEM-0110,Priya Okafor-Reyes,priya.okafor.reyes110@example.com,"936 Airline Rd, Ann Arbor, MI 44656",1995-11-12,1441,2022-11-01,standard,0.36
MEM-0111,DeShawn Lee,deshawn.lee111@example.com,"377 Cedar Blvd, Sandusky, OH 47986",1961-09-11,7443,2025-10-01,standard,0.14
MEM-0112,Flo White,flo.white112@example.com,"119 Willow Pass, South Bend, IN 46038",1998-07-13,9683,2018-07-01,standard,0.29
MEM-0113,Yuki Johnson,yuki.johnson113@example.com,"800 Oak Ave, Findlay, OH 47202",1988-09-07,8273,2015-07-01,standard,0.03
MEM-0114,Zoe Clark,zoe.clark114@example.com,"765 Canal Rd, Sandusky, OH 49215",1969-06-06,2508,2015-04-01,standard,0.05
MEM-0115,Greg Harris,greg.harris115@example.com,"555 Willow Pass, Kalamazoo, MI 47547",2004-03-02,3590,2023-01-01,golden_goose,0.24
MEM-0116,Rosa Jackson,rosa.jackson116@example.com,"778 Summit Ave, Fort Wayne, IN 45120",1988-08-28,3892,2016-06-01,standard,0.13
MEM-0117,Ximena Clark,ximena.clark117@example.com,"151 Maple St, South Bend, IN 48402",1992-01-04,3447,2020-07-01,standard,0.14
MEM-0118,Quinn Baker,quinn.baker118@example.com,"162 Balloon Way, Dayton, OH 43057",1955-07-18,6893,2024-04-01,standard,0.35
MEM-0119,Pearl White,pearl.white119@example.com,"375 Elm Ct, Erie, PA 46387",1957-01-15,7731,2016-09-01,standard,0.27
MEM-0120,Ximena Lopez,ximena.lopez120@example.com,"179 Meadow Ln, Ann Arbor, MI 46772",1965-03-07,6965,2022-01-01,golden_goose,0.24
MEM-0121,Umar Nguyen,umar.nguyen121@example.com,"961 Canal Rd, Kalamazoo, MI 43742",1961-01-11,3155,2025-01-01,standard,0.16
MEM-0122,Aisha Wright,aisha.wright122@example.com,"512 Airline Rd, Findlay, OH 43011",1989-03-23,1604,2023-06-01,standard,0.29
MEM-0123,Ivan Wilson,ivan.wilson123@example.com,"500 Harbor Rd, Kalamazoo, MI 45370",1961-07-09,8527,2024-07-01,standard,0.01
MEM-0124,Chen Torres,chen.torres124@example.com,"424 Willow Pass, Dayton, OH 46371",1960-06-11,4241,2022-09-01,standard,0.29
MEM-0125,Chen Robinson,chen.robinson125@example.com,"140 Harbor Rd, Sandusky, OH 43082",1973-08-26,4929,2017-10-01,standard,0.1
MEM-0126,Tina Brown,tina.brown126@example.com,"969 Harbor Rd, Findlay, OH 48888",1997-04-02,4601,2025-06-01,standard,0.2
MEM-0127,Yosef Walker,yosef.walker127@example.com,"564 Maple St, Bowling Green, OH 44066",1959-03-25,8271,2020-03-01,standard,0.12
MEM-0128,Mo Harris,mo.harris128@example.com,"210 Harbor Rd, Bowling Green, OH 44529",1980-02-11,4972,2022-11-01,standard,0.25
MEM-0129,Ivan Wilson,ivan.wilson129@example.com,"834 Maple St, South Bend, IN 46742",1967-01-09,2201,2016-07-01,standard,0.01
MEM-0130,Bob Davis,bob.davis130@example.com,"376 Prairie Ln, Akron, OH 43464",1972-02-19,1159,2016-02-01,golden_goose,0.36
MEM-0131,Harriet Ramirez,harriet.ramirez131@example.com,"302 Orchard Ave, Toledo, OH 43540",1985-01-14,8945,2018-10-01,standard,0.11
MEM-0132,Chen Young,chen.young132@example.com,"10 Canal Rd, Sandusky, OH 43128",1984-10-11,1343,2023-06-01,standard,0.22
MEM-0133,Quinn Tanaka,quinn.tanaka133@example.com,"88 Willow Pass, Columbus, OH 49761",1988-11-03,1440,2018-06-01,standard,0.21
MEM-0134,Dolores Ramirez,dolores.ramirez134@example.com,"461 Meadow Ln, Erie, PA 49554",1968-10-18,2083,2024-04-01,standard,0.31
MEM-0135,Jerome Martinez,jerome.martinez135@example.com,"779 Maple St, Findlay, OH 49894",1980-06-03,3280,2020-02-01,standard,0.22
MEM-0136,Flo Walker,flo.walker136@example.com,"195 Lakeview Dr, Kalamazoo, MI 43788",1969-10-08,1209,2023-12-01,standard,0.17
MEM-0137,Nadia Harris,nadia.harris137@example.com,"618 Lakeview Dr, Kalamazoo, MI 49305",1961-07-20,3397,2023-09-01,standard,0.01
MEM-0138,Otis Adams,otis.adams138@example.com,"693 Prairie Ln, Columbus, OH 44250",1981-04-04,5447,2020-08-01,standard,0.2
MEM-0139,Linda Flores,linda.flores139@example.com,"968 Balloon Way, South Bend, IN 44326",1994-02-13,4772,2022-10-01,standard,0.39
MEM-0140,Wes Baker,wes.baker140@example.com,"327 Orchard Ave, Fort Wayne, IN 44700",1963-06-18,5704,2016-08-01,standard,0.26
MEM-0141,Tomasz Walker,tomasz.walker141@example.com,"152 Meadow Ln, Columbus, OH 45104",2000-01-04,4334,2022-11-01,standard,0.19
MEM-0142,Mabel Tanaka,mabel.tanaka142@example.com,"90 Airline Rd, Findlay, OH 46578",1990-10-25,4910,2021-12-01,standard,0.36
MEM-0143,Priya Nguyen,priya.nguyen143@example.com,"615 Maple St, Erie, PA 45189",2003-10-28,1191,2018-05-01,standard,0.35
MEM-0144,Nadia Walker,nadia.walker144@example.com,"437 Canal Rd, Dayton, OH 46182",1997-02-26,1527,2018-11-01,standard,0.11
MEM-0145,Harriet Al-Sayed,harriet.al.sayed145@example.com,"486 Maple St, Fort Wayne, IN 47601",1977-03-15,8095,2023-08-01,standard,0.16
MEM-0146,Harriet Okafor-Reyes,harriet.okafor.reyes146@example.com,"172 Maple St, Dayton, OH 49906",1976-05-13,1112,2024-02-01,standard,0.15
MEM-0147,DeShawn Allen,deshawn.allen147@example.com,"557 Summit Ave, South Bend, IN 46748",1963-03-25,7311,2023-02-01,standard,0.37
MEM-0148,Bettye Nguyen,bettye.nguyen148@example.com,"986 Foundry St, Sandusky, OH 48424",1964-08-11,2316,2025-11-01,golden_goose,0.24
MEM-0149,Nellie Sanchez,nellie.sanchez149@example.com,"791 Prairie Ln, Toledo, OH 48108",1959-07-06,2088,2023-05-01,standard,0.21
MEM-0150,Paloma Kim,paloma.kim150@example.com,"925 Maple St, Ann Arbor, MI 43910",1998-11-02,8120,2016-10-01,standard,0.37
MEM-0151,Ray Perez,ray.perez151@example.com,"764 Canal Rd, Dayton, OH 48839",1962-05-11,6483,2020-01-01,standard,0.39
MEM-0152,Otis Sanchez,otis.sanchez152@example.com,"53 Willow Pass, Columbus, OH 49208",2000-02-07,6469,2025-09-01,standard,0.4
MEM-0153,Aisha Ramirez,aisha.ramirez153@example.com,"429 Elm Ct, Sandusky, OH 45188",1992-11-17,1141,2019-12-01,standard,0.17
MEM-0154,Greg Lewis,greg.lewis154@example.com,"648 Foundry St, Kalamazoo, MI 47734",1982-10-21,4888,2017-05-01,standard,0.08
MEM-0155,Mo Martinez,mo.martinez155@example.com,"896 Elm Ct, Ann Arbor, MI 43708",1993-07-05,9445,2024-09-01,standard,0.04
MEM-0156,Flo Wright,flo.wright156@example.com,"987 Canal Rd, Sandusky, OH 46775",1971-09-10,5317,2016-06-01,standard,0.24
MEM-0157,Dolores Harris,dolores.harris157@example.com,"451 Foundry St, Erie, PA 43742",2001-10-20,8950,2024-12-01,standard,0.35
MEM-0158,Linda Patel,linda.patel158@example.com,"921 Airline Rd, Erie, PA 49915",2001-05-16,1253,2024-05-01,standard,0.16
MEM-0159,Gus Clark,gus.clark159@example.com,"260 Ferry St, Sandusky, OH 44735",1988-07-23,3543,2023-07-01,standard,0.05
MEM-0160,Chen Kowalczyk,chen.kowalczyk160@example.com,"137 Willow Pass, Ann Arbor, MI 46539",1978-03-17,3818,2018-10-01,standard,0.18
MEM-0161,Flo Thomas,flo.thomas161@example.com,"450 Harbor Rd, Columbus, OH 46076",1971-11-08,7528,2019-04-01,standard,0.32
MEM-0162,Hannah King,hannah.king162@example.com,"977 Maple St, Erie, PA 43567",1995-11-26,4855,2016-11-01,standard,0.3
MEM-0163,Lamar Miller,lamar.miller163@example.com,"308 Elm Ct, Erie, PA 46174",1963-02-10,8130,2020-04-01,standard,0.07
MEM-0164,Priya Wilson,priya.wilson164@example.com,"108 Orchard Ave, Bowling Green, OH 44385",1957-01-07,5240,2022-07-01,standard,0.1
MEM-0165,Yosef Clark,yosef.clark165@example.com,"169 Harbor Rd, Columbus, OH 45902",1978-12-11,7499,2021-08-01,standard,0.13
MEM-0166,Bob King,bob.king166@example.com,"722 Oak Ave, Toledo, OH 49720",1970-11-21,6063,2023-12-01,standard,0.26
MEM-0167,Mo Sanchez,mo.sanchez167@example.com,"703 Meadow Ln, Sandusky, OH 45936",1984-04-28,9982,2015-11-01,standard,0.32
MEM-0168,Lamar Hill,lamar.hill168@example.com,"107 Airline Rd, Bowling Green, OH 46292",1961-04-11,4879,2024-10-01,standard,0.17
MEM-0169,Fatima Kim,fatima.kim169@example.com,"446 Summit Ave, Sandusky, OH 44961",1998-08-11,4495,2024-07-01,standard,0.11
MEM-0170,Carlos Brzezinski,carlos.brzezinski170@example.com,"623 Cedar Blvd, Findlay, OH 46223",1963-01-23,2522,2021-03-01,standard,0.02
MEM-0171,Ernesto Scott,ernesto.scott171@example.com,"987 Airline Rd, Bowling Green, OH 49910",1985-09-03,2952,2022-12-01,standard,0.11
MEM-0172,Hannah Smith,hannah.smith172@example.com,"43 Airline Rd, Toledo, OH 46230",1965-07-28,1623,2020-04-01,standard,0.01
MEM-0173,Arthur Kim,arthur.kim173@example.com,"389 Maple St, Sandusky, OH 49712",1975-03-13,7475,2019-08-01,standard,0.4
MEM-0174,Tomasz Thompson,tomasz.thompson174@example.com,"48 Summit Ave, Sandusky, OH 47978",2003-03-18,3730,2024-02-01,standard,0.25
MEM-0175,Arthur Lee,arthur.lee175@example.com,"79 Elm Ct, Erie, PA 45300",1969-10-02,3956,2019-08-01,standard,0.2
MEM-0176,Ernesto Tanaka,ernesto.tanaka176@example.com,"25 Canal Rd, Erie, PA 45980",1985-03-24,6857,2017-05-01,standard,0.18
MEM-0177,Curtis Al-Sayed,curtis.al.sayed177@example.com,"614 Willow Pass, Bowling Green, OH 49584",1984-11-12,3092,2025-08-01,standard,0.18
MEM-0178,Curtis Johnson,curtis.johnson178@example.com,"788 Cedar Blvd, Fort Wayne, IN 43448",2003-11-22,8846,2021-02-01,standard,0.22
MEM-0179,Tomasz Kowalczyk,tomasz.kowalczyk179@example.com,"743 Canal Rd, Sandusky, OH 44914",1976-05-10,3580,2016-07-01,golden_goose,0.1
MEM-0180,Curtis Flores,curtis.flores180@example.com,"880 Ferry St, Kalamazoo, MI 46808",1956-03-07,6848,2021-07-01,standard,0.35
MEM-0181,Tina Scott,tina.scott181@example.com,"20 Canal Rd, Sandusky, OH 48579",2003-01-24,1981,2021-07-01,golden_goose,0.2
MEM-0182,Curtis Hernandez,curtis.hernandez182@example.com,"865 Summit Ave, Fort Wayne, IN 43955",1964-05-19,7330,2025-07-01,standard,0.1
MEM-0183,Margaret Moore,margaret.moore183@example.com,"543 Prairie Ln, Fort Wayne, IN 48385",1958-01-22,5258,2015-05-01,standard,0.03
MEM-0184,Curtis Adams,curtis.adams184@example.com,"227 Elm Ct, Erie, PA 45429",1957-05-18,3939,2020-02-01,standard,0.19
MEM-0185,Stan Torres,stan.torres185@example.com,"697 Foundry St, Sandusky, OH 45836",1984-12-03,3493,2022-11-01,standard,0.08
MEM-0186,Ivan Martinez,ivan.martinez186@example.com,"677 Cedar Blvd, Bowling Green, OH 47976",1955-02-06,2590,2016-07-01,standard,0.2
MEM-0187,Arthur Harris,arthur.harris187@example.com,"12 Foundry St, Kalamazoo, MI 49889",1956-09-18,6139,2019-12-01,standard,0.08
MEM-0188,Chen Martin,chen.martin188@example.com,"200 Cedar Blvd, Ann Arbor, MI 43848",1959-05-16,2039,2024-03-01,golden_goose,0.38
MEM-0189,DeShawn Wilson,deshawn.wilson189@example.com,"731 Orchard Ave, Akron, OH 47261",1986-09-28,9516,2016-05-01,standard,0.2
MEM-0190,Mabel Kim,mabel.kim190@example.com,"138 Ferry St, Findlay, OH 47032",1972-06-20,6679,2023-01-01,standard,0.08
MEM-0191,Fatima Walker,fatima.walker191@example.com,"412 Summit Ave, Akron, OH 45690",1993-02-03,2031,2015-09-01,standard,0.08
MEM-0192,DeShawn Smith,deshawn.smith192@example.com,"190 Prairie Ln, Findlay, OH 49616",2003-07-21,7020,2021-06-01,standard,0.15
MEM-0193,Jerome Brown,jerome.brown193@example.com,"736 Canal Rd, Ann Arbor, MI 43118",1959-04-23,2786,2021-05-01,standard,0.34
MEM-0194,Jamal Wilson,jamal.wilson194@example.com,"420 Prairie Ln, Bowling Green, OH 43817",1980-02-25,3347,2025-08-01,standard,0.23
MEM-0195,Tina Brzezinski,tina.brzezinski195@example.com,"899 Canal Rd, Sandusky, OH 49490",1963-06-24,5278,2022-02-01,standard,0.08
MEM-0196,Jamal Miller,jamal.miller196@example.com,"478 Ferry St, Findlay, OH 44500",1957-03-28,6370,2019-02-01,standard,0.37
MEM-0197,Carlos King,carlos.king197@example.com,"719 Canal Rd, Fort Wayne, IN 45486",1989-04-24,8912,2018-08-01,standard,0.3
MEM-0198,Nellie Hill,nellie.hill198@example.com,"210 Elm Ct, Sandusky, OH 45732",1956-10-07,5642,2015-04-01,standard,0.3
MEM-0199,Luis Ramirez,luis.ramirez199@example.com,"417 Harbor Rd, Toledo, OH 43198",1989-12-21,6934,2025-03-01,standard,0.04
MEM-0200,Keiko Hernandez,keiko.hernandez200@example.com,"833 Cedar Blvd, Toledo, OH 48328",1969-03-04,2669,2024-05-01,standard,0.01
MEM-0201,Pearl Brown,pearl.brown201@example.com,"813 Harbor Rd, Dayton, OH 45098",1955-01-08,8255,2022-12-01,standard,0.21
MEM-0202,Yosef Anderson,yosef.anderson202@example.com,"779 Summit Ave, Ann Arbor, MI 44651",1992-02-22,5957,2016-01-01,golden_goose,0.14
MEM-0203,Mo Hernandez,mo.hernandez203@example.com,"517 Elm Ct, Toledo, OH 47599",1983-07-08,4650,2024-02-01,standard,0.23
MEM-0204,Tomasz Okafor-Reyes,tomasz.okafor.reyes204@example.com,"707 Elm Ct, Sandusky, OH 45112",1982-08-08,2412,2023-12-01,standard,0.1
MEM-0205,Carlos Brzezinski,carlos.brzezinski205@example.com,"632 Foundry St, Columbus, OH 45002",1982-12-03,3250,2017-01-01,standard,0.37
MEM-0206,Nadia Osei,nadia.osei206@example.com,"258 Harbor Rd, Kalamazoo, MI 47346",1976-11-26,8720,2016-02-01,standard,0.06
MEM-0207,Aisha Ramirez,aisha.ramirez207@example.com,"714 Balloon Way, Sandusky, OH 48708",1998-01-20,2572,2024-06-01,standard,0.29
MEM-0208,Margaret Walker,margaret.walker208@example.com,"197 Canal Rd, Dayton, OH 49559",1993-08-20,7841,2024-11-01,standard,0.01
MEM-0209,Yuki Martin,yuki.martin209@example.com,"708 Lakeview Dr, Erie, PA 44409",1993-04-25,5335,2017-08-01,standard,0.05
MEM-0210,Kitty Thompson,kitty.thompson210@example.com,"270 Ferry St, Sandusky, OH 44463",1980-11-23,4890,2019-09-01,standard,0.25
MEM-0211,Nellie Tanaka,nellie.tanaka211@example.com,"913 Summit Ave, Ann Arbor, MI 46269",1989-07-11,3836,2017-07-01,standard,0.32
MEM-0212,Ingrid Martinez,ingrid.martinez212@example.com,"603 Airline Rd, Kalamazoo, MI 48512",1971-01-09,5881,2024-07-01,standard,0.4
MEM-0213,Otis Womack,otis.womack213@example.com,"808 Airline Rd, Columbus, OH 44850",1988-12-15,1984,2025-02-01,standard,0.15
MEM-0214,Otis Johnson,otis.johnson214@example.com,"329 Ferry St, Sandusky, OH 43533",1975-04-04,8872,2018-04-01,standard,0.35
MEM-0215,Jamal Robinson,jamal.robinson215@example.com,"687 Cedar Blvd, Columbus, OH 48993",1975-12-11,8596,2018-08-01,standard,0
MEM-0216,Zoe White,zoe.white216@example.com,"515 Meadow Ln, Dayton, OH 46807",1976-04-04,3918,2019-04-01,golden_goose,0.32
MEM-0217,Ingrid Lewis,ingrid.lewis217@example.com,"714 Willow Pass, Bowling Green, OH 49340",2000-02-24,9036,2020-06-01,standard,0.26
MEM-0218,Mabel Harris,mabel.harris218@example.com,"617 Elm Ct, Sandusky, OH 43201",1990-08-09,6558,2016-11-01,standard,0.23
MEM-0219,Ray Jackson,ray.jackson219@example.com,"927 Meadow Ln, Findlay, OH 43998",2003-10-05,6275,2019-12-01,standard,0.12
MEM-0220,Ximena Walker,ximena.walker220@example.com,"258 Ferry St, Erie, PA 49149",2002-03-24,5683,2017-11-01,standard,0.29
MEM-0221,Greg Jackson,greg.jackson221@example.com,"26 Ferry St, Columbus, OH 48342",1986-12-02,9817,2022-12-01,standard,0.29
MEM-0222,Ximena Davis,ximena.davis222@example.com,"793 Lakeview Dr, Ann Arbor, MI 47608",1994-09-23,4004,2023-09-01,standard,0.31
MEM-0223,Stan Harris,stan.harris223@example.com,"119 Ferry St, Akron, OH 45659",1959-10-02,4064,2020-05-01,standard,0.09
MEM-0224,Fatima Flores,fatima.flores224@example.com,"603 Orchard Ave, Bowling Green, OH 43739",1998-09-24,8025,2018-04-01,golden_goose,0.33
MEM-0225,Vera Lewis,vera.lewis225@example.com,"959 Summit Ave, Erie, PA 47850",1989-11-19,6535,2021-06-01,standard,0.22
MEM-0226,Chen Jackson,chen.jackson226@example.com,"199 Elm Ct, Toledo, OH 47813",1958-03-03,5218,2025-04-01,standard,0.4
MEM-0227,Rosa Brown,rosa.brown227@example.com,"514 Maple St, Findlay, OH 44535",1978-01-27,5700,2017-12-01,golden_goose,0.07
MEM-0228,Nellie Adams,nellie.adams228@example.com,"369 Balloon Way, Columbus, OH 45794",1992-06-24,3457,2022-03-01,standard,0.34
MEM-0229,Ernesto Adams,ernesto.adams229@example.com,"226 Balloon Way, Kalamazoo, MI 43002",1999-01-10,7203,2021-09-01,standard,0.1
MEM-0230,Yosef Kim,yosef.kim230@example.com,"703 Elm Ct, Sandusky, OH 46865",1994-09-02,9811,2018-01-01,standard,0.08
MEM-0231,Dolores Osei,dolores.osei231@example.com,"416 Oak Ave, South Bend, IN 45095",2001-09-15,2563,2022-02-01,standard,0.05
MEM-0232,Paloma Nowak,paloma.nowak232@example.com,"916 Airline Rd, Akron, OH 43331",1958-01-17,6805,2018-01-01,standard,0.37
MEM-0233,Luis Hernandez,luis.hernandez233@example.com,"848 Ferry St, Dayton, OH 46523",1961-07-06,1893,2015-10-01,standard,0.21
MEM-0234,Arthur Sanchez,arthur.sanchez234@example.com,"761 Prairie Ln, Sandusky, OH 43716",1999-12-25,1534,2018-02-01,golden_goose,0.35
MEM-0235,Lamar Harris,lamar.harris235@example.com,"165 Harbor Rd, Fort Wayne, IN 43423",1979-10-20,6254,2025-02-01,standard,0.07
MEM-0236,Nellie Lewis,nellie.lewis236@example.com,"28 Willow Pass, Fort Wayne, IN 49876",1956-01-03,1462,2020-12-01,standard,0.31
MEM-0237,Rosa Davis,rosa.davis237@example.com,"292 Willow Pass, Columbus, OH 43030",1964-05-20,8659,2020-11-01,standard,0.28
MEM-0238,Kitty Thompson,kitty.thompson238@example.com,"311 Lakeview Dr, Ann Arbor, MI 45844",1989-10-16,8666,2015-06-01,standard,0.13
MEM-0239,Rosa Al-Sayed,rosa.al.sayed239@example.com,"184 Balloon Way, Akron, OH 43051",1966-10-02,4920,2018-08-01,standard,0.21
MEM-0240,Luis Perez,luis.perez240@example.com,"836 Orchard Ave, Kalamazoo, MI 46695",1994-12-05,4246,2017-10-01,standard,0.3
MEM-0241,Mo Lopez,mo.lopez241@example.com,"459 Meadow Ln, Findlay, OH 49450",2002-05-06,6765,2017-03-01,standard,0.18
MEM-0242,Nadia Lopez,nadia.lopez242@example.com,"465 Lakeview Dr, Columbus, OH 46486",1955-12-17,3848,2019-07-01,standard,0.34
MEM-0243,Otis Al-Sayed,otis.al.sayed243@example.com,"832 Cedar Blvd, Erie, PA 47711",1996-01-08,3106,2021-12-01,standard,0.01
MEM-0244,Carlos Lopez,carlos.lopez244@example.com,"259 Balloon Way, Bowling Green, OH 47478",1989-09-24,1894,2015-11-01,standard,0.34
MEM-0245,Ernesto Brown,ernesto.brown245@example.com,"40 Prairie Ln, Bowling Green, OH 47070",1970-12-21,7140,2025-02-01,standard,0.12
MEM-0246,Linda Johnson,linda.johnson246@example.com,"262 Cedar Blvd, Bowling Green, OH 49337",1958-10-26,1754,2019-03-01,standard,0.27
MEM-0247,Greg Smith,greg.smith247@example.com,"586 Maple St, Akron, OH 47170",1958-01-04,8758,2016-06-01,standard,0.11
MEM-0248,Vera Tanaka,vera.tanaka248@example.com,"48 Balloon Way, Sandusky, OH 45979",1972-06-26,5102,2023-11-01,standard,0.17
MEM-0249,Yuki Lee,yuki.lee249@example.com,"102 Orchard Ave, Akron, OH 44608",1966-04-07,8164,2023-08-01,standard,0.23
MEM-0250,Otis Adams,otis.adams250@example.com,"662 Willow Pass, South Bend, IN 49940",1956-03-23,9301,2025-05-01,golden_goose,0.13
MEM-0251,Jerome Moore,jerome.moore251@example.com,"805 Meadow Ln, Findlay, OH 44813",1985-02-10,6889,2020-05-01,standard,0.19
MEM-0252,Arthur Anderson,arthur.anderson252@example.com,"236 Oak Ave, South Bend, IN 44818",1977-11-06,8167,2021-06-01,standard,0.15
MEM-0253,Dolores Kim,dolores.kim253@example.com,"657 Balloon Way, Erie, PA 46199",1970-06-04,2291,2024-10-01,standard,0.34
MEM-0254,Greg Lopez,greg.lopez254@example.com,"347 Balloon Way, Ann Arbor, MI 48883",1991-01-04,9100,2016-12-01,standard,0.18
MEM-0255,Aisha Martin,aisha.martin255@example.com,"395 Canal Rd, Toledo, OH 49553",1995-09-26,3613,2024-03-01,golden_goose,0.09
MEM-0256,Ivan Okafor-Reyes,ivan.okafor.reyes256@example.com,"316 Ferry St, Dayton, OH 49412",1965-03-04,4515,2025-08-01,golden_goose,0.4
MEM-0257,Vera Smith,vera.smith257@example.com,"803 Orchard Ave, Columbus, OH 47238",1960-10-22,1756,2020-02-01,standard,0.18
MEM-0258,Dolores Smith,dolores.smith258@example.com,"76 Cedar Blvd, Fort Wayne, IN 45281",1973-05-01,7829,2015-09-01,standard,0.35
MEM-0259,Greg Moore,greg.moore259@example.com,"891 Lakeview Dr, Bowling Green, OH 44166",1979-07-21,7623,2015-11-01,standard,0.14
MEM-0260,Greg Johnson,greg.johnson260@example.com,"944 Prairie Ln, Findlay, OH 43029",1977-03-14,6708,2016-02-01,standard,0.14
MEM-0261,Jerome Clark,jerome.clark261@example.com,"489 Lakeview Dr, Kalamazoo, MI 44875",1992-02-26,4131,2019-03-01,standard,0.2
MEM-0262,Zoe Hill,zoe.hill262@example.com,"38 Summit Ave, Ann Arbor, MI 44023",1980-01-04,8738,2018-04-01,standard,0.14
MEM-0263,Aisha Adams,aisha.adams263@example.com,"131 Willow Pass, Bowling Green, OH 49093",2004-03-28,7756,2018-03-01,standard,0.1
MEM-0264,Jamal Baker,jamal.baker264@example.com,"592 Canal Rd, Bowling Green, OH 49707",1988-08-01,6884,2020-01-01,golden_goose,0.21
MEM-0265,Fatima Scott,fatima.scott265@example.com,"103 Meadow Ln, Dayton, OH 45438",1998-07-26,6400,2015-12-01,standard,0.23
MEM-0266,Wes Johnson,wes.johnson266@example.com,"112 Meadow Ln, Sandusky, OH 46505",2004-10-27,4138,2019-02-01,standard,0.05
MEM-0267,Arthur Womack,arthur.womack267@example.com,"992 Summit Ave, Columbus, OH 47373",1988-07-06,9790,2020-10-01,golden_goose,0.07
MEM-0268,DeShawn Okafor-Reyes,deshawn.okafor.reyes268@example.com,"938 Maple St, Ann Arbor, MI 43405",1981-08-19,2062,2023-05-01,standard,0.12
MEM-0269,Quinn Nguyen,quinn.nguyen269@example.com,"509 Balloon Way, Columbus, OH 49110",1975-08-11,7956,2016-12-01,golden_goose,0.3
MEM-0270,Lamar Lee,lamar.lee270@example.com,"623 Meadow Ln, South Bend, IN 45167",1985-01-01,5958,2023-10-01,standard,0.37
MEM-0271,Jamal Thomas,jamal.thomas271@example.com,"459 Willow Pass, South Bend, IN 48094",1971-06-09,2821,2016-05-01,standard,0.32
MEM-0272,Hannah Thomas,hannah.thomas272@example.com,"49 Oak Ave, Findlay, OH 44738",1984-02-02,9553,2016-05-01,standard,0.2
MEM-0273,Priya Scott,priya.scott273@example.com,"403 Foundry St, Akron, OH 45923",2000-04-16,6907,2015-03-01,standard,0.11
MEM-0274,Wes Osei,wes.osei274@example.com,"842 Canal Rd, Dayton, OH 48577",2001-04-13,4259,2022-09-01,standard,0.28
MEM-0275,Ingrid Patel,ingrid.patel275@example.com,"438 Elm Ct, Erie, PA 47378",1976-07-03,6255,2018-11-01,standard,0.1
MEM-0276,Pearl White,pearl.white276@example.com,"360 Meadow Ln, Kalamazoo, MI 47115",1997-09-22,4407,2023-08-01,standard,0.2
MEM-0277,Curtis Walker,curtis.walker277@example.com,"560 Summit Ave, Dayton, OH 46077",2000-07-23,2340,2018-03-01,standard,0.2
MEM-0278,Jerome Miller,jerome.miller278@example.com,"98 Balloon Way, Akron, OH 43992",1974-02-26,2414,2019-10-01,standard,0.33
MEM-0279,Keiko Allen,keiko.allen279@example.com,"963 Ferry St, Erie, PA 48121",1984-07-01,1197,2022-03-01,standard,0.12
MEM-0280,Margaret Smith,margaret.smith280@example.com,"298 Oak Ave, Akron, OH 47854",1971-09-20,3543,2022-10-01,standard,0.37
MEM-0281,Lamar Anderson,lamar.anderson281@example.com,"277 Lakeview Dr, Toledo, OH 49794",1959-12-09,2091,2022-11-01,standard,0.09
MEM-0282,Harriet Walker,harriet.walker282@example.com,"353 Orchard Ave, Dayton, OH 48325",1955-10-27,9425,2015-09-01,golden_goose,0.36
MEM-0283,Dolores Allen,dolores.allen283@example.com,"500 Balloon Way, Columbus, OH 48974",1965-09-15,4187,2022-01-01,standard,0.32
MEM-0284,Gus Allen,gus.allen284@example.com,"616 Ferry St, Columbus, OH 43684",1984-11-07,8319,2022-08-01,standard,0.29
MEM-0285,Mo Anderson,mo.anderson285@example.com,"856 Balloon Way, Akron, OH 49527",1989-03-03,5495,2016-12-01,standard,0.08
MEM-0286,Tina Jackson,tina.jackson286@example.com,"851 Willow Pass, Fort Wayne, IN 43493",1982-08-07,9198,2019-12-01,standard,0.13
MEM-0287,Ingrid Smith,ingrid.smith287@example.com,"313 Lakeview Dr, Dayton, OH 43153",1989-11-26,5297,2019-03-01,golden_goose,0.13
MEM-0288,Tina Martin,tina.martin288@example.com,"267 Lakeview Dr, Findlay, OH 48008",1980-03-12,7311,2016-02-01,standard,0.01
MEM-0289,Hannah Anderson,hannah.anderson289@example.com,"46 Summit Ave, Sandusky, OH 46738",1974-12-20,3816,2022-06-01,standard,0.13
MEM-0290,Aisha Scott,aisha.scott290@example.com,"216 Maple St, Bowling Green, OH 43421",1961-11-01,8324,2023-10-01,standard,0.15
MEM-0291,Bettye Sanchez,bettye.sanchez291@example.com,"415 Orchard Ave, Erie, PA 49579",1997-08-03,3781,2023-04-01,standard,0
MEM-0292,Mabel Kim,mabel.kim292@example.com,"446 Balloon Way, Kalamazoo, MI 47805",1994-06-12,9751,2024-09-01,standard,0.36
MEM-0293,Bob Miller,bob.miller293@example.com,"304 Foundry St, Bowling Green, OH 45399",1999-03-10,4951,2022-06-01,standard,0.04
MEM-0294,Linda Hill,linda.hill294@example.com,"185 Meadow Ln, Kalamazoo, MI 43379",1966-11-23,6506,2025-08-01,standard,0.31
MEM-0295,Ray Womack,ray.womack295@example.com,"797 Harbor Rd, Sandusky, OH 43146",1960-01-24,8237,2020-10-01,standard,0.39
MEM-0296,Flo Moore,flo.moore296@example.com,"277 Willow Pass, Dayton, OH 48913",1989-12-19,8719,2024-06-01,standard,0.33
MEM-0297,Ivan Nguyen,ivan.nguyen297@example.com,"778 Elm Ct, Ann Arbor, MI 49020",1982-02-23,8990,2021-03-01,standard,0.19
MEM-0298,Arthur Jackson,arthur.jackson298@example.com,"540 Lakeview Dr, Bowling Green, OH 43793",1978-07-23,4395,2021-11-01,standard,0.3
MEM-0299,Zoe Walker,zoe.walker299@example.com,"391 Harbor Rd, Sandusky, OH 46324",2000-08-17,2685,2018-02-01,standard,0.38
MEM-0300,Flo Miller,flo.miller300@example.com,"54 Maple St, Bowling Green, OH 44105",1987-11-16,3906,2018-02-01,standard,0.09
MEM-0301,Pearl Baker,pearl.baker301@example.com,"795 Maple St, Fort Wayne, IN 45639",1959-08-13,7216,2020-12-01,golden_goose,0.25
MEM-0302,Bettye Okafor-Reyes,bettye.okafor.reyes302@example.com,"307 Oak Ave, Kalamazoo, MI 43407",1970-06-07,1313,2016-07-01,standard,0.14
MEM-0303,Ingrid Wright,ingrid.wright303@example.com,"138 Lakeview Dr, Kalamazoo, MI 48704",2001-02-25,7355,2018-12-01,standard,0.22
MEM-0304,Chen Lee,chen.lee304@example.com,"632 Orchard Ave, Findlay, OH 45038",1966-11-09,4554,2025-03-01,standard,0.05
MEM-0305,Keiko King,keiko.king305@example.com,"361 Foundry St, Fort Wayne, IN 43784",1973-08-16,3080,2015-03-01,standard,0.01
MEM-0306,Wes Martin,wes.martin306@example.com,"236 Maple St, South Bend, IN 47405",1981-07-07,9312,2022-09-01,golden_goose,0.37
MEM-0307,Aisha Garcia,aisha.garcia307@example.com,"41 Harbor Rd, Erie, PA 45115",1957-05-19,4044,2023-01-01,standard,0.28
MEM-0308,Wes Smith,wes.smith308@example.com,"950 Ferry St, South Bend, IN 46788",1990-04-12,6499,2016-08-01,standard,0.37
MEM-0309,Luis Kowalczyk,luis.kowalczyk309@example.com,"497 Harbor Rd, Ann Arbor, MI 47181",1960-12-08,4096,2016-12-01,standard,0.38
MEM-0310,Bob Miller,bob.miller310@example.com,"349 Ferry St, Akron, OH 47297",1990-11-17,3387,2016-11-01,standard,0.36
MEM-0311,Umar Hill,umar.hill311@example.com,"33 Willow Pass, Sandusky, OH 46631",1998-10-01,3981,2020-09-01,standard,0.2
MEM-0312,Ray Garcia,ray.garcia312@example.com,"470 Canal Rd, South Bend, IN 44363",2003-03-14,8244,2021-12-01,golden_goose,0.36
MEM-0313,Bettye Hill,bettye.hill313@example.com,"952 Lakeview Dr, Toledo, OH 46171",1997-10-11,8386,2016-12-01,standard,0.26
MEM-0314,Aisha Allen,aisha.allen314@example.com,"986 Elm Ct, Dayton, OH 49472",2000-09-16,9743,2019-08-01,standard,0.11
MEM-0315,Jamal Thomas,jamal.thomas315@example.com,"72 Cedar Blvd, Kalamazoo, MI 44183",1964-06-07,3245,2024-06-01,golden_goose,0.26
MEM-0316,Ingrid Davis,ingrid.davis316@example.com,"628 Ferry St, Dayton, OH 43266",1976-08-25,6174,2018-08-01,standard,0.15
MEM-0317,Carlos Lee,carlos.lee317@example.com,"789 Maple St, Erie, PA 47007",1965-02-23,6237,2020-11-01,standard,0.39
MEM-0318,Arthur Flores,arthur.flores318@example.com,"644 Willow Pass, Fort Wayne, IN 49645",1974-03-15,2008,2020-06-01,standard,0.28
MEM-0319,Bettye Nguyen,bettye.nguyen319@example.com,"372 Meadow Ln, Kalamazoo, MI 48304",1989-10-22,6336,2015-04-01,golden_goose,0.2
MEM-0320,Arthur Womack,arthur.womack320@example.com,"570 Elm Ct, Toledo, OH 44885",1994-03-21,5775,2022-06-01,standard,0.39
MEM-0321,Bob Clark,bob.clark321@example.com,"422 Airline Rd, Findlay, OH 47128",1987-07-04,6773,2016-05-01,standard,0.4
MEM-0322,Otis Tanaka,otis.tanaka322@example.com,"916 Summit Ave, Toledo, OH 49486",1962-05-03,2301,2016-06-01,standard,0.2
MEM-0323,Otis Wilson,otis.wilson323@example.com,"328 Lakeview Dr, Akron, OH 46167",1960-08-02,9538,2020-08-01,standard,0.18
MEM-0324,Fatima Miller,fatima.miller324@example.com,"519 Airline Rd, Toledo, OH 48605",1979-04-09,1981,2019-01-01,standard,0.29
MEM-0325,Wes Lee,wes.lee325@example.com,"624 Maple St, Findlay, OH 44638",1960-04-06,2561,2024-08-01,standard,0.2
MEM-0326,Keiko White,keiko.white326@example.com,"621 Oak Ave, Dayton, OH 46159",2001-08-10,6296,2016-09-01,standard,0.15
MEM-0327,Arthur Kowalczyk,arthur.kowalczyk327@example.com,"898 Ferry St, South Bend, IN 44432",1977-04-20,8868,2021-05-01,standard,0.3
MEM-0328,Ivan Adams,ivan.adams328@example.com,"676 Lakeview Dr, Findlay, OH 43373",1955-05-15,1886,2024-06-01,standard,0.03
MEM-0329,Harriet Lopez,harriet.lopez329@example.com,"458 Orchard Ave, South Bend, IN 43434",1999-03-18,7636,2016-09-01,standard,0.17
MEM-0330,Luis Thompson,luis.thompson330@example.com,"337 Airline Rd, Bowling Green, OH 49985",1970-06-28,9176,2021-07-01,standard,0.01
MEM-0331,Harriet Wright,harriet.wright331@example.com,"106 Orchard Ave, Columbus, OH 48556",1967-01-18,5932,2018-04-01,standard,0.3
MEM-0332,Luis Brzezinski,luis.brzezinski332@example.com,"743 Prairie Ln, South Bend, IN 45282",1987-05-01,4952,2022-09-01,standard,0.08
MEM-0333,Umar Smith,umar.smith333@example.com,"729 Airline Rd, Columbus, OH 47240",2001-06-19,7240,2023-05-01,standard,0.24
MEM-0334,Jamal Nguyen,jamal.nguyen334@example.com,"100 Summit Ave, Dayton, OH 44746",1958-03-05,5645,2019-10-01,standard,0.35
MEM-0335,Priya Wilson,priya.wilson335@example.com,"720 Foundry St, Sandusky, OH 47469",1995-01-11,9993,2016-02-01,standard,0.14
MEM-0336,Arthur White,arthur.white336@example.com,"606 Cedar Blvd, Sandusky, OH 44147",1977-08-10,8216,2022-05-01,standard,0.32
MEM-0337,Ivan Sanchez,ivan.sanchez337@example.com,"731 Airline Rd, Erie, PA 44104",1987-05-15,9630,2024-04-01,standard,0.39
MEM-0338,Ivan Johnson,ivan.johnson338@example.com,"979 Canal Rd, Bowling Green, OH 48765",1983-01-02,5299,2022-06-01,standard,0.06
MEM-0339,Nellie Kowalczyk,nellie.kowalczyk339@example.com,"460 Oak Ave, Kalamazoo, MI 46073",1983-05-05,6157,2025-11-01,standard,0.06
MEM-0340,Bob King,bob.king340@example.com,"586 Oak Ave, Bowling Green, OH 49539",1977-07-11,5622,2023-02-01,standard,0.03
MEM-0341,Luis Adams,luis.adams341@example.com,"515 Airline Rd, Bowling Green, OH 49673",1958-07-18,6246,2021-11-01,golden_goose,0.11
MEM-0342,Keiko Green,keiko.green342@example.com,"733 Summit Ave, Erie, PA 45307",1995-05-17,8611,2016-07-01,standard,0.14
MEM-0343,Ernesto Garcia,ernesto.garcia343@example.com,"784 Meadow Ln, Dayton, OH 45531",1997-08-25,8764,2019-03-01,standard,0.36
MEM-0344,Otis Green,otis.green344@example.com,"295 Cedar Blvd, Toledo, OH 48584",1955-04-05,8942,2019-02-01,standard,0.07
MEM-0345,Otis Allen,otis.allen345@example.com,"541 Orchard Ave, Ann Arbor, MI 45235",1984-04-09,7412,2024-08-01,standard,0.31
MEM-0346,Greg Wright,greg.wright346@example.com,"725 Balloon Way, Toledo, OH 45765",1959-02-14,8791,2022-02-01,standard,0.23
MEM-0347,Kitty Wilson,kitty.wilson347@example.com,"936 Meadow Ln, Toledo, OH 49628",1978-08-01,9086,2020-06-01,standard,0.04
MEM-0348,Keiko Harris,keiko.harris348@example.com,"467 Ferry St, Fort Wayne, IN 49110",2000-10-19,2111,2025-02-01,standard,0.25
MEM-0349,Nellie Patel,nellie.patel349@example.com,"105 Ferry St, Erie, PA 45915",1982-10-04,7226,2023-11-01,standard,0.04
MEM-0350,Stan Nguyen,stan.nguyen350@example.com,"58 Canal Rd, Fort Wayne, IN 48334",1986-12-25,1951,2025-10-01,standard,0.1
MEM-0351,Aisha Torres,aisha.torres351@example.com,"670 Oak Ave, Akron, OH 46706",1988-11-14,6386,2023-08-01,standard,0.19
MEM-0352,Chen Thompson,chen.thompson352@example.com,"430 Orchard Ave, Dayton, OH 45112",1986-06-19,1468,2025-01-01,standard,0.03
MEM-0353,Jamal Smith,jamal.smith353@example.com,"469 Airline Rd, Dayton, OH 45840",1996-12-04,2546,2023-08-01,standard,0.02
MEM-0354,Wes Hernandez,wes.hernandez354@example.com,"434 Cedar Blvd, Ann Arbor, MI 46882",1976-02-09,6987,2020-02-01,standard,0.12
MEM-0355,Fatima Allen,fatima.allen355@example.com,"957 Foundry St, Erie, PA 44723",1965-12-16,3433,2023-04-01,standard,0.29
MEM-0356,Bob Smith,bob.smith356@example.com,"754 Maple St, Findlay, OH 46473",1958-05-25,9269,2020-06-01,standard,0.24
MEM-0357,Flo Lopez,flo.lopez357@example.com,"647 Foundry St, Erie, PA 43661",1965-04-18,6977,2023-01-01,golden_goose,0.27
MEM-0358,Ivan Wilson,ivan.wilson358@example.com,"481 Harbor Rd, Sandusky, OH 44056",1961-05-05,2873,2025-07-01,standard,0.05
MEM-0359,Hannah Harris,hannah.harris359@example.com,"74 Cedar Blvd, Toledo, OH 45959",2001-06-08,2264,2018-12-01,standard,0.13
MEM-0360,Mo Perez,mo.perez360@example.com,"626 Elm Ct, Columbus, OH 48778",2000-02-20,7591,2022-08-01,standard,0.15
MEM-0361,Bettye Flores,bettye.flores361@example.com,"635 Foundry St, Fort Wayne, IN 46384",1970-07-03,2467,2024-03-01,standard,0.2
MEM-0362,Ivan Brown,ivan.brown362@example.com,"339 Cedar Blvd, South Bend, IN 47768",1995-03-23,8285,2020-07-01,standard,0.18
MEM-0363,Curtis Nowak,curtis.nowak363@example.com,"931 Orchard Ave, Ann Arbor, MI 46165",1957-04-25,4992,2018-12-01,standard,0.14
MEM-0364,Keiko Davis,keiko.davis364@example.com,"268 Cedar Blvd, Dayton, OH 48927",1963-06-10,1504,2018-04-01,standard,0.01
MEM-0365,Otis Nowak,otis.nowak365@example.com,"252 Airline Rd, Fort Wayne, IN 47398",1986-03-08,6792,2018-10-01,standard,0.38
MEM-0366,Hannah Nowak,hannah.nowak366@example.com,"29 Summit Ave, Erie, PA 48679",1998-06-04,1664,2015-03-01,standard,0.07
MEM-0367,Flo Anderson,flo.anderson367@example.com,"264 Cedar Blvd, South Bend, IN 45416",1989-09-23,8143,2022-07-01,standard,0.24
MEM-0368,Tomasz Martin,tomasz.martin368@example.com,"890 Oak Ave, Akron, OH 44049",1962-04-21,5942,2023-09-01,standard,0.06
MEM-0369,Ivan Brown,ivan.brown369@example.com,"867 Harbor Rd, Erie, PA 49823",1988-04-20,9385,2020-10-01,standard,0.25
MEM-0370,Ray Hernandez,ray.hernandez370@example.com,"49 Summit Ave, Erie, PA 44430",1991-11-07,9884,2022-03-01,standard,0.02
MEM-0371,Chen Scott,chen.scott371@example.com,"216 Ferry St, Akron, OH 49880",1993-10-26,9825,2021-11-01,standard,0.36
MEM-0372,Aisha Garcia,aisha.garcia372@example.com,"275 Orchard Ave, Toledo, OH 49873",1981-04-13,3482,2021-08-01,golden_goose,0.19
MEM-0373,Harriet Flores,harriet.flores373@example.com,"427 Prairie Ln, Akron, OH 48838",1959-11-13,1721,2021-02-01,standard,0.17
MEM-0374,Mabel Lopez,mabel.lopez374@example.com,"526 Airline Rd, Ann Arbor, MI 49084",1972-05-15,9301,2019-07-01,standard,0.17
MEM-0375,Vera Womack,vera.womack375@example.com,"12 Ferry St, Kalamazoo, MI 48576",1982-04-23,8081,2017-05-01,standard,0.27
MEM-0376,Arthur Womack,arthur.womack376@example.com,"998 Maple St, South Bend, IN 49633",1990-11-19,1022,2019-06-01,standard,0.15
MEM-0377,Omar Allen,omar.allen377@example.com,"989 Oak Ave, Akron, OH 46771",1972-06-01,8907,2025-08-01,standard,0.14
MEM-0378,Jerome King,jerome.king378@example.com,"541 Oak Ave, Ann Arbor, MI 44341",1983-06-03,8489,2025-07-01,standard,0.29
MEM-0379,Nellie Lewis,nellie.lewis379@example.com,"827 Summit Ave, Sandusky, OH 48693",1959-06-04,7585,2022-02-01,standard,0.02
MEM-0380,Quinn Torres,quinn.torres380@example.com,"352 Maple St, Findlay, OH 43403",1959-01-03,4861,2025-03-01,standard,0.19
MEM-0381,Keiko Smith,keiko.smith381@example.com,"267 Willow Pass, Bowling Green, OH 48842",1975-03-25,9337,2023-12-01,standard,0.05
MEM-0382,Ivan Perez,ivan.perez382@example.com,"427 Lakeview Dr, Kalamazoo, MI 48139",1978-05-14,7585,2024-03-01,golden_goose,0.24
MEM-0383,Nadia Green,nadia.green383@example.com,"405 Canal Rd, Dayton, OH 49744",1974-07-15,6280,2023-09-01,standard,0.08
MEM-0384,Harriet Lee,harriet.lee384@example.com,"754 Orchard Ave, Bowling Green, OH 48005",2004-03-16,2290,2024-04-01,standard,0.38
MEM-0385,Stan Lewis,stan.lewis385@example.com,"505 Elm Ct, Columbus, OH 48273",1965-09-22,6572,2023-01-01,standard,0.07
MEM-0386,Tina Lewis,tina.lewis386@example.com,"97 Canal Rd, Findlay, OH 44545",1960-12-18,6503,2025-03-01,standard,0.06
MEM-0387,Kitty Lee,kitty.lee387@example.com,"314 Orchard Ave, Fort Wayne, IN 48541",1964-10-18,8501,2024-01-01,standard,0.31
MEM-0388,Lamar Martinez,lamar.martinez388@example.com,"688 Prairie Ln, Ann Arbor, MI 44692",1989-09-04,4110,2016-12-01,standard,0.1
MEM-0389,Yosef Thompson,yosef.thompson389@example.com,"300 Meadow Ln, Akron, OH 43647",1967-01-21,5825,2021-02-01,standard,0.24
MEM-0390,Umar Perez,umar.perez390@example.com,"125 Meadow Ln, Bowling Green, OH 49817",2001-10-13,3332,2019-08-01,standard,0.3
MEM-0391,Nellie Kim,nellie.kim391@example.com,"949 Elm Ct, Dayton, OH 45393",1989-01-12,5202,2022-03-01,standard,0.27
MEM-0392,Fatima Sanchez,fatima.sanchez392@example.com,"112 Oak Ave, Fort Wayne, IN 43804",1960-11-23,7573,2020-11-01,standard,0.35
MEM-0393,Jerome Scott,jerome.scott393@example.com,"405 Oak Ave, Dayton, OH 46167",1968-02-15,2277,2017-08-01,standard,0.16
MEM-0394,Mabel Lopez,mabel.lopez394@example.com,"266 Ferry St, South Bend, IN 46351",1979-09-05,4812,2021-08-01,standard,0.32
MEM-0395,Greg Tanaka,greg.tanaka395@example.com,"901 Cedar Blvd, Dayton, OH 49096",1969-02-05,4629,2015-01-01,golden_goose,0.21
MEM-0396,Ernesto Kowalczyk,ernesto.kowalczyk396@example.com,"584 Oak Ave, Dayton, OH 45351",1956-07-03,2319,2019-12-01,golden_goose,0.23
MEM-0397,Margaret Young,margaret.young397@example.com,"627 Oak Ave, Bowling Green, OH 46314",1968-03-07,8245,2018-10-01,standard,0.29
MEM-0398,Hannah Sanchez,hannah.sanchez398@example.com,"630 Meadow Ln, Columbus, OH 45555",1958-03-14,9076,2019-05-01,standard,0.13
MEM-0399,Mabel Baker,mabel.baker399@example.com,"895 Oak Ave, Dayton, OH 43665",1984-06-21,9030,2019-08-01,standard,0.34
MEM-0400,Mabel Walker,mabel.walker400@example.com,"21 Canal Rd, Columbus, OH 44096",2000-04-11,2324,2020-05-01,standard,0.19
MEM-0401,Umar Thomas,umar.thomas401@example.com,"797 Airline Rd, Erie, PA 43431",1965-10-12,1822,2018-10-01,standard,0.22
MEM-0402,Otis Hernandez,otis.hernandez402@example.com,"15 Elm Ct, Columbus, OH 46834",1979-08-08,2162,2025-04-01,standard,0.37
MEM-0403,DeShawn Baker,deshawn.baker403@example.com,"26 Ferry St, Columbus, OH 43781",1983-04-16,6554,2021-04-01,standard,0.31
MEM-0404,Linda Young,linda.young404@example.com,"783 Harbor Rd, Toledo, OH 47531",1967-04-07,6589,2017-05-01,standard,0
MEM-0405,Paloma Davis,paloma.davis405@example.com,"26 Ferry St, South Bend, IN 47046",1981-05-28,8372,2016-05-01,standard,0.31
MEM-0406,Bob Allen,bob.allen406@example.com,"489 Elm Ct, Akron, OH 49608",1963-11-26,1755,2017-05-01,standard,0.08
MEM-0407,Linda Harris,linda.harris407@example.com,"491 Summit Ave, Akron, OH 44417",1982-03-21,2689,2020-03-01,standard,0.38
MEM-0408,Margaret Brown,margaret.brown408@example.com,"471 Summit Ave, Bowling Green, OH 48146",1958-12-07,7323,2019-02-01,standard,0.18
MEM-0409,Mo Ramirez,mo.ramirez409@example.com,"873 Summit Ave, Dayton, OH 44689",1972-04-04,6909,2023-11-01,standard,0.2
MEM-0410,Harriet Martin,harriet.martin410@example.com,"734 Maple St, Bowling Green, OH 43387",1991-11-08,5395,2024-06-01,standard,0.04
MEM-0411,Nadia Brzezinski,nadia.brzezinski411@example.com,"880 Maple St, Dayton, OH 45301",1964-09-09,1172,2015-12-01,standard,0
MEM-0412,Aisha Womack,aisha.womack412@example.com,"17 Canal Rd, South Bend, IN 46114",1972-03-03,7215,2021-04-01,standard,0.19
MEM-0413,Kitty Martinez,kitty.martinez413@example.com,"648 Summit Ave, Columbus, OH 43260",1962-02-02,1983,2015-03-01,standard,0.09
MEM-0414,Keiko Smith,keiko.smith414@example.com,"560 Willow Pass, Findlay, OH 44721",1965-01-07,5547,2024-04-01,standard,0.33
MEM-0415,Ingrid Al-Sayed,ingrid.al.sayed415@example.com,"468 Airline Rd, Erie, PA 47180",1981-07-08,1695,2018-09-01,standard,0.29
MEM-0416,Greg Tanaka,greg.tanaka416@example.com,"852 Canal Rd, Columbus, OH 46677",1980-10-28,2523,2022-03-01,standard,0.02
MEM-0417,Jerome White,jerome.white417@example.com,"458 Orchard Ave, Ann Arbor, MI 48990",1963-02-09,8228,2015-02-01,standard,0.35
MEM-0418,Priya Osei,priya.osei418@example.com,"990 Prairie Ln, Sandusky, OH 44608",1959-09-02,5112,2024-09-01,standard,0.09
MEM-0419,Curtis Brown,curtis.brown419@example.com,"10 Cedar Blvd, Ann Arbor, MI 46319",1956-11-14,1388,2018-04-01,standard,0.34
MEM-0420,DeShawn Smith,deshawn.smith420@example.com,"200 Meadow Ln, Dayton, OH 45523",2002-05-15,5849,2024-06-01,golden_goose,0.07
MEM-0421,Aisha Flores,aisha.flores421@example.com,"600 Maple St, Bowling Green, OH 43144",1993-04-02,8520,2016-12-01,standard,0.39
MEM-0422,Keiko Allen,keiko.allen422@example.com,"516 Canal Rd, Akron, OH 47543",1964-04-09,6034,2021-09-01,standard,0.35
MEM-0423,Omar Allen,omar.allen423@example.com,"274 Oak Ave, Erie, PA 49205",1995-04-28,2130,2020-08-01,golden_goose,0.01
MEM-0424,Harriet Hill,harriet.hill424@example.com,"436 Cedar Blvd, Toledo, OH 45624",1998-08-05,9620,2018-08-01,standard,0.1
MEM-0425,Chen Baker,chen.baker425@example.com,"85 Airline Rd, Sandusky, OH 46734",1996-09-12,8296,2024-04-01,standard,0.18
MEM-0426,Ray Lopez,ray.lopez426@example.com,"679 Cedar Blvd, Toledo, OH 43961",2004-10-10,4157,2020-05-01,standard,0.03
MEM-0427,Dolores Walker,dolores.walker427@example.com,"720 Willow Pass, Kalamazoo, MI 47059",1968-05-01,4117,2017-11-01,standard,0.03
MEM-0428,Otis Kim,otis.kim428@example.com,"87 Lakeview Dr, South Bend, IN 44684",2001-04-17,2056,2020-03-01,standard,0.27
MEM-0429,Curtis Anderson,curtis.anderson429@example.com,"298 Summit Ave, Findlay, OH 43672",1986-03-25,1514,2021-12-01,standard,0.23
MEM-0430,DeShawn Osei,deshawn.osei430@example.com,"825 Cedar Blvd, Columbus, OH 47475",1976-07-07,7738,2023-01-01,standard,0.05
MEM-0431,Yosef Thomas,yosef.thomas431@example.com,"399 Willow Pass, Bowling Green, OH 49772",2003-07-15,3605,2016-12-01,standard,0.05
MEM-0432,Yuki Womack,yuki.womack432@example.com,"637 Canal Rd, Bowling Green, OH 44621",1965-08-20,6402,2017-02-01,standard,0.31
MEM-0433,Harriet Tanaka,harriet.tanaka433@example.com,"162 Canal Rd, Ann Arbor, MI 47269",1967-07-10,6892,2021-11-01,standard,0.14
MEM-0434,Omar Johnson,omar.johnson434@example.com,"362 Oak Ave, Akron, OH 43374",2002-03-11,3990,2025-01-01,standard,0.27
MEM-0435,Linda Nowak,linda.nowak435@example.com,"976 Prairie Ln, Kalamazoo, MI 48237",1979-01-05,7526,2021-03-01,standard,0.3
MEM-0436,Otis Harris,otis.harris436@example.com,"392 Lakeview Dr, Akron, OH 47957",1969-11-04,4835,2021-04-01,standard,0.09
MEM-0437,Umar Allen,umar.allen437@example.com,"292 Harbor Rd, Dayton, OH 44082",1974-07-02,8265,2015-01-01,standard,0.1
MEM-0438,Ray Clark,ray.clark438@example.com,"435 Ferry St, Erie, PA 48792",1993-02-09,3927,2018-06-01,standard,0.38
MEM-0439,Jerome White,jerome.white439@example.com,"411 Willow Pass, Kalamazoo, MI 44661",1975-06-23,8049,2022-03-01,standard,0.13
MEM-0440,DeShawn Torres,deshawn.torres440@example.com,"165 Maple St, South Bend, IN 45874",1972-07-10,5063,2016-07-01,standard,0.3
MEM-0441,Priya Osei,priya.osei441@example.com,"777 Ferry St, Fort Wayne, IN 47021",1958-05-06,2885,2015-05-01,standard,0.15
MEM-0442,Margaret Lewis,margaret.lewis442@example.com,"550 Airline Rd, Erie, PA 48549",1971-06-25,1141,2017-11-01,standard,0.04
MEM-0443,Rosa Kim,rosa.kim443@example.com,"645 Canal Rd, Columbus, OH 43714",1980-03-10,9024,2016-12-01,standard,0.3
MEM-0444,Aisha Martin,aisha.martin444@example.com,"603 Cedar Blvd, Sandusky, OH 46736",1966-01-28,9801,2023-02-01,standard,0.39
MEM-0445,Kitty Perez,kitty.perez445@example.com,"582 Cedar Blvd, Toledo, OH 47544",1975-11-13,8432,2025-10-01,standard,0.08
MEM-0446,Margaret Garcia,margaret.garcia446@example.com,"311 Lakeview Dr, South Bend, IN 44799",1955-02-13,1308,2015-05-01,standard,0.3
MEM-0447,Bettye Robinson,bettye.robinson447@example.com,"515 Ferry St, Toledo, OH 48679",1983-05-03,9049,2017-02-01,standard,0.09
MEM-0448,Flo Nowak,flo.nowak448@example.com,"61 Meadow Ln, Dayton, OH 46045",1965-12-16,2338,2024-12-01,standard,0.34
MEM-0449,Dolores Al-Sayed,dolores.al.sayed449@example.com,"632 Balloon Way, Dayton, OH 43386",1995-04-27,3101,2015-02-01,standard,0.08
MEM-0450,Stan Allen,stan.allen450@example.com,"217 Airline Rd, Findlay, OH 46141",1956-03-04,8818,2021-04-01,standard,0.19
MEM-0451,DeShawn Allen,deshawn.allen451@example.com,"418 Prairie Ln, Columbus, OH 49021",1988-10-15,9198,2016-10-01,standard,0.37
MEM-0452,Dolores Torres,dolores.torres452@example.com,"618 Oak Ave, Columbus, OH 47730",1964-03-26,2368,2018-07-01,standard,0.34
MEM-0453,Linda Brzezinski,linda.brzezinski453@example.com,"434 Balloon Way, Kalamazoo, MI 47295",1972-08-12,5662,2025-04-01,standard,0.26
MEM-0454,Nellie Kowalczyk,nellie.kowalczyk454@example.com,"103 Lakeview Dr, Kalamazoo, MI 48496",2002-04-16,6086,2015-10-01,standard,0.2
MEM-0455,Dolores Garcia,dolores.garcia455@example.com,"587 Lakeview Dr, Kalamazoo, MI 43262",1966-11-10,3831,2015-12-01,standard,0.32
MEM-0456,Paloma Kim,paloma.kim456@example.com,"548 Cedar Blvd, Ann Arbor, MI 44217",1967-11-02,4430,2016-09-01,standard,0.37
MEM-0457,Nadia Smith,nadia.smith457@example.com,"644 Maple St, Erie, PA 47006",1968-01-07,6478,2021-03-01,standard,0.04
MEM-0458,Fatima Clark,fatima.clark458@example.com,"943 Lakeview Dr, Sandusky, OH 44444",1977-12-20,1887,2022-07-01,standard,0.33
MEM-0459,Chen Walker,chen.walker459@example.com,"629 Cedar Blvd, Toledo, OH 44425",1960-04-07,1481,2024-01-01,standard,0.37
MEM-0460,Jerome Patel,jerome.patel460@example.com,"390 Foundry St, Kalamazoo, MI 47708",1995-09-22,9422,2018-12-01,golden_goose,0.2
MEM-0461,Zoe Nguyen,zoe.nguyen461@example.com,"803 Maple St, Toledo, OH 45723",1990-02-02,2067,2018-07-01,standard,0.06
MEM-0462,Ernesto Martin,ernesto.martin462@example.com,"880 Meadow Ln, Findlay, OH 49873",1995-06-02,7292,2023-10-01,standard,0.4
MEM-0463,Ray Patel,ray.patel463@example.com,"99 Elm Ct, Bowling Green, OH 46974",1974-06-22,5370,2018-10-01,golden_goose,0.24
MEM-0464,Linda Hill,linda.hill464@example.com,"116 Lakeview Dr, Findlay, OH 46928",1988-10-12,5066,2016-09-01,golden_goose,0.14
MEM-0465,Hannah Martin,hannah.martin465@example.com,"895 Oak Ave, Dayton, OH 44551",1955-12-16,9070,2018-11-01,standard,0.08
MEM-0466,Jamal Adams,jamal.adams466@example.com,"344 Orchard Ave, Dayton, OH 46591",1960-10-16,9698,2022-07-01,standard,0.39
MEM-0467,Vera Robinson,vera.robinson467@example.com,"315 Foundry St, Akron, OH 46036",1963-12-07,3151,2022-06-01,standard,0.34
MEM-0468,Aisha Miller,aisha.miller468@example.com,"371 Maple St, Toledo, OH 43187",1973-01-27,4623,2025-07-01,standard,0.24
MEM-0469,Quinn Green,quinn.green469@example.com,"259 Lakeview Dr, South Bend, IN 48715",1958-01-18,1693,2017-08-01,standard,0.05
MEM-0470,Lamar Smith,lamar.smith470@example.com,"323 Willow Pass, Dayton, OH 48364",1980-08-10,6970,2025-03-01,standard,0.24
MEM-0471,Luis Hernandez,luis.hernandez471@example.com,"499 Canal Rd, Fort Wayne, IN 45488",1966-05-22,8968,2016-03-01,standard,0.37
MEM-0472,Aisha Robinson,aisha.robinson472@example.com,"464 Meadow Ln, Fort Wayne, IN 46613",1972-06-21,3117,2018-04-01,standard,0.15
MEM-0473,Flo Brzezinski,flo.brzezinski473@example.com,"380 Ferry St, Toledo, OH 44655",1973-04-18,7923,2025-10-01,standard,0.19
MEM-0474,Margaret Al-Sayed,margaret.al.sayed474@example.com,"811 Cedar Blvd, Dayton, OH 48644",1973-02-24,9636,2015-09-01,standard,0.09
MEM-0475,Ernesto Hernandez,ernesto.hernandez475@example.com,"704 Meadow Ln, Toledo, OH 47165",1957-11-23,8241,2021-10-01,standard,0.23
MEM-0476,Otis Brown,otis.brown476@example.com,"226 Oak Ave, Columbus, OH 48861",2001-04-17,7908,2023-02-01,golden_goose,0.28
MEM-0477,Tina White,tina.white477@example.com,"541 Lakeview Dr, Toledo, OH 48451",1977-06-06,7540,2017-03-01,standard,0.24
MEM-0478,Ernesto Scott,ernesto.scott478@example.com,"808 Summit Ave, Findlay, OH 48141",1987-05-24,3584,2025-06-01,standard,0.34
MEM-0479,Jamal Jackson,jamal.jackson479@example.com,"578 Oak Ave, Fort Wayne, IN 46201",1984-09-26,9970,2020-05-01,standard,0.21
MEM-0480,Linda Wilson,linda.wilson480@example.com,"967 Balloon Way, Ann Arbor, MI 46773",1976-12-27,3818,2022-06-01,standard,0.02
MEM-0481,Ivan Tanaka,ivan.tanaka481@example.com,"254 Oak Ave, Ann Arbor, MI 48295",1973-01-05,3798,2021-02-01,standard,0.19
MEM-0482,Umar Martinez,umar.martinez482@example.com,"455 Oak Ave, Toledo, OH 49636",1983-02-06,7824,2025-03-01,standard,0.1
MEM-0483,Arthur Kim,arthur.kim483@example.com,"456 Oak Ave, Akron, OH 47695",1984-09-03,7252,2015-01-01,standard,0.11
MEM-0484,Hannah Johnson,hannah.johnson484@example.com,"946 Orchard Ave, Toledo, OH 46026",1984-05-10,1784,2019-02-01,standard,0.19
MEM-0485,Priya Smith,priya.smith485@example.com,"437 Lakeview Dr, Ann Arbor, MI 48697",1987-06-08,3979,2022-10-01,standard,0.3
MEM-0486,Ray Wilson,ray.wilson486@example.com,"694 Summit Ave, Findlay, OH 44749",1961-10-06,8414,2024-01-01,standard,0.18
MEM-0487,Quinn Ramirez,quinn.ramirez487@example.com,"899 Airline Rd, Akron, OH 47503",1961-08-07,8464,2023-01-01,standard,0.08
MEM-0488,Mo Moore,mo.moore488@example.com,"375 Foundry St, Bowling Green, OH 43588",1958-07-25,5528,2019-07-01,standard,0.17
MEM-0489,Rosa Womack,rosa.womack489@example.com,"198 Foundry St, Sandusky, OH 43089",1956-04-04,9886,2019-04-01,standard,0.35
MEM-0490,Pearl Womack,pearl.womack490@example.com,"306 Foundry St, Ann Arbor, MI 45070",1974-07-26,3908,2016-01-01,standard,0.16
MEM-0491,Omar King,omar.king491@example.com,"565 Foundry St, Ann Arbor, MI 46681",1972-05-22,3411,2020-09-01,standard,0.01
MEM-0492,Ximena Patel,ximena.patel492@example.com,"122 Willow Pass, Columbus, OH 47574",1979-03-04,1711,2021-05-01,standard,0.09
MEM-0493,Nellie Flores,nellie.flores493@example.com,"301 Willow Pass, Findlay, OH 46096",2002-04-03,7209,2020-05-01,standard,0.26
MEM-0494,Zoe Kim,zoe.kim494@example.com,"679 Orchard Ave, Akron, OH 44152",1977-12-14,5718,2021-07-01,standard,0.02
MEM-0495,Lamar Scott,lamar.scott495@example.com,"135 Ferry St, Kalamazoo, MI 48062",1961-01-01,1247,2019-03-01,standard,0.06
MEM-0496,Fatima Brzezinski,fatima.brzezinski496@example.com,"987 Foundry St, Fort Wayne, IN 44507",1968-10-06,9274,2024-01-01,standard,0.22
MEM-0497,Flo Martinez,flo.martinez497@example.com,"573 Summit Ave, Dayton, OH 46001",2004-03-11,7981,2018-02-01,standard,0.03
MEM-0498,Arthur Miller,arthur.miller498@example.com,"628 Meadow Ln, Columbus, OH 45000",1960-06-14,2205,2017-09-01,standard,0.22
MEM-0499,Aisha Thompson,aisha.thompson499@example.com,"960 Ferry St, Toledo, OH 44657",2001-01-22,1435,2023-08-01,standard,0.25
MEM-0500,Gus Smith,gus.smith500@example.com,"757 Elm Ct, Toledo, OH 47605",1966-06-01,9858,2020-08-01,standard,0.34
MEM-0501,Rosa Kim,rosa.kim501@example.com,"146 Balloon Way, Akron, OH 43128",1962-11-28,5545,2022-08-01,standard,0.12
MEM-0502,Margaret Lewis,margaret.lewis502@example.com,"316 Summit Ave, Akron, OH 47286",1965-12-21,4247,2016-01-01,standard,0.13
MEM-0503,Otis Tanaka,otis.tanaka503@example.com,"310 Ferry St, Columbus, OH 49448",2002-02-03,9811,2019-03-01,standard,0.01
MEM-0504,Mo Torres,mo.torres504@example.com,"856 Prairie Ln, Dayton, OH 43345",1983-10-25,8778,2019-07-01,standard,0.36
MEM-0505,Greg Nguyen,greg.nguyen505@example.com,"977 Willow Pass, Sandusky, OH 46709",1993-03-11,8061,2019-12-01,standard,0.03
MEM-0506,Chen Davis,chen.davis506@example.com,"770 Willow Pass, Bowling Green, OH 46740",1976-10-22,4578,2025-01-01,standard,0.37
MEM-0507,Rosa Sanchez,rosa.sanchez507@example.com,"609 Oak Ave, Findlay, OH 46375",1962-06-12,5740,2023-01-01,standard,0.35
MEM-0508,Zoe Al-Sayed,zoe.al.sayed508@example.com,"335 Meadow Ln, Akron, OH 43456",1964-10-12,3021,2016-01-01,golden_goose,0.15
MEM-0509,Wes Martinez,wes.martinez509@example.com,"931 Balloon Way, Fort Wayne, IN 47268",1994-05-16,6641,2020-06-01,standard,0.1
MEM-0510,Harriet Jackson,harriet.jackson510@example.com,"394 Balloon Way, Ann Arbor, MI 45120",2004-08-02,4476,2015-10-01,golden_goose,0.3
MEM-0511,Margaret Al-Sayed,margaret.al.sayed511@example.com,"165 Oak Ave, Bowling Green, OH 43184",1961-06-27,6930,2023-03-01,standard,0.24
MEM-0512,Ernesto Wilson,ernesto.wilson512@example.com,"498 Elm Ct, Erie, PA 49618",1981-12-04,4468,2019-02-01,standard,0.22
MEM-0513,Keiko Anderson,keiko.anderson513@example.com,"364 Maple St, South Bend, IN 47048",1973-02-09,9912,2019-08-01,golden_goose,0.15
MEM-0514,Dolores Okafor-Reyes,dolores.okafor.reyes514@example.com,"592 Oak Ave, Dayton, OH 44406",1972-08-22,1847,2019-04-01,standard,0.03
MEM-0515,Margaret Hill,margaret.hill515@example.com,"312 Cedar Blvd, Columbus, OH 45585",1975-02-02,8784,2025-03-01,standard,0.02
MEM-0516,Aisha Patel,aisha.patel516@example.com,"396 Ferry St, Toledo, OH 49643",1995-02-21,8696,2020-11-01,standard,0.37
MEM-0517,Greg Garcia,greg.garcia517@example.com,"109 Maple St, Findlay, OH 46217",1957-06-15,9399,2018-06-01,standard,0.32
MEM-0518,Mo Wright,mo.wright518@example.com,"395 Meadow Ln, Fort Wayne, IN 46521",1957-04-24,6818,2019-03-01,standard,0.35
MEM-0519,Priya Martinez,priya.martinez519@example.com,"822 Willow Pass, Ann Arbor, MI 48817",1963-04-27,5081,2015-05-01,standard,0.07
MEM-0520,Tina Kowalczyk,tina.kowalczyk520@example.com,"979 Meadow Ln, Dayton, OH 43819",1982-09-11,4039,2018-05-01,golden_goose,0.29
MEM-0521,Aisha Harris,aisha.harris521@example.com,"857 Airline Rd, Columbus, OH 49752",1984-08-22,5822,2019-08-01,standard,0.31
MEM-0522,Paloma Young,paloma.young522@example.com,"489 Airline Rd, Kalamazoo, MI 44630",1980-09-18,4558,2024-05-01,standard,0.24
MEM-0523,Dolores Allen,dolores.allen523@example.com,"143 Canal Rd, Ann Arbor, MI 46220",1992-05-23,7193,2015-05-01,standard,0.17
MEM-0524,Zoe Ramirez,zoe.ramirez524@example.com,"77 Orchard Ave, Ann Arbor, MI 45941",1964-10-15,8602,2024-07-01,standard,0.24
MEM-0525,Ingrid Moore,ingrid.moore525@example.com,"801 Summit Ave, South Bend, IN 48274",1991-01-20,1038,2015-02-01,standard,0.19
MEM-0526,Carlos Tanaka,carlos.tanaka526@example.com,"598 Summit Ave, Findlay, OH 46692",1972-02-02,4969,2015-09-01,standard,0.16
MEM-0527,Ernesto Lewis,ernesto.lewis527@example.com,"675 Foundry St, Kalamazoo, MI 47264",1974-06-28,8636,2021-03-01,golden_goose,0.02
MEM-0528,Nellie Garcia,nellie.garcia528@example.com,"732 Oak Ave, Fort Wayne, IN 45847",1967-08-20,8692,2021-11-01,standard,0.39
MEM-0529,Aisha Nguyen,aisha.nguyen529@example.com,"532 Ferry St, Sandusky, OH 48270",1957-09-06,1966,2015-02-01,standard,0.18
MEM-0530,Lamar Al-Sayed,lamar.al.sayed530@example.com,"924 Harbor Rd, Erie, PA 45189",1992-01-17,7963,2022-11-01,standard,0.1
MEM-0531,Paloma Kowalczyk,paloma.kowalczyk531@example.com,"857 Ferry St, Akron, OH 48628",1984-05-19,8985,2022-03-01,standard,0.06
MEM-0532,Jamal Clark,jamal.clark532@example.com,"540 Foundry St, Erie, PA 47506",1960-05-15,9693,2017-11-01,standard,0.33
MEM-0533,Paloma White,paloma.white533@example.com,"378 Maple St, Sandusky, OH 44701",1993-11-21,5147,2020-11-01,standard,0.23
MEM-0534,Bettye Johnson,bettye.johnson534@example.com,"801 Foundry St, Erie, PA 48270",2001-06-02,8881,2024-02-01,standard,0.01
MEM-0535,Arthur Brown,arthur.brown535@example.com,"992 Oak Ave, Toledo, OH 46656",1982-11-25,5777,2015-02-01,standard,0.2
MEM-0536,Nellie Martinez,nellie.martinez536@example.com,"137 Canal Rd, Columbus, OH 43483",1968-02-24,4443,2023-05-01,standard,0.15
MEM-0537,Nadia Al-Sayed,nadia.al.sayed537@example.com,"658 Balloon Way, Toledo, OH 47021",1993-05-17,4595,2020-07-01,standard,0.02
MEM-0538,Hannah Brzezinski,hannah.brzezinski538@example.com,"804 Oak Ave, Columbus, OH 49975",1956-07-06,9975,2015-12-01,standard,0.36
MEM-0539,Flo Wilson,flo.wilson539@example.com,"520 Prairie Ln, Ann Arbor, MI 46481",1978-11-24,4527,2025-06-01,standard,0.22
MEM-0540,Arthur Patel,arthur.patel540@example.com,"305 Orchard Ave, Findlay, OH 44147",1974-03-05,9433,2022-10-01,standard,0.09
MEM-0541,Yosef Green,yosef.green541@example.com,"202 Oak Ave, Toledo, OH 49394",1993-07-23,1322,2020-08-01,standard,0.33
MEM-0542,Aisha Wright,aisha.wright542@example.com,"664 Maple St, Sandusky, OH 49660",1999-08-10,8267,2018-09-01,standard,0.32
MEM-0543,Tomasz Anderson,tomasz.anderson543@example.com,"202 Airline Rd, Bowling Green, OH 49408",1956-03-24,5124,2019-08-01,golden_goose,0.17
MEM-0544,Bettye Young,bettye.young544@example.com,"899 Summit Ave, Columbus, OH 45820",1969-08-18,6115,2024-11-01,standard,0.37
MEM-0545,Margaret Allen,margaret.allen545@example.com,"143 Orchard Ave, Toledo, OH 43358",1979-11-18,5478,2025-12-01,standard,0.08
MEM-0546,Omar Young,omar.young546@example.com,"365 Balloon Way, Fort Wayne, IN 45050",2001-01-10,5370,2015-09-01,standard,0.22
MEM-0547,Ivan Johnson,ivan.johnson547@example.com,"546 Cedar Blvd, Ann Arbor, MI 43744",1958-10-14,7719,2016-12-01,standard,0.26
MEM-0548,Harriet Harris,harriet.harris548@example.com,"579 Maple St, Erie, PA 47317",1997-03-20,2983,2022-03-01,standard,0.22
MEM-0549,Priya Smith,priya.smith549@example.com,"34 Cedar Blvd, Findlay, OH 49693",1965-10-07,3677,2017-07-01,standard,0.04
MEM-0550,Yosef Robinson,yosef.robinson550@example.com,"630 Harbor Rd, Sandusky, OH 46068",1990-06-17,8962,2024-01-01,standard,0.03
MEM-0551,Ximena Lee,ximena.lee551@example.com,"14 Willow Pass, South Bend, IN 48206",1981-08-16,7391,2023-04-01,standard,0.3
MEM-0552,Pearl Wilson,pearl.wilson552@example.com,"827 Summit Ave, Dayton, OH 44142",1983-09-25,1433,2018-12-01,standard,0.05
MEM-0553,Priya Thompson,priya.thompson553@example.com,"481 Foundry St, Kalamazoo, MI 44862",2003-02-23,9442,2019-10-01,golden_goose,0.09
MEM-0554,Arthur Young,arthur.young554@example.com,"94 Prairie Ln, Fort Wayne, IN 43810",1964-04-24,8135,2025-06-01,standard,0.1
MEM-0555,Ingrid Young,ingrid.young555@example.com,"21 Cedar Blvd, Erie, PA 44390",1962-09-23,4084,2021-06-01,standard,0.2
MEM-0556,Aisha Flores,aisha.flores556@example.com,"49 Ferry St, Fort Wayne, IN 44327",1987-05-07,7767,2021-06-01,standard,0.23
MEM-0557,Flo Hill,flo.hill557@example.com,"895 Oak Ave, Ann Arbor, MI 44824",1984-01-11,8883,2020-07-01,standard,0.07
MEM-0558,Tomasz Thompson,tomasz.thompson558@example.com,"980 Balloon Way, South Bend, IN 43531",1998-10-19,7930,2019-05-01,standard,0.1
MEM-0559,Nadia Perez,nadia.perez559@example.com,"476 Foundry St, Erie, PA 48316",1961-12-17,9423,2023-10-01,standard,0.39
MEM-0560,Chen Robinson,chen.robinson560@example.com,"440 Prairie Ln, Toledo, OH 45376",1966-10-17,7546,2021-10-01,standard,0.18
MEM-0561,Flo Nguyen,flo.nguyen561@example.com,"296 Orchard Ave, Dayton, OH 43530",1991-08-08,9794,2017-08-01,standard,0.21
MEM-0562,Margaret Hernandez,margaret.hernandez562@example.com,"307 Willow Pass, Ann Arbor, MI 49309",1992-04-06,2626,2015-07-01,standard,0.32
MEM-0563,Hannah Walker,hannah.walker563@example.com,"460 Ferry St, Akron, OH 45414",1973-02-15,1177,2022-07-01,standard,0.22
MEM-0564,Harriet Martin,harriet.martin564@example.com,"857 Balloon Way, Columbus, OH 43307",1982-04-05,8616,2023-04-01,standard,0.17
MEM-0565,Arthur Kowalczyk,arthur.kowalczyk565@example.com,"55 Orchard Ave, Dayton, OH 46126",1976-12-28,4680,2015-02-01,standard,0.2
MEM-0566,Nadia Baker,nadia.baker566@example.com,"608 Harbor Rd, Findlay, OH 44802",2003-02-20,5630,2017-02-01,standard,0.06
MEM-0567,Yuki Lewis,yuki.lewis567@example.com,"986 Harbor Rd, Fort Wayne, IN 47911",1957-04-28,1121,2021-02-01,standard,0.23
MEM-0568,Rosa Ramirez,rosa.ramirez568@example.com,"548 Summit Ave, Erie, PA 48307",1991-04-15,9538,2016-06-01,standard,0.36
MEM-0569,Aisha Torres,aisha.torres569@example.com,"822 Foundry St, Columbus, OH 46073",2000-01-01,5867,2021-10-01,standard,0.17
MEM-0570,Mabel Jackson,mabel.jackson570@example.com,"935 Willow Pass, Fort Wayne, IN 46140",1989-03-11,1322,2020-06-01,standard,0.21
MEM-0571,Yuki Miller,yuki.miller571@example.com,"12 Meadow Ln, Dayton, OH 47736",1959-04-23,9679,2021-08-01,standard,0.19
MEM-0572,Luis Brown,luis.brown572@example.com,"469 Meadow Ln, South Bend, IN 47007",2003-02-23,6174,2015-02-01,standard,0.12
MEM-0573,DeShawn Patel,deshawn.patel573@example.com,"720 Orchard Ave, Ann Arbor, MI 47205",1974-10-10,8726,2021-01-01,standard,0.13
MEM-0574,Umar Miller,umar.miller574@example.com,"845 Foundry St, Bowling Green, OH 43667",1957-11-04,2403,2024-11-01,standard,0.33
MEM-0575,Yosef Harris,yosef.harris575@example.com,"335 Summit Ave, Findlay, OH 45306",1957-08-05,7782,2021-05-01,standard,0.32
MEM-0576,Linda Hill,linda.hill576@example.com,"880 Oak Ave, Erie, PA 48407",2004-06-06,3819,2015-04-01,standard,0.08
MEM-0577,Jerome Wilson,jerome.wilson577@example.com,"973 Prairie Ln, Columbus, OH 45136",1981-01-24,6730,2020-11-01,standard,0.04
MEM-0578,Flo Perez,flo.perez578@example.com,"874 Meadow Ln, Fort Wayne, IN 46842",1964-02-25,9867,2022-05-01,golden_goose,0.32
MEM-0579,Mo Lopez,mo.lopez579@example.com,"639 Oak Ave, Columbus, OH 44992",1958-02-08,4564,2022-04-01,standard,0.25
MEM-0580,Quinn Lee,quinn.lee580@example.com,"763 Balloon Way, Toledo, OH 44625",1987-04-13,1846,2023-06-01,standard,0.1
MEM-0581,Carlos Nguyen,carlos.nguyen581@example.com,"394 Maple St, South Bend, IN 48412",1984-02-03,7767,2024-08-01,standard,0.13
MEM-0582,Tomasz Al-Sayed,tomasz.al.sayed582@example.com,"365 Canal Rd, Sandusky, OH 47363",1990-11-14,4821,2019-11-01,standard,0.17
MEM-0583,Dolores Kim,dolores.kim583@example.com,"345 Cedar Blvd, Dayton, OH 43327",2003-09-22,4112,2018-09-01,standard,0.16
MEM-0584,Nadia Sanchez,nadia.sanchez584@example.com,"965 Willow Pass, Fort Wayne, IN 48552",1980-02-04,3271,2021-09-01,standard,0.28
MEM-0585,Curtis Hernandez,curtis.hernandez585@example.com,"117 Airline Rd, Ann Arbor, MI 44987",1978-07-08,4952,2019-02-01,standard,0.06
MEM-0586,Lamar King,lamar.king586@example.com,"67 Canal Rd, Findlay, OH 43792",1955-08-03,7727,2020-09-01,standard,0.01
MEM-0587,Wes Torres,wes.torres587@example.com,"202 Willow Pass, Findlay, OH 46430",1986-09-12,2097,2021-05-01,standard,0.18
MEM-0588,Ingrid Ramirez,ingrid.ramirez588@example.com,"961 Orchard Ave, Kalamazoo, MI 47622",1972-07-01,6005,2020-07-01,standard,0.01
MEM-0589,Yuki Kim,yuki.kim589@example.com,"970 Prairie Ln, Findlay, OH 43367",1986-09-09,2710,2020-02-01,standard,0.09
MEM-0590,Paloma Perez,paloma.perez590@example.com,"842 Harbor Rd, Kalamazoo, MI 46398",1968-03-08,3578,2023-01-01,standard,0.27
MEM-0591,Jerome Kim,jerome.kim591@example.com,"966 Elm Ct, Akron, OH 49904",1997-07-05,2410,2022-04-01,standard,0.26
MEM-0592,Priya Davis,priya.davis592@example.com,"204 Foundry St, Columbus, OH 44587",1957-10-09,3032,2016-03-01,standard,0.08
MEM-0593,DeShawn Harris,deshawn.harris593@example.com,"918 Oak Ave, Fort Wayne, IN 44256",1991-01-27,3312,2016-02-01,standard,0.27
MEM-0594,Fatima Torres,fatima.torres594@example.com,"487 Willow Pass, Ann Arbor, MI 43956",1970-09-13,8653,2015-08-01,standard,0.07
MEM-0595,Lamar White,lamar.white595@example.com,"364 Elm Ct, Findlay, OH 48572",1991-11-25,2668,2017-04-01,standard,0.01
MEM-0596,Zoe Al-Sayed,zoe.al.sayed596@example.com,"823 Canal Rd, Ann Arbor, MI 47863",1995-11-17,1545,2019-10-01,standard,0.03
MEM-0597,Greg Al-Sayed,greg.al.sayed597@example.com,"151 Elm Ct, South Bend, IN 46677",1972-01-10,8758,2017-05-01,standard,0.11
MEM-0598,Dolores Brzezinski,dolores.brzezinski598@example.com,"190 Airline Rd, Ann Arbor, MI 43792",1979-11-08,3853,2017-09-01,standard,0.14
MEM-0599,DeShawn Ramirez,deshawn.ramirez599@example.com,"957 Elm Ct, Sandusky, OH 49695",1959-11-22,9652,2020-03-01,standard,0.34
MEM-0600,Yosef Torres,yosef.torres600@example.com,"122 Prairie Ln, Sandusky, OH 48422",1965-06-03,2551,2016-05-01,standard,0.37
MEM-0601,Ingrid Hernandez,ingrid.hernandez601@example.com,"804 Airline Rd, Bowling Green, OH 44421",1962-08-19,2825,2025-02-01,standard,0.28
MEM-0602,Zoe Adams,zoe.adams602@example.com,"962 Airline Rd, Columbus, OH 43701",1973-12-18,1428,2024-11-01,standard,0.27
MEM-0603,Ivan Martinez,ivan.martinez603@example.com,"271 Ferry St, Columbus, OH 44158",2001-01-05,1216,2015-04-01,standard,0.3
MEM-0604,Quinn Martinez,quinn.martinez604@example.com,"779 Foundry St, Toledo, OH 48637",2002-12-15,9104,2016-01-01,standard,0.19
MEM-0605,Quinn Allen,quinn.allen605@example.com,"284 Oak Ave, Bowling Green, OH 48951",1960-03-25,6305,2016-09-01,standard,0.07
MEM-0606,Wes Moore,wes.moore606@example.com,"960 Elm Ct, Ann Arbor, MI 45661",1989-01-22,1841,2016-11-01,standard,0.36
MEM-0607,Otis Wilson,otis.wilson607@example.com,"571 Willow Pass, South Bend, IN 45918",1980-05-26,7321,2018-12-01,standard,0.24
MEM-0608,Ximena Torres,ximena.torres608@example.com,"44 Oak Ave, Columbus, OH 43997",2000-01-28,5064,2023-07-01,standard,0.23
MEM-0609,Ernesto Clark,ernesto.clark609@example.com,"76 Ferry St, Akron, OH 48627",1997-09-28,8540,2022-04-01,standard,0.14
MEM-0610,Fatima King,fatima.king610@example.com,"300 Airline Rd, South Bend, IN 45319",1972-04-06,6040,2019-11-01,standard,0.05
MEM-0611,Wes Brown,wes.brown611@example.com,"92 Foundry St, Sandusky, OH 46764",1985-04-22,2169,2023-06-01,standard,0.03
MEM-0612,Hannah Miller,hannah.miller612@example.com,"843 Balloon Way, Bowling Green, OH 43082",1974-05-26,8251,2019-12-01,standard,0.25
MEM-0613,Bettye Womack,bettye.womack613@example.com,"952 Foundry St, Fort Wayne, IN 45998",1990-09-25,8510,2024-07-01,standard,0.19
MEM-0614,Margaret Adams,margaret.adams614@example.com,"358 Lakeview Dr, Kalamazoo, MI 43854",1958-07-17,8498,2020-08-01,standard,0.33
MEM-0615,Ingrid Womack,ingrid.womack615@example.com,"657 Cedar Blvd, Erie, PA 43177",2004-06-17,5909,2020-03-01,standard,0.22
MEM-0616,Kitty Baker,kitty.baker616@example.com,"259 Oak Ave, Ann Arbor, MI 43337",1960-08-06,3690,2023-03-01,golden_goose,0.33
MEM-0617,Yuki Harris,yuki.harris617@example.com,"363 Oak Ave, Dayton, OH 46360",2003-02-21,8134,2019-07-01,standard,0.38
MEM-0618,Tina Brown,tina.brown618@example.com,"603 Canal Rd, Columbus, OH 44638",1976-02-20,8398,2019-12-01,standard,0.24
MEM-0619,Flo Davis,flo.davis619@example.com,"263 Oak Ave, Kalamazoo, MI 47032",1977-11-01,8143,2020-01-01,standard,0.17
MEM-0620,Jamal Nowak,jamal.nowak620@example.com,"501 Airline Rd, Columbus, OH 43678",1998-08-07,6126,2025-09-01,standard,0.11
MEM-0621,Mo Womack,mo.womack621@example.com,"194 Harbor Rd, Akron, OH 43918",1960-06-19,8889,2021-11-01,standard,0.21
MEM-0622,Ximena Clark,ximena.clark622@example.com,"351 Meadow Ln, Kalamazoo, MI 43729",1962-10-24,9066,2016-08-01,standard,0.22
MEM-0623,Bob Smith,bob.smith623@example.com,"84 Airline Rd, Sandusky, OH 43346",1959-08-14,6343,2015-01-01,standard,0.03
MEM-0624,Mo Tanaka,mo.tanaka624@example.com,"679 Orchard Ave, Kalamazoo, MI 45085",1963-08-21,2585,2022-07-01,standard,0.27
MEM-0625,Hannah Kowalczyk,hannah.kowalczyk625@example.com,"453 Prairie Ln, Findlay, OH 48083",2002-01-28,7148,2024-11-01,standard,0.39
MEM-0626,Wes Thompson,wes.thompson626@example.com,"815 Ferry St, Fort Wayne, IN 45760",1996-09-14,1435,2020-07-01,standard,0.25
MEM-0627,Stan Womack,stan.womack627@example.com,"173 Willow Pass, South Bend, IN 45236",1986-01-03,4516,2020-03-01,standard,0.03
MEM-0628,Vera Lopez,vera.lopez628@example.com,"350 Lakeview Dr, Bowling Green, OH 46933",1973-03-25,8715,2016-12-01,standard,0.22
MEM-0629,Wes Perez,wes.perez629@example.com,"47 Balloon Way, Sandusky, OH 46273",1961-09-26,5835,2024-03-01,golden_goose,0.19
MEM-0630,Stan Womack,stan.womack630@example.com,"981 Oak Ave, Ann Arbor, MI 48641",1999-01-18,5857,2021-12-01,golden_goose,0.16
MEM-0631,Zoe Thompson,zoe.thompson631@example.com,"160 Foundry St, Ann Arbor, MI 45924",1993-05-10,4278,2016-05-01,standard,0.37
MEM-0632,Vera Martinez,vera.martinez632@example.com,"448 Meadow Ln, Bowling Green, OH 43557",1995-08-26,9054,2025-04-01,standard,0.04
MEM-0633,Hannah Martin,hannah.martin633@example.com,"719 Harbor Rd, Dayton, OH 47409",1962-04-20,7534,2017-11-01,standard,0.13
MEM-0634,Keiko Al-Sayed,keiko.al.sayed634@example.com,"927 Foundry St, Fort Wayne, IN 49109",1959-05-11,1836,2021-02-01,standard,0.36
MEM-0635,Tina Al-Sayed,tina.al.sayed635@example.com,"333 Foundry St, South Bend, IN 48994",1981-05-07,2120,2022-09-01,standard,0.4
MEM-0636,Dolores Sanchez,dolores.sanchez636@example.com,"887 Oak Ave, Kalamazoo, MI 44723",2003-03-08,6470,2016-04-01,standard,0.28
MEM-0637,Omar Clark,omar.clark637@example.com,"20 Ferry St, Akron, OH 46911",2000-03-16,6926,2018-09-01,standard,0.15
MEM-0638,Curtis Adams,curtis.adams638@example.com,"110 Orchard Ave, South Bend, IN 44582",1972-08-24,3265,2024-07-01,standard,0.12
MEM-0639,Ivan Baker,ivan.baker639@example.com,"964 Lakeview Dr, Findlay, OH 43875",1989-07-27,2761,2017-01-01,standard,0.32
MEM-0640,Ivan Okafor-Reyes,ivan.okafor.reyes640@example.com,"185 Lakeview Dr, Columbus, OH 45612",1999-08-28,7210,2020-09-01,standard,0.33
MEM-0641,Kitty Moore,kitty.moore641@example.com,"683 Harbor Rd, Erie, PA 44417",1983-08-28,1169,2021-07-01,standard,0.1
MEM-0642,Yosef Patel,yosef.patel642@example.com,"310 Cedar Blvd, Findlay, OH 46046",1997-11-28,8998,2017-01-01,standard,0.12
MEM-0643,Pearl Adams,pearl.adams643@example.com,"295 Willow Pass, Findlay, OH 43437",1977-06-14,4927,2025-04-01,golden_goose,0.05
MEM-0644,Flo Robinson,flo.robinson644@example.com,"416 Balloon Way, Columbus, OH 46280",1992-11-15,3486,2023-03-01,standard,0.09
MEM-0645,Jerome Smith,jerome.smith645@example.com,"402 Ferry St, Ann Arbor, MI 47423",1991-05-06,6357,2024-12-01,golden_goose,0.3
MEM-0646,Dolores Flores,dolores.flores646@example.com,"330 Orchard Ave, Kalamazoo, MI 48166",1961-02-14,5012,2025-05-01,standard,0.05
MEM-0647,Bettye Davis,bettye.davis647@example.com,"270 Ferry St, Sandusky, OH 46255",1966-02-06,4826,2020-10-01,golden_goose,0.27
MEM-0648,Kitty Walker,kitty.walker648@example.com,"458 Orchard Ave, Bowling Green, OH 49907",1957-12-17,9139,2025-12-01,standard,0.18
MEM-0649,Rosa Allen,rosa.allen649@example.com,"66 Orchard Ave, South Bend, IN 47474",1974-04-11,3678,2017-10-01,standard,0.32
MEM-0650,Arthur Robinson,arthur.robinson650@example.com,"838 Prairie Ln, Ann Arbor, MI 45748",1991-12-24,2306,2017-09-01,standard,0.33
MEM-0651,Greg Young,greg.young651@example.com,"340 Elm Ct, Erie, PA 45082",1955-09-25,6570,2018-02-01,standard,0.25
MEM-0652,Linda Allen,linda.allen652@example.com,"197 Prairie Ln, Findlay, OH 49581",1967-09-28,5659,2016-03-01,golden_goose,0.06
MEM-0653,Zoe Jackson,zoe.jackson653@example.com,"257 Meadow Ln, Toledo, OH 43362",1982-05-01,1649,2020-09-01,standard,0.06
MEM-0654,Jamal Torres,jamal.torres654@example.com,"450 Willow Pass, Kalamazoo, MI 49508",1971-04-23,6410,2017-03-01,standard,0.27
MEM-0655,Nellie Ramirez,nellie.ramirez655@example.com,"997 Foundry St, Columbus, OH 48101",1976-05-12,7118,2015-04-01,standard,0.28
MEM-0656,Ernesto Miller,ernesto.miller656@example.com,"943 Elm Ct, Sandusky, OH 47325",1990-03-26,5146,2022-04-01,standard,0.31
MEM-0657,Lamar Robinson,lamar.robinson657@example.com,"474 Foundry St, Fort Wayne, IN 48985",1959-05-21,5744,2024-08-01,standard,0.17
MEM-0658,Harriet Martinez,harriet.martinez658@example.com,"205 Canal Rd, Fort Wayne, IN 44317",1965-12-22,6574,2017-04-01,standard,0.1
MEM-0659,Nellie Lee,nellie.lee659@example.com,"408 Airline Rd, Bowling Green, OH 47099",1992-03-06,6724,2015-07-01,standard,0.02
MEM-0660,Umar Jackson,umar.jackson660@example.com,"681 Maple St, Akron, OH 46274",1967-01-22,4995,2022-07-01,standard,0.26
MEM-0661,Greg Adams,greg.adams661@example.com,"902 Maple St, South Bend, IN 44727",1980-01-26,1568,2022-07-01,standard,0.28
MEM-0662,Nellie White,nellie.white662@example.com,"831 Oak Ave, Columbus, OH 48642",1985-10-10,4860,2016-11-01,standard,0.26
MEM-0663,Greg Young,greg.young663@example.com,"742 Oak Ave, South Bend, IN 45082",1991-12-21,4233,2024-08-01,standard,0.12
MEM-0664,Lamar Adams,lamar.adams664@example.com,"970 Foundry St, Bowling Green, OH 44778",1958-09-22,3331,2022-11-01,standard,0.06
MEM-0665,Bob Al-Sayed,bob.al.sayed665@example.com,"520 Ferry St, Erie, PA 49083",1979-04-18,3475,2024-04-01,standard,0.33
MEM-0666,Nadia Wright,nadia.wright666@example.com,"531 Canal Rd, Akron, OH 45450",2002-03-15,5536,2024-02-01,standard,0.25
MEM-0667,Ray Johnson,ray.johnson667@example.com,"288 Meadow Ln, South Bend, IN 46260",1985-01-21,5104,2023-05-01,standard,0.17
MEM-0668,Umar Adams,umar.adams668@example.com,"963 Harbor Rd, Dayton, OH 47056",1961-04-03,1572,2025-04-01,standard,0.29
MEM-0669,Ray Lewis,ray.lewis669@example.com,"488 Airline Rd, Toledo, OH 49181",1957-04-19,2425,2017-03-01,standard,0.22
MEM-0670,Jamal Brown,jamal.brown670@example.com,"88 Airline Rd, Erie, PA 44253",1979-09-13,2235,2018-03-01,standard,0.19
MEM-0671,Aisha Tanaka,aisha.tanaka671@example.com,"22 Orchard Ave, Akron, OH 49112",2003-09-04,3185,2025-04-01,standard,0.02
MEM-0672,Ximena Martinez,ximena.martinez672@example.com,"507 Ferry St, Kalamazoo, MI 43702",1956-02-05,2693,2019-08-01,standard,0.27
MEM-0673,Chen Flores,chen.flores673@example.com,"743 Elm Ct, South Bend, IN 44355",1957-12-10,2540,2021-04-01,standard,0.16
MEM-0674,Wes Lewis,wes.lewis674@example.com,"322 Meadow Ln, Akron, OH 44562",1961-06-02,7713,2015-12-01,standard,0.22
MEM-0675,Ximena Martin,ximena.martin675@example.com,"348 Prairie Ln, Bowling Green, OH 48203",1998-07-21,2787,2016-01-01,standard,0.04
MEM-0676,Curtis Thompson,curtis.thompson676@example.com,"27 Ferry St, Dayton, OH 44101",1965-05-19,2216,2018-05-01,standard,0.09
MEM-0677,Stan Walker,stan.walker677@example.com,"405 Meadow Ln, Fort Wayne, IN 43184",1989-09-27,1101,2020-01-01,standard,0.14
MEM-0678,Greg Martin,greg.martin678@example.com,"492 Airline Rd, Ann Arbor, MI 45206",1986-02-25,1087,2022-05-01,standard,0.38
MEM-0679,Hannah Hernandez,hannah.hernandez679@example.com,"900 Cedar Blvd, Toledo, OH 48823",1977-05-10,8446,2020-04-01,standard,0.04
MEM-0680,Tomasz Martinez,tomasz.martinez680@example.com,"724 Balloon Way, Akron, OH 46529",1982-08-25,2488,2017-08-01,standard,0.15
MEM-0681,Rosa Nguyen,rosa.nguyen681@example.com,"574 Ferry St, Sandusky, OH 45087",2001-01-10,4353,2015-03-01,standard,0.27
MEM-0682,Curtis Hernandez,curtis.hernandez682@example.com,"884 Willow Pass, Fort Wayne, IN 45446",1960-08-20,3465,2021-03-01,standard,0.36
MEM-0683,Ivan Nowak,ivan.nowak683@example.com,"414 Elm Ct, Ann Arbor, MI 44403",1985-11-05,1144,2025-08-01,standard,0.15
MEM-0684,Pearl Harris,pearl.harris684@example.com,"420 Elm Ct, Akron, OH 45572",1973-07-11,7495,2017-05-01,standard,0.25
MEM-0685,Omar Wright,omar.wright685@example.com,"672 Willow Pass, Akron, OH 45982",1956-09-21,5818,2016-05-01,standard,0.36
MEM-0686,Luis Hill,luis.hill686@example.com,"693 Foundry St, Fort Wayne, IN 46447",1963-02-25,8009,2019-06-01,standard,0.39
MEM-0687,Vera Robinson,vera.robinson687@example.com,"133 Balloon Way, Columbus, OH 49606",1972-09-01,5142,2015-01-01,golden_goose,0.29
MEM-0688,Yuki Martin,yuki.martin688@example.com,"462 Willow Pass, Sandusky, OH 49831",1974-05-21,4156,2018-05-01,standard,0.14
MEM-0689,Linda Scott,linda.scott689@example.com,"460 Balloon Way, Findlay, OH 45940",1960-07-06,6497,2016-12-01,standard,0.19
MEM-0690,Chen Wilson,chen.wilson690@example.com,"258 Willow Pass, Bowling Green, OH 43231",1976-08-04,3241,2025-01-01,standard,0.26
MEM-0691,Bettye Flores,bettye.flores691@example.com,"541 Balloon Way, Dayton, OH 45213",1975-03-10,5550,2025-09-01,standard,0.05
MEM-0692,Nellie Robinson,nellie.robinson692@example.com,"42 Airline Rd, Akron, OH 48280",1967-01-24,2277,2019-06-01,standard,0.09
MEM-0693,Pearl Martinez,pearl.martinez693@example.com,"341 Prairie Ln, Akron, OH 49030",1972-03-12,7737,2015-12-01,standard,0.15
MEM-0694,Kitty Thompson,kitty.thompson694@example.com,"390 Airline Rd, Kalamazoo, MI 49377",1994-08-15,5346,2018-11-01,standard,0.06
MEM-0695,Luis Allen,luis.allen695@example.com,"729 Oak Ave, Erie, PA 46299",1976-02-07,7378,2015-02-01,standard,0.28
MEM-0696,Gus Miller,gus.miller696@example.com,"585 Lakeview Dr, Findlay, OH 44161",1976-02-09,3494,2024-09-01,golden_goose,0.27
MEM-0697,Yosef Nowak,yosef.nowak697@example.com,"606 Harbor Rd, Fort Wayne, IN 44349",1961-04-02,3829,2024-08-01,standard,0.06
MEM-0698,Curtis Okafor-Reyes,curtis.okafor.reyes698@example.com,"103 Cedar Blvd, Sandusky, OH 44818",1977-04-08,7587,2025-09-01,standard,0.4
MEM-0699,Wes Harris,wes.harris699@example.com,"582 Oak Ave, Toledo, OH 43323",1985-03-27,6308,2017-10-01,standard,0.17
MEM-0700,Fatima Torres,fatima.torres700@example.com,"138 Lakeview Dr, Fort Wayne, IN 45400",1971-03-20,6468,2025-08-01,standard,0.37
MEM-0701,Hannah Ramirez,hannah.ramirez701@example.com,"227 Prairie Ln, South Bend, IN 47422",1961-04-28,9941,2019-05-01,standard,0.31
MEM-0702,Fatima Young,fatima.young702@example.com,"851 Harbor Rd, Ann Arbor, MI 49705",1993-07-16,5913,2019-11-01,standard,0.28
MEM-0703,Ernesto Thomas,ernesto.thomas703@example.com,"192 Balloon Way, Sandusky, OH 46508",1970-08-07,2092,2019-09-01,standard,0.05
MEM-0704,Kitty Lopez,kitty.lopez704@example.com,"539 Cedar Blvd, Findlay, OH 44038",1964-08-27,1927,2015-07-01,standard,0.15
MEM-0705,Quinn Adams,quinn.adams705@example.com,"287 Elm Ct, Findlay, OH 48200",2001-04-28,7459,2019-09-01,standard,0.1
MEM-0706,Stan Thomas,stan.thomas706@example.com,"703 Willow Pass, Dayton, OH 45953",1964-05-28,5490,2018-08-01,standard,0.24
MEM-0707,Gus Al-Sayed,gus.al.sayed707@example.com,"49 Oak Ave, Fort Wayne, IN 46988",2000-07-08,5243,2021-02-01,standard,0.33
MEM-0708,Dolores King,dolores.king708@example.com,"335 Ferry St, Erie, PA 44739",1993-08-05,1035,2018-04-01,standard,0.03
MEM-0709,Paloma Kowalczyk,paloma.kowalczyk709@example.com,"228 Maple St, Akron, OH 44930",1962-09-21,4555,2024-03-01,standard,0.4
MEM-0710,Bob Garcia,bob.garcia710@example.com,"708 Meadow Ln, Toledo, OH 49716",1968-01-10,7697,2024-02-01,golden_goose,0.15
MEM-0711,Hannah Brown,hannah.brown711@example.com,"678 Prairie Ln, Erie, PA 46536",1956-05-08,3023,2020-06-01,standard,0.14
MEM-0712,Nellie Scott,nellie.scott712@example.com,"442 Foundry St, Erie, PA 48364",1961-09-13,6391,2021-09-01,standard,0.35
MEM-0713,Gus Miller,gus.miller713@example.com,"536 Elm Ct, Akron, OH 45173",1983-09-12,2306,2025-12-01,standard,0.04
MEM-0714,Bob Green,bob.green714@example.com,"696 Canal Rd, South Bend, IN 48243",1997-12-06,8453,2022-07-01,standard,0.02
MEM-0715,Chen Torres,chen.torres715@example.com,"305 Prairie Ln, Sandusky, OH 48574",1974-05-25,5902,2023-06-01,standard,0.24
MEM-0716,Luis Nguyen,luis.nguyen716@example.com,"288 Airline Rd, Kalamazoo, MI 47654",1970-12-23,2988,2022-11-01,standard,0.32
MEM-0717,Harriet Green,harriet.green717@example.com,"99 Summit Ave, Bowling Green, OH 49400",1968-08-13,4064,2017-05-01,standard,0.32
MEM-0718,Jerome Al-Sayed,jerome.al.sayed718@example.com,"714 Foundry St, Akron, OH 48405",1967-12-26,5576,2025-03-01,standard,0.03
MEM-0719,Ray Brown,ray.brown719@example.com,"102 Ferry St, Toledo, OH 45239",1956-05-28,3270,2018-04-01,standard,0.31
MEM-0720,Greg Lee,greg.lee720@example.com,"995 Summit Ave, Findlay, OH 43331",1968-03-23,5931,2022-08-01,standard,0.08
MEM-0721,Omar Robinson,omar.robinson721@example.com,"795 Maple St, Erie, PA 46024",1977-11-20,6501,2025-07-01,standard,0.25
MEM-0722,Ray Adams,ray.adams722@example.com,"915 Elm Ct, Columbus, OH 48065",1965-04-13,6390,2020-12-01,standard,0.11
MEM-0723,Aisha Miller,aisha.miller723@example.com,"91 Willow Pass, Fort Wayne, IN 45437",1957-12-05,8032,2025-12-01,standard,0.24
MEM-0724,Rosa Sanchez,rosa.sanchez724@example.com,"712 Balloon Way, Kalamazoo, MI 49362",1982-11-06,2484,2015-10-01,golden_goose,0.24
MEM-0725,Margaret Allen,margaret.allen725@example.com,"250 Orchard Ave, Dayton, OH 46999",1977-07-22,3673,2017-12-01,standard,0.15
MEM-0726,Ray Okafor-Reyes,ray.okafor.reyes726@example.com,"308 Summit Ave, Akron, OH 47532",1984-03-12,6894,2023-02-01,standard,0.25
MEM-0727,Aisha Lee,aisha.lee727@example.com,"55 Harbor Rd, Findlay, OH 49917",1985-01-02,2173,2021-03-01,standard,0.18
MEM-0728,Kitty Martinez,kitty.martinez728@example.com,"297 Airline Rd, Ann Arbor, MI 48034",1968-05-26,1801,2021-03-01,standard,0.23
MEM-0729,Jerome Allen,jerome.allen729@example.com,"496 Foundry St, Kalamazoo, MI 49273",1957-12-23,1115,2017-03-01,standard,0.07
MEM-0730,Pearl Martinez,pearl.martinez730@example.com,"755 Maple St, South Bend, IN 44910",1956-12-27,6985,2015-01-01,standard,0.02
MEM-0731,Vera Anderson,vera.anderson731@example.com,"381 Ferry St, Findlay, OH 46747",1987-03-11,9385,2023-04-01,standard,0.12
MEM-0732,Nellie Clark,nellie.clark732@example.com,"457 Cedar Blvd, Ann Arbor, MI 49156",1967-10-28,3998,2018-06-01,standard,0.22
MEM-0733,Yuki Womack,yuki.womack733@example.com,"360 Meadow Ln, Fort Wayne, IN 44332",1991-09-03,2764,2022-01-01,standard,0.31
MEM-0734,Jerome Anderson,jerome.anderson734@example.com,"258 Balloon Way, Columbus, OH 45934",1989-01-21,3725,2020-07-01,standard,0.09
MEM-0735,Yuki Scott,yuki.scott735@example.com,"686 Prairie Ln, Fort Wayne, IN 45145",2004-12-04,1630,2022-02-01,standard,0.01
MEM-0736,Omar Wilson,omar.wilson736@example.com,"897 Ferry St, Dayton, OH 45992",1977-07-03,4338,2024-04-01,standard,0.26
MEM-0737,Keiko Ramirez,keiko.ramirez737@example.com,"766 Cedar Blvd, Akron, OH 44897",1960-08-13,6849,2015-10-01,golden_goose,0.37
MEM-0738,Yosef Brzezinski,yosef.brzezinski738@example.com,"202 Elm Ct, Findlay, OH 47833",1991-07-10,6478,2019-12-01,standard,0.05
MEM-0739,Chen Wilson,chen.wilson739@example.com,"777 Canal Rd, Findlay, OH 44479",1975-06-08,6274,2020-12-01,standard,0.35
MEM-0740,Quinn King,quinn.king740@example.com,"943 Canal Rd, Fort Wayne, IN 44619",1978-06-21,8463,2024-12-01,standard,0.01
MEM-0741,Bob Young,bob.young741@example.com,"338 Prairie Ln, Ann Arbor, MI 44475",1990-12-02,8802,2022-09-01,standard,0.32
MEM-0742,Yosef Osei,yosef.osei742@example.com,"117 Prairie Ln, South Bend, IN 47251",1958-03-26,4934,2021-09-01,golden_goose,0.27
MEM-0743,Vera White,vera.white743@example.com,"961 Cedar Blvd, Columbus, OH 46182",1970-08-06,3559,2016-07-01,standard,0.25
MEM-0744,Zoe Hill,zoe.hill744@example.com,"828 Airline Rd, Toledo, OH 43777",1989-03-09,2889,2024-03-01,standard,0.05
MEM-0745,Jerome Allen,jerome.allen745@example.com,"19 Foundry St, Dayton, OH 43257",1956-09-22,9283,2015-05-01,standard,0.14
MEM-0746,Bob Kowalczyk,bob.kowalczyk746@example.com,"164 Maple St, Sandusky, OH 49135",1990-03-04,3976,2019-05-01,standard,0.28
MEM-0747,Jerome Wright,jerome.wright747@example.com,"166 Harbor Rd, Sandusky, OH 46344",1967-07-26,3879,2023-12-01,golden_goose,0.02
MEM-0748,Tina Adams,tina.adams748@example.com,"268 Harbor Rd, Akron, OH 49882",1972-10-15,7099,2018-08-01,golden_goose,0.09
MEM-0749,Dolores Green,dolores.green749@example.com,"546 Cedar Blvd, Akron, OH 43695",1992-08-05,6529,2016-07-01,golden_goose,0.03
MEM-0750,Ray Wright,ray.wright750@example.com,"474 Oak Ave, Kalamazoo, MI 46008",1964-12-10,6671,2020-03-01,standard,0.29
MEM-0751,Ximena Martinez,ximena.martinez751@example.com,"727 Maple St, Findlay, OH 45905",1993-08-01,4393,2015-08-01,standard,0.12
MEM-0752,Chen Young,chen.young752@example.com,"434 Meadow Ln, Fort Wayne, IN 48556",1993-10-06,7321,2015-08-01,standard,0.3
MEM-0753,Ray Brown,ray.brown753@example.com,"363 Maple St, Dayton, OH 44761",1976-05-05,8278,2019-01-01,standard,0.26
MEM-0754,Pearl Tanaka,pearl.tanaka754@example.com,"194 Balloon Way, Dayton, OH 49331",1981-12-28,7091,2018-09-01,standard,0.01
MEM-0755,Ximena King,ximena.king755@example.com,"95 Prairie Ln, Bowling Green, OH 47894",1964-07-25,1974,2020-08-01,standard,0.04
MEM-0756,Zoe Johnson,zoe.johnson756@example.com,"352 Elm Ct, Columbus, OH 44407",1977-04-12,3667,2024-08-01,standard,0.4
MEM-0757,Paloma Martinez,paloma.martinez757@example.com,"834 Balloon Way, Fort Wayne, IN 44262",1963-10-14,3535,2022-05-01,standard,0.17
MEM-0758,Yuki Brzezinski,yuki.brzezinski758@example.com,"752 Foundry St, Dayton, OH 43220",1957-09-25,6437,2018-06-01,standard,0.3
MEM-0759,Vera Flores,vera.flores759@example.com,"716 Prairie Ln, Kalamazoo, MI 44451",1980-08-16,1861,2019-02-01,standard,0.39
MEM-0760,Ivan Robinson,ivan.robinson760@example.com,"936 Harbor Rd, Ann Arbor, MI 49444",1969-04-12,3381,2016-03-01,standard,0.18
MEM-0761,Dolores Okafor-Reyes,dolores.okafor.reyes761@example.com,"522 Lakeview Dr, Columbus, OH 46179",1957-06-15,8052,2018-12-01,standard,0.37
MEM-0762,Aisha Okafor-Reyes,aisha.okafor.reyes762@example.com,"870 Prairie Ln, Dayton, OH 48424",2002-12-11,4689,2016-02-01,standard,0.1
MEM-0763,Nellie Clark,nellie.clark763@example.com,"136 Prairie Ln, South Bend, IN 45525",1975-07-04,5924,2023-11-01,golden_goose,0.05
MEM-0764,Fatima Nowak,fatima.nowak764@example.com,"258 Lakeview Dr, Columbus, OH 48320",1965-03-08,6979,2017-09-01,standard,0.05
MEM-0765,Flo Johnson,flo.johnson765@example.com,"496 Harbor Rd, Dayton, OH 47436",2001-07-16,8455,2019-03-01,standard,0.08
MEM-0766,Ray Brzezinski,ray.brzezinski766@example.com,"883 Harbor Rd, Dayton, OH 44707",2004-04-02,8802,2020-03-01,standard,0.04
MEM-0767,Kitty King,kitty.king767@example.com,"542 Cedar Blvd, Akron, OH 48378",1978-10-11,5184,2024-02-01,standard,0.26
MEM-0768,Yuki Wright,yuki.wright768@example.com,"644 Harbor Rd, Bowling Green, OH 47809",1967-02-16,4036,2019-12-01,standard,0.04
MEM-0769,Tomasz Perez,tomasz.perez769@example.com,"709 Willow Pass, Bowling Green, OH 45111",1956-07-26,2494,2021-02-01,standard,0.11
MEM-0770,Rosa Allen,rosa.allen770@example.com,"253 Airline Rd, Fort Wayne, IN 47425",2002-08-27,2427,2022-07-01,standard,0.24
MEM-0771,Flo Smith,flo.smith771@example.com,"140 Balloon Way, Ann Arbor, MI 48169",1977-01-04,5845,2021-12-01,standard,0
MEM-0772,Rosa Flores,rosa.flores772@example.com,"520 Elm Ct, Kalamazoo, MI 49126",1996-08-24,4848,2020-08-01,golden_goose,0.28
MEM-0773,Greg Tanaka,greg.tanaka773@example.com,"743 Willow Pass, Ann Arbor, MI 48760",1983-09-19,9270,2023-01-01,standard,0.33
MEM-0774,Wes Osei,wes.osei774@example.com,"411 Balloon Way, Bowling Green, OH 44395",1997-09-15,9183,2022-07-01,standard,0.23
MEM-0775,Yosef Lewis,yosef.lewis775@example.com,"577 Harbor Rd, Ann Arbor, MI 46935",1968-04-04,9209,2020-01-01,standard,0.2
MEM-0776,Yosef White,yosef.white776@example.com,"714 Balloon Way, Akron, OH 49360",1974-02-03,6383,2015-06-01,standard,0.18
MEM-0777,Stan Garcia,stan.garcia777@example.com,"821 Harbor Rd, South Bend, IN 47062",1993-10-03,7020,2017-07-01,standard,0.34
MEM-0778,Margaret Lewis,margaret.lewis778@example.com,"383 Balloon Way, Dayton, OH 46347",2002-11-24,8018,2016-12-01,standard,0.04
MEM-0779,Nellie Nguyen,nellie.nguyen779@example.com,"834 Prairie Ln, Kalamazoo, MI 48222",1966-01-21,9680,2025-08-01,standard,0.27
MEM-0780,Flo Thompson,flo.thompson780@example.com,"949 Canal Rd, Akron, OH 45899",1970-12-17,7458,2022-04-01,standard,0.21
MEM-0781,Fatima Sanchez,fatima.sanchez781@example.com,"336 Ferry St, Kalamazoo, MI 43253",2004-11-17,8398,2016-07-01,standard,0.11
MEM-0782,Carlos Moore,carlos.moore782@example.com,"917 Cedar Blvd, Akron, OH 43625",1996-03-04,6844,2024-05-01,golden_goose,0.12
MEM-0783,Priya Womack,priya.womack783@example.com,"118 Elm Ct, Sandusky, OH 46652",1996-08-09,1645,2018-12-01,standard,0.26
MEM-0784,DeShawn Lee,deshawn.lee784@example.com,"680 Foundry St, Ann Arbor, MI 46457",1979-01-14,1747,2017-05-01,standard,0.04
MEM-0785,Quinn Wilson,quinn.wilson785@example.com,"197 Canal Rd, Ann Arbor, MI 47345",1977-11-09,6145,2018-09-01,standard,0.06
MEM-0786,Ingrid Osei,ingrid.osei786@example.com,"369 Orchard Ave, Kalamazoo, MI 44648",2003-07-16,2255,2020-02-01,standard,0.13
MEM-0787,Dolores Osei,dolores.osei787@example.com,"396 Airline Rd, Columbus, OH 46540",1971-09-12,8745,2020-02-01,standard,0.16
MEM-0788,Stan Martin,stan.martin788@example.com,"621 Willow Pass, Erie, PA 43288",1995-04-07,2418,2015-11-01,standard,0
MEM-0789,Greg White,greg.white789@example.com,"912 Orchard Ave, Akron, OH 45345",1977-06-27,9716,2021-10-01,golden_goose,0.25
MEM-0790,Aisha Sanchez,aisha.sanchez790@example.com,"67 Elm Ct, South Bend, IN 48807",1959-07-28,5737,2024-01-01,standard,0.15
MEM-0791,Mabel Young,mabel.young791@example.com,"646 Ferry St, Columbus, OH 45039",1956-07-05,8621,2024-08-01,standard,0.17
MEM-0792,Aisha Nowak,aisha.nowak792@example.com,"926 Elm Ct, Findlay, OH 44619",1989-01-24,2145,2016-08-01,standard,0.07
MEM-0793,Fatima Martinez,fatima.martinez793@example.com,"437 Oak Ave, Erie, PA 49914",1990-01-18,9739,2016-03-01,standard,0.36
MEM-0794,Ingrid Lopez,ingrid.lopez794@example.com,"914 Prairie Ln, Akron, OH 43782",2004-10-23,5493,2024-04-01,standard,0.1
MEM-0795,Rosa Wright,rosa.wright795@example.com,"914 Summit Ave, Toledo, OH 43762",1986-02-20,7027,2025-03-01,standard,0.25
MEM-0796,Rosa Sanchez,rosa.sanchez796@example.com,"132 Summit Ave, Dayton, OH 47561",1978-08-02,1667,2025-12-01,standard,0.37
MEM-0797,Yosef Scott,yosef.scott797@example.com,"328 Willow Pass, Erie, PA 46725",1993-11-26,1291,2019-09-01,standard,0.36
MEM-0798,Curtis Anderson,curtis.anderson798@example.com,"64 Balloon Way, Akron, OH 48988",1979-01-01,2150,2019-01-01,standard,0.35
MEM-0799,Dolores Hernandez,dolores.hernandez799@example.com,"353 Orchard Ave, Fort Wayne, IN 49922",1958-08-11,8013,2022-11-01,golden_goose,0.07
MEM-0800,Dolores Lopez,dolores.lopez800@example.com,"709 Elm Ct, Columbus, OH 46625",2004-06-21,9428,2019-05-01,standard,0.03
MEM-0801,Nellie Okafor-Reyes,nellie.okafor.reyes801@example.com,"17 Ferry St, Akron, OH 43313",1966-12-05,8466,2019-10-01,golden_goose,0.32
MEM-0802,Ivan Harris,ivan.harris802@example.com,"365 Meadow Ln, Sandusky, OH 47498",1979-11-28,8061,2023-10-01,standard,0.39
MEM-0803,Carlos Martinez,carlos.martinez803@example.com,"563 Meadow Ln, Dayton, OH 49001",1984-04-03,2677,2018-02-01,standard,0.24
MEM-0804,Mo Brzezinski,mo.brzezinski804@example.com,"836 Maple St, Erie, PA 49879",1999-08-25,3170,2025-08-01,standard,0.13
MEM-0805,Lamar Moore,lamar.moore805@example.com,"661 Oak Ave, Fort Wayne, IN 48183",1956-03-24,4557,2021-01-01,standard,0.22
MEM-0806,Quinn Clark,quinn.clark806@example.com,"233 Lakeview Dr, Fort Wayne, IN 49975",1976-04-23,6445,2020-06-01,standard,0.22
MEM-0807,Rosa Kowalczyk,rosa.kowalczyk807@example.com,"856 Harbor Rd, Columbus, OH 46105",1977-05-09,1803,2024-11-01,standard,0.07
MEM-0808,Nadia Tanaka,nadia.tanaka808@example.com,"761 Airline Rd, Erie, PA 45361",1985-08-03,5073,2018-07-01,standard,0.2
MEM-0809,Priya Perez,priya.perez809@example.com,"15 Ferry St, Ann Arbor, MI 44724",1965-06-08,2233,2020-02-01,standard,0.22
MEM-0810,Fatima Thomas,fatima.thomas810@example.com,"87 Elm Ct, Fort Wayne, IN 43657",1991-09-27,4531,2016-04-01,standard,0.14
MEM-0811,Nellie Robinson,nellie.robinson811@example.com,"532 Elm Ct, Akron, OH 45527",1957-03-26,5198,2023-12-01,standard,0.35
MEM-0812,Fatima Lewis,fatima.lewis812@example.com,"267 Cedar Blvd, Dayton, OH 49750",1975-10-27,7018,2025-11-01,standard,0.36
MEM-0813,Vera King,vera.king813@example.com,"297 Foundry St, Kalamazoo, MI 47097",1974-02-26,7939,2020-03-01,standard,0.28
MEM-0814,Nellie Womack,nellie.womack814@example.com,"19 Maple St, Kalamazoo, MI 47925",1977-02-19,5331,2021-08-01,standard,0.25
MEM-0815,Hannah Walker,hannah.walker815@example.com,"621 Harbor Rd, South Bend, IN 47848",1955-05-09,5967,2016-08-01,standard,0.25
MEM-0816,Arthur Kim,arthur.kim816@example.com,"764 Maple St, Akron, OH 48836",1958-06-07,1030,2019-03-01,standard,0.04
MEM-0817,Tomasz Okafor-Reyes,tomasz.okafor.reyes817@example.com,"267 Airline Rd, Bowling Green, OH 47350",1955-09-19,3051,2022-05-01,standard,0.22
MEM-0818,Wes Walker,wes.walker818@example.com,"820 Orchard Ave, Erie, PA 48518",1971-06-26,2270,2023-03-01,standard,0.37
MEM-0819,Gus Nowak,gus.nowak819@example.com,"93 Willow Pass, Bowling Green, OH 45063",1975-08-05,3059,2022-01-01,standard,0.01
MEM-0820,Linda Adams,linda.adams820@example.com,"989 Canal Rd, Sandusky, OH 47890",1998-10-17,3898,2016-08-01,standard,0.37
MEM-0821,Stan Perez,stan.perez821@example.com,"499 Summit Ave, Erie, PA 44911",2002-11-17,6828,2017-02-01,standard,0.08
MEM-0822,Ingrid Jackson,ingrid.jackson822@example.com,"544 Maple St, Findlay, OH 48992",1967-01-14,1963,2024-08-01,standard,0
MEM-0823,Margaret Miller,margaret.miller823@example.com,"782 Foundry St, Kalamazoo, MI 45625",2003-10-15,6080,2020-05-01,standard,0.11
MEM-0824,Dolores Davis,dolores.davis824@example.com,"248 Canal Rd, Columbus, OH 48902",1971-05-22,2240,2021-02-01,standard,0.11
MEM-0825,Yosef Nowak,yosef.nowak825@example.com,"700 Foundry St, Akron, OH 49110",1987-09-02,6189,2017-06-01,standard,0.25
MEM-0826,Yosef Lewis,yosef.lewis826@example.com,"29 Cedar Blvd, South Bend, IN 49682",2001-08-22,4068,2018-11-01,standard,0.39
MEM-0827,Bettye Allen,bettye.allen827@example.com,"900 Orchard Ave, Dayton, OH 49247",1968-11-20,4382,2024-06-01,standard,0.18
MEM-0828,Bob Thompson,bob.thompson828@example.com,"207 Oak Ave, Columbus, OH 45697",1962-04-06,4578,2025-01-01,standard,0.13
MEM-0829,Flo Osei,flo.osei829@example.com,"584 Meadow Ln, Erie, PA 47822",1960-01-11,4503,2016-11-01,standard,0.27
MEM-0830,Tina Wilson,tina.wilson830@example.com,"213 Cedar Blvd, Akron, OH 44558",1958-06-11,7541,2025-06-01,standard,0.34
MEM-0831,Jerome Baker,jerome.baker831@example.com,"401 Maple St, Erie, PA 49573",2000-12-11,2295,2017-05-01,standard,0.28
MEM-0832,Greg Thompson,greg.thompson832@example.com,"526 Summit Ave, Sandusky, OH 44270",1993-01-18,6702,2015-09-01,standard,0.21
MEM-0833,Zoe Osei,zoe.osei833@example.com,"421 Ferry St, Erie, PA 44116",1995-02-06,9929,2024-10-01,standard,0.23
MEM-0834,Dolores Thomas,dolores.thomas834@example.com,"716 Harbor Rd, Akron, OH 46752",1996-05-10,4841,2017-06-01,standard,0.16
MEM-0835,Linda Flores,linda.flores835@example.com,"917 Prairie Ln, Sandusky, OH 47126",1991-01-16,8971,2020-01-01,standard,0.08
MEM-0836,Linda Anderson,linda.anderson836@example.com,"415 Prairie Ln, South Bend, IN 45390",1974-09-20,2791,2016-07-01,standard,0.02
MEM-0837,Mo Scott,mo.scott837@example.com,"937 Foundry St, Findlay, OH 44159",1972-02-11,2232,2024-02-01,standard,0.34
MEM-0838,Ximena Johnson,ximena.johnson838@example.com,"69 Balloon Way, Toledo, OH 45407",1991-02-22,6724,2024-06-01,standard,0.19
MEM-0839,Ernesto Clark,ernesto.clark839@example.com,"16 Willow Pass, Findlay, OH 44815",1972-03-14,8629,2021-07-01,standard,0.19
MEM-0840,Mo Jackson,mo.jackson840@example.com,"783 Maple St, Kalamazoo, MI 49461",1999-03-11,4991,2024-03-01,golden_goose,0.22
MEM-0841,DeShawn Wilson,deshawn.wilson841@example.com,"741 Oak Ave, Fort Wayne, IN 45539",1962-08-15,5903,2020-06-01,standard,0.35
MEM-0842,Jerome Al-Sayed,jerome.al.sayed842@example.com,"254 Orchard Ave, Erie, PA 44895",1956-01-09,3856,2017-09-01,standard,0.39
MEM-0843,Yuki Nowak,yuki.nowak843@example.com,"241 Orchard Ave, Fort Wayne, IN 48545",1999-07-12,8412,2021-06-01,standard,0.17
MEM-0844,Aisha Moore,aisha.moore844@example.com,"443 Willow Pass, Dayton, OH 49990",1997-10-12,1767,2015-01-01,standard,0.2
MEM-0845,Jamal Nguyen,jamal.nguyen845@example.com,"313 Summit Ave, Sandusky, OH 45788",1975-10-14,7415,2025-04-01,standard,0.2
MEM-0846,Kitty Harris,kitty.harris846@example.com,"747 Willow Pass, Dayton, OH 45845",1973-12-09,4168,2022-07-01,standard,0.32
MEM-0847,Dolores Patel,dolores.patel847@example.com,"156 Harbor Rd, Erie, PA 45210",1992-02-12,2495,2024-05-01,standard,0.38
MEM-0848,Rosa Hernandez,rosa.hernandez848@example.com,"322 Orchard Ave, Akron, OH 45541",1995-09-22,4764,2015-11-01,standard,0.11
MEM-0849,Gus Hill,gus.hill849@example.com,"943 Harbor Rd, Fort Wayne, IN 48785",1960-04-21,9833,2021-05-01,standard,0.01
MEM-0850,Jamal Flores,jamal.flores850@example.com,"156 Prairie Ln, Sandusky, OH 49941",1994-10-20,7113,2018-08-01,standard,0.16
MEM-0851,Jerome Perez,jerome.perez851@example.com,"342 Maple St, Columbus, OH 46370",1980-11-16,2972,2015-09-01,golden_goose,0.11
MEM-0852,Arthur Johnson,arthur.johnson852@example.com,"823 Orchard Ave, Findlay, OH 46717",1986-04-14,3652,2022-04-01,standard,0.11
MEM-0853,Paloma Lopez,paloma.lopez853@example.com,"646 Prairie Ln, Columbus, OH 43743",1997-03-12,6408,2024-05-01,standard,0.28
MEM-0854,Umar Harris,umar.harris854@example.com,"686 Foundry St, Findlay, OH 49642",1991-01-10,5876,2022-01-01,standard,0.39
MEM-0855,Carlos Harris,carlos.harris855@example.com,"154 Oak Ave, Kalamazoo, MI 43018",1961-04-05,7547,2022-09-01,standard,0.15
MEM-0856,Hannah Young,hannah.young856@example.com,"111 Airline Rd, Erie, PA 43774",1988-12-18,1382,2019-01-01,standard,0.08
MEM-0857,Nellie King,nellie.king857@example.com,"479 Balloon Way, Sandusky, OH 48523",1970-12-10,5101,2025-12-01,standard,0.08
MEM-0858,Ray Lee,ray.lee858@example.com,"281 Maple St, Findlay, OH 47646",1991-09-11,1016,2019-10-01,standard,0.12
MEM-0859,Ingrid Davis,ingrid.davis859@example.com,"261 Maple St, Erie, PA 45143",1969-07-04,6620,2022-08-01,standard,0.18
MEM-0860,Priya Flores,priya.flores860@example.com,"119 Willow Pass, South Bend, IN 46691",1970-09-01,4714,2016-10-01,standard,0.22
MEM-0861,Greg Thomas,greg.thomas861@example.com,"849 Cedar Blvd, Akron, OH 46515",1958-09-28,9456,2022-02-01,golden_goose,0.26
MEM-0862,Harriet Young,harriet.young862@example.com,"344 Ferry St, Kalamazoo, MI 45748",1982-02-01,9761,2015-01-01,standard,0.25
MEM-0863,Mabel Lee,mabel.lee863@example.com,"752 Prairie Ln, Toledo, OH 45980",1977-05-23,4824,2024-12-01,standard,0.11
MEM-0864,Ivan Womack,ivan.womack864@example.com,"915 Summit Ave, Erie, PA 48648",1976-02-06,8255,2016-08-01,standard,0.03
MEM-0865,Jamal Miller,jamal.miller865@example.com,"372 Willow Pass, Dayton, OH 46145",1972-05-01,3611,2024-10-01,standard,0.2
MEM-0866,Mo Baker,mo.baker866@example.com,"169 Willow Pass, Sandusky, OH 44490",2004-02-24,8356,2018-06-01,standard,0.28
MEM-0867,Aisha Lee,aisha.lee867@example.com,"671 Harbor Rd, Fort Wayne, IN 49934",1998-09-06,6763,2019-03-01,standard,0.17
MEM-0868,Arthur Miller,arthur.miller868@example.com,"671 Maple St, Dayton, OH 45306",2000-01-28,6456,2023-11-01,standard,0.38
MEM-0869,Jerome Wright,jerome.wright869@example.com,"875 Canal Rd, Ann Arbor, MI 45961",1979-10-23,7741,2024-01-01,standard,0.21
MEM-0870,Margaret Tanaka,margaret.tanaka870@example.com,"957 Ferry St, Erie, PA 49847",1989-09-01,9320,2025-07-01,standard,0.38
MEM-0871,Umar Moore,umar.moore871@example.com,"785 Orchard Ave, Bowling Green, OH 47917",1999-04-15,8741,2021-03-01,standard,0.33
MEM-0872,Luis Lopez,luis.lopez872@example.com,"467 Foundry St, Toledo, OH 48371",1960-01-17,2224,2022-08-01,standard,0.11
MEM-0873,Otis Hill,otis.hill873@example.com,"233 Summit Ave, Bowling Green, OH 47671",1997-11-08,9506,2022-02-01,standard,0.26
MEM-0874,Yuki Anderson,yuki.anderson874@example.com,"260 Maple St, Akron, OH 49964",1966-12-28,3876,2018-12-01,standard,0.1
MEM-0875,Stan Garcia,stan.garcia875@example.com,"802 Oak Ave, Kalamazoo, MI 49613",2000-12-16,7615,2019-01-01,standard,0.2
MEM-0876,Vera Baker,vera.baker876@example.com,"455 Elm Ct, Sandusky, OH 46733",1977-03-01,1659,2020-08-01,standard,0.18
MEM-0877,Ingrid Anderson,ingrid.anderson877@example.com,"818 Ferry St, Findlay, OH 45698",1996-11-05,1585,2024-08-01,standard,0.03
MEM-0878,Yuki Moore,yuki.moore878@example.com,"853 Ferry St, Fort Wayne, IN 48844",1985-08-07,3562,2023-03-01,standard,0.01
MEM-0879,Greg Torres,greg.torres879@example.com,"514 Maple St, Sandusky, OH 45353",1969-07-07,7816,2016-10-01,standard,0.39
MEM-0880,Nadia White,nadia.white880@example.com,"431 Elm Ct, Findlay, OH 43747",1990-03-16,2769,2022-10-01,standard,0.36
MEM-0881,Keiko Robinson,keiko.robinson881@example.com,"94 Airline Rd, Dayton, OH 44853",1973-07-25,6076,2020-01-01,standard,0.36
MEM-0882,Quinn Hill,quinn.hill882@example.com,"834 Foundry St, Sandusky, OH 49380",1987-09-14,6211,2020-05-01,standard,0.19
MEM-0883,Pearl Moore,pearl.moore883@example.com,"255 Balloon Way, Toledo, OH 46212",1958-04-16,7168,2015-01-01,standard,0.27
MEM-0884,Hannah Kowalczyk,hannah.kowalczyk884@example.com,"925 Maple St, South Bend, IN 47365",1969-04-22,4563,2017-12-01,standard,0.04
MEM-0885,Hannah Martinez,hannah.martinez885@example.com,"807 Prairie Ln, Columbus, OH 47719",1968-01-13,7105,2020-04-01,standard,0.28
MEM-0886,Aisha Smith,aisha.smith886@example.com,"568 Balloon Way, South Bend, IN 48526",1974-12-20,7719,2024-04-01,standard,0.09
MEM-0887,Hannah Davis,hannah.davis887@example.com,"528 Summit Ave, Ann Arbor, MI 44367",1967-05-11,5816,2019-02-01,standard,0.18
MEM-0888,Nellie Nowak,nellie.nowak888@example.com,"65 Maple St, Akron, OH 43608",1963-02-25,2707,2022-02-01,standard,0.16
MEM-0889,Zoe Lee,zoe.lee889@example.com,"296 Willow Pass, Ann Arbor, MI 45776",1961-02-24,8020,2025-09-01,standard,0.28
MEM-0890,Bettye Lewis,bettye.lewis890@example.com,"402 Orchard Ave, Akron, OH 44773",1987-05-26,2384,2024-09-01,standard,0.14
MEM-0891,Vera Anderson,vera.anderson891@example.com,"83 Airline Rd, Fort Wayne, IN 45162",1965-09-16,6658,2017-05-01,standard,0.11
MEM-0892,DeShawn Hernandez,deshawn.hernandez892@example.com,"392 Canal Rd, Dayton, OH 45389",1965-11-02,8830,2025-06-01,standard,0.25
MEM-0893,Mo Patel,mo.patel893@example.com,"763 Oak Ave, Kalamazoo, MI 49501",1996-12-24,5631,2020-02-01,standard,0.08
MEM-0894,Ray Osei,ray.osei894@example.com,"979 Canal Rd, Dayton, OH 47364",1982-05-15,5983,2023-04-01,standard,0.01
MEM-0895,Chen Brown,chen.brown895@example.com,"342 Canal Rd, Dayton, OH 44225",1983-09-05,7005,2017-05-01,standard,0.26
MEM-0896,Margaret Hernandez,margaret.hernandez896@example.com,"656 Harbor Rd, Bowling Green, OH 45240",1966-05-25,5114,2022-03-01,standard,0.18
MEM-0897,Kitty Harris,kitty.harris897@example.com,"804 Oak Ave, Findlay, OH 44079",2003-06-17,9131,2017-03-01,standard,0.12
MEM-0898,Arthur Flores,arthur.flores898@example.com,"432 Orchard Ave, Dayton, OH 49014",1990-11-22,7952,2022-03-01,standard,0.34
MEM-0899,Ivan Okafor-Reyes,ivan.okafor.reyes899@example.com,"780 Elm Ct, Toledo, OH 43116",1983-04-18,7070,2020-12-01,standard,0.25
MEM-0900,Carlos Lewis,carlos.lewis900@example.com,"512 Meadow Ln, Sandusky, OH 45731",1961-07-01,6332,2015-07-01,standard,0.07
MEM-0901,Hannah Wright,hannah.wright901@example.com,"420 Summit Ave, Ann Arbor, MI 49650",1978-07-01,6973,2018-03-01,standard,0.36
MEM-0902,Greg Thomas,greg.thomas902@example.com,"357 Elm Ct, Akron, OH 45533",1968-02-28,5084,2025-10-01,standard,0.29
MEM-0903,Nadia King,nadia.king903@example.com,"409 Airline Rd, Toledo, OH 46684",1984-03-08,4409,2018-04-01,standard,0.22
MEM-0904,Tina Green,tina.green904@example.com,"521 Cedar Blvd, Bowling Green, OH 45075",1999-06-15,9099,2020-07-01,standard,0.23
MEM-0905,Aisha Perez,aisha.perez905@example.com,"457 Lakeview Dr, South Bend, IN 46245",1990-01-24,8125,2025-03-01,standard,0.04
MEM-0906,Aisha King,aisha.king906@example.com,"976 Orchard Ave, Columbus, OH 44581",1959-02-06,3107,2024-02-01,standard,0.3
MEM-0907,Nadia Anderson,nadia.anderson907@example.com,"598 Harbor Rd, Ann Arbor, MI 45620",1995-11-03,5085,2024-07-01,standard,0.2
MEM-0908,Umar Perez,umar.perez908@example.com,"864 Harbor Rd, Dayton, OH 49628",1981-10-28,2831,2018-08-01,standard,0.18
MEM-0909,Flo Baker,flo.baker909@example.com,"345 Prairie Ln, Erie, PA 44326",2001-10-18,5932,2020-05-01,standard,0.13
MEM-0910,Jerome Clark,jerome.clark910@example.com,"378 Foundry St, Columbus, OH 49412",1972-08-09,6330,2015-08-01,standard,0.1
MEM-0911,DeShawn Lopez,deshawn.lopez911@example.com,"898 Maple St, Erie, PA 44029",1965-09-22,4596,2025-04-01,standard,0.24
MEM-0912,Quinn Johnson,quinn.johnson912@example.com,"928 Balloon Way, Bowling Green, OH 43095",1988-09-04,8095,2017-01-01,standard,0.27
MEM-0913,Greg Davis,greg.davis913@example.com,"246 Maple St, Columbus, OH 49304",1961-08-02,5785,2021-07-01,standard,0.32
MEM-0914,Umar Lee,umar.lee914@example.com,"996 Oak Ave, Toledo, OH 49978",1979-11-22,6905,2019-04-01,standard,0.03
MEM-0915,Priya Allen,priya.allen915@example.com,"749 Prairie Ln, Dayton, OH 48688",1999-03-27,7763,2019-10-01,standard,0.12
MEM-0916,Margaret Smith,margaret.smith916@example.com,"411 Airline Rd, Bowling Green, OH 44088",1973-02-21,2814,2022-07-01,standard,0.06
MEM-0917,Bettye Anderson,bettye.anderson917@example.com,"123 Canal Rd, Ann Arbor, MI 47839",1970-10-21,8369,2015-10-01,standard,0.28
MEM-0918,Paloma Hernandez,paloma.hernandez918@example.com,"589 Balloon Way, Kalamazoo, MI 47505",1973-08-06,4535,2016-09-01,standard,0.04
MEM-0919,Priya Scott,priya.scott919@example.com,"425 Balloon Way, Sandusky, OH 44543",1979-02-22,8363,2017-01-01,standard,0.33
MEM-0920,Hannah Sanchez,hannah.sanchez920@example.com,"542 Ferry St, Sandusky, OH 47568",1994-12-25,1408,2016-10-01,standard,0.1
MEM-0921,Arthur Scott,arthur.scott921@example.com,"27 Maple St, Columbus, OH 49617",1971-10-20,3920,2023-06-01,standard,0.23
MEM-0922,Jamal Al-Sayed,jamal.al.sayed922@example.com,"226 Foundry St, Dayton, OH 43057",1977-05-22,2877,2016-09-01,golden_goose,0.07
MEM-0923,Linda Ramirez,linda.ramirez923@example.com,"346 Harbor Rd, Erie, PA 44520",1972-07-24,2177,2020-11-01,standard,0.37
MEM-0924,Dolores Okafor-Reyes,dolores.okafor.reyes924@example.com,"585 Elm Ct, South Bend, IN 44122",1978-08-20,6214,2019-04-01,standard,0.04
MEM-0925,Hannah King,hannah.king925@example.com,"16 Canal Rd, Erie, PA 46342",2003-02-05,4069,2025-02-01,standard,0.06
MEM-0926,Keiko Wilson,keiko.wilson926@example.com,"585 Airline Rd, Fort Wayne, IN 49778",1977-08-13,5458,2024-02-01,standard,0.22
MEM-0927,Tina Harris,tina.harris927@example.com,"556 Foundry St, Sandusky, OH 44045",1957-08-23,1991,2024-01-01,standard,0.34
MEM-0928,Bob Torres,bob.torres928@example.com,"687 Summit Ave, Erie, PA 47968",1981-09-07,2552,2019-09-01,standard,0.39
MEM-0929,Harriet Patel,harriet.patel929@example.com,"846 Balloon Way, Findlay, OH 47930",1975-10-15,8664,2021-10-01,standard,0.09
MEM-0930,Yosef Torres,yosef.torres930@example.com,"761 Balloon Way, Kalamazoo, MI 48425",1993-09-25,2146,2024-06-01,standard,0.11
MEM-0931,Keiko Kim,keiko.kim931@example.com,"605 Elm Ct, Dayton, OH 47246",1990-05-26,5568,2021-11-01,standard,0.14
MEM-0932,Ingrid Patel,ingrid.patel932@example.com,"259 Willow Pass, Fort Wayne, IN 46229",1960-03-09,1866,2017-02-01,standard,0.29
MEM-0933,Ximena Okafor-Reyes,ximena.okafor.reyes933@example.com,"815 Lakeview Dr, Sandusky, OH 45065",1988-07-10,8104,2016-06-01,standard,0.29
MEM-0934,Arthur Nguyen,arthur.nguyen934@example.com,"882 Balloon Way, Akron, OH 45504",2002-05-21,2755,2022-11-01,standard,0
MEM-0935,Greg Okafor-Reyes,greg.okafor.reyes935@example.com,"877 Lakeview Dr, Columbus, OH 46394",1986-09-17,4533,2025-09-01,standard,0.14
MEM-0936,Nadia Patel,nadia.patel936@example.com,"374 Prairie Ln, Kalamazoo, MI 48107",1972-05-14,4529,2015-05-01,standard,0.27
MEM-0937,Linda Kim,linda.kim937@example.com,"885 Prairie Ln, Findlay, OH 44400",2004-08-19,9711,2025-04-01,standard,0.13
MEM-0938,Yuki Clark,yuki.clark938@example.com,"529 Prairie Ln, Findlay, OH 47429",1999-01-24,4906,2015-09-01,golden_goose,0.01
MEM-0939,Stan Kowalczyk,stan.kowalczyk939@example.com,"965 Canal Rd, South Bend, IN 46988",1981-05-06,7552,2018-08-01,standard,0.14
MEM-0940,Pearl Smith,pearl.smith940@example.com,"541 Balloon Way, Sandusky, OH 48077",1979-11-11,2550,2019-03-01,golden_goose,0.14
MEM-0941,Harriet Al-Sayed,harriet.al.sayed941@example.com,"279 Ferry St, Erie, PA 48242",1981-10-03,7504,2015-02-01,standard,0.36
MEM-0942,Jerome Womack,jerome.womack942@example.com,"86 Summit Ave, Dayton, OH 46550",1997-05-01,9640,2018-04-01,standard,0.01
MEM-0943,Dolores Walker,dolores.walker943@example.com,"230 Elm Ct, Bowling Green, OH 46563",1999-08-10,1943,2019-07-01,standard,0.4
MEM-0944,Linda Martinez,linda.martinez944@example.com,"653 Cedar Blvd, Dayton, OH 43792",1984-09-01,3186,2018-09-01,standard,0.29
MEM-0945,Yosef Green,yosef.green945@example.com,"670 Lakeview Dr, Kalamazoo, MI 43777",1981-06-17,1816,2019-12-01,standard,0.08
MEM-0946,Zoe Clark,zoe.clark946@example.com,"966 Oak Ave, Bowling Green, OH 48088",1976-08-07,2798,2016-11-01,standard,0.39
MEM-0947,Omar Miller,omar.miller947@example.com,"66 Harbor Rd, Toledo, OH 47281",1989-08-21,1627,2023-01-01,standard,0.37
MEM-0948,Bettye Wilson,bettye.wilson948@example.com,"458 Oak Ave, South Bend, IN 49055",1984-11-08,3362,2023-04-01,standard,0.07
MEM-0949,Nellie Thompson,nellie.thompson949@example.com,"679 Harbor Rd, Fort Wayne, IN 44898",1979-09-16,8776,2023-08-01,standard,0.35
MEM-0950,Pearl Brown,pearl.brown950@example.com,"483 Summit Ave, Akron, OH 45365",1962-12-16,7744,2020-07-01,standard,0.32
MEM-0951,Ingrid Okafor-Reyes,ingrid.okafor.reyes951@example.com,"649 Balloon Way, Erie, PA 48556",1959-07-02,3762,2020-08-01,standard,0.29
MEM-0952,Ivan Flores,ivan.flores952@example.com,"922 Lakeview Dr, Dayton, OH 45797",1961-02-22,3370,2021-07-01,golden_goose,0.32
MEM-0953,Mo Nowak,mo.nowak953@example.com,"352 Meadow Ln, Kalamazoo, MI 44460",1956-02-10,1188,2019-03-01,standard,0.21
MEM-0954,Vera Davis,vera.davis954@example.com,"101 Willow Pass, Erie, PA 44862",1964-08-28,7628,2015-03-01,standard,0.35
MEM-0955,Rosa Okafor-Reyes,rosa.okafor.reyes955@example.com,"949 Meadow Ln, Dayton, OH 47419",2001-05-06,6829,2024-06-01,standard,0.34
MEM-0956,Yuki Johnson,yuki.johnson956@example.com,"278 Willow Pass, Bowling Green, OH 47221",1974-05-20,1949,2020-08-01,standard,0.14
MEM-0957,Lamar Wilson,lamar.wilson957@example.com,"680 Willow Pass, Akron, OH 44875",1997-04-18,9148,2021-09-01,standard,0.17
MEM-0958,Luis Johnson,luis.johnson958@example.com,"997 Ferry St, South Bend, IN 49166",2004-08-13,9184,2022-10-01,standard,0.16
MEM-0959,Rosa Osei,rosa.osei959@example.com,"542 Orchard Ave, Findlay, OH 49183",1972-12-08,6612,2022-11-01,standard,0.05
MEM-0960,Aisha Tanaka,aisha.tanaka960@example.com,"438 Maple St, Akron, OH 46764",1965-07-10,1094,2025-10-01,standard,0.16
MEM-0961,Ray Hill,ray.hill961@example.com,"934 Canal Rd, Toledo, OH 44074",1955-12-13,2195,2019-03-01,standard,0.18
MEM-0962,Arthur Tanaka,arthur.tanaka962@example.com,"166 Lakeview Dr, Fort Wayne, IN 46634",1970-02-13,8101,2022-06-01,standard,0.12
MEM-0963,Bob King,bob.king963@example.com,"74 Harbor Rd, Akron, OH 43003",1978-07-23,1040,2020-01-01,golden_goose,0.11
MEM-0964,Chen Robinson,chen.robinson964@example.com,"393 Balloon Way, Akron, OH 44820",1965-12-10,1771,2021-08-01,standard,0.35
MEM-0965,Vera Flores,vera.flores965@example.com,"350 Maple St, Sandusky, OH 49152",2001-08-16,3356,2015-09-01,standard,0.13
MEM-0966,Lamar Nowak,lamar.nowak966@example.com,"294 Canal Rd, Akron, OH 43186",1966-05-24,5615,2015-03-01,standard,0.2
MEM-0967,Bettye Hill,bettye.hill967@example.com,"813 Canal Rd, Fort Wayne, IN 46173",1997-11-15,7855,2024-03-01,standard,0.19
MEM-0968,Pearl Anderson,pearl.anderson968@example.com,"474 Meadow Ln, Akron, OH 45722",1978-01-20,5862,2016-08-01,standard,0.15
MEM-0969,Wes Lee,wes.lee969@example.com,"218 Balloon Way, Erie, PA 46070",1976-06-26,2532,2019-04-01,standard,0.27
MEM-0970,Flo Baker,flo.baker970@example.com,"829 Airline Rd, Sandusky, OH 48458",1971-06-19,3662,2015-05-01,standard,0.26
MEM-0971,Yuki Kim,yuki.kim971@example.com,"273 Elm Ct, Dayton, OH 45271",1980-05-23,4089,2016-05-01,standard,0.01
MEM-0972,Vera Walker,vera.walker972@example.com,"572 Harbor Rd, Toledo, OH 45810",1955-07-24,2755,2019-09-01,standard,0.11
MEM-0973,Mo Lee,mo.lee973@example.com,"803 Lakeview Dr, South Bend, IN 46408",1993-11-16,6722,2025-02-01,golden_goose,0.06
MEM-0974,Otis Kowalczyk,otis.kowalczyk974@example.com,"42 Cedar Blvd, Kalamazoo, MI 46212",1976-12-02,5297,2015-12-01,standard,0.19
MEM-0975,Fatima Flores,fatima.flores975@example.com,"85 Harbor Rd, Dayton, OH 47472",1986-01-04,9072,2017-06-01,standard,0.22
MEM-0976,Gus Nguyen,gus.nguyen976@example.com,"120 Balloon Way, Ann Arbor, MI 43500",1978-09-09,8784,2017-06-01,standard,0.02
MEM-0977,Bob Adams,bob.adams977@example.com,"862 Lakeview Dr, Ann Arbor, MI 46002",1992-12-11,7479,2019-01-01,standard,0.17
MEM-0978,Dolores Kowalczyk,dolores.kowalczyk978@example.com,"284 Elm Ct, Columbus, OH 45226",1981-04-27,1071,2018-07-01,standard,0.33
MEM-0979,Mo Patel,mo.patel979@example.com,"16 Cedar Blvd, Kalamazoo, MI 45112",1967-01-11,6713,2021-04-01,golden_goose,0.08
MEM-0980,Jamal Sanchez,jamal.sanchez980@example.com,"905 Ferry St, Findlay, OH 46530",1973-07-22,6650,2016-03-01,standard,0.18
MEM-0981,Ivan Kowalczyk,ivan.kowalczyk981@example.com,"703 Summit Ave, Toledo, OH 44217",2000-01-01,4811,2023-12-01,standard,0.18
MEM-0982,Ernesto Miller,ernesto.miller982@example.com,"959 Canal Rd, Ann Arbor, MI 43780",2003-09-20,1858,2022-09-01,standard,0.06
MEM-0983,Ray Womack,ray.womack983@example.com,"973 Harbor Rd, Findlay, OH 44137",1962-09-07,2579,2016-07-01,standard,0.02
MEM-0984,Pearl Flores,pearl.flores984@example.com,"404 Lakeview Dr, Akron, OH 49647",1965-04-25,1415,2025-04-01,standard,0.28
MEM-0985,Arthur Nguyen,arthur.nguyen985@example.com,"590 Canal Rd, Ann Arbor, MI 47616",1996-04-20,6776,2019-08-01,standard,0.19
MEM-0986,Curtis Ramirez,curtis.ramirez986@example.com,"186 Willow Pass, Akron, OH 43110",1963-04-22,3386,2024-04-01,standard,0.19
MEM-0987,Aisha Al-Sayed,aisha.al.sayed987@example.com,"950 Ferry St, Fort Wayne, IN 48712",1993-05-24,7226,2016-09-01,standard,0.14
MEM-0988,Dolores Scott,dolores.scott988@example.com,"267 Willow Pass, Findlay, OH 48020",1955-07-05,8680,2022-10-01,standard,0.31
MEM-0989,Flo Martinez,flo.martinez989@example.com,"169 Cedar Blvd, Erie, PA 49942",1971-10-18,6443,2021-09-01,standard,0.2
MEM-0990,Omar Thompson,omar.thompson990@example.com,"384 Prairie Ln, South Bend, IN 46234",1978-07-27,7784,2025-01-01,standard,0.35
MEM-0991,Ivan Hernandez,ivan.hernandez991@example.com,"983 Harbor Rd, Bowling Green, OH 44775",1959-08-07,5770,2022-10-01,standard,0.11
MEM-0992,Jerome Okafor-Reyes,jerome.okafor.reyes992@example.com,"579 Lakeview Dr, Ann Arbor, MI 46151",1986-07-11,3866,2015-03-01,standard,0.39
MEM-0993,Vera Osei,vera.osei993@example.com,"735 Maple St, Toledo, OH 45410",1966-10-24,2251,2022-05-01,standard,0.12
MEM-0994,Lamar Anderson,lamar.anderson994@example.com,"285 Harbor Rd, Toledo, OH 45192",1981-09-18,3093,2022-02-01,standard,0.29
MEM-0995,Chen Tanaka,chen.tanaka995@example.com,"292 Oak Ave, Akron, OH 45849",2002-12-27,3238,2019-07-01,standard,0.23
MEM-0996,Greg Hernandez,greg.hernandez996@example.com,"440 Elm Ct, Fort Wayne, IN 46522",1969-04-23,8736,2017-05-01,standard,0.35
MEM-0997,Keiko Hernandez,keiko.hernandez997@example.com,"183 Harbor Rd, Ann Arbor, MI 45353",1960-12-21,3649,2015-12-01,standard,0.28
MEM-0998,Pearl Smith,pearl.smith998@example.com,"127 Willow Pass, Findlay, OH 48040",1989-11-20,6224,2025-03-01,standard,0.22
MEM-0999,Quinn Martinez,quinn.martinez999@example.com,"519 Lakeview Dr, Erie, PA 46922",1959-01-18,8196,2015-02-01,standard,0.11
MEM-1000,Nadia Green,nadia.green1000@example.com,"283 Meadow Ln, Kalamazoo, MI 48224",1959-11-10,2258,2016-02-01,standard,0.13
MEM-1001,Ximena Hernandez,ximena.hernandez1001@example.com,"734 Airline Rd, Findlay, OH 45024",1981-03-20,6369,2021-11-01,standard,0.4
MEM-1002,Flo Thompson,flo.thompson1002@example.com,"874 Elm Ct, Sandusky, OH 45524",1988-01-26,6129,2019-04-01,standard,0.22
MEM-1003,Dolores Brown,dolores.brown1003@example.com,"821 Prairie Ln, Toledo, OH 46090",1993-07-10,6381,2023-09-01,standard,0.24
MEM-1004,Quinn Nowak,quinn.nowak1004@example.com,"227 Lakeview Dr, Akron, OH 46619",1963-10-11,3949,2017-12-01,standard,0.01
MEM-1005,Wes Torres,wes.torres1005@example.com,"364 Orchard Ave, Dayton, OH 45196",1999-07-20,1679,2020-11-01,standard,0.06
MEM-1006,Yosef Miller,yosef.miller1006@example.com,"586 Prairie Ln, Dayton, OH 49426",1961-03-14,3505,2021-10-01,standard,0.27
MEM-1007,Mabel Tanaka,mabel.tanaka1007@example.com,"449 Summit Ave, Kalamazoo, MI 43924",1968-07-07,6905,2020-09-01,standard,0.38
MEM-1008,Yosef Kim,yosef.kim1008@example.com,"534 Ferry St, Akron, OH 46563",1986-04-08,9741,2024-11-01,standard,0.23
MEM-1009,Priya Davis,priya.davis1009@example.com,"191 Prairie Ln, Erie, PA 49326",1990-02-13,3823,2025-09-01,standard,0.04
MEM-1010,Mo Garcia,mo.garcia1010@example.com,"990 Elm Ct, Dayton, OH 43525",1992-03-22,8146,2025-08-01,standard,0.1
MEM-1011,Dolores Anderson,dolores.anderson1011@example.com,"640 Canal Rd, Akron, OH 48659",1986-06-20,5543,2021-09-01,standard,0.09
MEM-1012,Mo White,mo.white1012@example.com,"796 Cedar Blvd, Findlay, OH 44300",1976-02-09,6247,2018-07-01,standard,0.35
MEM-1013,Luis Young,luis.young1013@example.com,"326 Maple St, Fort Wayne, IN 48764",1980-05-21,5792,2016-05-01,standard,0.37
MEM-1014,Ray Adams,ray.adams1014@example.com,"183 Ferry St, Bowling Green, OH 46467",1959-05-12,9956,2021-02-01,standard,0.24
MEM-1015,Keiko Kim,keiko.kim1015@example.com,"138 Foundry St, Toledo, OH 45193",1968-05-14,7765,2016-06-01,standard,0.13
MEM-1016,Jamal Baker,jamal.baker1016@example.com,"936 Lakeview Dr, Erie, PA 44829",1971-11-06,2150,2019-09-01,standard,0.11
MEM-1017,Pearl Wright,pearl.wright1017@example.com,"628 Willow Pass, Columbus, OH 44057",1968-01-19,9512,2025-07-01,standard,0.36
MEM-1018,Quinn Sanchez,quinn.sanchez1018@example.com,"624 Harbor Rd, Toledo, OH 47259",1994-04-15,2787,2024-01-01,standard,0.29
MEM-1019,Quinn Miller,quinn.miller1019@example.com,"948 Foundry St, Sandusky, OH 43712",1985-06-21,1553,2022-07-01,standard,0.06
MEM-1020,Yosef Torres,yosef.torres1020@example.com,"324 Ferry St, South Bend, IN 48814",1955-07-13,7208,2024-02-01,standard,0.17
MEM-1021,Hannah Davis,hannah.davis1021@example.com,"375 Lakeview Dr, Bowling Green, OH 48239",1959-05-07,6832,2018-03-01,standard,0.39
MEM-1022,Hannah King,hannah.king1022@example.com,"481 Orchard Ave, Columbus, OH 45383",2003-02-03,6308,2021-08-01,standard,0.07
MEM-1023,Quinn Adams,quinn.adams1023@example.com,"542 Maple St, Dayton, OH 49910",1979-12-25,3308,2020-10-01,golden_goose,0.1
MEM-1024,Jamal Wright,jamal.wright1024@example.com,"858 Summit Ave, Fort Wayne, IN 43579",1991-01-12,9930,2016-05-01,standard,0.17
MEM-1025,Keiko Nguyen,keiko.nguyen1025@example.com,"238 Oak Ave, Erie, PA 43493",1979-09-13,5132,2024-10-01,standard,0.34
MEM-1026,Vera Davis,vera.davis1026@example.com,"662 Elm Ct, Columbus, OH 46938",1990-07-07,2987,2015-02-01,standard,0.28
MEM-1027,Ivan Hill,ivan.hill1027@example.com,"306 Prairie Ln, Sandusky, OH 47103",1971-12-28,1053,2023-01-01,standard,0.29
MEM-1028,Priya Clark,priya.clark1028@example.com,"371 Ferry St, Erie, PA 46012",1989-12-21,3519,2018-02-01,standard,0.3
MEM-1029,Ernesto Garcia,ernesto.garcia1029@example.com,"882 Canal Rd, Fort Wayne, IN 49145",1975-06-07,5643,2020-02-01,standard,0.13
MEM-1030,Stan Miller,stan.miller1030@example.com,"526 Cedar Blvd, Columbus, OH 44759",1959-12-13,2212,2025-05-01,golden_goose,0.36
MEM-1031,Mabel Womack,mabel.womack1031@example.com,"578 Lakeview Dr, Columbus, OH 47641",2000-04-28,8462,2018-09-01,golden_goose,0.25
MEM-1032,Otis Hernandez,otis.hernandez1032@example.com,"392 Prairie Ln, Ann Arbor, MI 45783",1972-11-25,2591,2023-07-01,standard,0.03
MEM-1033,Rosa Thompson,rosa.thompson1033@example.com,"443 Foundry St, Fort Wayne, IN 48945",1971-02-21,1093,2020-08-01,standard,0.05
MEM-1034,Ximena Moore,ximena.moore1034@example.com,"305 Cedar Blvd, Ann Arbor, MI 44116",1981-08-12,8833,2022-12-01,standard,0.13
MEM-1035,Wes Brzezinski,wes.brzezinski1035@example.com,"516 Canal Rd, Toledo, OH 46305",1967-09-05,4410,2022-05-01,standard,0.18
MEM-1036,Fatima Brown,fatima.brown1036@example.com,"156 Canal Rd, Akron, OH 43841",1987-09-15,1550,2025-06-01,standard,0.17
MEM-1037,Jerome Young,jerome.young1037@example.com,"745 Meadow Ln, Erie, PA 49924",1972-11-05,8310,2018-02-01,standard,0.11
MEM-1038,Omar Smith,omar.smith1038@example.com,"739 Summit Ave, Erie, PA 45763",1982-01-23,6223,2019-07-01,standard,0.36
MEM-1039,Yuki Robinson,yuki.robinson1039@example.com,"842 Canal Rd, Kalamazoo, MI 45225",1972-06-04,1983,2018-02-01,standard,0.26
MEM-1040,Aisha Davis,aisha.davis1040@example.com,"328 Maple St, Bowling Green, OH 46660",1966-06-18,8343,2025-01-01,standard,0.25
MEM-1041,Kitty Young,kitty.young1041@example.com,"935 Lakeview Dr, Sandusky, OH 48731",1982-02-04,5945,2016-01-01,standard,0.01
MEM-1042,Hannah Lopez,hannah.lopez1042@example.com,"551 Prairie Ln, Findlay, OH 45655",1973-04-15,9961,2019-11-01,standard,0.15
MEM-1043,Carlos Baker,carlos.baker1043@example.com,"427 Summit Ave, Toledo, OH 47364",2001-09-05,5607,2019-12-01,golden_goose,0.01
MEM-1044,Quinn Walker,quinn.walker1044@example.com,"195 Canal Rd, Bowling Green, OH 43137",1959-03-13,5050,2019-11-01,standard,0.18
MEM-1045,Yuki Garcia,yuki.garcia1045@example.com,"950 Willow Pass, South Bend, IN 46391",1960-06-22,8122,2016-05-01,standard,0.14
MEM-1046,Flo Garcia,flo.garcia1046@example.com,"966 Foundry St, Erie, PA 49639",1994-04-01,1969,2023-04-01,standard,0.31
MEM-1047,Bob Young,bob.young1047@example.com,"581 Elm Ct, Toledo, OH 49496",1966-05-25,1811,2023-07-01,standard,0.01
MEM-1048,Tina Perez,tina.perez1048@example.com,"290 Balloon Way, Kalamazoo, MI 44155",1959-11-04,3979,2015-04-01,standard,0.17
MEM-1049,Gus Al-Sayed,gus.al.sayed1049@example.com,"421 Harbor Rd, Columbus, OH 47282",1990-06-28,6296,2025-07-01,standard,0.31
MEM-1050,Linda Al-Sayed,linda.al.sayed1050@example.com,"515 Lakeview Dr, South Bend, IN 48675",1965-03-17,9232,2024-12-01,standard,0.06
MEM-1051,Ximena Hernandez,ximena.hernandez1051@example.com,"642 Meadow Ln, Fort Wayne, IN 47502",1962-10-28,7610,2020-09-01,standard,0.09
MEM-1052,Pearl Allen,pearl.allen1052@example.com,"473 Harbor Rd, Erie, PA 43789",1991-01-08,8109,2015-06-01,standard,0.34
MEM-1053,Jamal Osei,jamal.osei1053@example.com,"491 Elm Ct, Columbus, OH 46591",1998-07-22,7926,2025-03-01,standard,0.09
MEM-1054,Bob Anderson,bob.anderson1054@example.com,"361 Foundry St, Akron, OH 44725",1990-05-28,7208,2017-01-01,golden_goose,0.05
MEM-1055,Wes Okafor-Reyes,wes.okafor.reyes1055@example.com,"342 Harbor Rd, Ann Arbor, MI 45039",2000-06-03,5558,2025-06-01,standard,0.22
MEM-1056,Mabel Baker,mabel.baker1056@example.com,"85 Summit Ave, Akron, OH 47561",1967-10-02,1119,2021-04-01,standard,0.21
MEM-1057,Stan Sanchez,stan.sanchez1057@example.com,"701 Ferry St, South Bend, IN 44677",1965-07-23,3345,2024-10-01,standard,0.09
MEM-1058,Greg Anderson,greg.anderson1058@example.com,"742 Airline Rd, Findlay, OH 48103",2004-10-13,2364,2024-06-01,standard,0.08
MEM-1059,DeShawn Robinson,deshawn.robinson1059@example.com,"803 Orchard Ave, Akron, OH 44158",1989-01-01,1704,2019-04-01,standard,0.3
MEM-1060,Jamal Kim,jamal.kim1060@example.com,"81 Lakeview Dr, Fort Wayne, IN 48078",1973-10-12,4189,2017-10-01,standard,0.14
MEM-1061,Vera Flores,vera.flores1061@example.com,"91 Airline Rd, Sandusky, OH 44238",1997-05-01,2768,2021-10-01,standard,0.01
MEM-1062,Umar Kim,umar.kim1062@example.com,"825 Summit Ave, Fort Wayne, IN 46539",1974-08-01,3537,2016-01-01,standard,0.06
MEM-1063,Nadia Clark,nadia.clark1063@example.com,"485 Prairie Ln, South Bend, IN 47126",2004-06-06,7995,2019-12-01,standard,0.05
MEM-1064,Jamal Martin,jamal.martin1064@example.com,"997 Cedar Blvd, Ann Arbor, MI 49144",1980-05-05,7451,2020-06-01,standard,0.13
MEM-1065,Harriet King,harriet.king1065@example.com,"572 Cedar Blvd, Fort Wayne, IN 46155",1987-04-02,1200,2016-08-01,standard,0.26
MEM-1066,Jerome Patel,jerome.patel1066@example.com,"451 Meadow Ln, Fort Wayne, IN 44690",1985-11-14,3983,2018-01-01,standard,0.17
MEM-1067,Ingrid Perez,ingrid.perez1067@example.com,"730 Willow Pass, Kalamazoo, MI 49537",1975-11-10,6613,2017-01-01,standard,0.33
MEM-1068,Ivan Smith,ivan.smith1068@example.com,"643 Orchard Ave, Fort Wayne, IN 48935",1971-10-10,9751,2021-11-01,standard,0.2
MEM-1069,Jamal Lee,jamal.lee1069@example.com,"242 Ferry St, South Bend, IN 43711",1977-03-02,3246,2015-01-01,standard,0.07
MEM-1070,Omar Torres,omar.torres1070@example.com,"520 Meadow Ln, Dayton, OH 49391",1957-09-04,2930,2020-10-01,standard,0.21
MEM-1071,Arthur Martin,arthur.martin1071@example.com,"931 Foundry St, Fort Wayne, IN 47908",1961-08-17,7277,2024-01-01,standard,0.37
MEM-1072,Umar Thompson,umar.thompson1072@example.com,"910 Balloon Way, Findlay, OH 44969",2000-07-27,4327,2018-10-01,standard,0.27
MEM-1073,Tomasz Anderson,tomasz.anderson1073@example.com,"956 Lakeview Dr, Toledo, OH 49898",1962-06-28,1644,2022-02-01,golden_goose,0.37
MEM-1074,Arthur Brzezinski,arthur.brzezinski1074@example.com,"697 Ferry St, Fort Wayne, IN 46198",1974-01-06,6999,2018-11-01,standard,0.35
MEM-1075,Ximena Hernandez,ximena.hernandez1075@example.com,"314 Willow Pass, South Bend, IN 43218",1990-10-13,1975,2017-05-01,standard,0.38
MEM-1076,Lamar Martinez,lamar.martinez1076@example.com,"512 Summit Ave, Kalamazoo, MI 46333",1997-03-27,4555,2024-05-01,standard,0.08
MEM-1077,Pearl Brzezinski,pearl.brzezinski1077@example.com,"156 Canal Rd, Sandusky, OH 49847",1968-06-05,8640,2016-05-01,golden_goose,0.02
MEM-1078,Rosa Brzezinski,rosa.brzezinski1078@example.com,"462 Summit Ave, Kalamazoo, MI 43181",2000-08-26,6274,2025-03-01,standard,0.23
MEM-1079,Keiko Walker,keiko.walker1079@example.com,"292 Willow Pass, Akron, OH 49824",1979-02-01,8090,2021-09-01,standard,0.19
MEM-1080,Luis Wright,luis.wright1080@example.com,"70 Balloon Way, Sandusky, OH 49333",2003-09-02,3847,2024-04-01,standard,0.31
MEM-1081,Ernesto White,ernesto.white1081@example.com,"403 Prairie Ln, Bowling Green, OH 46953",1973-11-02,5977,2018-07-01,standard,0.33
MEM-1082,Paloma Lopez,paloma.lopez1082@example.com,"680 Maple St, Toledo, OH 48154",1977-06-03,5558,2017-09-01,standard,0.05
MEM-1083,Nadia Thomas,nadia.thomas1083@example.com,"198 Harbor Rd, Akron, OH 46853",1967-03-15,9947,2018-05-01,standard,0.3
MEM-1084,Yosef Al-Sayed,yosef.al.sayed1084@example.com,"324 Prairie Ln, Akron, OH 48729",1987-01-08,6394,2022-03-01,standard,0.38
MEM-1085,Wes Womack,wes.womack1085@example.com,"171 Willow Pass, Findlay, OH 49756",1993-01-17,1378,2015-07-01,standard,0.14
MEM-1086,Lamar Martin,lamar.martin1086@example.com,"103 Oak Ave, Erie, PA 45445",1955-06-19,3091,2024-07-01,standard,0.28
MEM-1087,Rosa Davis,rosa.davis1087@example.com,"335 Cedar Blvd, Erie, PA 48064",1968-03-15,5257,2020-01-01,standard,0.13
MEM-1088,Margaret Young,margaret.young1088@example.com,"527 Maple St, Sandusky, OH 46431",1991-01-06,6082,2025-08-01,standard,0.21
MEM-1089,Umar Miller,umar.miller1089@example.com,"796 Elm Ct, Erie, PA 47583",1981-06-05,7474,2021-09-01,standard,0.39
MEM-1090,Priya Torres,priya.torres1090@example.com,"651 Meadow Ln, Erie, PA 47747",1955-06-14,2705,2024-06-01,standard,0.11
MEM-1091,Vera Davis,vera.davis1091@example.com,"446 Cedar Blvd, Kalamazoo, MI 43270",1981-01-26,2052,2020-12-01,standard,0.25
MEM-1092,Omar Scott,omar.scott1092@example.com,"236 Harbor Rd, Ann Arbor, MI 48342",1963-06-02,8556,2015-10-01,standard,0.37
MEM-1093,Ivan Wright,ivan.wright1093@example.com,"939 Harbor Rd, Findlay, OH 44489",1989-02-03,8455,2017-09-01,standard,0.39
MEM-1094,Mo Flores,mo.flores1094@example.com,"737 Canal Rd, Dayton, OH 47822",1960-10-14,7731,2017-09-01,standard,0.31
MEM-1095,Fatima Womack,fatima.womack1095@example.com,"558 Cedar Blvd, Ann Arbor, MI 48670",1978-01-11,2242,2020-06-01,standard,0.37
MEM-1096,Flo Adams,flo.adams1096@example.com,"32 Willow Pass, Ann Arbor, MI 48082",1960-07-28,9857,2025-11-01,standard,0.28
MEM-1097,Aisha Lee,aisha.lee1097@example.com,"885 Foundry St, South Bend, IN 47078",1965-03-24,3554,2017-11-01,standard,0.2
MEM-1098,Lamar White,lamar.white1098@example.com,"887 Canal Rd, Bowling Green, OH 48659",1992-08-13,7403,2021-01-01,standard,0.23
MEM-1099,Margaret Al-Sayed,margaret.al.sayed1099@example.com,"323 Balloon Way, Dayton, OH 48261",1985-09-22,6980,2016-09-01,standard,0.09
MEM-1100,DeShawn Scott,deshawn.scott1100@example.com,"513 Cedar Blvd, Columbus, OH 46051",1999-03-16,3420,2023-02-01,standard,0.33
MEM-1101,Stan Davis,stan.davis1101@example.com,"604 Canal Rd, Fort Wayne, IN 46113",2000-04-26,7242,2025-04-01,standard,0.21
MEM-1102,Paloma Flores,paloma.flores1102@example.com,"386 Airline Rd, Fort Wayne, IN 48163",1974-10-26,9158,2025-03-01,standard,0.02
MEM-1103,Nellie Brzezinski,nellie.brzezinski1103@example.com,"223 Prairie Ln, Fort Wayne, IN 48893",1971-07-12,1610,2019-10-01,standard,0.1
MEM-1104,Margaret Allen,margaret.allen1104@example.com,"631 Harbor Rd, Ann Arbor, MI 49732",1989-06-27,3036,2025-07-01,standard,0.04
MEM-1105,Otis Garcia,otis.garcia1105@example.com,"950 Oak Ave, Bowling Green, OH 48426",1984-07-16,4292,2023-03-01,standard,0.35
MEM-1106,Yosef Anderson,yosef.anderson1106@example.com,"768 Orchard Ave, Bowling Green, OH 47872",1971-04-06,7658,2022-12-01,standard,0.11
MEM-1107,Zoe Flores,zoe.flores1107@example.com,"33 Meadow Ln, Kalamazoo, MI 47213",1956-02-25,7922,2021-02-01,standard,0.18
MEM-1108,Nadia Nowak,nadia.nowak1108@example.com,"133 Maple St, Ann Arbor, MI 43486",1955-06-16,3369,2022-06-01,standard,0.25
MEM-1109,Keiko Clark,keiko.clark1109@example.com,"128 Airline Rd, Bowling Green, OH 48581",1963-03-28,3815,2023-02-01,standard,0.2
MEM-1110,Aisha Davis,aisha.davis1110@example.com,"874 Maple St, Findlay, OH 49975",1977-07-04,1923,2015-01-01,standard,0.21
MEM-1111,Dolores Al-Sayed,dolores.al.sayed1111@example.com,"653 Canal Rd, Dayton, OH 48193",1979-12-15,9335,2022-01-01,standard,0.39
MEM-1112,Dolores Wilson,dolores.wilson1112@example.com,"129 Summit Ave, Columbus, OH 44051",1960-10-19,4684,2021-05-01,standard,0.13
MEM-1113,Hannah Brzezinski,hannah.brzezinski1113@example.com,"839 Oak Ave, Findlay, OH 48334",1987-02-26,7501,2016-11-01,standard,0.23
MEM-1114,Rosa Martin,rosa.martin1114@example.com,"186 Lakeview Dr, Erie, PA 43838",1978-11-01,6766,2015-02-01,standard,0.36
MEM-1115,Jamal Anderson,jamal.anderson1115@example.com,"215 Elm Ct, Akron, OH 46444",1955-03-15,6215,2023-08-01,standard,0.21
MEM-1116,Yuki Okafor-Reyes,yuki.okafor.reyes1116@example.com,"574 Foundry St, Dayton, OH 47350",1989-11-04,3049,2025-06-01,standard,0.25
MEM-1117,Quinn Lee,quinn.lee1117@example.com,"666 Cedar Blvd, Kalamazoo, MI 46911",1978-10-03,2321,2024-04-01,standard,0.26
MEM-1118,Yosef Hernandez,yosef.hernandez1118@example.com,"675 Oak Ave, South Bend, IN 46643",1993-04-22,1384,2016-07-01,standard,0.36
MEM-1119,Ray Lopez,ray.lopez1119@example.com,"275 Airline Rd, Bowling Green, OH 49521",1967-05-13,3747,2015-01-01,standard,0.35
MEM-1120,Linda Robinson,linda.robinson1120@example.com,"32 Maple St, Toledo, OH 43180",2003-02-15,9804,2023-07-01,standard,0.37
MEM-1121,Aisha Garcia,aisha.garcia1121@example.com,"486 Oak Ave, Erie, PA 44502",1969-06-23,7841,2024-02-01,standard,0.11
MEM-1122,Bettye Kim,bettye.kim1122@example.com,"168 Ferry St, Dayton, OH 44838",1971-06-13,4314,2017-09-01,standard,0.24
MEM-1123,Jerome Sanchez,jerome.sanchez1123@example.com,"693 Canal Rd, Columbus, OH 45361",1980-05-14,8150,2015-03-01,standard,0.01
MEM-1124,Vera Harris,vera.harris1124@example.com,"602 Foundry St, Toledo, OH 47062",2001-10-28,7198,2021-03-01,standard,0.28
MEM-1125,Priya Walker,priya.walker1125@example.com,"718 Maple St, Toledo, OH 49230",1996-05-09,9317,2015-02-01,standard,0.39
MEM-1126,Aisha Clark,aisha.clark1126@example.com,"103 Balloon Way, Erie, PA 49689",1978-09-27,6523,2023-12-01,standard,0.04
MEM-1127,Paloma Scott,paloma.scott1127@example.com,"540 Oak Ave, Fort Wayne, IN 49316",1961-12-20,5786,2022-01-01,standard,0.04
MEM-1128,Curtis Allen,curtis.allen1128@example.com,"16 Elm Ct, Erie, PA 46240",1974-04-25,3400,2017-11-01,golden_goose,0.25
MEM-1129,Nellie Martin,nellie.martin1129@example.com,"506 Elm Ct, Sandusky, OH 45302",1998-10-18,1398,2019-02-01,standard,0.09
MEM-1130,Stan Ramirez,stan.ramirez1130@example.com,"647 Canal Rd, Akron, OH 43122",1996-11-07,1120,2023-07-01,standard,0.15
MEM-1131,Dolores Clark,dolores.clark1131@example.com,"360 Foundry St, Ann Arbor, MI 49290",1974-10-18,4829,2023-04-01,standard,0.31
MEM-1132,Zoe Adams,zoe.adams1132@example.com,"861 Cedar Blvd, Bowling Green, OH 49962",1998-01-23,5276,2016-05-01,standard,0.01
MEM-1133,Fatima Anderson,fatima.anderson1133@example.com,"673 Canal Rd, Findlay, OH 46091",1962-03-01,1601,2021-04-01,standard,0.19
MEM-1134,Ingrid Green,ingrid.green1134@example.com,"732 Maple St, Fort Wayne, IN 47717",1968-07-02,5868,2023-05-01,standard,0.09
MEM-1135,Ingrid Torres,ingrid.torres1135@example.com,"837 Elm Ct, Bowling Green, OH 43922",1993-07-27,4956,2019-08-01,standard,0.38
MEM-1136,Carlos Patel,carlos.patel1136@example.com,"243 Meadow Ln, Dayton, OH 45239",1987-03-13,9821,2022-02-01,standard,0.15
MEM-1137,Mo Walker,mo.walker1137@example.com,"935 Summit Ave, Columbus, OH 47846",1994-11-20,9182,2016-11-01,standard,0.37
MEM-1138,Yuki Nowak,yuki.nowak1138@example.com,"461 Ferry St, Toledo, OH 47372",1962-02-28,7098,2019-01-01,standard,0.11
MEM-1139,Chen Robinson,chen.robinson1139@example.com,"616 Cedar Blvd, Erie, PA 43255",1999-02-24,4062,2019-03-01,standard,0.35
MEM-1140,Mo Jackson,mo.jackson1140@example.com,"49 Maple St, Akron, OH 49864",1980-03-18,6100,2018-03-01,standard,0.26
MEM-1141,Jamal Perez,jamal.perez1141@example.com,"203 Canal Rd, South Bend, IN 47135",1975-05-16,2372,2023-01-01,standard,0.38
MEM-1142,Otis Allen,otis.allen1142@example.com,"751 Meadow Ln, South Bend, IN 47689",1959-03-05,1190,2021-12-01,standard,0.06
MEM-1143,Greg Nowak,greg.nowak1143@example.com,"685 Maple St, Dayton, OH 43858",1982-10-27,9892,2018-06-01,standard,0.39
MEM-1144,Kitty Al-Sayed,kitty.al.sayed1144@example.com,"168 Ferry St, Findlay, OH 47248",1977-03-18,4850,2025-04-01,standard,0.14
MEM-1145,Lamar Lee,lamar.lee1145@example.com,"130 Canal Rd, Fort Wayne, IN 48890",1991-09-28,5970,2020-02-01,standard,0.38
MEM-1146,Fatima Kim,fatima.kim1146@example.com,"631 Maple St, Erie, PA 44201",1976-08-14,8712,2023-04-01,standard,0.02
MEM-1147,Ingrid Ramirez,ingrid.ramirez1147@example.com,"396 Ferry St, Kalamazoo, MI 44871",1962-09-25,8664,2020-01-01,standard,0.33
MEM-1148,Rosa Scott,rosa.scott1148@example.com,"12 Elm Ct, Bowling Green, OH 43415",2000-12-23,7868,2017-01-01,golden_goose,0.07
MEM-1149,DeShawn Thomas,deshawn.thomas1149@example.com,"91 Ferry St, Akron, OH 47061",1986-05-12,5780,2023-08-01,standard,0.17
MEM-1150,Nadia Adams,nadia.adams1150@example.com,"521 Oak Ave, Fort Wayne, IN 46610",2000-09-01,2975,2021-06-01,standard,0.28
MEM-1151,Lamar Nguyen,lamar.nguyen1151@example.com,"213 Airline Rd, Bowling Green, OH 46008",1973-02-23,8719,2018-12-01,standard,0.14
MEM-1152,Ernesto Torres,ernesto.torres1152@example.com,"89 Harbor Rd, South Bend, IN 47684",1963-02-08,8709,2019-01-01,standard,0.31
MEM-1153,Luis Moore,luis.moore1153@example.com,"181 Harbor Rd, Toledo, OH 47391",1966-04-12,7729,2020-06-01,standard,0.39
MEM-1154,Luis Jackson,luis.jackson1154@example.com,"22 Ferry St, Fort Wayne, IN 48869",1971-08-07,2275,2019-01-01,standard,0.04
MEM-1155,Ivan Torres,ivan.torres1155@example.com,"411 Cedar Blvd, South Bend, IN 46522",1981-12-21,1064,2021-01-01,standard,0.31
MEM-1156,Priya Wright,priya.wright1156@example.com,"541 Balloon Way, South Bend, IN 45480",1961-02-04,1958,2015-03-01,standard,0.1
MEM-1157,Curtis Lopez,curtis.lopez1157@example.com,"708 Summit Ave, Akron, OH 47378",1963-08-16,7686,2016-12-01,standard,0.17
MEM-1158,Pearl Wilson,pearl.wilson1158@example.com,"765 Meadow Ln, Bowling Green, OH 47817",1967-06-18,6545,2021-01-01,standard,0.35
MEM-1159,Aisha Thomas,aisha.thomas1159@example.com,"476 Airline Rd, Dayton, OH 46403",1980-08-16,7554,2016-04-01,standard,0.23
MEM-1160,Quinn Al-Sayed,quinn.al.sayed1160@example.com,"411 Foundry St, Fort Wayne, IN 49978",1976-02-06,5782,2024-12-01,standard,0.25
MEM-1161,Quinn Martin,quinn.martin1161@example.com,"409 Lakeview Dr, Sandusky, OH 46659",1997-12-26,9830,2019-03-01,standard,0.37
MEM-1162,Ernesto Brown,ernesto.brown1162@example.com,"663 Orchard Ave, Columbus, OH 47376",1957-11-02,2492,2022-11-01,standard,0.28
MEM-1163,Rosa King,rosa.king1163@example.com,"147 Lakeview Dr, Bowling Green, OH 47970",1998-07-24,6431,2023-01-01,standard,0.29
MEM-1164,Ximena Garcia,ximena.garcia1164@example.com,"27 Canal Rd, Fort Wayne, IN 46346",1995-01-27,6360,2021-10-01,standard,0.24
MEM-1165,Fatima Womack,fatima.womack1165@example.com,"858 Willow Pass, Ann Arbor, MI 49516",2000-06-10,7681,2015-06-01,standard,0.32
MEM-1166,Linda Okafor-Reyes,linda.okafor.reyes1166@example.com,"828 Lakeview Dr, Kalamazoo, MI 43930",1971-02-27,7844,2020-06-01,standard,0.15
MEM-1167,Dolores Thomas,dolores.thomas1167@example.com,"523 Prairie Ln, Erie, PA 48521",1985-12-05,3128,2021-11-01,standard,0.15
MEM-1168,Pearl Okafor-Reyes,pearl.okafor.reyes1168@example.com,"685 Elm Ct, Toledo, OH 47380",2001-11-21,4080,2019-09-01,standard,0.29
MEM-1169,Otis Wilson,otis.wilson1169@example.com,"448 Prairie Ln, Toledo, OH 46749",1980-11-26,4272,2021-02-01,standard,0.3
MEM-1170,Nadia Patel,nadia.patel1170@example.com,"270 Oak Ave, Akron, OH 44370",1970-05-26,2714,2022-03-01,standard,0.3
MEM-1171,Yosef Hill,yosef.hill1171@example.com,"613 Summit Ave, Bowling Green, OH 44853",1976-11-17,9095,2022-09-01,standard,0.28
MEM-1172,Tomasz Harris,tomasz.harris1172@example.com,"383 Willow Pass, Kalamazoo, MI 46378",1997-05-12,1110,2015-06-01,standard,0.11
MEM-1173,Mabel Al-Sayed,mabel.al.sayed1173@example.com,"145 Orchard Ave, Toledo, OH 48529",1985-07-16,8470,2022-08-01,standard,0.21
MEM-1174,Tomasz Nguyen,tomasz.nguyen1174@example.com,"945 Prairie Ln, South Bend, IN 44343",1960-04-28,1376,2015-08-01,standard,0.18
MEM-1175,Nadia Anderson,nadia.anderson1175@example.com,"650 Maple St, Erie, PA 47466",1998-08-27,5536,2015-08-01,standard,0.07
MEM-1176,Keiko Miller,keiko.miller1176@example.com,"365 Oak Ave, Toledo, OH 46869",1993-01-20,1353,2022-02-01,standard,0.24
MEM-1177,DeShawn Sanchez,deshawn.sanchez1177@example.com,"400 Balloon Way, Findlay, OH 49509",1968-11-04,8037,2019-04-01,standard,0.16
MEM-1178,Flo Martin,flo.martin1178@example.com,"54 Harbor Rd, Findlay, OH 46999",1976-08-20,7942,2022-06-01,standard,0.37
MEM-1179,Ingrid Womack,ingrid.womack1179@example.com,"635 Cedar Blvd, South Bend, IN 46113",1995-06-07,8172,2017-01-01,standard,0.05
MEM-1180,Flo White,flo.white1180@example.com,"140 Elm Ct, Kalamazoo, MI 46488",1999-02-23,1209,2022-09-01,standard,0.03
MEM-1181,Flo Tanaka,flo.tanaka1181@example.com,"31 Harbor Rd, Fort Wayne, IN 45904",2002-01-17,3387,2017-09-01,standard,0.28
MEM-1182,Nadia Wilson,nadia.wilson1182@example.com,"815 Summit Ave, Sandusky, OH 44503",1996-02-12,1520,2021-11-01,standard,0.25
MEM-1183,Kitty Martinez,kitty.martinez1183@example.com,"670 Lakeview Dr, Erie, PA 43030",1978-09-10,7020,2023-09-01,standard,0.27
MEM-1184,Nadia Thomas,nadia.thomas1184@example.com,"70 Lakeview Dr, Findlay, OH 45311",1962-04-06,4798,2019-10-01,standard,0.19
MEM-1185,Mo Sanchez,mo.sanchez1185@example.com,"435 Cedar Blvd, Fort Wayne, IN 49922",1967-04-07,1022,2020-03-01,standard,0.22
MEM-1186,Flo Garcia,flo.garcia1186@example.com,"770 Canal Rd, Ann Arbor, MI 44787",1966-06-09,9030,2020-12-01,standard,0.37
MEM-1187,Quinn Allen,quinn.allen1187@example.com,"852 Oak Ave, Findlay, OH 48214",1968-04-28,6900,2016-06-01,standard,0.2
MEM-1188,Margaret Hill,margaret.hill1188@example.com,"484 Prairie Ln, Kalamazoo, MI 45298",1992-03-20,4338,2025-02-01,standard,0.04
MEM-1189,Pearl Womack,pearl.womack1189@example.com,"323 Summit Ave, South Bend, IN 46524",1970-11-01,2215,2024-08-01,standard,0.29
MEM-1190,Tina Sanchez,tina.sanchez1190@example.com,"67 Cedar Blvd, Ann Arbor, MI 45275",1959-01-02,8911,2022-10-01,standard,0.24
MEM-1191,Bettye Lee,bettye.lee1191@example.com,"802 Foundry St, Bowling Green, OH 43697",1966-02-23,4043,2022-06-01,standard,0.14
MEM-1192,Omar Ramirez,omar.ramirez1192@example.com,"382 Lakeview Dr, South Bend, IN 49712",1987-06-03,3011,2020-07-01,standard,0
MEM-1193,Ingrid Johnson,ingrid.johnson1193@example.com,"252 Harbor Rd, Erie, PA 49929",1965-02-21,6387,2018-02-01,golden_goose,0.09
MEM-1194,Yuki Allen,yuki.allen1194@example.com,"471 Airline Rd, South Bend, IN 48092",1957-11-18,3940,2020-05-01,standard,0.04
MEM-1195,Dolores Lewis,dolores.lewis1195@example.com,"345 Cedar Blvd, South Bend, IN 44332",1969-09-20,3419,2019-05-01,standard,0.16
MEM-1196,Kitty Womack,kitty.womack1196@example.com,"798 Orchard Ave, Columbus, OH 45499",1977-11-10,5472,2024-01-01,standard,0.04
MEM-1197,Jerome Kowalczyk,jerome.kowalczyk1197@example.com,"388 Airline Rd, Erie, PA 49506",1955-08-25,4879,2020-03-01,standard,0.06
MEM-1198,Ray King,ray.king1198@example.com,"611 Orchard Ave, Fort Wayne, IN 43741",1973-07-28,1357,2016-05-01,standard,0.29
MEM-1199,Jamal Robinson,jamal.robinson1199@example.com,"346 Orchard Ave, Kalamazoo, MI 48142",1977-12-21,2031,2016-09-01,standard,0.05
MEM-1200,Greg Clark,greg.clark1200@example.com,"700 Orchard Ave, Dayton, OH 46880",1989-07-20,2272,2023-07-01,standard,0.12
MEM-1201,Tomasz Kim,tomasz.kim1201@example.com,"500 Airline Rd, Erie, PA 45101",1994-07-01,2909,2015-08-01,standard,0.29
MEM-1202,Margaret Brzezinski,margaret.brzezinski1202@example.com,"207 Balloon Way, Akron, OH 46121",1989-01-10,4030,2023-05-01,golden_goose,0.27
MEM-1203,Paloma Johnson,paloma.johnson1203@example.com,"257 Ferry St, Columbus, OH 49331",1979-04-02,2209,2021-06-01,standard,0.04
MEM-1204,Linda Womack,linda.womack1204@example.com,"468 Oak Ave, Columbus, OH 46577",1963-06-07,1756,2018-05-01,standard,0.32
MEM-1205,Carlos Lewis,carlos.lewis1205@example.com,"792 Harbor Rd, Dayton, OH 48063",1987-10-14,1928,2024-11-01,standard,0.4
MEM-1206,DeShawn Lopez,deshawn.lopez1206@example.com,"341 Prairie Ln, Fort Wayne, IN 43148",1977-12-27,6265,2021-02-01,standard,0.02
MEM-1207,Quinn Anderson,quinn.anderson1207@example.com,"759 Willow Pass, Akron, OH 47157",1965-03-28,7790,2015-11-01,standard,0.26
MEM-1208,Yuki Hill,yuki.hill1208@example.com,"280 Maple St, Dayton, OH 46537",1999-11-18,4526,2023-11-01,golden_goose,0.39
MEM-1209,Dolores Johnson,dolores.johnson1209@example.com,"433 Orchard Ave, Akron, OH 43389",1983-10-02,2788,2020-08-01,standard,0.23
MEM-1210,Jamal Ramirez,jamal.ramirez1210@example.com,"367 Prairie Ln, Bowling Green, OH 45913",1965-05-06,1417,2020-08-01,standard,0.27
MEM-1211,Rosa Scott,rosa.scott1211@example.com,"975 Airline Rd, South Bend, IN 45873",1987-03-07,3088,2016-09-01,standard,0.2
MEM-1212,Curtis Al-Sayed,curtis.al.sayed1212@example.com,"125 Prairie Ln, Sandusky, OH 46746",1973-11-19,9972,2021-05-01,golden_goose,0.05
MEM-1213,Dolores King,dolores.king1213@example.com,"730 Oak Ave, Kalamazoo, MI 48259",1984-03-04,4440,2020-03-01,standard,0.32
MEM-1214,Flo Green,flo.green1214@example.com,"926 Cedar Blvd, South Bend, IN 48399",1984-12-06,2762,2021-01-01,standard,0.05
MEM-1215,Bettye Tanaka,bettye.tanaka1215@example.com,"741 Oak Ave, Fort Wayne, IN 49628",1989-07-13,4302,2025-09-01,standard,0.08
MEM-1216,Luis Lewis,luis.lewis1216@example.com,"896 Prairie Ln, South Bend, IN 45536",1981-02-16,5946,2020-10-01,standard,0.22
MEM-1217,Quinn Adams,quinn.adams1217@example.com,"966 Summit Ave, Findlay, OH 45763",1967-03-20,9730,2018-03-01,standard,0.02
MEM-1218,Greg Smith,greg.smith1218@example.com,"76 Cedar Blvd, Erie, PA 48237",1957-08-22,1991,2024-06-01,standard,0.12
MEM-1219,Flo Sanchez,flo.sanchez1219@example.com,"293 Willow Pass, Findlay, OH 48399",1992-04-18,8235,2015-04-01,standard,0.01
MEM-1220,Greg Womack,greg.womack1220@example.com,"789 Maple St, Findlay, OH 49411",1981-11-20,7618,2017-12-01,standard,0.33
MEM-1221,Arthur Davis,arthur.davis1221@example.com,"770 Orchard Ave, Dayton, OH 48483",1993-04-17,7172,2024-06-01,standard,0.11
MEM-1222,Greg Anderson,greg.anderson1222@example.com,"341 Prairie Ln, Kalamazoo, MI 46901",1987-11-12,4259,2025-11-01,standard,0.23
MEM-1223,Wes Miller,wes.miller1223@example.com,"734 Balloon Way, Bowling Green, OH 43048",1969-09-05,5063,2023-07-01,standard,0.37
MEM-1224,Bettye Garcia,bettye.garcia1224@example.com,"320 Orchard Ave, Bowling Green, OH 49990",1994-09-22,6301,2021-04-01,standard,0.15
MEM-1225,Hannah Martin,hannah.martin1225@example.com,"315 Lakeview Dr, Columbus, OH 47572",1995-07-20,7562,2019-10-01,standard,0.36
MEM-1226,Yuki White,yuki.white1226@example.com,"325 Oak Ave, Fort Wayne, IN 48095",1976-11-17,2622,2022-11-01,standard,0.18
MEM-1227,Lamar Davis,lamar.davis1227@example.com,"259 Lakeview Dr, Toledo, OH 43585",1958-01-24,6913,2023-02-01,standard,0.11
MEM-1228,Pearl Martin,pearl.martin1228@example.com,"503 Balloon Way, South Bend, IN 44103",1961-02-20,1141,2018-09-01,standard,0.01
MEM-1229,Luis Young,luis.young1229@example.com,"101 Oak Ave, Sandusky, OH 46214",1958-01-09,9673,2016-08-01,standard,0.03
MEM-1230,Ingrid Kowalczyk,ingrid.kowalczyk1230@example.com,"748 Balloon Way, Findlay, OH 43683",1969-12-09,7261,2016-11-01,standard,0.38
MEM-1231,Otis Wilson,otis.wilson1231@example.com,"378 Canal Rd, Columbus, OH 46738",1995-03-16,7811,2022-03-01,standard,0.28
MEM-1232,Luis Johnson,luis.johnson1232@example.com,"834 Willow Pass, Akron, OH 49504",1996-09-18,1776,2018-05-01,golden_goose,0.07
MEM-1233,Harriet Robinson,harriet.robinson1233@example.com,"168 Canal Rd, Akron, OH 43961",1984-03-08,4117,2022-07-01,standard,0.03
MEM-1234,Jamal Lewis,jamal.lewis1234@example.com,"774 Summit Ave, Kalamazoo, MI 47600",1983-01-01,6458,2017-02-01,standard,0.02
MEM-1235,Otis Martinez,otis.martinez1235@example.com,"627 Canal Rd, Columbus, OH 44500",1980-06-14,4389,2019-01-01,standard,0.38
MEM-1236,Mabel Perez,mabel.perez1236@example.com,"827 Willow Pass, Sandusky, OH 46380",2001-05-07,6302,2016-01-01,standard,0.19
MEM-1237,Jerome Martinez,jerome.martinez1237@example.com,"481 Prairie Ln, Erie, PA 45326",1975-04-10,5143,2022-09-01,standard,0.19
MEM-1238,Ximena Garcia,ximena.garcia1238@example.com,"242 Elm Ct, Kalamazoo, MI 48515",1985-02-03,2561,2017-12-01,standard,0.25
MEM-1239,DeShawn Osei,deshawn.osei1239@example.com,"458 Harbor Rd, Dayton, OH 43114",1991-05-07,2512,2017-10-01,standard,0.38
MEM-1240,Zoe Allen,zoe.allen1240@example.com,"553 Summit Ave, Bowling Green, OH 49925",1966-07-15,8924,2020-02-01,standard,0.1
MEM-1241,Greg King,greg.king1241@example.com,"207 Canal Rd, Columbus, OH 43853",1993-11-09,7231,2016-07-01,standard,0.28
MEM-1242,Flo Brown,flo.brown1242@example.com,"712 Ferry St, Sandusky, OH 45858",1963-10-28,3753,2024-03-01,standard,0.17
MEM-1243,Luis Miller,luis.miller1243@example.com,"711 Oak Ave, Fort Wayne, IN 43899",1974-04-07,2605,2018-08-01,standard,0.19
MEM-1244,Curtis Hernandez,curtis.hernandez1244@example.com,"364 Harbor Rd, Erie, PA 44581",1957-11-21,5992,2017-12-01,standard,0.13
MEM-1245,Ivan Osei,ivan.osei1245@example.com,"737 Airline Rd, Kalamazoo, MI 44327",1956-08-03,9911,2025-05-01,standard,0.19
MEM-1246,Harriet Martin,harriet.martin1246@example.com,"648 Cedar Blvd, Toledo, OH 43963",1971-05-01,2004,2020-04-01,standard,0.38
MEM-1247,Kitty Lee,kitty.lee1247@example.com,"86 Foundry St, Toledo, OH 49207",1987-01-27,2521,2025-07-01,standard,0.14
MEM-1248,Arthur Osei,arthur.osei1248@example.com,"411 Willow Pass, Akron, OH 47938",1985-04-08,6528,2017-08-01,standard,0.15
MEM-1249,Aisha Scott,aisha.scott1249@example.com,"901 Prairie Ln, Erie, PA 47003",1956-10-07,9801,2020-09-01,standard,0.15
MEM-1250,Mabel Thomas,mabel.thomas1250@example.com,"963 Summit Ave, Sandusky, OH 49971",1985-12-15,9688,2025-02-01,standard,0.35
MEM-1251,Aisha Wilson,aisha.wilson1251@example.com,"230 Elm Ct, Ann Arbor, MI 49833",1972-12-09,7088,2023-11-01,standard,0.13
MEM-1252,Otis Green,otis.green1252@example.com,"637 Ferry St, Kalamazoo, MI 44448",1964-05-05,1618,2024-08-01,standard,0.26
MEM-1253,Umar Martin,umar.martin1253@example.com,"455 Canal Rd, Bowling Green, OH 49269",1994-12-25,6700,2025-07-01,standard,0.01
MEM-1254,Tina Wilson,tina.wilson1254@example.com,"878 Prairie Ln, Kalamazoo, MI 49131",1995-01-23,5667,2015-07-01,standard,0.38
MEM-1255,Bettye King,bettye.king1255@example.com,"605 Harbor Rd, Kalamazoo, MI 49762",1955-02-10,7123,2022-08-01,standard,0.18
MEM-1256,Hannah Anderson,hannah.anderson1256@example.com,"298 Airline Rd, Dayton, OH 45017",1958-01-23,9320,2015-05-01,standard,0.26
MEM-1257,Curtis Nowak,curtis.nowak1257@example.com,"165 Lakeview Dr, South Bend, IN 44573",2000-08-02,1834,2017-04-01,standard,0.39
MEM-1258,Yuki Martinez,yuki.martinez1258@example.com,"21 Willow Pass, Findlay, OH 46046",1956-12-17,3984,2022-08-01,standard,0.09
MEM-1259,Paloma Smith,paloma.smith1259@example.com,"287 Maple St, Columbus, OH 45345",1964-05-06,6860,2020-02-01,standard,0.35
MEM-1260,Umar Thomas,umar.thomas1260@example.com,"286 Orchard Ave, Sandusky, OH 46055",1962-04-27,1196,2019-12-01,standard,0.31
MEM-1261,Aisha Patel,aisha.patel1261@example.com,"840 Airline Rd, Dayton, OH 44014",1994-04-10,1296,2021-02-01,standard,0.06
MEM-1262,Omar Wright,omar.wright1262@example.com,"145 Lakeview Dr, Ann Arbor, MI 45352",1990-05-15,5938,2019-09-01,standard,0.17
MEM-1263,Otis Lewis,otis.lewis1263@example.com,"596 Ferry St, Dayton, OH 49938",1994-09-10,4148,2022-03-01,standard,0.34
MEM-1264,Carlos Perez,carlos.perez1264@example.com,"454 Foundry St, Erie, PA 43657",1975-02-22,9711,2021-04-01,standard,0.39
MEM-1265,DeShawn Davis,deshawn.davis1265@example.com,"455 Balloon Way, Dayton, OH 44226",1973-01-02,8221,2018-07-01,standard,0.1
MEM-1266,Hannah Young,hannah.young1266@example.com,"203 Elm Ct, Ann Arbor, MI 43711",2003-10-27,6859,2017-04-01,standard,0.07
MEM-1267,Tomasz Garcia,tomasz.garcia1267@example.com,"577 Cedar Blvd, Kalamazoo, MI 45215",1956-03-17,3403,2023-04-01,standard,0.17
MEM-1268,Ximena Ramirez,ximena.ramirez1268@example.com,"916 Balloon Way, Sandusky, OH 43773",1980-08-13,3963,2018-07-01,standard,0.35
MEM-1269,Ximena Wright,ximena.wright1269@example.com,"640 Elm Ct, Fort Wayne, IN 47891",1986-06-05,4678,2025-07-01,standard,0.02
MEM-1270,Flo Adams,flo.adams1270@example.com,"840 Lakeview Dr, Akron, OH 49666",1955-07-01,9472,2015-02-01,standard,0.13
MEM-1271,Wes Jackson,wes.jackson1271@example.com,"792 Elm Ct, Kalamazoo, MI 46551",1966-09-02,7225,2023-06-01,standard,0.35
MEM-1272,Wes Nguyen,wes.nguyen1272@example.com,"811 Foundry St, Kalamazoo, MI 48268",1991-02-18,2308,2021-08-01,standard,0.18
MEM-1273,Hannah King,hannah.king1273@example.com,"137 Meadow Ln, Kalamazoo, MI 48209",1990-02-19,6127,2023-07-01,standard,0.08
MEM-1274,Ingrid Scott,ingrid.scott1274@example.com,"96 Airline Rd, Columbus, OH 43013",1984-04-13,9042,2025-12-01,standard,0.04
MEM-1275,Yosef Davis,yosef.davis1275@example.com,"134 Canal Rd, Akron, OH 43903",1995-09-16,1004,2022-05-01,standard,0.38
MEM-1276,Mabel Kim,mabel.kim1276@example.com,"499 Cedar Blvd, Fort Wayne, IN 45591",1968-09-07,9382,2022-06-01,standard,0.37
MEM-1277,Dolores Garcia,dolores.garcia1277@example.com,"704 Maple St, Toledo, OH 47380",1965-07-17,1686,2022-11-01,standard,0.32
MEM-1278,Ray Hill,ray.hill1278@example.com,"562 Prairie Ln, South Bend, IN 45757",1975-08-16,2360,2023-03-01,standard,0.36
MEM-1279,Zoe Okafor-Reyes,zoe.okafor.reyes1279@example.com,"506 Elm Ct, Kalamazoo, MI 46842",1963-02-16,2819,2020-11-01,standard,0.15
MEM-1280,Ray White,ray.white1280@example.com,"848 Harbor Rd, Kalamazoo, MI 49003",1991-11-08,3943,2015-05-01,standard,0.23
MEM-1281,Dolores Anderson,dolores.anderson1281@example.com,"332 Lakeview Dr, Akron, OH 44111",1983-07-19,7030,2018-04-01,standard,0.1
MEM-1282,Paloma Perez,paloma.perez1282@example.com,"190 Oak Ave, Bowling Green, OH 49801",1968-05-02,8025,2024-12-01,standard,0.08
MEM-1283,Mo Moore,mo.moore1283@example.com,"245 Cedar Blvd, Sandusky, OH 47136",1979-05-04,1983,2017-07-01,standard,0.32
MEM-1284,Chen Adams,chen.adams1284@example.com,"906 Ferry St, Kalamazoo, MI 48798",1999-10-19,9517,2017-02-01,standard,0.32
MEM-1285,Tomasz Smith,tomasz.smith1285@example.com,"168 Oak Ave, Dayton, OH 49499",1972-02-09,9435,2020-06-01,standard,0.04
MEM-1286,Bettye Lopez,bettye.lopez1286@example.com,"573 Meadow Ln, Kalamazoo, MI 44641",1968-10-06,8926,2023-03-01,golden_goose,0.36
MEM-1287,Gus Brown,gus.brown1287@example.com,"664 Elm Ct, Sandusky, OH 43001",2000-07-15,3220,2025-07-01,standard,0.05
MEM-1288,Zoe Hill,zoe.hill1288@example.com,"212 Summit Ave, Dayton, OH 48129",1968-01-09,5186,2018-05-01,standard,0.35
MEM-1289,Pearl Perez,pearl.perez1289@example.com,"573 Ferry St, Kalamazoo, MI 47648",2003-03-19,1915,2021-03-01,golden_goose,0.13
MEM-1290,Ximena Lopez,ximena.lopez1290@example.com,"89 Orchard Ave, Toledo, OH 46780",1978-02-07,8706,2025-04-01,standard,0.36
MEM-1291,Ximena Walker,ximena.walker1291@example.com,"326 Foundry St, Ann Arbor, MI 48604",1957-12-01,1608,2017-08-01,standard,0.35
MEM-1292,Linda Martinez,linda.martinez1292@example.com,"481 Cedar Blvd, Ann Arbor, MI 49115",1964-09-10,5256,2020-12-01,golden_goose,0.35
MEM-1293,Harriet Lee,harriet.lee1293@example.com,"536 Harbor Rd, Bowling Green, OH 44798",1955-12-16,7939,2017-11-01,standard,0
MEM-1294,Gus Thomas,gus.thomas1294@example.com,"140 Balloon Way, Dayton, OH 49242",1998-04-28,7838,2021-05-01,standard,0.37
MEM-1295,Chen Torres,chen.torres1295@example.com,"455 Balloon Way, Findlay, OH 49720",1970-01-10,2792,2016-06-01,standard,0.31
MEM-1296,Umar Davis,umar.davis1296@example.com,"528 Airline Rd, Ann Arbor, MI 47886",1968-03-18,8633,2024-06-01,standard,0.27
MEM-1297,Gus Davis,gus.davis1297@example.com,"796 Cedar Blvd, Toledo, OH 49600",1968-07-15,2536,2022-10-01,standard,0.33
MEM-1298,Mabel Smith,mabel.smith1298@example.com,"51 Prairie Ln, Bowling Green, OH 48688",1959-09-12,6824,2020-11-01,standard,0.19
MEM-1299,Umar Young,umar.young1299@example.com,"818 Ferry St, Erie, PA 45664",1984-01-18,1740,2025-04-01,golden_goose,0.07
MEM-1300,Arthur Baker,arthur.baker1300@example.com,"378 Summit Ave, Kalamazoo, MI 47828",1975-02-06,6971,2025-03-01,standard,0.04
MEM-1301,Hannah Martin,hannah.martin1301@example.com,"401 Willow Pass, Kalamazoo, MI 47167",1996-08-05,3536,2024-01-01,standard,0.22
MEM-1302,Jerome Kim,jerome.kim1302@example.com,"447 Oak Ave, Columbus, OH 47908",1983-09-05,4790,2024-05-01,standard,0.07
MEM-1303,Chen Wilson,chen.wilson1303@example.com,"88 Lakeview Dr, Akron, OH 46509",1998-12-06,9900,2025-09-01,standard,0.01
MEM-1304,Yosef Lopez,yosef.lopez1304@example.com,"375 Orchard Ave, Akron, OH 48066",1970-03-07,9275,2021-03-01,standard,0.16
MEM-1305,Stan Hill,stan.hill1305@example.com,"732 Airline Rd, Toledo, OH 48551",1958-11-11,9465,2021-11-01,standard,0.2
MEM-1306,Greg Wilson,greg.wilson1306@example.com,"86 Prairie Ln, Kalamazoo, MI 44835",1964-11-25,9417,2022-09-01,standard,0.25
MEM-1307,Jerome Martinez,jerome.martinez1307@example.com,"131 Maple St, Sandusky, OH 48386",1995-02-25,4114,2023-09-01,standard,0.06
MEM-1308,Stan Miller,stan.miller1308@example.com,"460 Airline Rd, Akron, OH 43590",1996-08-21,3730,2024-08-01,standard,0.13
MEM-1309,Otis Lopez,otis.lopez1309@example.com,"192 Harbor Rd, Findlay, OH 43755",1965-01-26,4930,2016-06-01,standard,0.04
MEM-1310,Gus Clark,gus.clark1310@example.com,"514 Balloon Way, Dayton, OH 47540",1986-09-15,9021,2015-06-01,standard,0.08
MEM-1311,Keiko Jackson,keiko.jackson1311@example.com,"872 Maple St, Findlay, OH 48793",1960-08-05,9648,2018-08-01,standard,0.39
MEM-1312,Yosef Flores,yosef.flores1312@example.com,"339 Maple St, Bowling Green, OH 44289",1987-12-02,4102,2020-06-01,standard,0.33
MEM-1313,Vera Perez,vera.perez1313@example.com,"600 Maple St, Sandusky, OH 48583",1989-08-01,1838,2023-03-01,standard,0.18
MEM-1314,Nellie Martinez,nellie.martinez1314@example.com,"497 Harbor Rd, Findlay, OH 47950",1993-04-24,3081,2018-01-01,standard,0.21
MEM-1315,Carlos Nguyen,carlos.nguyen1315@example.com,"597 Canal Rd, Bowling Green, OH 49322",1997-10-01,8178,2023-11-01,standard,0.23
MEM-1316,Pearl Torres,pearl.torres1316@example.com,"904 Willow Pass, Fort Wayne, IN 44575",1989-04-18,9811,2020-04-01,standard,0.16
MEM-1317,Tina Garcia,tina.garcia1317@example.com,"694 Prairie Ln, Ann Arbor, MI 44323",2000-02-13,4142,2021-04-01,standard,0.32
MEM-1318,Curtis Lopez,curtis.lopez1318@example.com,"282 Canal Rd, Erie, PA 49659",2004-11-27,8636,2018-03-01,standard,0.05
MEM-1319,Gus Johnson,gus.johnson1319@example.com,"619 Lakeview Dr, Akron, OH 46120",1972-05-12,8010,2020-11-01,standard,0.31
MEM-1320,Ivan Scott,ivan.scott1320@example.com,"48 Harbor Rd, South Bend, IN 45919",1984-02-02,3594,2021-06-01,standard,0.15
MEM-1321,Wes Robinson,wes.robinson1321@example.com,"685 Cedar Blvd, Ann Arbor, MI 46055",1958-12-28,8898,2024-06-01,standard,0.2
MEM-1322,Omar King,omar.king1322@example.com,"932 Airline Rd, Akron, OH 49314",1957-02-14,3628,2015-09-01,standard,0.19
MEM-1323,Linda Al-Sayed,linda.al.sayed1323@example.com,"529 Prairie Ln, Columbus, OH 45172",1982-09-03,9213,2022-01-01,standard,0.19
MEM-1324,Linda Ramirez,linda.ramirez1324@example.com,"346 Meadow Ln, Findlay, OH 45815",1970-10-06,4017,2023-07-01,standard,0
MEM-1325,Gus Green,gus.green1325@example.com,"94 Foundry St, Akron, OH 46751",1991-12-14,9436,2024-08-01,standard,0.01
MEM-1326,Vera King,vera.king1326@example.com,"694 Foundry St, Ann Arbor, MI 46995",1967-08-26,4276,2024-06-01,standard,0.35
MEM-1327,Jamal Tanaka,jamal.tanaka1327@example.com,"746 Prairie Ln, Bowling Green, OH 48551",1974-08-21,6304,2016-12-01,standard,0.26
MEM-1328,Linda Garcia,linda.garcia1328@example.com,"170 Oak Ave, Columbus, OH 49585",1960-03-01,7588,2020-11-01,standard,0.3
MEM-1329,Stan Martin,stan.martin1329@example.com,"639 Prairie Ln, Toledo, OH 43674",1965-07-05,7831,2024-04-01,standard,0.11
MEM-1330,Zoe Adams,zoe.adams1330@example.com,"988 Willow Pass, Bowling Green, OH 45318",1971-02-09,1090,2018-11-01,golden_goose,0.32
MEM-1331,Fatima Clark,fatima.clark1331@example.com,"772 Willow Pass, Sandusky, OH 45392",1963-12-25,6721,2020-04-01,standard,0.16
MEM-1332,Ray Jackson,ray.jackson1332@example.com,"987 Orchard Ave, Sandusky, OH 46776",1995-03-24,9290,2021-01-01,golden_goose,0.11
MEM-1333,Pearl Al-Sayed,pearl.al.sayed1333@example.com,"968 Prairie Ln, Dayton, OH 45413",1984-07-19,3447,2015-08-01,standard,0.31
MEM-1334,Ivan Sanchez,ivan.sanchez1334@example.com,"869 Orchard Ave, Sandusky, OH 43442",1981-02-09,8323,2024-11-01,standard,0.22
MEM-1335,Ximena Womack,ximena.womack1335@example.com,"151 Harbor Rd, Sandusky, OH 49459",1990-10-10,3435,2024-09-01,standard,0.32
MEM-1336,Yosef Wright,yosef.wright1336@example.com,"744 Airline Rd, Bowling Green, OH 47136",1982-01-21,7958,2019-05-01,standard,0.2
MEM-1337,Luis King,luis.king1337@example.com,"908 Airline Rd, Columbus, OH 49488",1965-06-19,5096,2015-02-01,standard,0.07
MEM-1338,Ximena Anderson,ximena.anderson1338@example.com,"712 Orchard Ave, Dayton, OH 45860",1976-07-11,2519,2024-09-01,standard,0.27
MEM-1339,Yuki Womack,yuki.womack1339@example.com,"811 Elm Ct, Ann Arbor, MI 46152",1957-10-01,4981,2020-06-01,standard,0.27
MEM-1340,Linda Martin,linda.martin1340@example.com,"28 Meadow Ln, Columbus, OH 45112",1999-01-15,7739,2023-10-01,standard,0.25
MEM-1341,Harriet Baker,harriet.baker1341@example.com,"800 Meadow Ln, Findlay, OH 48571",1997-08-09,8998,2018-01-01,standard,0.25
MEM-1342,Stan Thomas,stan.thomas1342@example.com,"21 Summit Ave, Ann Arbor, MI 45325",1970-05-18,5664,2025-05-01,standard,0.02
MEM-1343,Quinn Lewis,quinn.lewis1343@example.com,"861 Elm Ct, Ann Arbor, MI 43112",2004-07-25,7996,2025-05-01,golden_goose,0.33
MEM-1344,Fatima Kowalczyk,fatima.kowalczyk1344@example.com,"726 Elm Ct, Bowling Green, OH 45321",1960-04-22,3554,2022-06-01,standard,0.18
MEM-1345,Arthur Al-Sayed,arthur.al.sayed1345@example.com,"304 Ferry St, Sandusky, OH 44598",1989-01-05,9022,2020-12-01,standard,0.25
MEM-1346,Luis Torres,luis.torres1346@example.com,"611 Elm Ct, Toledo, OH 48257",2001-02-05,6239,2015-07-01,standard,0.39
MEM-1347,Lamar King,lamar.king1347@example.com,"170 Lakeview Dr, South Bend, IN 48869",1965-03-28,8719,2019-04-01,standard,0.38
MEM-1348,Ximena Johnson,ximena.johnson1348@example.com,"309 Ferry St, Akron, OH 49642",1991-01-10,5416,2025-06-01,standard,0.03
MEM-1349,Zoe Nowak,zoe.nowak1349@example.com,"118 Balloon Way, Bowling Green, OH 45061",1961-05-12,7082,2018-12-01,standard,0.11
MEM-1350,Ximena Davis,ximena.davis1350@example.com,"95 Foundry St, Dayton, OH 46372",1996-11-05,8790,2016-08-01,standard,0.11
MEM-1351,Yosef Wilson,yosef.wilson1351@example.com,"650 Oak Ave, Findlay, OH 49104",1980-08-28,1491,2022-08-01,standard,0.25
MEM-1352,Priya Kowalczyk,priya.kowalczyk1352@example.com,"298 Willow Pass, Columbus, OH 46710",2003-02-12,6036,2018-04-01,standard,0.35
MEM-1353,Nadia Smith,nadia.smith1353@example.com,"134 Canal Rd, Toledo, OH 45928",1981-09-18,5652,2024-07-01,standard,0.27
MEM-1354,Ivan Robinson,ivan.robinson1354@example.com,"793 Lakeview Dr, Bowling Green, OH 46217",1959-03-16,5057,2018-12-01,standard,0.2
MEM-1355,Luis Al-Sayed,luis.al.sayed1355@example.com,"217 Maple St, Dayton, OH 48752",1964-11-17,3604,2018-01-01,standard,0.29
MEM-1356,Arthur Tanaka,arthur.tanaka1356@example.com,"825 Oak Ave, Bowling Green, OH 47690",1990-11-17,9035,2018-08-01,standard,0.16
MEM-1357,DeShawn Miller,deshawn.miller1357@example.com,"530 Prairie Ln, Fort Wayne, IN 48951",2002-10-25,3147,2025-04-01,standard,0.21
MEM-1358,Yuki Davis,yuki.davis1358@example.com,"276 Ferry St, Bowling Green, OH 49022",1971-09-05,6468,2021-07-01,standard,0.22
MEM-1359,Gus Womack,gus.womack1359@example.com,"476 Foundry St, South Bend, IN 47651",1987-03-17,9554,2016-04-01,standard,0.4
MEM-1360,Umar Okafor-Reyes,umar.okafor.reyes1360@example.com,"855 Cedar Blvd, Toledo, OH 48861",1977-06-20,2477,2021-03-01,standard,0.13
MEM-1361,Rosa Davis,rosa.davis1361@example.com,"90 Orchard Ave, Toledo, OH 45235",2001-12-14,6964,2019-12-01,standard,0.26
MEM-1362,Stan Kim,stan.kim1362@example.com,"856 Harbor Rd, Toledo, OH 49096",1975-11-15,7253,2015-12-01,standard,0.31
MEM-1363,Keiko Nowak,keiko.nowak1363@example.com,"32 Oak Ave, Findlay, OH 43530",1966-09-11,9352,2021-04-01,golden_goose,0.03
MEM-1364,Quinn Lewis,quinn.lewis1364@example.com,"891 Elm Ct, Kalamazoo, MI 49478",1993-11-27,4705,2021-10-01,standard,0.26
MEM-1365,Arthur Green,arthur.green1365@example.com,"170 Maple St, Kalamazoo, MI 43158",1969-10-22,4688,2017-01-01,standard,0.06
MEM-1366,Ernesto Clark,ernesto.clark1366@example.com,"838 Elm Ct, Findlay, OH 48109",1958-08-20,3794,2016-02-01,standard,0.15
MEM-1367,Margaret Tanaka,margaret.tanaka1367@example.com,"524 Foundry St, Erie, PA 44897",1989-02-02,6921,2025-08-01,standard,0.17
MEM-1368,Nadia Tanaka,nadia.tanaka1368@example.com,"378 Harbor Rd, Ann Arbor, MI 45496",1968-10-13,9513,2020-02-01,standard,0.03
MEM-1369,Greg Nguyen,greg.nguyen1369@example.com,"991 Meadow Ln, Ann Arbor, MI 44360",1969-03-03,8030,2017-03-01,standard,0.21
MEM-1370,Ernesto Lewis,ernesto.lewis1370@example.com,"930 Summit Ave, Dayton, OH 47943",2002-07-24,7642,2025-09-01,standard,0.39
MEM-1371,Linda Lee,linda.lee1371@example.com,"667 Maple St, Findlay, OH 44728",1978-05-11,9043,2023-09-01,standard,0.3
MEM-1372,Harriet Flores,harriet.flores1372@example.com,"394 Harbor Rd, Kalamazoo, MI 43474",1965-07-10,2590,2017-03-01,standard,0.22
MEM-1373,Otis Okafor-Reyes,otis.okafor.reyes1373@example.com,"236 Maple St, Sandusky, OH 46393",1975-10-15,1704,2015-02-01,standard,0.27
MEM-1374,DeShawn Osei,deshawn.osei1374@example.com,"201 Orchard Ave, Findlay, OH 46869",2001-09-07,1470,2020-01-01,standard,0.1
MEM-1375,Paloma Green,paloma.green1375@example.com,"462 Airline Rd, Dayton, OH 48536",1979-07-21,3789,2020-09-01,standard,0.15
MEM-1376,Nellie Green,nellie.green1376@example.com,"509 Elm Ct, South Bend, IN 47607",1981-02-17,1542,2023-10-01,golden_goose,0.31
MEM-1377,Nellie Harris,nellie.harris1377@example.com,"693 Cedar Blvd, Kalamazoo, MI 44003",1974-01-10,8095,2025-12-01,standard,0.17
MEM-1378,Chen Sanchez,chen.sanchez1378@example.com,"721 Orchard Ave, Sandusky, OH 45264",1968-04-05,2530,2016-12-01,standard,0.26
MEM-1379,Yosef Sanchez,yosef.sanchez1379@example.com,"211 Balloon Way, South Bend, IN 43711",1983-01-15,3800,2018-05-01,standard,0.28
MEM-1380,Nellie Miller,nellie.miller1380@example.com,"997 Oak Ave, Columbus, OH 48194",1994-05-10,4527,2024-09-01,standard,0.06
MEM-1381,Ingrid Anderson,ingrid.anderson1381@example.com,"818 Willow Pass, South Bend, IN 44628",1977-02-26,1389,2020-01-01,standard,0.22
MEM-1382,Mabel Al-Sayed,mabel.al.sayed1382@example.com,"448 Harbor Rd, Ann Arbor, MI 44002",1958-07-08,4296,2018-05-01,standard,0.19
MEM-1383,Priya Lewis,priya.lewis1383@example.com,"206 Harbor Rd, Ann Arbor, MI 45217",1971-03-18,3163,2019-07-01,standard,0.2
MEM-1384,Mabel Osei,mabel.osei1384@example.com,"268 Ferry St, Erie, PA 47736",1977-08-06,6061,2021-05-01,standard,0.35
MEM-1385,Aisha Johnson,aisha.johnson1385@example.com,"781 Meadow Ln, Ann Arbor, MI 49118",1973-06-20,8885,2016-07-01,golden_goose,0.24
MEM-1386,DeShawn Thomas,deshawn.thomas1386@example.com,"672 Lakeview Dr, Columbus, OH 49152",1964-08-08,5302,2021-11-01,standard,0.28
MEM-1387,Aisha Smith,aisha.smith1387@example.com,"773 Summit Ave, Sandusky, OH 48169",2004-02-21,1076,2016-05-01,standard,0.3
MEM-1388,Greg Clark,greg.clark1388@example.com,"862 Elm Ct, Toledo, OH 45110",2003-03-02,9894,2023-06-01,standard,0.32
MEM-1389,Yosef Perez,yosef.perez1389@example.com,"442 Summit Ave, Toledo, OH 43269",1983-04-19,4795,2016-12-01,standard,0.05
MEM-1390,Arthur Kowalczyk,arthur.kowalczyk1390@example.com,"499 Meadow Ln, Ann Arbor, MI 44675",1970-07-28,4902,2025-01-01,standard,0.05
MEM-1391,Kitty Osei,kitty.osei1391@example.com,"973 Prairie Ln, Bowling Green, OH 44037",1978-03-13,8095,2023-02-01,standard,0.15
MEM-1392,Tina Moore,tina.moore1392@example.com,"262 Willow Pass, Sandusky, OH 45252",1995-04-28,2875,2025-02-01,standard,0.27
MEM-1393,Keiko Lee,keiko.lee1393@example.com,"582 Meadow Ln, Akron, OH 44588",2003-07-05,7140,2021-11-01,standard,0.34
MEM-1394,Rosa Lee,rosa.lee1394@example.com,"620 Summit Ave, Bowling Green, OH 48282",1971-01-01,6918,2021-01-01,standard,0.06
MEM-1395,Vera Brown,vera.brown1395@example.com,"57 Canal Rd, Toledo, OH 44141",2000-01-25,4917,2020-02-01,golden_goose,0.14
MEM-1396,Greg Baker,greg.baker1396@example.com,"328 Elm Ct, South Bend, IN 49801",1964-02-09,3086,2023-04-01,standard,0.09
MEM-1397,Quinn Davis,quinn.davis1397@example.com,"690 Canal Rd, Columbus, OH 44275",1992-11-24,5953,2024-06-01,standard,0.27
MEM-1398,Nadia Miller,nadia.miller1398@example.com,"27 Elm Ct, Sandusky, OH 47835",1980-05-04,8879,2023-07-01,standard,0.33
MEM-1399,Tomasz Anderson,tomasz.anderson1399@example.com,"479 Harbor Rd, South Bend, IN 43132",1960-08-27,1774,2015-05-01,standard,0.24
MEM-1400,Curtis Walker,curtis.walker1400@example.com,"675 Foundry St, South Bend, IN 48646",1985-11-24,8929,2015-11-01,standard,0.17
MEM-1401,Linda Green,linda.green1401@example.com,"502 Oak Ave, Akron, OH 46706",1982-03-26,1490,2024-10-01,standard,0.13
MEM-1402,Harriet Walker,harriet.walker1402@example.com,"265 Foundry St, Dayton, OH 44938",1964-08-06,2229,2020-05-01,standard,0.03
MEM-1403,Nellie Ramirez,nellie.ramirez1403@example.com,"489 Canal Rd, Akron, OH 44197",1993-02-27,4473,2020-12-01,standard,0.34
MEM-1404,Tomasz Martin,tomasz.martin1404@example.com,"902 Prairie Ln, Erie, PA 43428",1987-11-05,5080,2023-09-01,standard,0.13
MEM-1405,DeShawn Lee,deshawn.lee1405@example.com,"149 Meadow Ln, Ann Arbor, MI 43149",1961-05-12,9403,2022-05-01,standard,0.2
MEM-1406,Tina Green,tina.green1406@example.com,"217 Willow Pass, Bowling Green, OH 48434",2004-03-06,3444,2022-08-01,golden_goose,0
MEM-1407,Margaret Smith,margaret.smith1407@example.com,"564 Lakeview Dr, Columbus, OH 46040",1968-02-14,5432,2017-11-01,standard,0.06
MEM-1408,Harriet Martinez,harriet.martinez1408@example.com,"914 Foundry St, Dayton, OH 49734",1979-04-16,7907,2018-04-01,standard,0.15
MEM-1409,Mabel Thompson,mabel.thompson1409@example.com,"92 Airline Rd, Bowling Green, OH 48633",2001-07-15,2964,2019-06-01,standard,0.25
MEM-1410,Greg Nowak,greg.nowak1410@example.com,"800 Airline Rd, Fort Wayne, IN 46143",1963-06-19,8815,2020-07-01,standard,0.25
MEM-1411,Vera King,vera.king1411@example.com,"938 Balloon Way, Findlay, OH 48051",1979-01-12,7482,2019-12-01,standard,0.05
MEM-1412,Fatima Thompson,fatima.thompson1412@example.com,"327 Cedar Blvd, Bowling Green, OH 48133",2001-03-22,1584,2023-08-01,standard,0.06
MEM-1413,Lamar Martin,lamar.martin1413@example.com,"208 Maple St, South Bend, IN 48286",1995-09-08,2858,2023-06-01,standard,0.02
MEM-1414,Margaret Kowalczyk,margaret.kowalczyk1414@example.com,"826 Elm Ct, Findlay, OH 43298",1994-10-10,9293,2024-09-01,standard,0.02
MEM-1415,Vera Lewis,vera.lewis1415@example.com,"613 Airline Rd, Kalamazoo, MI 45575",1994-06-15,3204,2024-09-01,standard,0.23
MEM-1416,Tomasz White,tomasz.white1416@example.com,"357 Balloon Way, Toledo, OH 46140",2003-05-11,7731,2015-12-01,standard,0.4
MEM-1417,Ximena Thompson,ximena.thompson1417@example.com,"660 Airline Rd, Sandusky, OH 48263",1955-05-23,5311,2018-10-01,standard,0.27
MEM-1418,Pearl Harris,pearl.harris1418@example.com,"496 Ferry St, Dayton, OH 49630",1957-10-15,5366,2023-02-01,standard,0.23
MEM-1419,Nellie Kim,nellie.kim1419@example.com,"462 Meadow Ln, Bowling Green, OH 43950",1998-11-11,2200,2021-12-01,standard,0.19
MEM-1420,Chen Hill,chen.hill1420@example.com,"422 Cedar Blvd, Dayton, OH 48736",1993-08-10,5621,2022-12-01,standard,0.31
MEM-1421,Ernesto Anderson,ernesto.anderson1421@example.com,"653 Airline Rd, Fort Wayne, IN 46581",1969-06-11,7201,2018-09-01,standard,0.08
MEM-1422,Zoe Young,zoe.young1422@example.com,"644 Ferry St, Erie, PA 44510",2004-09-07,8768,2020-10-01,standard,0.26
MEM-1423,Kitty Smith,kitty.smith1423@example.com,"934 Oak Ave, Columbus, OH 44772",2003-07-13,5548,2019-01-01,standard,0.31
MEM-1424,Luis King,luis.king1424@example.com,"294 Elm Ct, Akron, OH 48035",1997-05-15,9802,2022-03-01,standard,0.19
MEM-1425,DeShawn Okafor-Reyes,deshawn.okafor.reyes1425@example.com,"365 Cedar Blvd, Dayton, OH 46319",1958-03-03,2958,2023-07-01,standard,0.23
MEM-1426,Chen Thompson,chen.thompson1426@example.com,"433 Airline Rd, Bowling Green, OH 44432",2003-12-06,2735,2018-01-01,standard,0.17
MEM-1427,Tomasz Jackson,tomasz.jackson1427@example.com,"556 Lakeview Dr, Columbus, OH 44053",2000-11-21,1377,2020-07-01,standard,0.06
MEM-1428,Paloma Allen,paloma.allen1428@example.com,"729 Oak Ave, Dayton, OH 49914",2001-10-19,9388,2022-08-01,standard,0.25
MEM-1429,Chen Scott,chen.scott1429@example.com,"690 Elm Ct, Bowling Green, OH 43867",1974-06-26,2831,2024-03-01,standard,0.19
MEM-1430,Bob Allen,bob.allen1430@example.com,"191 Elm Ct, Erie, PA 44298",1987-10-10,7763,2021-11-01,golden_goose,0.38
MEM-1431,Omar Anderson,omar.anderson1431@example.com,"765 Elm Ct, Ann Arbor, MI 44689",1971-05-25,3348,2016-07-01,standard,0.21
MEM-1432,Yosef Johnson,yosef.johnson1432@example.com,"231 Ferry St, South Bend, IN 49215",1990-12-05,1233,2022-06-01,standard,0.06
MEM-1433,Quinn Miller,quinn.miller1433@example.com,"605 Canal Rd, Columbus, OH 45972",1969-07-19,7662,2023-09-01,standard,0.24
MEM-1434,Luis Johnson,luis.johnson1434@example.com,"806 Ferry St, Sandusky, OH 47108",2001-03-13,9192,2025-01-01,standard,0.14
MEM-1435,Flo Lewis,flo.lewis1435@example.com,"635 Ferry St, Kalamazoo, MI 48076",1992-06-03,6742,2023-08-01,standard,0.37
MEM-1436,Rosa Martinez,rosa.martinez1436@example.com,"647 Meadow Ln, Dayton, OH 48858",1994-03-23,4591,2020-08-01,standard,0.38
MEM-1437,Paloma Young,paloma.young1437@example.com,"300 Elm Ct, Akron, OH 48324",1988-06-09,1867,2020-11-01,standard,0.35
MEM-1438,Kitty Kim,kitty.kim1438@example.com,"939 Airline Rd, Toledo, OH 48411",1979-04-04,1879,2019-05-01,standard,0.11
MEM-1439,Rosa Osei,rosa.osei1439@example.com,"217 Maple St, Toledo, OH 48557",1981-06-03,3742,2019-06-01,standard,0.27
MEM-1440,Bob Nguyen,bob.nguyen1440@example.com,"655 Orchard Ave, Ann Arbor, MI 44475",1971-01-06,9274,2025-11-01,standard,0.15
MEM-1441,Zoe Walker,zoe.walker1441@example.com,"334 Airline Rd, Findlay, OH 45735",1969-01-28,2464,2021-09-01,standard,0.02
MEM-1442,Ray Jackson,ray.jackson1442@example.com,"601 Meadow Ln, Akron, OH 47679",1956-01-23,6984,2025-06-01,standard,0.22
MEM-1443,Tina Patel,tina.patel1443@example.com,"326 Oak Ave, Akron, OH 45971",1991-04-26,3654,2024-04-01,standard,0.33
MEM-1444,Paloma Clark,paloma.clark1444@example.com,"939 Cedar Blvd, Fort Wayne, IN 47692",1986-12-06,9984,2023-09-01,standard,0.06
MEM-1445,Zoe White,zoe.white1445@example.com,"560 Prairie Ln, Toledo, OH 43568",1993-07-09,1087,2020-08-01,standard,0.25
MEM-1446,Kitty Young,kitty.young1446@example.com,"297 Prairie Ln, Toledo, OH 49292",2004-10-27,1250,2021-05-01,golden_goose,0.09
MEM-1447,Curtis Wilson,curtis.wilson1447@example.com,"444 Balloon Way, South Bend, IN 46946",1971-08-22,6790,2022-08-01,standard,0.18
MEM-1448,DeShawn Jackson,deshawn.jackson1448@example.com,"487 Canal Rd, Fort Wayne, IN 45912",1960-08-26,3724,2017-12-01,standard,0.3
MEM-1449,Linda Walker,linda.walker1449@example.com,"423 Balloon Way, Fort Wayne, IN 44415",1984-09-13,6799,2018-11-01,standard,0.33
MEM-1450,Gus Osei,gus.osei1450@example.com,"980 Summit Ave, Bowling Green, OH 48745",1957-07-02,7051,2025-08-01,golden_goose,0.12
MEM-1451,Quinn Wright,quinn.wright1451@example.com,"335 Willow Pass, South Bend, IN 46222",2001-12-12,2497,2016-05-01,standard,0.28
MEM-1452,Hannah Brown,hannah.brown1452@example.com,"460 Balloon Way, Kalamazoo, MI 43388",1988-01-03,8508,2022-03-01,standard,0.03
MEM-1453,Dolores Perez,dolores.perez1453@example.com,"582 Willow Pass, Columbus, OH 47965",1992-07-26,4299,2024-02-01,standard,0.29
MEM-1454,Bob Miller,bob.miller1454@example.com,"652 Lakeview Dr, Ann Arbor, MI 47318",1988-08-21,2194,2017-04-01,standard,0.24
MEM-1455,Rosa Nowak,rosa.nowak1455@example.com,"639 Harbor Rd, South Bend, IN 47997",1960-02-17,2521,2023-09-01,standard,0.03
MEM-1456,Curtis Adams,curtis.adams1456@example.com,"743 Oak Ave, South Bend, IN 48802",1985-12-09,6755,2017-03-01,standard,0.36
MEM-1457,Vera Miller,vera.miller1457@example.com,"979 Summit Ave, Sandusky, OH 49021",1978-07-25,1403,2023-07-01,standard,0.4
MEM-1458,Yosef Kim,yosef.kim1458@example.com,"908 Balloon Way, Sandusky, OH 48845",2000-09-26,7382,2022-05-01,standard,0.09
MEM-1459,Zoe Young,zoe.young1459@example.com,"864 Meadow Ln, Akron, OH 47041",1961-01-10,1481,2024-04-01,standard,0.16
MEM-1460,Gus Thompson,gus.thompson1460@example.com,"840 Willow Pass, Columbus, OH 48048",1968-10-25,2499,2017-06-01,standard,0.26
MEM-1461,Tina Martinez,tina.martinez1461@example.com,"154 Prairie Ln, Erie, PA 45592",1975-06-18,6068,2020-01-01,standard,0.35
MEM-1462,Mo Nowak,mo.nowak1462@example.com,"137 Meadow Ln, Erie, PA 45414",1977-01-11,4156,2018-07-01,standard,0.25
MEM-1463,Ingrid Brown,ingrid.brown1463@example.com,"251 Cedar Blvd, Bowling Green, OH 45892",1955-11-11,2164,2016-06-01,standard,0.37
MEM-1464,Ernesto Thomas,ernesto.thomas1464@example.com,"899 Ferry St, Bowling Green, OH 48595",1989-12-01,8423,2020-03-01,standard,0.36
MEM-1465,Greg Brzezinski,greg.brzezinski1465@example.com,"321 Elm Ct, Sandusky, OH 45145",1960-09-12,8329,2024-02-01,standard,0.26
MEM-1466,Luis Okafor-Reyes,luis.okafor.reyes1466@example.com,"171 Meadow Ln, Ann Arbor, MI 47542",1975-12-18,8168,2019-04-01,golden_goose,0.32
MEM-1467,Mabel Jackson,mabel.jackson1467@example.com,"619 Harbor Rd, Dayton, OH 46358",1991-10-24,2733,2016-07-01,standard,0.2
MEM-1468,Nadia Osei,nadia.osei1468@example.com,"93 Elm Ct, South Bend, IN 45362",1961-07-20,1455,2016-09-01,standard,0.36
MEM-1469,Curtis Flores,curtis.flores1469@example.com,"877 Oak Ave, Bowling Green, OH 45468",1967-07-27,8307,2019-01-01,standard,0.19
MEM-1470,Tomasz Flores,tomasz.flores1470@example.com,"191 Oak Ave, Toledo, OH 45399",1987-07-05,2930,2015-07-01,standard,0.16
MEM-1471,Priya King,priya.king1471@example.com,"505 Foundry St, Dayton, OH 48401",1970-10-08,1174,2019-02-01,standard,0.38
MEM-1472,Ximena Tanaka,ximena.tanaka1472@example.com,"969 Prairie Ln, Columbus, OH 46825",1985-04-05,3360,2024-04-01,standard,0.1
MEM-1473,Stan Walker,stan.walker1473@example.com,"90 Lakeview Dr, South Bend, IN 45589",1995-06-23,9573,2015-04-01,standard,0.29
MEM-1474,Stan Smith,stan.smith1474@example.com,"261 Summit Ave, Bowling Green, OH 44110",1956-12-03,7217,2018-05-01,standard,0.13
MEM-1475,Dolores Smith,dolores.smith1475@example.com,"772 Orchard Ave, Sandusky, OH 43485",1982-04-26,8192,2021-09-01,standard,0.33
MEM-1476,Vera Green,vera.green1476@example.com,"821 Lakeview Dr, Bowling Green, OH 44210",1969-10-20,6259,2024-05-01,standard,0.13
MEM-1477,Omar Brown,omar.brown1477@example.com,"877 Ferry St, Fort Wayne, IN 48581",1976-04-09,4543,2021-08-01,standard,0.39
MEM-1478,Greg Johnson,greg.johnson1478@example.com,"496 Summit Ave, Erie, PA 48326",1973-01-26,5278,2015-04-01,standard,0.39
MEM-1479,Bob Womack,bob.womack1479@example.com,"561 Balloon Way, Fort Wayne, IN 49001",1981-05-27,5978,2016-08-01,standard,0.19
MEM-1480,Mo Baker,mo.baker1480@example.com,"995 Willow Pass, Akron, OH 45305",1998-11-06,1032,2018-06-01,standard,0.24
MEM-1481,Vera Kowalczyk,vera.kowalczyk1481@example.com,"975 Ferry St, Bowling Green, OH 49890",1979-11-07,2173,2025-04-01,standard,0.01
MEM-1482,Kitty Nowak,kitty.nowak1482@example.com,"964 Balloon Way, Akron, OH 46438",1958-12-14,3202,2023-07-01,golden_goose,0.38
MEM-1483,Gus Jackson,gus.jackson1483@example.com,"678 Airline Rd, Fort Wayne, IN 44842",1980-09-15,5720,2016-06-01,golden_goose,0.15
MEM-1484,Ray Womack,ray.womack1484@example.com,"65 Canal Rd, Findlay, OH 49225",1982-10-16,5122,2016-09-01,standard,0.28
MEM-1485,Mo Walker,mo.walker1485@example.com,"368 Elm Ct, Bowling Green, OH 49535",1995-09-26,6097,2022-06-01,standard,0.2
MEM-1486,Rosa Johnson,rosa.johnson1486@example.com,"869 Meadow Ln, Toledo, OH 47781",1990-10-09,9281,2016-01-01,standard,0.07
MEM-1487,Stan Anderson,stan.anderson1487@example.com,"196 Elm Ct, Erie, PA 49260",1961-11-08,7015,2017-06-01,standard,0.19
MEM-1488,Wes Hernandez,wes.hernandez1488@example.com,"545 Balloon Way, Toledo, OH 43033",1956-08-14,5868,2015-03-01,standard,0.19
MEM-1489,Omar Wilson,omar.wilson1489@example.com,"592 Prairie Ln, Kalamazoo, MI 47016",1963-03-20,6238,2020-06-01,standard,0.16
MEM-1490,Ernesto Lee,ernesto.lee1490@example.com,"941 Orchard Ave, Sandusky, OH 48830",1963-05-05,4600,2016-07-01,standard,0.13
MEM-1491,Kitty Tanaka,kitty.tanaka1491@example.com,"623 Harbor Rd, Findlay, OH 47324",2004-09-03,3934,2015-11-01,standard,0.15
MEM-1492,Fatima Nowak,fatima.nowak1492@example.com,"687 Maple St, Columbus, OH 48222",1962-04-17,8289,2023-02-01,golden_goose,0.17
MEM-1493,Dolores Ramirez,dolores.ramirez1493@example.com,"984 Prairie Ln, Columbus, OH 49292",1959-09-28,3660,2021-06-01,standard,0.18
MEM-1494,Mo Sanchez,mo.sanchez1494@example.com,"622 Prairie Ln, Ann Arbor, MI 49709",1986-03-22,6302,2016-04-01,golden_goose,0.23
MEM-1495,Jerome Osei,jerome.osei1495@example.com,"594 Summit Ave, Kalamazoo, MI 44680",1966-10-15,3841,2025-01-01,standard,0.33
MEM-1496,Priya Brown,priya.brown1496@example.com,"53 Meadow Ln, Toledo, OH 47067",1977-08-23,2596,2017-07-01,standard,0.08
MEM-1497,Gus Miller,gus.miller1497@example.com,"576 Balloon Way, Sandusky, OH 43926",1969-12-03,8918,2021-01-01,standard,0.06
MEM-1498,Arthur Torres,arthur.torres1498@example.com,"428 Cedar Blvd, Findlay, OH 45347",1974-09-17,1223,2020-02-01,standard,0.05
MEM-1499,Quinn White,quinn.white1499@example.com,"612 Orchard Ave, Erie, PA 46656",1994-07-24,3319,2016-07-01,standard,0.28
MEM-1500,Quinn Adams,quinn.adams1500@example.com,"586 Ferry St, Fort Wayne, IN 49525",1957-07-01,1955,2023-02-01,standard,0.23
MEM-1501,Umar Sanchez,umar.sanchez1501@example.com,"296 Prairie Ln, Erie, PA 49074",1996-07-04,2647,2016-11-01,standard,0
MEM-1502,Pearl Flores,pearl.flores1502@example.com,"207 Willow Pass, South Bend, IN 44555",1981-10-14,3385,2017-06-01,standard,0.23
MEM-1503,Luis Wright,luis.wright1503@example.com,"186 Elm Ct, Fort Wayne, IN 47015",1976-02-24,9841,2019-12-01,standard,0.18
MEM-1504,Jerome Okafor-Reyes,jerome.okafor.reyes1504@example.com,"610 Balloon Way, Columbus, OH 49151",1986-10-24,4306,2025-05-01,golden_goose,0.36
MEM-1505,Rosa Patel,rosa.patel1505@example.com,"859 Airline Rd, Dayton, OH 46257",1990-07-10,8678,2023-01-01,standard,0.19
MEM-1506,Jamal Kim,jamal.kim1506@example.com,"289 Lakeview Dr, South Bend, IN 49021",1986-08-09,4235,2022-09-01,standard,0.4
MEM-1507,Priya Anderson,priya.anderson1507@example.com,"794 Cedar Blvd, Columbus, OH 44998",1957-06-02,5290,2017-12-01,standard,0.17
MEM-1508,Priya White,priya.white1508@example.com,"889 Cedar Blvd, Dayton, OH 43961",1965-05-19,2493,2020-10-01,standard,0.06
MEM-1509,Bettye Brown,bettye.brown1509@example.com,"283 Airline Rd, Ann Arbor, MI 47595",1958-02-11,8561,2025-11-01,standard,0.09
MEM-1510,Ray Kowalczyk,ray.kowalczyk1510@example.com,"78 Ferry St, Akron, OH 44358",1988-12-03,2499,2020-04-01,standard,0.3
MEM-1511,Ingrid Anderson,ingrid.anderson1511@example.com,"108 Willow Pass, Bowling Green, OH 49337",1966-06-28,6332,2023-12-01,standard,0.4
MEM-1512,Yuki Al-Sayed,yuki.al.sayed1512@example.com,"721 Ferry St, Findlay, OH 45750",1991-06-22,3191,2023-07-01,standard,0.28
MEM-1513,Vera Lee,vera.lee1513@example.com,"635 Foundry St, Ann Arbor, MI 47686",1957-01-08,7456,2020-06-01,golden_goose,0.12
MEM-1514,Greg Kowalczyk,greg.kowalczyk1514@example.com,"896 Elm Ct, Erie, PA 47863",1979-11-07,8132,2015-06-01,standard,0.36
MEM-1515,Wes Baker,wes.baker1515@example.com,"469 Elm Ct, Sandusky, OH 46020",1994-06-07,9463,2020-04-01,standard,0
MEM-1516,Ingrid Davis,ingrid.davis1516@example.com,"398 Willow Pass, Kalamazoo, MI 45280",1991-03-14,8609,2023-11-01,golden_goose,0.02
MEM-1517,Gus Allen,gus.allen1517@example.com,"588 Harbor Rd, Ann Arbor, MI 46025",1992-04-06,4069,2020-07-01,standard,0.18
MEM-1518,Ximena Miller,ximena.miller1518@example.com,"346 Oak Ave, Akron, OH 48988",1957-02-15,8326,2020-10-01,standard,0.11
MEM-1519,Nadia Thompson,nadia.thompson1519@example.com,"324 Willow Pass, Erie, PA 44845",1958-02-15,3460,2015-05-01,standard,0.34
MEM-1520,Chen Martinez,chen.martinez1520@example.com,"381 Lakeview Dr, Dayton, OH 43062",1984-06-10,1138,2017-12-01,standard,0.09
MEM-1521,Margaret Kim,margaret.kim1521@example.com,"348 Foundry St, South Bend, IN 45974",1957-06-17,8745,2019-03-01,standard,0.2
MEM-1522,Flo Johnson,flo.johnson1522@example.com,"661 Summit Ave, South Bend, IN 44290",1998-07-22,2683,2016-06-01,standard,0.02
MEM-1523,Pearl Hernandez,pearl.hernandez1523@example.com,"538 Orchard Ave, Bowling Green, OH 45976",1970-03-10,8948,2015-12-01,standard,0.15
MEM-1524,Lamar Lopez,lamar.lopez1524@example.com,"33 Balloon Way, Sandusky, OH 43307",1955-10-23,1224,2022-01-01,standard,0.15
MEM-1525,DeShawn Nguyen,deshawn.nguyen1525@example.com,"412 Willow Pass, South Bend, IN 47614",1966-12-07,7105,2017-11-01,standard,0.16
MEM-1526,Rosa Patel,rosa.patel1526@example.com,"374 Summit Ave, Erie, PA 47157",2001-10-07,5080,2019-10-01,standard,0.23
MEM-1527,Umar Harris,umar.harris1527@example.com,"91 Oak Ave, Findlay, OH 49258",1982-09-23,2697,2015-04-01,standard,0.23
MEM-1528,Bettye Torres,bettye.torres1528@example.com,"339 Prairie Ln, Columbus, OH 44301",1973-08-16,1575,2025-01-01,standard,0.07
MEM-1529,Umar Kim,umar.kim1529@example.com,"199 Willow Pass, Bowling Green, OH 43416",1998-05-03,9872,2025-10-01,standard,0.3
MEM-1530,Bettye Lee,bettye.lee1530@example.com,"960 Maple St, South Bend, IN 48254",1987-05-09,8088,2023-10-01,standard,0.32
MEM-1531,DeShawn Hernandez,deshawn.hernandez1531@example.com,"211 Lakeview Dr, Sandusky, OH 46077",1976-02-06,3583,2023-04-01,standard,0.31
MEM-1532,Zoe Davis,zoe.davis1532@example.com,"248 Prairie Ln, South Bend, IN 43516",2000-06-23,2505,2015-10-01,standard,0.01
MEM-1533,Bob Green,bob.green1533@example.com,"433 Foundry St, Dayton, OH 46243",1998-03-03,9138,2022-03-01,standard,0.18
MEM-1534,Aisha Davis,aisha.davis1534@example.com,"112 Orchard Ave, Findlay, OH 43338",1956-03-26,3200,2024-10-01,standard,0.26
MEM-1535,Lamar Miller,lamar.miller1535@example.com,"899 Foundry St, Toledo, OH 44228",1966-08-08,2474,2024-10-01,standard,0.32
MEM-1536,Paloma Clark,paloma.clark1536@example.com,"530 Harbor Rd, Kalamazoo, MI 43755",1980-06-23,5301,2021-04-01,standard,0.03
MEM-1537,Gus Brown,gus.brown1537@example.com,"607 Maple St, Findlay, OH 44686",1975-08-14,7819,2015-05-01,standard,0.14
MEM-1538,Kitty Miller,kitty.miller1538@example.com,"842 Meadow Ln, Sandusky, OH 47003",1995-02-06,5450,2019-04-01,standard,0.31
MEM-1539,Zoe Hill,zoe.hill1539@example.com,"422 Balloon Way, Findlay, OH 45076",2004-11-21,5532,2022-11-01,standard,0.09
MEM-1540,Vera Okafor-Reyes,vera.okafor.reyes1540@example.com,"371 Oak Ave, South Bend, IN 49057",1966-04-25,9094,2021-06-01,standard,0.08
MEM-1541,Ingrid Wilson,ingrid.wilson1541@example.com,"216 Elm Ct, Akron, OH 48313",2003-04-05,2940,2019-09-01,standard,0.26
MEM-1542,Harriet Sanchez,harriet.sanchez1542@example.com,"596 Meadow Ln, Kalamazoo, MI 48010",1963-10-09,6400,2020-01-01,standard,0.37
MEM-1543,Tomasz Harris,tomasz.harris1543@example.com,"933 Elm Ct, Columbus, OH 49159",1990-02-01,9735,2020-04-01,golden_goose,0.24
MEM-1544,Jerome Martin,jerome.martin1544@example.com,"573 Ferry St, Toledo, OH 48246",1980-04-02,7260,2018-10-01,standard,0.16
MEM-1545,Umar Garcia,umar.garcia1545@example.com,"168 Lakeview Dr, Toledo, OH 46536",1990-04-19,3109,2024-10-01,standard,0.33
MEM-1546,Gus Green,gus.green1546@example.com,"138 Harbor Rd, Dayton, OH 48515",1990-03-24,5585,2015-06-01,standard,0.31
MEM-1547,Gus King,gus.king1547@example.com,"163 Airline Rd, Columbus, OH 48402",1964-04-12,5154,2016-07-01,standard,0.32
MEM-1548,Nadia Al-Sayed,nadia.al.sayed1548@example.com,"327 Airline Rd, Ann Arbor, MI 43530",1992-11-18,2869,2025-01-01,standard,0.01
MEM-1549,Lamar Harris,lamar.harris1549@example.com,"874 Willow Pass, Akron, OH 49060",1963-04-20,8510,2017-11-01,standard,0.12
MEM-1550,Nadia Hernandez,nadia.hernandez1550@example.com,"947 Orchard Ave, Findlay, OH 48607",1970-05-25,8053,2015-02-01,standard,0.14
MEM-1551,Bettye Lopez,bettye.lopez1551@example.com,"760 Orchard Ave, Kalamazoo, MI 44733",1984-06-27,1384,2021-06-01,standard,0.19
MEM-1552,Curtis Moore,curtis.moore1552@example.com,"658 Oak Ave, Columbus, OH 46704",2002-09-22,7827,2018-05-01,standard,0.1
MEM-1553,Curtis Brzezinski,curtis.brzezinski1553@example.com,"863 Orchard Ave, Columbus, OH 44339",1994-01-17,1436,2019-10-01,standard,0.28
MEM-1554,Bob Osei,bob.osei1554@example.com,"464 Harbor Rd, Ann Arbor, MI 46316",1981-05-02,9831,2016-10-01,standard,0.19
MEM-1555,Nadia Tanaka,nadia.tanaka1555@example.com,"549 Elm Ct, South Bend, IN 47578",1992-07-21,6846,2023-11-01,standard,0.18
MEM-1556,Quinn Thompson,quinn.thompson1556@example.com,"103 Elm Ct, Erie, PA 47110",1962-09-02,5544,2024-05-01,standard,0.14
MEM-1557,Jerome Patel,jerome.patel1557@example.com,"589 Airline Rd, Akron, OH 46533",1993-04-08,4011,2022-07-01,standard,0.23
MEM-1558,Nellie Johnson,nellie.johnson1558@example.com,"246 Prairie Ln, Ann Arbor, MI 48491",2002-12-25,5989,2015-09-01,standard,0.39
MEM-1559,Quinn Green,quinn.green1559@example.com,"812 Meadow Ln, Columbus, OH 48859",1957-01-26,1061,2022-02-01,standard,0.26
MEM-1560,Jamal White,jamal.white1560@example.com,"115 Summit Ave, Columbus, OH 47339",1998-01-17,1017,2015-06-01,standard,0.12
MEM-1561,Margaret Lewis,margaret.lewis1561@example.com,"490 Willow Pass, Kalamazoo, MI 44691",1988-03-17,1473,2017-09-01,standard,0.12
MEM-1562,Jerome Robinson,jerome.robinson1562@example.com,"419 Ferry St, Kalamazoo, MI 49239",1978-11-10,7999,2025-02-01,standard,0.26
MEM-1563,Tina Kim,tina.kim1563@example.com,"347 Orchard Ave, Erie, PA 46209",1994-11-24,5979,2018-01-01,standard,0.26
MEM-1564,Mabel Scott,mabel.scott1564@example.com,"643 Balloon Way, Akron, OH 47797",1994-09-01,5895,2015-11-01,standard,0.06
MEM-1565,Vera Perez,vera.perez1565@example.com,"954 Oak Ave, Columbus, OH 46715",1975-03-01,8812,2018-07-01,standard,0.14
MEM-1566,Yuki Hill,yuki.hill1566@example.com,"524 Foundry St, Fort Wayne, IN 47834",1999-01-04,9144,2022-06-01,standard,0.28
MEM-1567,Otis Clark,otis.clark1567@example.com,"301 Orchard Ave, Bowling Green, OH 43053",1956-01-21,1106,2018-06-01,standard,0.32
MEM-1568,Tomasz Smith,tomasz.smith1568@example.com,"997 Ferry St, Akron, OH 43022",1998-08-22,3243,2018-04-01,standard,0.11
MEM-1569,Greg Patel,greg.patel1569@example.com,"69 Maple St, Columbus, OH 48783",1966-11-05,3860,2023-04-01,standard,0.19
MEM-1570,Tomasz Flores,tomasz.flores1570@example.com,"544 Canal Rd, Erie, PA 46150",1973-05-12,8641,2022-06-01,golden_goose,0.01
MEM-1571,Aisha Hill,aisha.hill1571@example.com,"253 Willow Pass, Kalamazoo, MI 49083",1981-10-12,2927,2015-04-01,standard,0.29
MEM-1572,Luis Smith,luis.smith1572@example.com,"313 Airline Rd, South Bend, IN 45515",1988-12-05,8535,2015-08-01,standard,0.33
MEM-1573,Flo Miller,flo.miller1573@example.com,"645 Oak Ave, Findlay, OH 43708",1965-10-04,3163,2020-01-01,standard,0.12
MEM-1574,Mabel Hernandez,mabel.hernandez1574@example.com,"151 Airline Rd, Erie, PA 46208",1978-02-12,2873,2017-06-01,standard,0.3
MEM-1575,Curtis Thomas,curtis.thomas1575@example.com,"908 Foundry St, Erie, PA 44891",1964-08-17,1814,2023-02-01,standard,0.11
MEM-1576,Jamal Brown,jamal.brown1576@example.com,"871 Balloon Way, Dayton, OH 46462",1978-02-09,3614,2023-08-01,golden_goose,0.21
MEM-1577,Lamar Okafor-Reyes,lamar.okafor.reyes1577@example.com,"147 Oak Ave, Dayton, OH 44345",1975-06-09,1671,2025-06-01,standard,0.1
MEM-1578,Tina Allen,tina.allen1578@example.com,"494 Lakeview Dr, Columbus, OH 44788",1991-02-16,4745,2015-04-01,standard,0.39
MEM-1579,Nellie Martin,nellie.martin1579@example.com,"197 Willow Pass, Bowling Green, OH 44397",1996-11-17,9460,2017-06-01,standard,0.12
MEM-1580,Zoe Thompson,zoe.thompson1580@example.com,"207 Summit Ave, Ann Arbor, MI 44165",1969-04-26,2226,2022-01-01,standard,0.12
MEM-1581,Paloma Flores,paloma.flores1581@example.com,"809 Orchard Ave, Toledo, OH 43517",2001-10-12,9102,2017-02-01,standard,0.27
MEM-1582,Flo Lee,flo.lee1582@example.com,"10 Canal Rd, Kalamazoo, MI 48832",1956-08-02,5021,2015-08-01,golden_goose,0.38
MEM-1583,Tomasz Kowalczyk,tomasz.kowalczyk1583@example.com,"933 Summit Ave, Bowling Green, OH 44484",1971-01-01,7998,2015-09-01,standard,0.06
MEM-1584,Jamal King,jamal.king1584@example.com,"717 Elm Ct, Dayton, OH 43885",1999-04-12,3403,2019-08-01,standard,0.27
MEM-1585,Mabel Sanchez,mabel.sanchez1585@example.com,"27 Summit Ave, Akron, OH 46351",1988-09-26,7315,2017-09-01,standard,0.08
MEM-1586,Tina Clark,tina.clark1586@example.com,"154 Maple St, Findlay, OH 45307",1961-12-07,2095,2025-06-01,golden_goose,0.12
MEM-1587,Vera Anderson,vera.anderson1587@example.com,"947 Meadow Ln, Columbus, OH 46274",1961-11-23,8113,2023-03-01,standard,0.21
MEM-1588,Jerome Young,jerome.young1588@example.com,"732 Orchard Ave, Kalamazoo, MI 44994",2004-02-14,7075,2025-02-01,golden_goose,0.04
MEM-1589,Ximena King,ximena.king1589@example.com,"190 Lakeview Dr, Findlay, OH 46385",1970-11-25,3103,2022-09-01,standard,0.33
MEM-1590,Flo Moore,flo.moore1590@example.com,"929 Maple St, Findlay, OH 43216",1976-01-13,6091,2020-11-01,standard,0.26
MEM-1591,Gus Nowak,gus.nowak1591@example.com,"95 Balloon Way, Akron, OH 43013",1992-02-09,9244,2023-06-01,golden_goose,0.18
MEM-1592,Keiko Osei,keiko.osei1592@example.com,"205 Foundry St, South Bend, IN 48414",1962-07-18,2087,2022-02-01,standard,0.37
MEM-1593,Omar Smith,omar.smith1593@example.com,"299 Harbor Rd, Bowling Green, OH 46629",1966-04-20,8377,2019-09-01,standard,0.3
MEM-1594,Ivan Perez,ivan.perez1594@example.com,"207 Balloon Way, Fort Wayne, IN 45992",2001-05-20,4277,2020-05-01,standard,0.06
MEM-1595,Nellie Womack,nellie.womack1595@example.com,"884 Balloon Way, Kalamazoo, MI 44224",1981-10-09,4816,2016-10-01,standard,0.13
MEM-1596,Quinn Harris,quinn.harris1596@example.com,"645 Cedar Blvd, Fort Wayne, IN 45610",1978-05-03,8727,2021-06-01,standard,0.35
MEM-1597,Ivan Nowak,ivan.nowak1597@example.com,"796 Foundry St, Columbus, OH 49913",1987-03-05,2974,2017-05-01,golden_goose,0.35
MEM-1598,Carlos Green,carlos.green1598@example.com,"827 Maple St, Akron, OH 44529",1993-08-19,2038,2021-06-01,standard,0.05
MEM-1599,Arthur Tanaka,arthur.tanaka1599@example.com,"624 Balloon Way, Fort Wayne, IN 44330",1976-06-20,9445,2023-01-01,standard,0.12
MEM-1600,Flo Garcia,flo.garcia1600@example.com,"723 Ferry St, Findlay, OH 49900",1992-09-14,4100,2024-11-01,standard,0.19
MEM-1601,Otis Young,otis.young1601@example.com,"381 Oak Ave, Fort Wayne, IN 47453",1961-02-20,1093,2015-02-01,standard,0.29
MEM-1602,Ingrid Sanchez,ingrid.sanchez1602@example.com,"548 Willow Pass, Sandusky, OH 44278",1988-08-23,7098,2022-06-01,standard,0.28
MEM-1603,Nellie Jackson,nellie.jackson1603@example.com,"768 Maple St, Ann Arbor, MI 49272",1985-02-11,5586,2025-06-01,standard,0.26
MEM-1604,Linda Johnson,linda.johnson1604@example.com,"112 Elm Ct, Columbus, OH 49427",1998-12-17,9996,2021-01-01,standard,0.25
MEM-1605,Kitty Ramirez,kitty.ramirez1605@example.com,"505 Cedar Blvd, Findlay, OH 43707",1982-01-13,5752,2022-08-01,standard,0.1
MEM-1606,Nadia Baker,nadia.baker1606@example.com,"496 Harbor Rd, Erie, PA 49128",1994-06-11,3811,2019-01-01,standard,0.25
MEM-1607,Stan Lee,stan.lee1607@example.com,"384 Willow Pass, Toledo, OH 47605",1975-02-05,8215,2023-05-01,standard,0.02
MEM-1608,Priya Anderson,priya.anderson1608@example.com,"413 Maple St, Toledo, OH 43192",1973-11-09,3131,2017-03-01,standard,0.18
MEM-1609,Jerome Perez,jerome.perez1609@example.com,"268 Harbor Rd, Fort Wayne, IN 47496",1988-07-10,8886,2024-01-01,golden_goose,0.19
MEM-1610,Tina Hernandez,tina.hernandez1610@example.com,"737 Summit Ave, Toledo, OH 43694",1997-02-18,8599,2023-01-01,standard,0.21
MEM-1611,Rosa Walker,rosa.walker1611@example.com,"366 Harbor Rd, Dayton, OH 48082",1990-02-21,4468,2015-01-01,standard,0.34
MEM-1612,Jerome Thompson,jerome.thompson1612@example.com,"317 Oak Ave, Akron, OH 44221",1998-01-05,5309,2016-03-01,golden_goose,0.1
MEM-1613,Carlos Al-Sayed,carlos.al.sayed1613@example.com,"510 Cedar Blvd, Bowling Green, OH 47148",2003-04-18,5904,2021-09-01,standard,0.08
MEM-1614,Flo Moore,flo.moore1614@example.com,"921 Prairie Ln, Erie, PA 46785",1975-01-20,8015,2016-05-01,standard,0.11
MEM-1615,Vera Johnson,vera.johnson1615@example.com,"440 Meadow Ln, Toledo, OH 44412",1970-05-25,7375,2022-11-01,standard,0.14
MEM-1616,Mo Johnson,mo.johnson1616@example.com,"790 Airline Rd, Sandusky, OH 45623",1978-09-17,9335,2023-05-01,standard,0.05
MEM-1617,Yuki Miller,yuki.miller1617@example.com,"871 Orchard Ave, Akron, OH 45769",1984-04-25,8671,2023-04-01,standard,0.3
MEM-1618,Yuki Perez,yuki.perez1618@example.com,"571 Elm Ct, Findlay, OH 48244",1981-09-20,3067,2021-11-01,standard,0.34
MEM-1619,Fatima Brzezinski,fatima.brzezinski1619@example.com,"781 Ferry St, Ann Arbor, MI 44446",1975-07-18,5122,2018-10-01,standard,0.35
MEM-1620,Greg Green,greg.green1620@example.com,"732 Maple St, South Bend, IN 47125",2001-03-09,8498,2021-01-01,standard,0.21
MEM-1621,Aisha Clark,aisha.clark1621@example.com,"52 Oak Ave, Ann Arbor, MI 43932",1996-07-19,8972,2023-02-01,standard,0.09
MEM-1622,Gus Clark,gus.clark1622@example.com,"563 Lakeview Dr, Ann Arbor, MI 49643",1964-01-15,1202,2017-10-01,standard,0.26
MEM-1623,Greg Tanaka,greg.tanaka1623@example.com,"489 Balloon Way, Findlay, OH 46005",1965-11-19,4775,2018-06-01,standard,0.12
MEM-1624,Ximena Davis,ximena.davis1624@example.com,"271 Harbor Rd, Toledo, OH 48731",1988-06-04,1596,2021-05-01,standard,0.29
MEM-1625,Wes Walker,wes.walker1625@example.com,"508 Elm Ct, Toledo, OH 49563",1964-11-03,3538,2015-10-01,standard,0.03
MEM-1626,Jamal Brzezinski,jamal.brzezinski1626@example.com,"960 Prairie Ln, Toledo, OH 44987",1971-08-21,5311,2017-10-01,standard,0.25
MEM-1627,DeShawn Lee,deshawn.lee1627@example.com,"713 Summit Ave, Akron, OH 46446",1999-03-10,8648,2015-12-01,standard,0.08
MEM-1628,Vera Davis,vera.davis1628@example.com,"981 Oak Ave, Erie, PA 43465",1957-09-22,9079,2018-12-01,standard,0.2
MEM-1629,Ximena Brzezinski,ximena.brzezinski1629@example.com,"380 Maple St, Akron, OH 49655",2000-04-16,7908,2023-12-01,standard,0.03
MEM-1630,Umar Brzezinski,umar.brzezinski1630@example.com,"779 Summit Ave, Fort Wayne, IN 45099",1976-10-12,8541,2024-08-01,standard,0.01
MEM-1631,Nadia Davis,nadia.davis1631@example.com,"100 Orchard Ave, Fort Wayne, IN 49762",1979-10-12,5887,2024-10-01,standard,0.05
MEM-1632,Mo Lee,mo.lee1632@example.com,"903 Summit Ave, Bowling Green, OH 43650",1991-12-04,7864,2017-05-01,standard,0.13
MEM-1633,Hannah White,hannah.white1633@example.com,"375 Elm Ct, South Bend, IN 45602",1961-07-14,7887,2021-11-01,standard,0.07
MEM-1634,Priya Adams,priya.adams1634@example.com,"643 Balloon Way, Dayton, OH 43368",1971-04-19,7791,2025-02-01,standard,0.04
MEM-1635,Flo Clark,flo.clark1635@example.com,"376 Harbor Rd, Kalamazoo, MI 48597",1971-02-04,2576,2024-05-01,standard,0.35
MEM-1636,Yuki Sanchez,yuki.sanchez1636@example.com,"209 Balloon Way, Dayton, OH 49934",1981-11-01,1200,2023-07-01,standard,0.18
MEM-1637,Stan Johnson,stan.johnson1637@example.com,"420 Oak Ave, Dayton, OH 46148",1986-10-27,3847,2017-09-01,standard,0.01
MEM-1638,Vera Baker,vera.baker1638@example.com,"174 Balloon Way, Bowling Green, OH 45371",1973-12-08,4407,2016-11-01,standard,0.21
MEM-1639,DeShawn Torres,deshawn.torres1639@example.com,"271 Maple St, Akron, OH 48607",1962-04-18,7712,2023-06-01,standard,0.35
MEM-1640,Pearl Torres,pearl.torres1640@example.com,"955 Willow Pass, Toledo, OH 45774",1984-08-27,2868,2018-03-01,standard,0.16
MEM-1641,Curtis Nowak,curtis.nowak1641@example.com,"604 Foundry St, Findlay, OH 48645",1992-09-10,5944,2025-03-01,standard,0.21
MEM-1642,Keiko Thompson,keiko.thompson1642@example.com,"367 Summit Ave, Fort Wayne, IN 44866",1990-12-27,4074,2021-02-01,standard,0.2
MEM-1643,Nadia Kowalczyk,nadia.kowalczyk1643@example.com,"989 Oak Ave, Sandusky, OH 44656",1999-06-19,5481,2022-08-01,standard,0.14
MEM-1644,Harriet Brown,harriet.brown1644@example.com,"729 Willow Pass, Sandusky, OH 49306",1999-12-20,4285,2018-09-01,golden_goose,0.24
MEM-1645,Greg Johnson,greg.johnson1645@example.com,"175 Meadow Ln, Erie, PA 45014",1999-04-04,7367,2022-02-01,standard,0.17
MEM-1646,Zoe Tanaka,zoe.tanaka1646@example.com,"429 Prairie Ln, Fort Wayne, IN 43425",1996-05-15,3321,2019-11-01,standard,0.19
MEM-1647,Chen Martinez,chen.martinez1647@example.com,"49 Lakeview Dr, Findlay, OH 43800",1966-02-18,8242,2023-01-01,standard,0.12
MEM-1648,Omar Perez,omar.perez1648@example.com,"477 Oak Ave, Toledo, OH 46099",1965-09-09,1952,2017-07-01,standard,0.3
MEM-1649,Lamar Osei,lamar.osei1649@example.com,"858 Summit Ave, Fort Wayne, IN 47294",1998-10-23,1236,2025-07-01,standard,0.13
MEM-1650,Omar Moore,omar.moore1650@example.com,"109 Orchard Ave, Erie, PA 43484",1957-11-03,7551,2021-09-01,standard,0.33
MEM-1651,Dolores Osei,dolores.osei1651@example.com,"105 Airline Rd, Sandusky, OH 47026",1963-07-22,5913,2016-08-01,standard,0.3
MEM-1652,Carlos Wilson,carlos.wilson1652@example.com,"342 Lakeview Dr, Toledo, OH 46392",1978-06-27,2290,2019-08-01,standard,0.33
MEM-1653,Quinn Kim,quinn.kim1653@example.com,"175 Foundry St, Kalamazoo, MI 49729",2001-06-24,1241,2016-09-01,standard,0.26
MEM-1654,Keiko Perez,keiko.perez1654@example.com,"383 Balloon Way, Findlay, OH 44866",1963-10-08,1462,2020-10-01,standard,0.34
MEM-1655,Arthur King,arthur.king1655@example.com,"874 Orchard Ave, Findlay, OH 48183",1992-10-10,3830,2015-07-01,standard,0.13
MEM-1656,Fatima Hernandez,fatima.hernandez1656@example.com,"576 Elm Ct, Bowling Green, OH 43153",2004-07-27,9767,2021-02-01,standard,0.38
MEM-1657,Harriet Johnson,harriet.johnson1657@example.com,"32 Maple St, Findlay, OH 46313",1965-11-17,3120,2020-01-01,standard,0.25
MEM-1658,Tomasz Sanchez,tomasz.sanchez1658@example.com,"986 Airline Rd, South Bend, IN 43594",1984-10-05,6331,2025-03-01,standard,0.33
MEM-1659,Quinn Davis,quinn.davis1659@example.com,"453 Oak Ave, Kalamazoo, MI 43133",1961-03-14,7826,2025-11-01,standard,0.18
MEM-1660,Harriet Ramirez,harriet.ramirez1660@example.com,"383 Ferry St, Toledo, OH 49054",1982-08-12,9340,2017-01-01,standard,0.12
MEM-1661,Nellie Thomas,nellie.thomas1661@example.com,"724 Balloon Way, Dayton, OH 44151",1969-01-02,3069,2025-07-01,standard,0.37
MEM-1662,Otis Brown,otis.brown1662@example.com,"493 Elm Ct, Ann Arbor, MI 49722",1978-12-12,1126,2017-03-01,standard,0.31
MEM-1663,Ray Brown,ray.brown1663@example.com,"716 Meadow Ln, Ann Arbor, MI 49359",1995-09-26,4625,2025-09-01,standard,0.19
MEM-1664,Nadia Smith,nadia.smith1664@example.com,"677 Prairie Ln, Dayton, OH 46961",1991-07-28,4739,2019-07-01,standard,0.01
MEM-1665,Greg Brown,greg.brown1665@example.com,"12 Willow Pass, South Bend, IN 45881",2001-03-24,1675,2024-11-01,standard,0.12
MEM-1666,Luis Osei,luis.osei1666@example.com,"155 Foundry St, Fort Wayne, IN 49663",1963-06-12,7493,2018-04-01,standard,0.33
MEM-1667,Umar Tanaka,umar.tanaka1667@example.com,"69 Willow Pass, Akron, OH 43510",2001-06-12,8738,2022-06-01,standard,0.05
MEM-1668,Tomasz Womack,tomasz.womack1668@example.com,"608 Airline Rd, Columbus, OH 45002",1977-05-16,5737,2024-11-01,golden_goose,0.06
MEM-1669,Dolores Walker,dolores.walker1669@example.com,"813 Summit Ave, Dayton, OH 47533",1980-01-08,5550,2024-01-01,standard,0.15
MEM-1670,Rosa Miller,rosa.miller1670@example.com,"769 Orchard Ave, Bowling Green, OH 45391",1982-01-14,6723,2025-06-01,standard,0.33
MEM-1671,Ernesto Lee,ernesto.lee1671@example.com,"559 Foundry St, Findlay, OH 45890",1992-07-17,2263,2018-11-01,golden_goose,0.38
MEM-1672,Tomasz Young,tomasz.young1672@example.com,"26 Airline Rd, Bowling Green, OH 43581",1958-06-04,4872,2020-09-01,standard,0.38
MEM-1673,Ivan Smith,ivan.smith1673@example.com,"841 Prairie Ln, Ann Arbor, MI 46926",1955-08-23,5284,2021-07-01,standard,0.27
MEM-1674,Ray Johnson,ray.johnson1674@example.com,"870 Summit Ave, Dayton, OH 47604",1998-06-22,3247,2018-03-01,standard,0.15
MEM-1675,Fatima Martin,fatima.martin1675@example.com,"604 Lakeview Dr, South Bend, IN 44587",1968-02-15,9585,2022-10-01,standard,0.1
MEM-1676,Ingrid Osei,ingrid.osei1676@example.com,"462 Canal Rd, Dayton, OH 43423",1983-11-01,3858,2017-01-01,standard,0.04
MEM-1677,Umar Robinson,umar.robinson1677@example.com,"112 Cedar Blvd, Erie, PA 47734",2000-05-01,7593,2024-08-01,standard,0.3
MEM-1678,Umar Adams,umar.adams1678@example.com,"948 Elm Ct, Findlay, OH 44364",1960-08-17,7775,2018-12-01,standard,0.09
MEM-1679,Flo Womack,flo.womack1679@example.com,"867 Prairie Ln, Akron, OH 44831",1969-09-27,4100,2023-06-01,standard,0.03
MEM-1680,Quinn Lee,quinn.lee1680@example.com,"219 Summit Ave, Bowling Green, OH 45795",1972-01-06,9521,2025-04-01,standard,0.03
MEM-1681,Pearl Young,pearl.young1681@example.com,"629 Meadow Ln, Fort Wayne, IN 48292",1981-09-26,6304,2017-07-01,standard,0.27
MEM-1682,Vera Allen,vera.allen1682@example.com,"323 Ferry St, Bowling Green, OH 49727",1977-07-15,4905,2017-11-01,golden_goose,0.38
MEM-1683,Tina Thomas,tina.thomas1683@example.com,"312 Lakeview Dr, Fort Wayne, IN 46367",1978-02-12,5648,2015-11-01,standard,0.19
MEM-1684,Tomasz King,tomasz.king1684@example.com,"209 Ferry St, Toledo, OH 48828",1955-01-01,2825,2021-04-01,standard,0.27
MEM-1685,Greg Wright,greg.wright1685@example.com,"914 Balloon Way, Fort Wayne, IN 47856",1999-08-10,1112,2016-07-01,golden_goose,0.02
MEM-1686,Quinn Walker,quinn.walker1686@example.com,"32 Oak Ave, Ann Arbor, MI 48602",1999-02-26,5697,2015-05-01,standard,0.33
MEM-1687,Pearl Jackson,pearl.jackson1687@example.com,"432 Summit Ave, Toledo, OH 45393",1966-01-23,7386,2025-01-01,standard,0.35
MEM-1688,Jerome Smith,jerome.smith1688@example.com,"41 Ferry St, South Bend, IN 47309",1970-07-13,5426,2018-08-01,standard,0.37
MEM-1689,Luis Moore,luis.moore1689@example.com,"991 Prairie Ln, Akron, OH 49170",1968-04-12,1499,2022-11-01,standard,0.21
MEM-1690,Zoe Perez,zoe.perez1690@example.com,"964 Cedar Blvd, Columbus, OH 48245",1999-09-21,1150,2021-05-01,standard,0.32
MEM-1691,Ingrid Walker,ingrid.walker1691@example.com,"554 Meadow Ln, Toledo, OH 45167",1990-11-19,7540,2023-02-01,golden_goose,0.29
MEM-1692,Luis Robinson,luis.robinson1692@example.com,"138 Cedar Blvd, Bowling Green, OH 44221",1956-01-06,4495,2022-01-01,standard,0.01
MEM-1693,Mabel White,mabel.white1693@example.com,"67 Cedar Blvd, Findlay, OH 43637",1973-01-03,9106,2018-08-01,standard,0.31
MEM-1694,Flo Thomas,flo.thomas1694@example.com,"503 Oak Ave, Erie, PA 48677",1984-05-18,2242,2017-01-01,standard,0.22
MEM-1695,Lamar Torres,lamar.torres1695@example.com,"672 Balloon Way, Columbus, OH 45130",1980-05-19,5011,2018-03-01,standard,0.14
MEM-1696,Ray Davis,ray.davis1696@example.com,"414 Meadow Ln, Dayton, OH 47916",1984-12-02,2999,2015-02-01,standard,0.05
MEM-1697,Arthur Harris,arthur.harris1697@example.com,"473 Oak Ave, Dayton, OH 43654",1988-12-28,9140,2017-02-01,standard,0.05
MEM-1698,Fatima Hill,fatima.hill1698@example.com,"717 Oak Ave, Erie, PA 48627",1999-10-22,7383,2016-06-01,standard,0.16
MEM-1699,Keiko Anderson,keiko.anderson1699@example.com,"21 Summit Ave, Akron, OH 46236",2001-04-04,3937,2015-09-01,standard,0.02
MEM-1700,Lamar Brown,lamar.brown1700@example.com,"589 Lakeview Dr, Akron, OH 45746",1959-02-16,3836,2018-12-01,standard,0.34
MEM-1701,Keiko Torres,keiko.torres1701@example.com,"81 Meadow Ln, Sandusky, OH 44292",1977-11-24,5165,2021-08-01,standard,0.34
MEM-1702,Chen Garcia,chen.garcia1702@example.com,"906 Lakeview Dr, Dayton, OH 49603",1963-04-03,9851,2023-12-01,standard,0.4
MEM-1703,Jerome Moore,jerome.moore1703@example.com,"149 Ferry St, Columbus, OH 45054",1966-10-22,8086,2019-08-01,standard,0.23
MEM-1704,Luis Sanchez,luis.sanchez1704@example.com,"396 Elm Ct, Dayton, OH 45654",1965-12-16,8503,2018-03-01,standard,0.33
MEM-1705,Jamal Young,jamal.young1705@example.com,"927 Orchard Ave, Dayton, OH 48566",1979-06-18,6109,2021-08-01,standard,0.23
MEM-1706,Nadia Green,nadia.green1706@example.com,"632 Balloon Way, Fort Wayne, IN 48526",1989-12-17,5759,2024-11-01,standard,0.04
MEM-1707,Tina Tanaka,tina.tanaka1707@example.com,"831 Oak Ave, Columbus, OH 43805",1978-04-27,7102,2023-12-01,standard,0.13
MEM-1708,Pearl Adams,pearl.adams1708@example.com,"730 Canal Rd, Bowling Green, OH 44184",1974-08-11,2464,2022-06-01,standard,0.29
MEM-1709,Hannah Garcia,hannah.garcia1709@example.com,"115 Summit Ave, Bowling Green, OH 43206",1960-02-17,5341,2020-11-01,standard,0.13
MEM-1710,Wes Garcia,wes.garcia1710@example.com,"790 Canal Rd, Ann Arbor, MI 44734",1958-05-14,8946,2025-02-01,standard,0
MEM-1711,Nellie Wilson,nellie.wilson1711@example.com,"381 Balloon Way, Fort Wayne, IN 49265",1986-11-08,4134,2017-02-01,standard,0.39
MEM-1712,Greg Lee,greg.lee1712@example.com,"143 Foundry St, Erie, PA 48765",1963-07-15,4392,2017-06-01,standard,0.16
MEM-1713,Gus Okafor-Reyes,gus.okafor.reyes1713@example.com,"81 Meadow Ln, Dayton, OH 48978",2002-02-11,4964,2016-08-01,standard,0.38
MEM-1714,Aisha Brzezinski,aisha.brzezinski1714@example.com,"887 Summit Ave, Sandusky, OH 48269",1979-07-06,7815,2024-08-01,standard,0.26
MEM-1715,Flo Adams,flo.adams1715@example.com,"140 Meadow Ln, South Bend, IN 45025",1981-06-17,8420,2020-09-01,standard,0.04
MEM-1716,Chen Walker,chen.walker1716@example.com,"276 Summit Ave, Findlay, OH 44507",1987-07-19,2660,2022-03-01,standard,0.32
MEM-1717,Nadia Moore,nadia.moore1717@example.com,"892 Canal Rd, Erie, PA 45052",1996-03-04,9834,2025-12-01,golden_goose,0.31
MEM-1718,Ernesto Walker,ernesto.walker1718@example.com,"15 Canal Rd, Ann Arbor, MI 48617",1976-12-17,2954,2024-09-01,standard,0.29
MEM-1719,Flo Kowalczyk,flo.kowalczyk1719@example.com,"567 Willow Pass, Kalamazoo, MI 46074",1983-04-12,2154,2016-10-01,standard,0.26
MEM-1720,Vera White,vera.white1720@example.com,"88 Balloon Way, Columbus, OH 48690",1982-05-08,5835,2018-09-01,standard,0.12
MEM-1721,Flo Hernandez,flo.hernandez1721@example.com,"194 Oak Ave, Sandusky, OH 49172",1963-10-06,6071,2023-11-01,standard,0.32
MEM-1722,Carlos Garcia,carlos.garcia1722@example.com,"331 Orchard Ave, Kalamazoo, MI 44301",1967-09-21,1036,2017-09-01,standard,0.04
MEM-1723,Jerome Sanchez,jerome.sanchez1723@example.com,"402 Harbor Rd, Fort Wayne, IN 44977",1979-02-28,3155,2023-10-01,standard,0.22
MEM-1724,Jamal Moore,jamal.moore1724@example.com,"292 Ferry St, Findlay, OH 47347",1984-08-18,7227,2016-09-01,golden_goose,0.22
MEM-1725,Ernesto Nguyen,ernesto.nguyen1725@example.com,"248 Ferry St, Dayton, OH 43970",1970-08-15,6631,2025-02-01,standard,0.36
MEM-1726,Gus Baker,gus.baker1726@example.com,"481 Foundry St, Columbus, OH 47925",1998-01-07,5073,2017-03-01,standard,0.24
MEM-1727,Yuki King,yuki.king1727@example.com,"562 Airline Rd, Erie, PA 49795",1990-04-23,3690,2024-01-01,standard,0.36
MEM-1728,Tomasz Nowak,tomasz.nowak1728@example.com,"565 Balloon Way, Kalamazoo, MI 43220",2000-01-26,1112,2017-11-01,standard,0.09
MEM-1729,Ivan Lewis,ivan.lewis1729@example.com,"763 Willow Pass, Fort Wayne, IN 46717",1999-05-13,3464,2024-11-01,standard,0.19
MEM-1730,Ximena Anderson,ximena.anderson1730@example.com,"893 Summit Ave, Findlay, OH 47845",1996-04-06,1612,2020-09-01,standard,0.35
MEM-1731,Ray Jackson,ray.jackson1731@example.com,"779 Foundry St, Fort Wayne, IN 48928",1962-02-21,1677,2018-01-01,standard,0.17
MEM-1732,Ray Brzezinski,ray.brzezinski1732@example.com,"238 Airline Rd, Toledo, OH 46408",1973-01-17,6517,2019-10-01,standard,0.17
MEM-1733,Mabel Miller,mabel.miller1733@example.com,"497 Foundry St, Kalamazoo, MI 46682",1983-02-27,9651,2019-09-01,standard,0.2
MEM-1734,Mo Patel,mo.patel1734@example.com,"43 Lakeview Dr, Ann Arbor, MI 48424",1978-08-12,9985,2019-08-01,standard,0.29
MEM-1735,Paloma Harris,paloma.harris1735@example.com,"764 Balloon Way, Akron, OH 44416",1997-06-16,8924,2020-12-01,standard,0.35
MEM-1736,Curtis Thompson,curtis.thompson1736@example.com,"288 Orchard Ave, Columbus, OH 44761",1994-08-27,7147,2016-01-01,standard,0.31
MEM-1737,Ivan Brown,ivan.brown1737@example.com,"507 Summit Ave, Bowling Green, OH 43334",1980-11-19,4836,2017-12-01,golden_goose,0.32
MEM-1738,Umar Kowalczyk,umar.kowalczyk1738@example.com,"799 Meadow Ln, Kalamazoo, MI 44984",1978-06-08,8736,2024-04-01,standard,0.22
MEM-1739,Greg Kim,greg.kim1739@example.com,"372 Meadow Ln, South Bend, IN 44420",1978-05-26,7100,2021-07-01,standard,0.22
MEM-1740,Jamal Young,jamal.young1740@example.com,"76 Cedar Blvd, Sandusky, OH 43030",1980-11-08,8980,2020-01-01,standard,0.17
MEM-1741,Linda Thomas,linda.thomas1741@example.com,"253 Ferry St, Fort Wayne, IN 49090",1985-08-05,4148,2017-09-01,standard,0.25
MEM-1742,Dolores White,dolores.white1742@example.com,"180 Balloon Way, Fort Wayne, IN 48528",1997-11-28,3026,2023-05-01,standard,0.25
MEM-1743,Tina Miller,tina.miller1743@example.com,"210 Prairie Ln, Fort Wayne, IN 46386",1967-04-16,9736,2024-09-01,standard,0.19
MEM-1744,Otis White,otis.white1744@example.com,"799 Canal Rd, Sandusky, OH 48127",1982-02-22,8491,2017-08-01,standard,0
MEM-1745,Linda Brown,linda.brown1745@example.com,"173 Oak Ave, Dayton, OH 43199",1993-02-04,4584,2022-11-01,golden_goose,0.24
MEM-1746,Umar Hill,umar.hill1746@example.com,"654 Elm Ct, Dayton, OH 46301",1960-04-05,8602,2015-04-01,standard,0.36
MEM-1747,Bettye White,bettye.white1747@example.com,"785 Balloon Way, Columbus, OH 49991",1999-01-12,1061,2019-09-01,standard,0.13
MEM-1748,Otis Young,otis.young1748@example.com,"978 Balloon Way, Toledo, OH 44357",1986-10-02,4923,2020-12-01,standard,0.28
MEM-1749,Ernesto Smith,ernesto.smith1749@example.com,"160 Summit Ave, Akron, OH 49631",1986-06-03,7990,2018-08-01,standard,0.35
MEM-1750,Ximena Okafor-Reyes,ximena.okafor.reyes1750@example.com,"442 Balloon Way, Ann Arbor, MI 47241",1971-01-19,9946,2020-05-01,standard,0.38
MEM-1751,Gus Thomas,gus.thomas1751@example.com,"119 Harbor Rd, Sandusky, OH 47361",1972-03-13,2385,2017-08-01,standard,0.31
MEM-1752,Ingrid Jackson,ingrid.jackson1752@example.com,"204 Airline Rd, Fort Wayne, IN 48466",1980-10-01,9836,2015-01-01,standard,0.3
MEM-1753,Stan Scott,stan.scott1753@example.com,"153 Meadow Ln, Dayton, OH 44266",1974-08-21,6851,2021-11-01,standard,0.35
MEM-1754,Bettye Green,bettye.green1754@example.com,"39 Oak Ave, Fort Wayne, IN 46084",1970-10-21,5751,2016-06-01,standard,0.27
MEM-1755,Aisha Patel,aisha.patel1755@example.com,"318 Lakeview Dr, Erie, PA 43584",1989-06-09,5473,2022-07-01,standard,0.21
MEM-1756,Rosa Allen,rosa.allen1756@example.com,"799 Summit Ave, Erie, PA 44809",1986-07-22,7263,2022-07-01,standard,0.28
MEM-1757,Flo Osei,flo.osei1757@example.com,"884 Elm Ct, Bowling Green, OH 47234",1973-01-02,4379,2018-11-01,golden_goose,0.05
MEM-1758,Ivan Johnson,ivan.johnson1758@example.com,"59 Foundry St, Fort Wayne, IN 44544",1955-07-20,5187,2016-04-01,standard,0.19
MEM-1759,Tina Robinson,tina.robinson1759@example.com,"524 Elm Ct, Bowling Green, OH 47279",1983-08-26,7677,2018-01-01,standard,0.34
MEM-1760,Greg Miller,greg.miller1760@example.com,"580 Orchard Ave, Toledo, OH 46673",1994-11-15,6541,2022-12-01,standard,0.39
MEM-1761,Nellie Thompson,nellie.thompson1761@example.com,"639 Foundry St, Erie, PA 43787",1958-11-02,1904,2020-09-01,golden_goose,0.19
MEM-1762,DeShawn Allen,deshawn.allen1762@example.com,"893 Orchard Ave, Akron, OH 46961",1984-05-09,6312,2018-06-01,standard,0.21
MEM-1763,Yuki Adams,yuki.adams1763@example.com,"32 Elm Ct, Erie, PA 43698",1988-06-16,3006,2016-07-01,standard,0.16
MEM-1764,Umar Lewis,umar.lewis1764@example.com,"36 Foundry St, Bowling Green, OH 48135",1984-12-15,8187,2016-10-01,standard,0.28
MEM-1765,Wes Al-Sayed,wes.al.sayed1765@example.com,"532 Oak Ave, Sandusky, OH 44732",1989-06-25,9421,2018-09-01,standard,0.12
MEM-1766,Ernesto Ramirez,ernesto.ramirez1766@example.com,"440 Ferry St, Sandusky, OH 48710",1962-03-04,3869,2021-08-01,standard,0.3
MEM-1767,Bob Thomas,bob.thomas1767@example.com,"394 Balloon Way, Bowling Green, OH 48186",1999-11-11,6976,2016-06-01,golden_goose,0.09
MEM-1768,Omar Jackson,omar.jackson1768@example.com,"308 Meadow Ln, Fort Wayne, IN 44004",2002-02-12,4189,2017-12-01,standard,0.35
MEM-1769,Greg Flores,greg.flores1769@example.com,"860 Canal Rd, Sandusky, OH 45826",1967-06-12,5765,2020-11-01,standard,0.38
MEM-1770,Nellie Nowak,nellie.nowak1770@example.com,"54 Foundry St, Sandusky, OH 44869",1984-11-25,2146,2015-09-01,standard,0.11
MEM-1771,Ernesto Womack,ernesto.womack1771@example.com,"130 Balloon Way, Akron, OH 46752",1990-05-19,5451,2015-01-01,golden_goose,0.35
MEM-1772,Lamar Wright,lamar.wright1772@example.com,"325 Airline Rd, Kalamazoo, MI 48280",1992-03-03,4322,2017-01-01,standard,0.16
MEM-1773,Dolores Walker,dolores.walker1773@example.com,"377 Foundry St, South Bend, IN 45233",1970-05-14,6596,2025-07-01,standard,0.06
MEM-1774,Tomasz Ramirez,tomasz.ramirez1774@example.com,"980 Foundry St, Columbus, OH 49406",1993-04-14,2181,2025-06-01,standard,0.07
MEM-1775,Hannah Martin,hannah.martin1775@example.com,"713 Ferry St, Sandusky, OH 48003",1980-04-02,3827,2020-08-01,standard,0.04
MEM-1776,Wes Tanaka,wes.tanaka1776@example.com,"247 Prairie Ln, Akron, OH 48015",1999-05-27,9214,2025-04-01,standard,0.08
MEM-1777,Jerome Brown,jerome.brown1777@example.com,"299 Maple St, Toledo, OH 44098",1999-11-02,1066,2021-04-01,standard,0.3
MEM-1778,Dolores Flores,dolores.flores1778@example.com,"266 Cedar Blvd, Bowling Green, OH 48136",1975-06-02,9616,2017-10-01,standard,0.16
MEM-1779,Nadia Garcia,nadia.garcia1779@example.com,"953 Ferry St, Dayton, OH 48131",1970-12-27,5856,2019-12-01,standard,0.38
MEM-1780,Ernesto Green,ernesto.green1780@example.com,"697 Balloon Way, Kalamazoo, MI 47275",1962-12-14,8240,2015-01-01,standard,0.09
MEM-1781,Margaret Thomas,margaret.thomas1781@example.com,"905 Balloon Way, Ann Arbor, MI 44090",1984-06-19,7000,2019-11-01,golden_goose,0.13
MEM-1782,Luis Nowak,luis.nowak1782@example.com,"606 Maple St, South Bend, IN 43437",1968-01-25,2960,2025-07-01,standard,0.29
MEM-1783,Otis Baker,otis.baker1783@example.com,"820 Balloon Way, Dayton, OH 46741",1990-04-23,3494,2016-05-01,standard,0.31
MEM-1784,Pearl Torres,pearl.torres1784@example.com,"844 Harbor Rd, Kalamazoo, MI 46583",1994-01-01,4974,2025-03-01,standard,0.22
MEM-1785,Nadia Sanchez,nadia.sanchez1785@example.com,"713 Lakeview Dr, Sandusky, OH 43740",1960-11-27,9517,2025-05-01,standard,0.09
MEM-1786,Priya Martin,priya.martin1786@example.com,"796 Canal Rd, Erie, PA 47394",1961-02-27,6773,2021-11-01,standard,0.19
MEM-1787,Carlos Wilson,carlos.wilson1787@example.com,"885 Summit Ave, Ann Arbor, MI 43489",1971-07-28,2690,2015-09-01,standard,0.1
MEM-1788,Aisha Clark,aisha.clark1788@example.com,"186 Oak Ave, Kalamazoo, MI 47776",1991-05-17,2708,2020-03-01,standard,0.11
MEM-1789,Otis Johnson,otis.johnson1789@example.com,"772 Maple St, South Bend, IN 46487",1996-11-09,9592,2024-12-01,standard,0.28
MEM-1790,Greg Allen,greg.allen1790@example.com,"126 Prairie Ln, Erie, PA 49293",1996-12-08,7582,2017-01-01,standard,0.32
MEM-1791,Mo Martinez,mo.martinez1791@example.com,"711 Harbor Rd, Toledo, OH 46391",1973-10-14,8525,2023-09-01,standard,0.16
MEM-1792,Pearl Miller,pearl.miller1792@example.com,"242 Ferry St, Akron, OH 46794",1970-06-05,9593,2018-07-01,standard,0.24
MEM-1793,Priya Smith,priya.smith1793@example.com,"104 Ferry St, Columbus, OH 43139",2003-02-21,5126,2016-08-01,standard,0.22
MEM-1794,Dolores Torres,dolores.torres1794@example.com,"919 Elm Ct, Dayton, OH 48022",1982-09-25,2444,2017-07-01,standard,0.22
MEM-1795,Bob Young,bob.young1795@example.com,"842 Willow Pass, Fort Wayne, IN 43589",1986-09-21,6362,2018-04-01,standard,0.3
MEM-1796,Jamal Robinson,jamal.robinson1796@example.com,"102 Airline Rd, Findlay, OH 48713",1965-07-07,4292,2023-03-01,standard,0.3
MEM-1797,Ivan Osei,ivan.osei1797@example.com,"568 Oak Ave, Fort Wayne, IN 44589",1970-05-03,2250,2019-04-01,standard,0.31
MEM-1798,Jerome Lewis,jerome.lewis1798@example.com,"923 Balloon Way, South Bend, IN 45147",1974-10-09,2211,2019-09-01,golden_goose,0.24
MEM-1799,Tomasz Brzezinski,tomasz.brzezinski1799@example.com,"271 Foundry St, Toledo, OH 47562",1982-10-09,7905,2016-12-01,standard,0.36
MEM-1800,Curtis Wilson,curtis.wilson1800@example.com,"168 Foundry St, Fort Wayne, IN 48143",1964-04-02,1614,2023-01-01,standard,0.28
MEM-1801,Vera Al-Sayed,vera.al.sayed1801@example.com,"170 Elm Ct, Kalamazoo, MI 44550",1980-04-21,8299,2025-11-01,standard,0.22
MEM-1802,Jerome Baker,jerome.baker1802@example.com,"913 Orchard Ave, Dayton, OH 43941",1979-01-08,3750,2018-11-01,standard,0.2
MEM-1803,Ximena Nowak,ximena.nowak1803@example.com,"483 Willow Pass, Kalamazoo, MI 43725",1988-06-25,5865,2022-03-01,standard,0.21
MEM-1804,Ray Lewis,ray.lewis1804@example.com,"808 Lakeview Dr, Erie, PA 43688",1976-10-08,3598,2024-10-01,standard,0.26
MEM-1805,Hannah Osei,hannah.osei1805@example.com,"659 Airline Rd, Columbus, OH 46029",1997-05-17,6497,2023-12-01,standard,0.05
MEM-1806,Ingrid Nguyen,ingrid.nguyen1806@example.com,"285 Lakeview Dr, Ann Arbor, MI 45540",1974-05-27,7750,2024-08-01,standard,0.25
MEM-1807,Ingrid Harris,ingrid.harris1807@example.com,"515 Harbor Rd, Sandusky, OH 49214",1971-12-11,1963,2020-12-01,standard,0.07
MEM-1808,Wes Womack,wes.womack1808@example.com,"799 Ferry St, Bowling Green, OH 48291",1955-12-18,1109,2024-04-01,standard,0.29
MEM-1809,Umar Johnson,umar.johnson1809@example.com,"44 Ferry St, South Bend, IN 46416",1964-06-02,4010,2024-09-01,standard,0.38
MEM-1810,Zoe Robinson,zoe.robinson1810@example.com,"740 Willow Pass, Columbus, OH 46999",1984-11-01,8483,2021-09-01,standard,0.27
MEM-1811,Quinn Allen,quinn.allen1811@example.com,"545 Maple St, Sandusky, OH 45504",1957-06-21,2870,2022-09-01,standard,0.27
MEM-1812,Kitty Wright,kitty.wright1812@example.com,"439 Cedar Blvd, Findlay, OH 46273",1998-01-02,6667,2017-01-01,standard,0.03
MEM-1813,Linda Wilson,linda.wilson1813@example.com,"551 Summit Ave, Sandusky, OH 49810",1969-03-24,7696,2018-02-01,golden_goose,0.16
MEM-1814,Paloma Young,paloma.young1814@example.com,"47 Oak Ave, Akron, OH 49093",1986-05-28,1197,2023-03-01,standard,0.31
MEM-1815,Kitty Johnson,kitty.johnson1815@example.com,"582 Airline Rd, Akron, OH 49141",1956-01-20,3726,2018-03-01,standard,0.03
MEM-1816,Nadia King,nadia.king1816@example.com,"931 Maple St, Columbus, OH 44778",1987-08-01,2049,2023-06-01,standard,0.4
MEM-1817,Greg Baker,greg.baker1817@example.com,"983 Elm Ct, South Bend, IN 47909",1976-01-26,7720,2021-11-01,standard,0.26
MEM-1818,Nadia Scott,nadia.scott1818@example.com,"241 Balloon Way, Sandusky, OH 43530",1978-08-19,4559,2015-02-01,standard,0.21
MEM-1819,Tomasz Torres,tomasz.torres1819@example.com,"371 Willow Pass, Fort Wayne, IN 49711",1990-12-12,4242,2018-10-01,standard,0.03
MEM-1820,Paloma Clark,paloma.clark1820@example.com,"46 Canal Rd, Columbus, OH 49711",1962-09-01,8533,2024-04-01,standard,0.01
MEM-1821,Harriet Harris,harriet.harris1821@example.com,"162 Meadow Ln, Sandusky, OH 49851",1998-10-14,2700,2017-05-01,standard,0.26
MEM-1822,Tina Lopez,tina.lopez1822@example.com,"576 Summit Ave, Columbus, OH 49386",1964-03-19,2465,2016-09-01,standard,0.21
MEM-1823,Jamal Garcia,jamal.garcia1823@example.com,"35 Ferry St, Dayton, OH 48897",1969-10-14,9314,2015-05-01,standard,0.13
MEM-1824,Linda Sanchez,linda.sanchez1824@example.com,"633 Summit Ave, South Bend, IN 49374",1987-06-06,6571,2021-03-01,standard,0.12
MEM-1825,Bettye Flores,bettye.flores1825@example.com,"784 Orchard Ave, Columbus, OH 45864",1976-06-18,9067,2023-03-01,standard,0.08
MEM-1826,Gus Nowak,gus.nowak1826@example.com,"793 Foundry St, Kalamazoo, MI 48203",1982-01-14,3829,2025-07-01,standard,0.22
MEM-1827,Flo Flores,flo.flores1827@example.com,"271 Ferry St, Toledo, OH 43470",2004-02-28,2025,2015-12-01,standard,0.2
MEM-1828,Tomasz Scott,tomasz.scott1828@example.com,"430 Canal Rd, Dayton, OH 45626",1977-05-22,3101,2020-08-01,standard,0.04
MEM-1829,Nellie White,nellie.white1829@example.com,"275 Harbor Rd, Kalamazoo, MI 46913",1961-05-04,9247,2017-07-01,standard,0.13
MEM-1830,Tomasz Allen,tomasz.allen1830@example.com,"531 Meadow Ln, Erie, PA 43794",1970-04-01,9071,2018-02-01,standard,0.18
MEM-1831,Linda Brzezinski,linda.brzezinski1831@example.com,"553 Willow Pass, Fort Wayne, IN 47424",1984-03-12,6618,2024-12-01,standard,0.16
MEM-1832,Hannah Flores,hannah.flores1832@example.com,"142 Cedar Blvd, Akron, OH 44686",2000-10-20,4218,2019-09-01,standard,0.38
MEM-1833,Arthur Thomas,arthur.thomas1833@example.com,"846 Balloon Way, Toledo, OH 48027",1995-03-12,1860,2024-03-01,standard,0.28
MEM-1834,Umar Lee,umar.lee1834@example.com,"210 Foundry St, Akron, OH 43371",1973-05-12,2510,2016-01-01,standard,0.35
MEM-1835,Fatima Young,fatima.young1835@example.com,"763 Willow Pass, Toledo, OH 49313",1999-03-06,7182,2019-05-01,standard,0.22
MEM-1836,Yosef Martinez,yosef.martinez1836@example.com,"489 Harbor Rd, South Bend, IN 45320",1986-12-06,5554,2021-05-01,standard,0.06
MEM-1837,Kitty Jackson,kitty.jackson1837@example.com,"923 Lakeview Dr, Columbus, OH 44559",1957-10-08,2309,2017-05-01,standard,0.2
MEM-1838,Linda Tanaka,linda.tanaka1838@example.com,"830 Lakeview Dr, Columbus, OH 43270",2001-07-23,5698,2020-04-01,standard,0.32
MEM-1839,Greg Anderson,greg.anderson1839@example.com,"968 Lakeview Dr, Kalamazoo, MI 44061",2000-01-27,7183,2024-10-01,standard,0.27
MEM-1840,Greg Allen,greg.allen1840@example.com,"286 Airline Rd, Ann Arbor, MI 45976",2003-02-06,2811,2021-08-01,standard,0.21
MEM-1841,Carlos Kowalczyk,carlos.kowalczyk1841@example.com,"644 Cedar Blvd, Dayton, OH 43379",1971-08-06,5888,2021-12-01,standard,0.29
MEM-1842,Umar Torres,umar.torres1842@example.com,"279 Foundry St, Bowling Green, OH 46256",1984-11-14,6010,2020-08-01,standard,0.11
MEM-1843,Luis Robinson,luis.robinson1843@example.com,"692 Foundry St, Fort Wayne, IN 46624",1975-04-26,3498,2024-07-01,standard,0.15
MEM-1844,Bob White,bob.white1844@example.com,"577 Maple St, Sandusky, OH 46951",1958-02-07,8651,2021-12-01,standard,0.36
MEM-1845,Ivan Davis,ivan.davis1845@example.com,"262 Canal Rd, Bowling Green, OH 46939",1966-09-01,3255,2025-09-01,standard,0.11
MEM-1846,Yuki Hill,yuki.hill1846@example.com,"832 Harbor Rd, Columbus, OH 43401",2003-02-17,1145,2024-08-01,standard,0.36
MEM-1847,Bettye Womack,bettye.womack1847@example.com,"634 Harbor Rd, Ann Arbor, MI 48161",1980-02-15,6295,2018-06-01,standard,0.11
MEM-1848,Carlos Clark,carlos.clark1848@example.com,"540 Prairie Ln, Akron, OH 44309",1982-11-24,5346,2024-03-01,golden_goose,0.02
MEM-1849,Ivan Green,ivan.green1849@example.com,"596 Meadow Ln, Fort Wayne, IN 43070",1986-06-23,4424,2017-09-01,standard,0.05
MEM-1850,Arthur Smith,arthur.smith1850@example.com,"604 Lakeview Dr, Bowling Green, OH 48323",1955-01-20,1003,2025-11-01,standard,0.14
MEM-1851,Quinn Thomas,quinn.thomas1851@example.com,"27 Prairie Ln, Toledo, OH 48912",2004-01-28,6780,2023-01-01,standard,0.03
MEM-1852,Quinn Scott,quinn.scott1852@example.com,"478 Ferry St, Fort Wayne, IN 47005",1979-08-15,3862,2024-10-01,standard,0.18
MEM-1853,Greg Kim,greg.kim1853@example.com,"702 Prairie Ln, Dayton, OH 44887",1977-02-22,9951,2015-10-01,standard,0.15
MEM-1854,Stan Womack,stan.womack1854@example.com,"254 Oak Ave, Findlay, OH 46261",1985-09-08,6396,2021-06-01,standard,0.35
MEM-1855,Bettye Nowak,bettye.nowak1855@example.com,"932 Cedar Blvd, Sandusky, OH 43612",1968-04-21,5855,2020-04-01,standard,0.26
MEM-1856,Paloma Hernandez,paloma.hernandez1856@example.com,"164 Foundry St, Toledo, OH 47428",1972-08-01,4656,2024-08-01,standard,0.13
MEM-1857,Wes Walker,wes.walker1857@example.com,"137 Elm Ct, Akron, OH 45674",1994-09-21,3164,2025-02-01,standard,0.29
MEM-1858,Chen White,chen.white1858@example.com,"909 Summit Ave, Kalamazoo, MI 48137",1995-11-20,8180,2018-02-01,standard,0.17
MEM-1859,Jerome Patel,jerome.patel1859@example.com,"832 Prairie Ln, Ann Arbor, MI 48003",1964-05-22,5251,2024-07-01,standard,0.14
MEM-1860,Ray Brzezinski,ray.brzezinski1860@example.com,"833 Canal Rd, Dayton, OH 49944",1977-05-03,5361,2025-11-01,standard,0.26
MEM-1861,Linda Nguyen,linda.nguyen1861@example.com,"999 Willow Pass, Toledo, OH 44285",1974-05-20,7952,2017-02-01,standard,0.37
MEM-1862,Lamar Thomas,lamar.thomas1862@example.com,"95 Maple St, Toledo, OH 49086",1956-12-04,4858,2021-06-01,standard,0.32
MEM-1863,Quinn Smith,quinn.smith1863@example.com,"518 Ferry St, Kalamazoo, MI 49779",2003-05-14,3087,2025-03-01,golden_goose,0.1
MEM-1864,Hannah Allen,hannah.allen1864@example.com,"157 Airline Rd, Bowling Green, OH 46180",1979-10-18,3528,2016-09-01,standard,0.2
MEM-1865,Ivan Thomas,ivan.thomas1865@example.com,"543 Lakeview Dr, Columbus, OH 47931",2000-06-24,8408,2022-03-01,standard,0.34
MEM-1866,Omar White,omar.white1866@example.com,"171 Lakeview Dr, Fort Wayne, IN 48801",1962-08-06,2844,2024-05-01,standard,0.4
MEM-1867,Greg Kowalczyk,greg.kowalczyk1867@example.com,"384 Willow Pass, Columbus, OH 46482",1959-07-19,2062,2024-10-01,standard,0.15
MEM-1868,Greg Osei,greg.osei1868@example.com,"828 Oak Ave, Columbus, OH 45763",1992-02-27,5521,2019-01-01,standard,0.22
MEM-1869,Nadia Johnson,nadia.johnson1869@example.com,"903 Ferry St, Kalamazoo, MI 47247",1960-05-07,8129,2021-04-01,standard,0.25
MEM-1870,Yuki Nowak,yuki.nowak1870@example.com,"497 Cedar Blvd, Columbus, OH 48895",1974-12-28,2423,2025-11-01,standard,0.22
MEM-1871,Ivan Moore,ivan.moore1871@example.com,"64 Ferry St, Columbus, OH 45296",1959-03-11,5243,2016-09-01,standard,0.08
MEM-1872,DeShawn Osei,deshawn.osei1872@example.com,"414 Balloon Way, Findlay, OH 46522",1989-09-19,6720,2025-04-01,standard,0.27
MEM-1873,Dolores Thompson,dolores.thompson1873@example.com,"868 Lakeview Dr, Kalamazoo, MI 43860",1962-08-04,1373,2020-04-01,standard,0.17
MEM-1874,Luis Moore,luis.moore1874@example.com,"56 Balloon Way, Sandusky, OH 46276",1970-05-09,4112,2017-08-01,golden_goose,0.16
MEM-1875,Tina Hernandez,tina.hernandez1875@example.com,"542 Harbor Rd, Dayton, OH 49187",1969-07-24,7351,2021-02-01,standard,0.32
MEM-1876,Keiko Lewis,keiko.lewis1876@example.com,"436 Balloon Way, Bowling Green, OH 45351",1990-07-13,2413,2022-02-01,standard,0.29
MEM-1877,Greg Wright,greg.wright1877@example.com,"667 Summit Ave, Findlay, OH 43790",1973-07-28,7555,2024-05-01,standard,0.04
MEM-1878,Curtis Kowalczyk,curtis.kowalczyk1878@example.com,"687 Summit Ave, Sandusky, OH 48150",1957-02-04,1421,2016-09-01,standard,0.04
MEM-1879,Hannah Osei,hannah.osei1879@example.com,"963 Harbor Rd, South Bend, IN 48680",1968-05-25,9108,2021-02-01,standard,0.02
MEM-1880,Kitty Green,kitty.green1880@example.com,"38 Maple St, Columbus, OH 46564",1994-12-04,8104,2025-01-01,standard,0.26
MEM-1881,Arthur Harris,arthur.harris1881@example.com,"823 Prairie Ln, Kalamazoo, MI 48849",1979-01-23,1390,2019-08-01,standard,0.04
MEM-1882,Mabel Nguyen,mabel.nguyen1882@example.com,"197 Lakeview Dr, Sandusky, OH 48581",1981-08-10,2872,2023-03-01,standard,0.18
MEM-1883,Ingrid Thomas,ingrid.thomas1883@example.com,"20 Elm Ct, Erie, PA 46823",1986-07-26,9349,2018-04-01,standard,0.36
MEM-1884,Pearl Okafor-Reyes,pearl.okafor.reyes1884@example.com,"685 Harbor Rd, Bowling Green, OH 44443",1995-03-01,2604,2023-09-01,standard,0.15
MEM-1885,Ximena Lopez,ximena.lopez1885@example.com,"151 Cedar Blvd, South Bend, IN 49414",1984-12-28,2381,2025-07-01,standard,0.18
MEM-1886,Hannah Ramirez,hannah.ramirez1886@example.com,"298 Maple St, Erie, PA 48669",1983-11-26,3157,2018-05-01,standard,0.37
MEM-1887,Margaret Kowalczyk,margaret.kowalczyk1887@example.com,"737 Willow Pass, South Bend, IN 45777",1996-12-26,8799,2017-11-01,standard,0.14
MEM-1888,Stan Harris,stan.harris1888@example.com,"994 Meadow Ln, Sandusky, OH 43344",1997-03-18,9321,2016-02-01,standard,0.34
MEM-1889,Yosef Thomas,yosef.thomas1889@example.com,"178 Summit Ave, Bowling Green, OH 46352",1976-08-04,5640,2017-08-01,standard,0.32
MEM-1890,Ernesto Sanchez,ernesto.sanchez1890@example.com,"837 Cedar Blvd, South Bend, IN 44591",1994-07-03,9226,2020-06-01,standard,0.17
MEM-1891,Mo Hernandez,mo.hernandez1891@example.com,"787 Ferry St, South Bend, IN 48490",1955-11-06,8957,2015-11-01,golden_goose,0.39
MEM-1892,Tina Jackson,tina.jackson1892@example.com,"210 Lakeview Dr, Fort Wayne, IN 47155",1964-05-25,7871,2025-03-01,standard,0.18
MEM-1893,Zoe Moore,zoe.moore1893@example.com,"525 Balloon Way, Kalamazoo, MI 45482",1985-10-27,5390,2021-12-01,standard,0.31
MEM-1894,Aisha Garcia,aisha.garcia1894@example.com,"908 Summit Ave, Fort Wayne, IN 46863",1985-10-18,1266,2025-10-01,standard,0.26
MEM-1895,Lamar Wilson,lamar.wilson1895@example.com,"613 Cedar Blvd, Toledo, OH 47878",1986-11-03,3328,2023-05-01,standard,0.35
MEM-1896,Quinn Sanchez,quinn.sanchez1896@example.com,"309 Ferry St, Akron, OH 45437",2001-06-16,7477,2018-04-01,standard,0.28
MEM-1897,Linda White,linda.white1897@example.com,"517 Meadow Ln, Bowling Green, OH 47866",1992-07-11,8521,2018-04-01,standard,0.24
MEM-1898,Lamar Scott,lamar.scott1898@example.com,"895 Orchard Ave, Erie, PA 45921",1987-10-14,3592,2024-12-01,standard,0.06
MEM-1899,Wes Sanchez,wes.sanchez1899@example.com,"866 Maple St, Erie, PA 44468",1998-10-23,1885,2016-12-01,standard,0.01
MEM-1900,Mabel Thomas,mabel.thomas1900@example.com,"823 Foundry St, Erie, PA 48202",1975-03-25,1089,2022-03-01,standard,0.01
MEM-1901,Rosa Lopez,rosa.lopez1901@example.com,"679 Cedar Blvd, Ann Arbor, MI 47604",2002-03-03,5661,2023-01-01,standard,0.21
MEM-1902,Bettye Allen,bettye.allen1902@example.com,"405 Willow Pass, Sandusky, OH 45196",1987-07-16,9123,2015-03-01,standard,0.3
MEM-1903,Ingrid Osei,ingrid.osei1903@example.com,"442 Oak Ave, South Bend, IN 43863",1996-01-07,3698,2020-10-01,standard,0.11
MEM-1904,Lamar Patel,lamar.patel1904@example.com,"256 Oak Ave, Fort Wayne, IN 48448",1983-09-21,1786,2015-06-01,standard,0.21
MEM-1905,Rosa Jackson,rosa.jackson1905@example.com,"465 Orchard Ave, Dayton, OH 43863",1965-03-28,9719,2015-10-01,standard,0.34
MEM-1906,DeShawn Patel,deshawn.patel1906@example.com,"512 Ferry St, Akron, OH 43061",2003-06-16,5155,2024-10-01,standard,0.04
MEM-1907,Keiko Tanaka,keiko.tanaka1907@example.com,"205 Balloon Way, Kalamazoo, MI 45097",1963-01-17,2858,2015-07-01,standard,0.02
MEM-1908,Nellie Flores,nellie.flores1908@example.com,"719 Harbor Rd, Akron, OH 47693",1998-10-16,8772,2017-05-01,standard,0.23
MEM-1909,Mabel Lee,mabel.lee1909@example.com,"847 Summit Ave, Erie, PA 43230",1959-05-23,8096,2016-06-01,standard,0.14
MEM-1910,Arthur Miller,arthur.miller1910@example.com,"834 Summit Ave, Columbus, OH 47855",1977-06-19,6973,2024-05-01,standard,0.39
MEM-1911,Priya Young,priya.young1911@example.com,"99 Lakeview Dr, Dayton, OH 48857",1973-03-01,7579,2015-04-01,standard,0.08
MEM-1912,Ray Lopez,ray.lopez1912@example.com,"879 Oak Ave, Erie, PA 44880",1971-02-10,6374,2017-12-01,standard,0.3
MEM-1913,Omar Tanaka,omar.tanaka1913@example.com,"496 Airline Rd, Fort Wayne, IN 46060",1994-09-10,3911,2022-12-01,standard,0.32
MEM-1914,Ray Kowalczyk,ray.kowalczyk1914@example.com,"327 Prairie Ln, Columbus, OH 47225",1979-03-07,7133,2019-08-01,standard,0.33
MEM-1915,Gus Brzezinski,gus.brzezinski1915@example.com,"407 Canal Rd, Dayton, OH 44027",1969-07-13,3568,2025-06-01,standard,0.35
MEM-1916,Lamar Jackson,lamar.jackson1916@example.com,"816 Cedar Blvd, Dayton, OH 49553",1982-06-02,7522,2024-04-01,standard,0.26
MEM-1917,Chen King,chen.king1917@example.com,"812 Ferry St, Columbus, OH 43352",1976-12-26,8789,2016-07-01,standard,0.18
MEM-1918,Ximena Young,ximena.young1918@example.com,"338 Summit Ave, Fort Wayne, IN 45093",1961-04-07,7477,2019-12-01,standard,0.21
MEM-1919,Tina Perez,tina.perez1919@example.com,"815 Foundry St, Dayton, OH 49467",1957-01-28,6273,2016-04-01,standard,0.1
MEM-1920,Kitty Thomas,kitty.thomas1920@example.com,"877 Cedar Blvd, Akron, OH 43960",1972-05-18,1185,2018-06-01,standard,0.21
MEM-1921,Mabel Thompson,mabel.thompson1921@example.com,"143 Oak Ave, Akron, OH 46556",1992-07-03,9921,2016-12-01,standard,0.27
MEM-1922,Umar Nowak,umar.nowak1922@example.com,"599 Orchard Ave, Columbus, OH 45557",1991-07-02,1290,2022-05-01,standard,0.06
MEM-1923,Otis Sanchez,otis.sanchez1923@example.com,"510 Ferry St, Toledo, OH 46443",1987-10-03,9746,2017-05-01,standard,0.33
MEM-1924,Zoe Al-Sayed,zoe.al.sayed1924@example.com,"194 Summit Ave, Toledo, OH 44868",1988-03-16,7305,2015-09-01,standard,0.34
MEM-1925,Yosef Hill,yosef.hill1925@example.com,"127 Maple St, Erie, PA 46721",1971-06-08,8138,2022-10-01,standard,0.22
MEM-1926,Aisha Walker,aisha.walker1926@example.com,"87 Harbor Rd, Dayton, OH 44612",1985-02-25,1544,2018-03-01,standard,0.14
MEM-1927,Dolores Baker,dolores.baker1927@example.com,"575 Ferry St, Sandusky, OH 49285",1955-05-16,6607,2019-05-01,standard,0.15
MEM-1928,Vera Perez,vera.perez1928@example.com,"407 Canal Rd, Columbus, OH 43317",1984-05-28,3412,2024-10-01,standard,0.39
MEM-1929,Nellie Flores,nellie.flores1929@example.com,"735 Foundry St, Bowling Green, OH 43546",1998-11-02,2337,2018-08-01,standard,0.08
MEM-1930,Jamal Lewis,jamal.lewis1930@example.com,"785 Airline Rd, Toledo, OH 46037",1983-06-27,2558,2021-10-01,standard,0.01
MEM-1931,Nellie Baker,nellie.baker1931@example.com,"717 Meadow Ln, Kalamazoo, MI 46968",2002-02-26,1322,2020-08-01,standard,0.33
MEM-1932,Flo Green,flo.green1932@example.com,"816 Foundry St, Sandusky, OH 43531",1982-03-28,3871,2015-06-01,standard,0.27
MEM-1933,Arthur Wright,arthur.wright1933@example.com,"839 Foundry St, Bowling Green, OH 49572",1991-05-08,5641,2022-01-01,standard,0.32
MEM-1934,Ray Lopez,ray.lopez1934@example.com,"178 Willow Pass, Columbus, OH 45506",1990-08-12,3710,2016-02-01,standard,0.19
MEM-1935,Yosef Miller,yosef.miller1935@example.com,"460 Prairie Ln, Bowling Green, OH 44038",1984-09-11,9474,2021-11-01,standard,0.19
MEM-1936,Yosef Womack,yosef.womack1936@example.com,"460 Cedar Blvd, Akron, OH 49774",1959-03-22,7975,2015-12-01,standard,0.15
MEM-1937,Dolores Thomas,dolores.thomas1937@example.com,"112 Harbor Rd, South Bend, IN 44200",1963-09-23,9165,2022-10-01,standard,0.02
MEM-1938,Keiko Flores,keiko.flores1938@example.com,"163 Oak Ave, Ann Arbor, MI 46343",1965-07-17,8727,2017-03-01,standard,0.01
MEM-1939,Ingrid Lewis,ingrid.lewis1939@example.com,"784 Airline Rd, South Bend, IN 43488",1965-06-08,8863,2016-07-01,standard,0.11
MEM-1940,Zoe Flores,zoe.flores1940@example.com,"940 Cedar Blvd, Findlay, OH 48868",1965-01-01,3952,2025-02-01,standard,0.08
MEM-1941,Quinn Brzezinski,quinn.brzezinski1941@example.com,"556 Elm Ct, Bowling Green, OH 44262",1974-02-21,9320,2023-05-01,standard,0.27
MEM-1942,DeShawn Walker,deshawn.walker1942@example.com,"356 Summit Ave, Ann Arbor, MI 49134",1965-11-10,3666,2018-09-01,standard,0.01
MEM-1943,Vera Hill,vera.hill1943@example.com,"298 Airline Rd, Erie, PA 46017",1964-09-03,9396,2015-03-01,standard,0.25
MEM-1944,Arthur Thompson,arthur.thompson1944@example.com,"128 Willow Pass, Toledo, OH 47949",2003-01-17,6810,2025-04-01,standard,0.05
MEM-1945,Aisha Adams,aisha.adams1945@example.com,"141 Oak Ave, Dayton, OH 43445",1986-08-06,3311,2019-02-01,standard,0.1
MEM-1946,Flo Okafor-Reyes,flo.okafor.reyes1946@example.com,"773 Airline Rd, Dayton, OH 49078",1998-03-17,4503,2021-05-01,standard,0.02
MEM-1947,Ivan Baker,ivan.baker1947@example.com,"281 Meadow Ln, Bowling Green, OH 44725",1957-10-27,8752,2017-04-01,standard,0.14
MEM-1948,Fatima Martinez,fatima.martinez1948@example.com,"524 Summit Ave, Fort Wayne, IN 45484",1989-06-22,5574,2023-04-01,standard,0.19
MEM-1949,DeShawn Hernandez,deshawn.hernandez1949@example.com,"924 Balloon Way, Bowling Green, OH 43428",1989-11-10,2013,2025-06-01,standard,0.28
MEM-1950,Ernesto Thomas,ernesto.thomas1950@example.com,"628 Airline Rd, Fort Wayne, IN 46627",1973-08-03,2627,2025-07-01,standard,0.18
MEM-1951,Luis Green,luis.green1951@example.com,"576 Oak Ave, Kalamazoo, MI 48773",2001-11-16,3792,2019-12-01,golden_goose,0.34
MEM-1952,Yosef Patel,yosef.patel1952@example.com,"470 Lakeview Dr, Toledo, OH 49358",2003-02-16,9618,2023-08-01,standard,0.15
MEM-1953,Nellie King,nellie.king1953@example.com,"614 Maple St, Ann Arbor, MI 46279",1993-11-26,6307,2020-11-01,standard,0.33
MEM-1954,Rosa Al-Sayed,rosa.al.sayed1954@example.com,"257 Ferry St, South Bend, IN 44951",1989-11-10,2895,2025-11-01,golden_goose,0.03
MEM-1955,Paloma Womack,paloma.womack1955@example.com,"415 Prairie Ln, Kalamazoo, MI 43140",1995-12-28,6646,2024-02-01,standard,0.08
MEM-1956,Keiko Hernandez,keiko.hernandez1956@example.com,"783 Elm Ct, Findlay, OH 48020",1994-04-02,7601,2021-12-01,standard,0.27
MEM-1957,Omar Brown,omar.brown1957@example.com,"127 Willow Pass, Ann Arbor, MI 46239",1987-02-11,9630,2020-06-01,standard,0.25
MEM-1958,Jamal Womack,jamal.womack1958@example.com,"865 Airline Rd, Bowling Green, OH 46961",2003-10-21,6522,2016-07-01,standard,0.34
MEM-1959,Nellie Brzezinski,nellie.brzezinski1959@example.com,"807 Orchard Ave, Columbus, OH 44208",1959-01-01,6018,2023-03-01,standard,0.15
MEM-1960,Quinn Wright,quinn.wright1960@example.com,"491 Elm Ct, Columbus, OH 47923",1993-06-21,9409,2018-10-01,golden_goose,0.36
MEM-1961,Otis Womack,otis.womack1961@example.com,"873 Foundry St, Kalamazoo, MI 48579",1981-05-02,4448,2024-08-01,standard,0.14
MEM-1962,Tina Kowalczyk,tina.kowalczyk1962@example.com,"562 Prairie Ln, Toledo, OH 43616",1987-09-09,3359,2020-01-01,standard,0.28
MEM-1963,Margaret Wilson,margaret.wilson1963@example.com,"307 Balloon Way, Kalamazoo, MI 45244",1986-08-24,2890,2018-03-01,standard,0.31
MEM-1964,Tomasz Thompson,tomasz.thompson1964@example.com,"743 Balloon Way, Bowling Green, OH 45669",1961-06-22,3194,2019-02-01,golden_goose,0.31
MEM-1965,Paloma Okafor-Reyes,paloma.okafor.reyes1965@example.com,"157 Balloon Way, Akron, OH 47412",1997-03-23,8205,2024-11-01,standard,0.13
MEM-1966,Ernesto Garcia,ernesto.garcia1966@example.com,"817 Willow Pass, Findlay, OH 48107",1955-11-16,1535,2016-04-01,standard,0.06
MEM-1967,Tina Patel,tina.patel1967@example.com,"281 Lakeview Dr, Columbus, OH 49724",1965-10-28,5087,2023-11-01,golden_goose,0.14
MEM-1968,Aisha Baker,aisha.baker1968@example.com,"111 Airline Rd, Bowling Green, OH 49056",1957-03-01,2161,2017-04-01,standard,0.35
MEM-1969,Jamal Miller,jamal.miller1969@example.com,"297 Summit Ave, Bowling Green, OH 49211",1955-09-17,3956,2021-08-01,standard,0.31
MEM-1970,Tomasz Davis,tomasz.davis1970@example.com,"329 Meadow Ln, Akron, OH 44794",1997-07-09,9678,2016-02-01,standard,0.03
MEM-1971,Vera Al-Sayed,vera.al.sayed1971@example.com,"332 Ferry St, South Bend, IN 43493",1970-08-18,4975,2019-11-01,standard,0.23
MEM-1972,Curtis Green,curtis.green1972@example.com,"271 Harbor Rd, Columbus, OH 45720",1967-05-25,6236,2020-10-01,standard,0.23
MEM-1973,Quinn Sanchez,quinn.sanchez1973@example.com,"900 Elm Ct, Columbus, OH 46710",1977-04-09,7464,2015-08-01,golden_goose,0.3
MEM-1974,Harriet Sanchez,harriet.sanchez1974@example.com,"649 Elm Ct, Erie, PA 44851",1975-03-12,3324,2018-04-01,standard,0.14
MEM-1975,Ingrid Perez,ingrid.perez1975@example.com,"791 Orchard Ave, Akron, OH 49631",1967-02-08,6852,2019-02-01,standard,0.32
MEM-1976,Wes King,wes.king1976@example.com,"116 Lakeview Dr, Bowling Green, OH 45615",2000-10-06,5348,2019-05-01,standard,0.4
MEM-1977,Yuki Anderson,yuki.anderson1977@example.com,"635 Willow Pass, Fort Wayne, IN 48246",1969-10-28,3262,2015-03-01,standard,0.03
MEM-1978,DeShawn Nguyen,deshawn.nguyen1978@example.com,"293 Ferry St, Akron, OH 43128",1985-03-20,3737,2017-03-01,standard,0.09
MEM-1979,Lamar Thomas,lamar.thomas1979@example.com,"182 Canal Rd, Kalamazoo, MI 45381",1976-03-20,7909,2023-05-01,standard,0.13
MEM-1980,Ivan Brzezinski,ivan.brzezinski1980@example.com,"502 Canal Rd, Findlay, OH 47258",1965-07-26,7098,2022-06-01,standard,0.17
MEM-1981,Nellie Wilson,nellie.wilson1981@example.com,"602 Cedar Blvd, Bowling Green, OH 48829",1978-05-12,6047,2018-03-01,standard,0.24
MEM-1982,Margaret Thompson,margaret.thompson1982@example.com,"103 Foundry St, Kalamazoo, MI 44864",1963-11-22,3331,2018-05-01,standard,0
MEM-1983,Arthur Lewis,arthur.lewis1983@example.com,"889 Orchard Ave, Findlay, OH 48736",1994-03-28,2412,2021-09-01,standard,0.04
MEM-1984,Flo Lee,flo.lee1984@example.com,"787 Willow Pass, Kalamazoo, MI 49680",2001-10-10,2353,2019-05-01,standard,0.09
MEM-1985,Ximena Brzezinski,ximena.brzezinski1985@example.com,"812 Elm Ct, Akron, OH 45267",1987-08-11,4707,2022-11-01,standard,0.28
MEM-1986,Ray Lewis,ray.lewis1986@example.com,"359 Oak Ave, Erie, PA 46624",1992-05-04,1389,2017-10-01,standard,0.2
MEM-1987,Curtis Okafor-Reyes,curtis.okafor.reyes1987@example.com,"213 Willow Pass, Toledo, OH 46686",1997-05-16,6011,2016-06-01,standard,0.35
MEM-1988,Ximena Hill,ximena.hill1988@example.com,"13 Orchard Ave, Bowling Green, OH 45986",1979-04-12,2858,2022-05-01,standard,0.05
MEM-1989,Tina Wilson,tina.wilson1989@example.com,"527 Cedar Blvd, Sandusky, OH 46414",1990-10-03,7219,2024-06-01,standard,0.07
MEM-1990,Ivan Johnson,ivan.johnson1990@example.com,"919 Elm Ct, Kalamazoo, MI 49670",2003-11-15,8074,2022-09-01,standard,0.32
MEM-1991,Nadia Patel,nadia.patel1991@example.com,"807 Balloon Way, Erie, PA 49449",1968-11-04,2048,2016-10-01,standard,0.11
MEM-1992,Ingrid Harris,ingrid.harris1992@example.com,"986 Prairie Ln, Bowling Green, OH 45510",2001-05-12,7698,2021-11-01,standard,0.18
MEM-1993,Nadia Okafor-Reyes,nadia.okafor.reyes1993@example.com,"744 Lakeview Dr, Akron, OH 47931",1972-07-24,3273,2015-08-01,golden_goose,0.26
MEM-1994,Fatima Ramirez,fatima.ramirez1994@example.com,"225 Ferry St, Columbus, OH 43921",1998-02-01,2714,2022-04-01,standard,0.12
MEM-1995,Aisha Hill,aisha.hill1995@example.com,"934 Ferry St, Columbus, OH 46708",1998-11-08,5487,2023-01-01,standard,0.03
MEM-1996,Otis Wright,otis.wright1996@example.com,"911 Prairie Ln, Findlay, OH 45176",1973-01-23,4250,2018-03-01,standard,0.33
MEM-1997,Yosef Jackson,yosef.jackson1997@example.com,"815 Ferry St, Kalamazoo, MI 48483",1985-07-03,7704,2020-03-01,standard,0.03
MEM-1998,Yosef Tanaka,yosef.tanaka1998@example.com,"508 Maple St, Findlay, OH 44965",1978-03-03,8550,2021-08-01,standard,0
MEM-1999,Dolores Lewis,dolores.lewis1999@example.com,"982 Balloon Way, Findlay, OH 45140",1968-09-10,8104,2016-02-01,standard,0.35
MEM-2000,Zoe Clark,zoe.clark2000@example.com,"911 Harbor Rd, South Bend, IN 43007",1969-10-03,6856,2017-12-01,standard,0.05
