id,channel,sku_id,qty,amount_usd,status,promo_code,customer_email,placed_at
ORD-100001,dtc,KRAK-01,1,129,shipped,,chen.scott@example.com,-42521
ORD-100002,dtc,SWAN-XL,1,89,shipped,,lamar.lewis@example.com,-41981
ORD-100003,dtc,UNIC-01,1,79,shipped,,greg.thompson@example.com,-41980
ORD-100004,dtc,SWAN-XL,1,89,shipped,,quinn.thomas@example.com,-42536
ORD-100005,dtc,PIZZ-XL,1,49,shipped,,dolores.harris@example.com,-42500
ORD-100006,dtc,KIT-HEL,1,34,shipped,,wes.torres@example.com,-42310
ORD-100007,dtc,KRAK-01,1,129,shipped,,rosa.anderson@example.com,-41895
ORD-100008,dtc,SWAN-XL,4,356,shipped,,kitty.robinson@example.com,-42488
ORD-100009,dtc,SWAN-XL,1,89,shipped,,bob.anderson@example.com,-42433
ORD-100010,dtc,SWAN-XL,1,89,shipped,,deshawn.nowak@example.com,-42257
ORD-100011,dtc,DONUT-2,1,59,shipped,,nadia.allen@example.com,-42596
ORD-100012,dtc,UNIC-01,1,79,shipped,,ingrid.martin@example.com,-42243
ORD-100013,dtc,UNIC-01,1,79,shipped,,mabel.clark@example.com,-42676
ORD-100014,dtc,SWAN-XL,1,89,shipped,,omar.garcia@example.com,-42603
ORD-100015,dtc,DONUT-2,1,59,shipped,,quinn.clark@example.com,-42732
ORD-100016,dtc,SWAN-XL,1,89,shipped,,greg.walker@example.com,-42166
ORD-100017,dtc,DONUT-2,1,59,shipped,,ingrid.martin@example.com,-41959
ORD-100018,dtc,SWAN-XL,1,89,shipped,,harriet.nguyen@example.com,-42419
ORD-100019,dtc,PIZZ-XL,1,49,shipped,,mo.wilson@example.com,-42604
ORD-100020,dtc,SWAN-XL,1,89,shipped,,keiko.nowak@example.com,-41869
ORD-100021,dtc,SWAN-XL,1,89,shipped,,arthur.brzezinski@example.com,-42766
ORD-100022,dtc,KRAK-01,1,129,shipped,,wes.scott@example.com,-41895
ORD-100023,dtc,UNIC-01,1,79,shipped,,jerome.kim@example.com,-42183
ORD-100024,dtc,KIT-HEL,1,34,shipped,,hannah.tanaka@example.com,-41966
ORD-100025,dtc,KIT-HEL,1,34,shipped,,omar.moore@example.com,-42353
ORD-100026,dtc,PIZZ-XL,1,49,shipped,,vera.garcia@example.com,-41857
ORD-100027,dtc,KIT-HEL,1,34,shipped,,deshawn.hernandez@example.com,-42473
ORD-100028,dtc,KIT-HEL,1,34,shipped,,hannah.sanchez@example.com,-42496
ORD-100029,dtc,SWAN-XL,1,89,shipped,,hannah.brown@example.com,-42644
ORD-100030,dtc,SWAN-XL,4,356,shipped,,tomasz.baker@example.com,-42153
ORD-100031,dtc,KRAK-01,1,129,shipped,,ivan.thomas@example.com,-41824
ORD-100032,dtc,PIZZ-XL,1,49,shipped,,chen.walker@example.com,-42538
ORD-100033,dtc,DONUT-2,1,59,shipped,,ximena.smith@example.com,-42688
ORD-100034,dtc,KIT-HEL,1,34,shipped,,kitty.lopez@example.com,-42448
ORD-100035,dtc,PIZZ-XL,1,49,shipped,,rosa.lopez@example.com,-42670
ORD-100036,dtc,DONUT-2,1,59,shipped,,vera.thomas@example.com,-42705
ORD-100037,dtc,KRAK-01,1,129,shipped,,bob.tanaka@example.com,-42164
ORD-100038,dtc,SWAN-XL,1,89,shipped,,hannah.tanaka@example.com,-42498
ORD-100039,dtc,KIT-HEL,1,34,shipped,,chen.harris@example.com,-42526
ORD-100040,dtc,SWAN-XL,1,89,shipped,,curtis.flores@example.com,-42658
ORD-100041,dtc,SWAN-XL,1,89,shipped,,greg.smith@example.com,-41907
ORD-100042,dtc,PIZZ-XL,1,49,shipped,,ingrid.lewis@example.com,-42198
ORD-100043,dtc,SWAN-XL,1,89,shipped,,priya.allen@example.com,-42046
ORD-100044,dtc,SWAN-XL,1,89,shipped,,linda.thompson@example.com,-42144
ORD-100045,dtc,PIZZ-XL,1,49,shipped,,ximena.kowalczyk@example.com,-42155
ORD-100046,dtc,SWAN-XL,1,89,shipped,,bettye.wright@example.com,-42563
ORD-100047,dtc,DONUT-2,1,59,shipped,,quinn.patel@example.com,-42483
ORD-100048,dtc,PIZZ-XL,1,49,shipped,,lamar.nguyen@example.com,-42407
ORD-100049,dtc,DONUT-2,1,59,shipped,,mabel.miller@example.com,-42259
ORD-100050,dtc,SWAN-XL,1,89,shipped,,aisha.nguyen@example.com,-41879
ORD-100051,dtc,DONUT-2,1,59,shipped,,bettye.young@example.com,-42055
ORD-100052,dtc,UNIC-01,1,79,shipped,,margaret.thompson@example.com,-41911
ORD-100053,dtc,KRAK-01,1,129,shipped,,nadia.allen@example.com,-42736
ORD-100054,dtc,KRAK-01,4,516,shipped,,priya.robinson@example.com,-42496
ORD-100055,dtc,UNIC-01,1,79,shipped,,otis.allen@example.com,-42024
ORD-100056,dtc,SWAN-XL,1,89,shipped,,nadia.tanaka@example.com,-42604
ORD-100057,dtc,UNIC-01,1,79,shipped,,zoe.jackson@example.com,-42512
ORD-100058,dtc,SWAN-XL,1,89,shipped,,wes.davis@example.com,-42503
ORD-100059,dtc,KRAK-01,1,129,shipped,,otis.davis@example.com,-42366
ORD-100060,dtc,KIT-HEL,1,34,shipped,,jerome.nguyen@example.com,-42506
ORD-100061,dtc,UNIC-01,1,79,shipped,,ivan.nowak@example.com,-42765
ORD-100062,dtc,KIT-HEL,1,34,shipped,,ivan.womack@example.com,-41861
ORD-100063,dtc,SWAN-XL,1,89,shipped,,umar.perez@example.com,-42356
ORD-100064,dtc,UNIC-01,1,79,shipped,,mo.perez@example.com,-42571
ORD-100065,dtc,UNIC-01,2,158,shipped,,bettye.moore@example.com,-42119
ORD-100066,dtc,PIZZ-XL,1,49,shipped,,ivan.johnson@example.com,-42474
ORD-100067,dtc,SWAN-XL,1,89,shipped,,flo.martin@example.com,-41956
ORD-100068,dtc,SWAN-XL,1,89,shipped,,rosa.kim@example.com,-42517
ORD-100069,dtc,UNIC-01,1,79,shipped,,omar.green@example.com,-42337
ORD-100070,dtc,KIT-HEL,1,34,shipped,,zoe.johnson@example.com,-42752
ORD-100071,dtc,SWAN-XL,1,89,shipped,,dolores.davis@example.com,-42392
ORD-100072,dtc,KIT-HEL,1,34,shipped,,pearl.lopez@example.com,-41956
ORD-100073,dtc,SWAN-XL,1,89,shipped,,jamal.alsayed@example.com,-41857
ORD-100074,dtc,SWAN-XL,1,89,shipped,,luis.hernandez@example.com,-41951
ORD-100075,dtc,DONUT-2,1,59,shipped,,lamar.miller@example.com,-42394
ORD-100076,dtc,SWAN-XL,1,89,shipped,,flo.white@example.com,-42214
ORD-100077,dtc,PIZZ-XL,1,49,shipped,,omar.baker@example.com,-41863
ORD-100078,dtc,KIT-HEL,1,34,shipped,,ingrid.walker@example.com,-42770
ORD-100079,dtc,PIZZ-XL,1,49,shipped,,hannah.martinez@example.com,-42095
ORD-100080,dtc,SWAN-XL,1,89,shipped,,zoe.womack@example.com,-42770
ORD-100081,dtc,PIZZ-XL,1,49,shipped,,lamar.lee@example.com,-41866
ORD-100082,dtc,SWAN-XL,1,89,shipped,,priya.moore@example.com,-42779
ORD-100083,dtc,KRAK-01,1,129,shipped,,otis.lee@example.com,-42447
ORD-100084,dtc,DONUT-2,2,118,shipped,,tomasz.alsayed@example.com,-42074
ORD-100085,dtc,UNIC-01,1,79,shipped,,dolores.hernandez@example.com,-41861
ORD-100086,dtc,DONUT-2,1,59,shipped,,vera.clark@example.com,-42048
ORD-100087,dtc,UNIC-01,4,316,shipped,,gus.brzezinski@example.com,-42606
ORD-100088,dtc,DONUT-2,1,59,shipped,,ray.alsayed@example.com,-41871
ORD-100089,dtc,KIT-HEL,1,34,shipped,,otis.green@example.com,-42016
ORD-100090,dtc,PIZZ-XL,1,49,shipped,,gus.harris@example.com,-42403
ORD-100091,dtc,PIZZ-XL,1,49,shipped,,arthur.torres@example.com,-42169
ORD-100092,dtc,UNIC-01,1,79,shipped,,linda.brzezinski@example.com,-42101
ORD-100093,dtc,SWAN-XL,1,89,shipped,,margaret.perez@example.com,-41969
ORD-100094,dtc,PIZZ-XL,1,49,shipped,,luis.thompson@example.com,-41851
ORD-100095,dtc,PIZZ-XL,1,49,shipped,,tomasz.sanchez@example.com,-42383
ORD-100096,dtc,SWAN-XL,1,89,shipped,,ivan.nguyen@example.com,-42046
ORD-100097,dtc,SWAN-XL,1,89,shipped,,paloma.lee@example.com,-42674
ORD-100098,dtc,PIZZ-XL,1,49,shipped,,tomasz.young@example.com,-42095
ORD-100099,dtc,PIZZ-XL,1,49,shipped,,curtis.wilson@example.com,-42537
ORD-100100,dtc,KIT-HEL,1,34,shipped,,quinn.womack@example.com,-42055
ORD-100101,dtc,SWAN-XL,1,89,shipped,,carlos.hill@example.com,-41891
ORD-100102,dtc,SWAN-XL,1,89,shipped,,luis.martin@example.com,-41999
ORD-100103,dtc,SWAN-XL,1,89,shipped,,mabel.kowalczyk@example.com,-42609
ORD-100104,dtc,SWAN-XL,1,89,shipped,,mo.thompson@example.com,-42650
ORD-100105,dtc,SWAN-XL,1,89,shipped,,umar.allen@example.com,-42317
ORD-100106,dtc,UNIC-01,1,79,shipped,,pearl.nowak@example.com,-42134
ORD-100107,dtc,KIT-HEL,1,34,shipped,,fatima.garcia@example.com,-41954
ORD-100108,dtc,KIT-HEL,1,34,shipped,,nadia.torres@example.com,-42101
ORD-100109,dtc,UNIC-01,1,79,shipped,,linda.miller@example.com,-42575
ORD-100110,dtc,SWAN-XL,1,89,shipped,,ray.tanaka@example.com,-42548
ORD-100111,dtc,SWAN-XL,1,89,shipped,,ximena.hill@example.com,-42398
ORD-100112,dtc,SWAN-XL,1,89,shipped,,nellie.martinez@example.com,-42667
ORD-100113,dtc,DONUT-2,1,59,shipped,,ivan.smith@example.com,-42344
ORD-100114,dtc,SWAN-XL,1,89,shipped,,fatima.lopez@example.com,-40438
ORD-100115,dtc,DONUT-2,1,59,shipped,,mo.walker@example.com,-40662
ORD-100116,dtc,KIT-HEL,1,34,shipped,,pearl.wilson@example.com,-41134
ORD-100117,dtc,PIZZ-XL,1,49,shipped,,tina.ramirez@example.com,-40939
ORD-100118,dtc,KIT-HEL,1,34,shipped,,chen.kowalczyk@example.com,-40785
ORD-100119,dtc,DONUT-2,1,59,shipped,,bettye.okaforreyes@example.com,-41006
ORD-100120,dtc,KIT-HEL,1,34,shipped,,nellie.young@example.com,-40652
ORD-100121,dtc,SWAN-XL,1,89,shipped,,carlos.lopez@example.com,-40588
ORD-100122,dtc,PIZZ-XL,1,49,shipped,,mabel.jackson@example.com,-41081
ORD-100123,dtc,SWAN-XL,1,89,shipped,,bettye.thomas@example.com,-40897
ORD-100124,dtc,SWAN-XL,2,178,shipped,,linda.sanchez@example.com,-40980
ORD-100125,dtc,DONUT-2,1,59,shipped,,paloma.okaforreyes@example.com,-40591
ORD-100126,dtc,DONUT-2,1,59,shipped,,luis.kowalczyk@example.com,-41100
ORD-100127,dtc,KRAK-01,1,129,shipped,,wes.brown@example.com,-40795
ORD-100128,dtc,DONUT-2,1,59,shipped,,otis.smith@example.com,-40670
ORD-100129,dtc,KIT-HEL,1,34,shipped,,tina.allen@example.com,-41194
ORD-100130,dtc,SWAN-XL,1,89,shipped,,ingrid.osei@example.com,-40486
ORD-100131,dtc,PIZZ-XL,1,49,shipped,,vera.perez@example.com,-41179
ORD-100132,dtc,SWAN-XL,1,89,shipped,,mo.flores@example.com,-40756
ORD-100133,dtc,KIT-HEL,1,34,shipped,,kitty.green@example.com,-40473
ORD-100134,dtc,SWAN-XL,1,89,shipped,,lamar.martinez@example.com,-40522
ORD-100135,dtc,PIZZ-XL,1,49,shipped,,linda.martin@example.com,-40603
ORD-100136,dtc,SWAN-XL,1,89,shipped,,tomasz.patel@example.com,-40560
ORD-100137,dtc,SWAN-XL,1,89,shipped,,mabel.tanaka@example.com,-40796
ORD-100138,dtc,DONUT-2,1,59,shipped,,priya.garcia@example.com,-41223
ORD-100139,dtc,PIZZ-XL,1,49,shipped,,ingrid.johnson@example.com,-40544
ORD-100140,dtc,KRAK-01,1,129,shipped,,aisha.anderson@example.com,-40975
ORD-100141,dtc,SWAN-XL,1,89,shipped,,kitty.flores@example.com,-40992
ORD-100142,dtc,DONUT-2,1,59,shipped,,deshawn.scott@example.com,-41173
ORD-100143,dtc,KIT-HEL,1,34,shipped,,pearl.okaforreyes@example.com,-41195
ORD-100144,dtc,SWAN-XL,1,89,shipped,,nadia.anderson@example.com,-40653
ORD-100145,dtc,SWAN-XL,1,89,shipped,,linda.green@example.com,-40514
ORD-100146,dtc,SWAN-XL,1,89,shipped,,tina.adams@example.com,-40452
ORD-100147,dtc,SWAN-XL,1,89,shipped,,vera.nowak@example.com,-40694
ORD-100148,dtc,DONUT-2,1,59,shipped,,rosa.womack@example.com,-40844
ORD-100149,dtc,SWAN-XL,1,89,shipped,,wes.jackson@example.com,-41304
ORD-100150,dtc,SWAN-XL,1,89,shipped,,mabel.wilson@example.com,-41321
ORD-100151,dtc,UNIC-01,1,79,shipped,,bettye.nowak@example.com,-40702
ORD-100152,dtc,UNIC-01,1,79,shipped,,chen.smith@example.com,-41089
ORD-100153,dtc,PIZZ-XL,1,49,shipped,,zoe.garcia@example.com,-40585
ORD-100154,dtc,SWAN-XL,1,89,shipped,,harriet.moore@example.com,-40562
ORD-100155,dtc,PIZZ-XL,1,49,shipped,,dolores.jackson@example.com,-40607
ORD-100156,dtc,SWAN-XL,1,89,shipped,,lamar.womack@example.com,-41017
ORD-100157,dtc,KIT-HEL,1,34,shipped,,paloma.kim@example.com,-40896
ORD-100158,dtc,SWAN-XL,1,89,shipped,,nadia.hill@example.com,-40385
ORD-100159,dtc,SWAN-XL,1,89,shipped,,zoe.allen@example.com,-40958
ORD-100160,dtc,SWAN-XL,1,89,shipped,,paloma.white@example.com,-40476
ORD-100161,dtc,SWAN-XL,1,89,shipped,,priya.robinson@example.com,-40883
ORD-100162,dtc,SWAN-XL,1,89,shipped,,dolores.ramirez@example.com,-40973
ORD-100163,dtc,PIZZ-XL,1,49,shipped,,quinn.patel@example.com,-40991
ORD-100164,dtc,KIT-HEL,2,68,shipped,,keiko.martin@example.com,-40877
ORD-100165,dtc,UNIC-01,1,79,shipped,,pearl.hernandez@example.com,-40558
ORD-100166,dtc,PIZZ-XL,1,49,shipped,,gus.lopez@example.com,-40956
ORD-100167,dtc,UNIC-01,1,79,shipped,,omar.ramirez@example.com,-40545
ORD-100168,dtc,UNIC-01,4,316,shipped,,quinn.brown@example.com,-41010
ORD-100169,dtc,KIT-HEL,1,34,shipped,,flo.okaforreyes@example.com,-40739
ORD-100170,dtc,UNIC-01,1,79,shipped,,arthur.patel@example.com,-40862
ORD-100171,dtc,SWAN-XL,3,267,shipped,,tina.walker@example.com,-41274
ORD-100172,dtc,KIT-HEL,1,34,shipped,,ximena.miller@example.com,-40629
ORD-100173,dtc,SWAN-XL,1,89,shipped,,greg.alsayed@example.com,-40973
ORD-100174,dtc,PIZZ-XL,1,49,shipped,,vera.patel@example.com,-40575
ORD-100175,dtc,KIT-HEL,1,34,shipped,,pearl.torres@example.com,-40747
ORD-100176,dtc,SWAN-XL,1,89,shipped,,pearl.patel@example.com,-40777
ORD-100177,dtc,SWAN-XL,1,89,shipped,,margaret.osei@example.com,-40452
ORD-100178,dtc,SWAN-XL,1,89,shipped,,tina.osei@example.com,-41210
ORD-100179,dtc,KRAK-01,1,129,shipped,,ximena.garcia@example.com,-40869
ORD-100180,dtc,SWAN-XL,1,89,shipped,,omar.brzezinski@example.com,-41121
ORD-100181,dtc,PIZZ-XL,1,49,shipped,,margaret.adams@example.com,-40576
ORD-100182,dtc,DONUT-2,1,59,shipped,,curtis.martinez@example.com,-40399
ORD-100183,dtc,SWAN-XL,1,89,shipped,,ingrid.sanchez@example.com,-41180
ORD-100184,dtc,UNIC-01,1,79,shipped,,ernesto.nowak@example.com,-40786
ORD-100185,dtc,KIT-HEL,1,34,shipped,,luis.wright@example.com,-40672
ORD-100186,dtc,UNIC-01,1,79,shipped,,otis.hill@example.com,-40687
ORD-100187,dtc,KIT-HEL,1,34,shipped,,mabel.scott@example.com,-41304
ORD-100188,dtc,KIT-HEL,1,34,shipped,,priya.white@example.com,-40967
ORD-100189,dtc,DONUT-2,4,236,shipped,,mo.garcia@example.com,-41080
ORD-100190,dtc,UNIC-01,1,79,shipped,,tomasz.hernandez@example.com,-41192
ORD-100191,dtc,SWAN-XL,1,89,shipped,,yuki.johnson@example.com,-40889
ORD-100192,dtc,PIZZ-XL,1,49,shipped,,ximena.flores@example.com,-40974
ORD-100193,dtc,SWAN-XL,1,89,shipped,,tomasz.thompson@example.com,-40884
ORD-100194,dtc,KRAK-01,3,387,shipped,,umar.sanchez@example.com,-40785
ORD-100195,dtc,SWAN-XL,1,89,shipped,,carlos.jackson@example.com,-41271
ORD-100196,dtc,KRAK-01,1,129,shipped,,curtis.martin@example.com,-40900
ORD-100197,dtc,KRAK-01,1,129,shipped,,quinn.smith@example.com,-40613
ORD-100198,dtc,SWAN-XL,1,89,shipped,,ximena.alsayed@example.com,-40998
ORD-100199,dtc,SWAN-XL,1,89,shipped,,linda.moore@example.com,-40818
ORD-100200,dtc,PIZZ-XL,1,49,shipped,,quinn.green@example.com,-40471
ORD-100201,dtc,PIZZ-XL,1,49,shipped,,stan.white@example.com,-40522
ORD-100202,dtc,UNIC-01,1,79,shipped,,arthur.womack@example.com,-40471
ORD-100203,dtc,UNIC-01,1,79,shipped,,umar.patel@example.com,-40890
ORD-100204,dtc,PIZZ-XL,4,196,shipped,,hannah.brzezinski@example.com,-40498
ORD-100205,dtc,PIZZ-XL,1,49,shipped,,vera.green@example.com,-40624
ORD-100206,dtc,SWAN-XL,1,89,shipped,,luis.davis@example.com,-40530
ORD-100207,dtc,SWAN-XL,1,89,shipped,,ernesto.adams@example.com,-41258
ORD-100208,dtc,SWAN-XL,2,178,shipped,,zoe.white@example.com,-40936
ORD-100209,dtc,SWAN-XL,1,89,shipped,,lamar.lee@example.com,-41089
ORD-100210,dtc,PIZZ-XL,1,49,shipped,,dolores.robinson@example.com,-40630
ORD-100211,dtc,PIZZ-XL,1,49,shipped,,jamal.green@example.com,-41192
ORD-100212,dtc,DONUT-2,1,59,shipped,,harriet.lopez@example.com,-40558
ORD-100213,dtc,UNIC-01,1,79,shipped,,chen.martinez@example.com,-40911
ORD-100214,dtc,DONUT-2,1,59,shipped,,omar.torres@example.com,-40395
ORD-100215,dtc,SWAN-XL,2,178,shipped,,bob.green@example.com,-40764
ORD-100216,dtc,DONUT-2,1,59,shipped,,carlos.flores@example.com,-41325
ORD-100217,dtc,SWAN-XL,1,89,shipped,,ernesto.ramirez@example.com,-41155
ORD-100218,dtc,UNIC-01,2,158,shipped,,ray.garcia@example.com,-40627
ORD-100219,dtc,UNIC-01,1,79,shipped,,jamal.hill@example.com,-40417
ORD-100220,dtc,SWAN-XL,1,89,shipped,,quinn.martin@example.com,-41323
ORD-100221,dtc,UNIC-01,1,79,shipped,,aisha.lee@example.com,-40765
ORD-100222,dtc,SWAN-XL,1,89,shipped,,ernesto.davis@example.com,-40590
ORD-100223,dtc,KRAK-01,1,129,shipped,,wes.moore@example.com,-40644
ORD-100224,dtc,SWAN-XL,3,267,shipped,,umar.miller@example.com,-40837
ORD-100225,dtc,DONUT-2,1,59,shipped,,flo.green@example.com,-41153
ORD-100226,dtc,KRAK-01,1,129,shipped,,jamal.nguyen@example.com,-41270
ORD-100227,dtc,UNIC-01,1,79,shipped,,ximena.thomas@example.com,-40848
ORD-100228,dtc,KRAK-01,2,258,shipped,,tina.jackson@example.com,-40726
ORD-100229,dtc,SWAN-XL,4,356,shipped,,nellie.scott@example.com,-40856
ORD-100230,dtc,PIZZ-XL,2,98,shipped,,priya.kowalczyk@example.com,-40747
ORD-100231,dtc,SWAN-XL,1,89,shipped,,lamar.lewis@example.com,-41331
ORD-100232,dtc,SWAN-XL,1,89,shipped,,stan.kim@example.com,-40518
ORD-100233,dtc,KRAK-01,1,129,shipped,,paloma.tanaka@example.com,-40387
ORD-100234,dtc,PIZZ-XL,1,49,shipped,,greg.lopez@example.com,-40687
ORD-100235,dtc,PIZZ-XL,1,49,shipped,,fatima.smith@example.com,-40458
ORD-100236,dtc,UNIC-01,1,79,shipped,,arthur.moore@example.com,-40693
ORD-100237,dtc,UNIC-01,1,79,shipped,,aisha.scott@example.com,-40902
ORD-100238,dtc,SWAN-XL,1,89,shipped,,omar.kim@example.com,-41193
ORD-100239,dtc,UNIC-01,1,79,shipped,,linda.moore@example.com,-39665
ORD-100240,dtc,PIZZ-XL,1,49,shipped,,gus.womack@example.com,-39485
ORD-100241,dtc,PIZZ-XL,1,49,shipped,,ingrid.nowak@example.com,-39240
ORD-100242,dtc,KRAK-01,1,129,shipped,,tina.garcia@example.com,-39039
ORD-100243,dtc,PIZZ-XL,1,49,shipped,,tomasz.davis@example.com,-39223
ORD-100244,dtc,SWAN-XL,1,89,shipped,,luis.garcia@example.com,-39098
ORD-100245,dtc,SWAN-XL,1,89,shipped,,bob.womack@example.com,-39532
ORD-100246,dtc,PIZZ-XL,1,49,shipped,,otis.scott@example.com,-39444
ORD-100247,dtc,DONUT-2,3,177,shipped,,yuki.scott@example.com,-39459
ORD-100248,dtc,KIT-HEL,1,34,shipped,,priya.tanaka@example.com,-39148
ORD-100249,dtc,PIZZ-XL,1,49,shipped,,mabel.flores@example.com,-39564
ORD-100250,dtc,UNIC-01,1,79,shipped,,vera.nguyen@example.com,-39309
ORD-100251,dtc,KIT-HEL,1,34,shipped,,lamar.womack@example.com,-39078
ORD-100252,dtc,KRAK-01,1,129,shipped,,keiko.brown@example.com,-39032
ORD-100253,dtc,SWAN-XL,1,89,shipped,,flo.walker@example.com,-39284
ORD-100254,dtc,SWAN-XL,1,89,shipped,,ray.womack@example.com,-38980
ORD-100255,dtc,KRAK-01,3,387,shipped,,nadia.garcia@example.com,-39237
ORD-100256,dtc,DONUT-2,1,59,shipped,,luis.alsayed@example.com,-38952
ORD-100257,dtc,SWAN-XL,1,89,shipped,,paloma.green@example.com,-39698
ORD-100258,dtc,UNIC-01,4,316,shipped,,greg.lewis@example.com,-39616
ORD-100259,dtc,PIZZ-XL,1,49,shipped,,priya.white@example.com,-39204
ORD-100260,dtc,SWAN-XL,1,89,shipped,,wes.anderson@example.com,-39318
ORD-100261,dtc,PIZZ-XL,1,49,shipped,,nadia.flores@example.com,-39038
ORD-100262,dtc,SWAN-XL,1,89,shipped,,kitty.wilson@example.com,-39499
ORD-100263,dtc,DONUT-2,1,59,shipped,,dolores.baker@example.com,-39004
ORD-100264,dtc,PIZZ-XL,1,49,shipped,,bettye.anderson@example.com,-39088
ORD-100265,dtc,KIT-HEL,1,34,shipped,,margaret.okaforreyes@example.com,-39690
ORD-100266,dtc,KRAK-01,1,129,shipped,,vera.robinson@example.com,-39181
ORD-100267,dtc,UNIC-01,1,79,shipped,,wes.garcia@example.com,-39107
ORD-100268,dtc,SWAN-XL,1,89,shipped,,hannah.nowak@example.com,-39305
ORD-100269,dtc,KIT-HEL,1,34,shipped,,pearl.davis@example.com,-39505
ORD-100270,dtc,SWAN-XL,1,89,shipped,,otis.king@example.com,-39317
ORD-100271,dtc,PIZZ-XL,4,196,shipped,,fatima.walker@example.com,-39208
ORD-100272,dtc,SWAN-XL,1,89,shipped,,greg.tanaka@example.com,-39659
ORD-100273,dtc,DONUT-2,1,59,shipped,,chen.king@example.com,-39110
ORD-100274,dtc,KRAK-01,1,129,shipped,,flo.kowalczyk@example.com,-39522
ORD-100275,dtc,SWAN-XL,3,267,shipped,,luis.johnson@example.com,-39241
ORD-100276,dtc,DONUT-2,1,59,shipped,,otis.smith@example.com,-39351
ORD-100277,dtc,SWAN-XL,1,89,shipped,,mo.perez@example.com,-39462
ORD-100278,dtc,UNIC-01,1,79,shipped,,gus.hill@example.com,-39150
ORD-100279,dtc,UNIC-01,1,79,shipped,,deshawn.moore@example.com,-39279
ORD-100280,dtc,PIZZ-XL,1,49,shipped,,keiko.tanaka@example.com,-39318
ORD-100281,dtc,SWAN-XL,1,89,shipped,,curtis.allen@example.com,-39188
ORD-100282,dtc,KRAK-01,1,129,shipped,,kitty.white@example.com,-39406
ORD-100283,dtc,DONUT-2,1,59,shipped,,mo.thomas@example.com,-39325
ORD-100284,dtc,KIT-HEL,1,34,shipped,,mabel.clark@example.com,-39434
ORD-100285,dtc,PIZZ-XL,1,49,shipped,,mabel.walker@example.com,-39878
ORD-100286,dtc,SWAN-XL,1,89,shipped,,bob.king@example.com,-39174
ORD-100287,dtc,SWAN-XL,1,89,shipped,,dolores.brown@example.com,-39113
ORD-100288,dtc,KIT-HEL,1,34,shipped,,umar.nowak@example.com,-39060
ORD-100289,dtc,DONUT-2,1,59,shipped,,luis.garcia@example.com,-39239
ORD-100290,dtc,SWAN-XL,1,89,shipped,,jerome.womack@example.com,-39884
ORD-100291,dtc,DONUT-2,2,118,shipped,,wes.ramirez@example.com,-39556
ORD-100292,dtc,DONUT-2,4,236,shipped,,bettye.adams@example.com,-39541
ORD-100293,dtc,SWAN-XL,1,89,shipped,,fatima.harris@example.com,-39199
ORD-100294,dtc,KIT-HEL,1,34,shipped,,nadia.walker@example.com,-39658
ORD-100295,dtc,SWAN-XL,1,89,shipped,,curtis.patel@example.com,-39023
ORD-100296,dtc,PIZZ-XL,1,49,shipped,,bettye.flores@example.com,-39119
ORD-100297,dtc,SWAN-XL,1,89,shipped,,lamar.wilson@example.com,-39226
ORD-100298,dtc,KIT-HEL,1,34,shipped,,luis.thompson@example.com,-39038
ORD-100299,dtc,PIZZ-XL,1,49,shipped,,gus.jackson@example.com,-39749
ORD-100300,dtc,KRAK-01,1,129,shipped,,harriet.clark@example.com,-39375
ORD-100301,dtc,SWAN-XL,1,89,shipped,,bettye.anderson@example.com,-39565
ORD-100302,dtc,SWAN-XL,1,89,shipped,,paloma.patel@example.com,-39332
ORD-100303,dtc,KIT-HEL,1,34,shipped,,fatima.lewis@example.com,-39284
ORD-100304,dtc,KRAK-01,1,129,shipped,,umar.okaforreyes@example.com,-39389
ORD-100305,dtc,KRAK-01,1,129,shipped,,ray.king@example.com,-39604
ORD-100306,dtc,KIT-HEL,1,34,shipped,,omar.wilson@example.com,-39867
ORD-100307,dtc,KIT-HEL,2,68,shipped,,bob.okaforreyes@example.com,-39815
ORD-100308,dtc,DONUT-2,1,59,shipped,,ray.perez@example.com,-39068
ORD-100309,dtc,UNIC-01,1,79,shipped,,luis.johnson@example.com,-39834
ORD-100310,dtc,KIT-HEL,1,34,shipped,,curtis.brown@example.com,-39692
ORD-100311,dtc,KRAK-01,4,516,shipped,,otis.tanaka@example.com,-39784
ORD-100312,dtc,SWAN-XL,1,89,shipped,,ernesto.garcia@example.com,-39074
ORD-100313,dtc,DONUT-2,1,59,shipped,,paloma.harris@example.com,-39086
ORD-100314,dtc,DONUT-2,1,59,shipped,,nellie.miller@example.com,-38949
ORD-100315,dtc,SWAN-XL,1,89,shipped,,paloma.anderson@example.com,-39650
ORD-100316,dtc,SWAN-XL,1,89,shipped,,mo.womack@example.com,-38954
ORD-100317,dtc,SWAN-XL,1,89,shipped,,mo.miller@example.com,-38986
ORD-100318,dtc,UNIC-01,1,79,shipped,,linda.smith@example.com,-39798
ORD-100319,dtc,UNIC-01,1,79,shipped,,wes.ramirez@example.com,-39412
ORD-100320,dtc,SWAN-XL,1,89,shipped,,greg.adams@example.com,-39272
ORD-100321,dtc,SWAN-XL,1,89,shipped,,kitty.harris@example.com,-39145
ORD-100322,dtc,DONUT-2,1,59,shipped,,ernesto.adams@example.com,-39861
ORD-100323,dtc,DONUT-2,1,59,shipped,,margaret.garcia@example.com,-39008
ORD-100324,dtc,KRAK-01,1,129,shipped,,hannah.young@example.com,-39075
ORD-100325,dtc,SWAN-XL,1,89,shipped,,ingrid.young@example.com,-39078
ORD-100326,dtc,PIZZ-XL,1,49,shipped,,otis.lewis@example.com,-39394
ORD-100327,dtc,PIZZ-XL,1,49,shipped,,ivan.perez@example.com,-39214
ORD-100328,dtc,SWAN-XL,1,89,shipped,,dolores.lewis@example.com,-39361
ORD-100329,dtc,SWAN-XL,1,89,shipped,,ivan.clark@example.com,-38958
ORD-100330,dtc,DONUT-2,1,59,shipped,,jerome.clark@example.com,-39390
ORD-100331,dtc,SWAN-XL,1,89,shipped,,zoe.moore@example.com,-39368
ORD-100332,dtc,SWAN-XL,1,89,shipped,,wes.kowalczyk@example.com,-39146
ORD-100333,dtc,SWAN-XL,1,89,shipped,,otis.perez@example.com,-39799
ORD-100334,dtc,PIZZ-XL,1,49,shipped,,tomasz.anderson@example.com,-39155
ORD-100335,dtc,DONUT-2,1,59,shipped,,omar.anderson@example.com,-39587
ORD-100336,dtc,PIZZ-XL,1,49,shipped,,deshawn.wilson@example.com,-39651
ORD-100337,dtc,SWAN-XL,1,89,shipped,,pearl.sanchez@example.com,-39624
ORD-100338,dtc,SWAN-XL,1,89,shipped,,lamar.wright@example.com,-39469
ORD-100339,dtc,KIT-HEL,1,34,shipped,,keiko.adams@example.com,-39288
ORD-100340,dtc,SWAN-XL,1,89,shipped,,jamal.moore@example.com,-39138
ORD-100341,dtc,DONUT-2,1,59,shipped,,chen.davis@example.com,-39550
ORD-100342,dtc,PIZZ-XL,3,147,shipped,,dolores.kowalczyk@example.com,-39721
ORD-100343,dtc,KRAK-01,1,129,shipped,,aisha.davis@example.com,-39598
ORD-100344,dtc,SWAN-XL,4,356,shipped,,lamar.allen@example.com,-39814
ORD-100345,dtc,KIT-HEL,1,34,shipped,,nadia.johnson@example.com,-39375
ORD-100346,dtc,PIZZ-XL,1,49,shipped,,tina.smith@example.com,-39252
ORD-100347,dtc,DONUT-2,1,59,shipped,,keiko.thompson@example.com,-39748
ORD-100348,dtc,SWAN-XL,1,89,shipped,,tina.clark@example.com,-39119
ORD-100349,dtc,SWAN-XL,1,89,shipped,,otis.ramirez@example.com,-39671
ORD-100350,dtc,PIZZ-XL,1,49,shipped,,jamal.martin@example.com,-39495
ORD-100351,dtc,PIZZ-XL,1,49,shipped,,jerome.baker@example.com,-39625
ORD-100352,dtc,SWAN-XL,1,89,shipped,,keiko.anderson@example.com,-39053
ORD-100353,dtc,KRAK-01,1,129,shipped,,rosa.walker@example.com,-39100
ORD-100354,dtc,SWAN-XL,1,89,shipped,,mabel.okaforreyes@example.com,-39802
ORD-100355,dtc,KIT-HEL,1,34,shipped,,flo.lopez@example.com,-39866
ORD-100356,dtc,DONUT-2,1,59,shipped,,linda.moore@example.com,-39608
ORD-100357,dtc,PIZZ-XL,1,49,shipped,,umar.torres@example.com,-39023
ORD-100358,dtc,PIZZ-XL,1,49,shipped,,kitty.hernandez@example.com,-39805
ORD-100359,dtc,SWAN-XL,1,89,shipped,,deshawn.womack@example.com,-39433
ORD-100360,dtc,SWAN-XL,1,89,shipped,,curtis.lewis@example.com,-39669
ORD-100361,dtc,DONUT-2,1,59,shipped,,tomasz.perez@example.com,-39698
ORD-100362,dtc,SWAN-XL,1,89,shipped,,wes.davis@example.com,-39478
ORD-100363,dtc,KRAK-01,1,129,shipped,,aisha.tanaka@example.com,-39896
ORD-100364,dtc,SWAN-XL,3,267,shipped,,zoe.ramirez@example.com,-39528
ORD-100365,dtc,KIT-HEL,1,34,shipped,,chen.flores@example.com,-39547
ORD-100366,dtc,PIZZ-XL,1,49,shipped,,flo.scott@example.com,-37981
ORD-100367,dtc,SWAN-XL,1,89,shipped,,tomasz.lewis@example.com,-38397
ORD-100368,dtc,PIZZ-XL,1,49,shipped,,ximena.walker@example.com,-38274
ORD-100369,dtc,SWAN-XL,4,356,shipped,,ingrid.sanchez@example.com,-37929
ORD-100370,dtc,SWAN-XL,1,89,shipped,,greg.miller@example.com,-37710
ORD-100371,dtc,KRAK-01,1,129,shipped,,ernesto.allen@example.com,-37955
ORD-100372,dtc,PIZZ-XL,1,49,shipped,,ernesto.kim@example.com,-37897
ORD-100373,dtc,KRAK-01,1,129,shipped,,flo.walker@example.com,-38075
ORD-100374,dtc,KIT-HEL,1,34,shipped,,curtis.tanaka@example.com,-38321
ORD-100375,dtc,PIZZ-XL,3,147,shipped,,mo.adams@example.com,-38144
ORD-100376,dtc,PIZZ-XL,2,98,shipped,,umar.anderson@example.com,-38375
ORD-100377,dtc,SWAN-XL,1,89,shipped,,linda.wilson@example.com,-38171
ORD-100378,dtc,KIT-HEL,2,68,shipped,,yuki.hernandez@example.com,-37825
ORD-100379,dtc,SWAN-XL,1,89,shipped,,wes.flores@example.com,-37508
ORD-100380,dtc,DONUT-2,1,59,shipped,,ximena.robinson@example.com,-37855
ORD-100381,dtc,PIZZ-XL,1,49,shipped,,yuki.smith@example.com,-37730
ORD-100382,dtc,KRAK-01,1,129,shipped,,linda.perez@example.com,-38422
ORD-100383,dtc,KRAK-01,1,129,shipped,,curtis.young@example.com,-38236
ORD-100384,dtc,UNIC-01,1,79,shipped,,ximena.osei@example.com,-38234
ORD-100385,dtc,PIZZ-XL,1,49,shipped,,flo.white@example.com,-37736
ORD-100386,dtc,PIZZ-XL,1,49,shipped,,harriet.king@example.com,-38366
ORD-100387,dtc,SWAN-XL,1,89,shipped,,omar.green@example.com,-37607
ORD-100388,dtc,KRAK-01,1,129,shipped,,priya.baker@example.com,-38363
ORD-100389,dtc,DONUT-2,1,59,shipped,,paloma.young@example.com,-38366
ORD-100390,dtc,UNIC-01,1,79,shipped,,deshawn.lopez@example.com,-37575
ORD-100391,dtc,SWAN-XL,1,89,shipped,,hannah.moore@example.com,-38459
ORD-100392,dtc,PIZZ-XL,1,49,shipped,,vera.ramirez@example.com,-37818
ORD-100393,dtc,DONUT-2,1,59,shipped,,gus.brown@example.com,-37536
ORD-100394,dtc,DONUT-2,4,236,shipped,,quinn.hernandez@example.com,-38138
ORD-100395,dtc,SWAN-XL,1,89,shipped,,jamal.robinson@example.com,-38452
ORD-100396,dtc,KIT-HEL,1,34,shipped,,rosa.hernandez@example.com,-38019
ORD-100397,dtc,SWAN-XL,1,89,shipped,,luis.sanchez@example.com,-37791
ORD-100398,dtc,UNIC-01,1,79,shipped,,bob.flores@example.com,-37980
ORD-100399,dtc,KIT-HEL,1,34,shipped,,flo.thomas@example.com,-37929
ORD-100400,dtc,PIZZ-XL,1,49,shipped,,mo.anderson@example.com,-37980
ORD-100401,dtc,DONUT-2,1,59,shipped,,deshawn.patel@example.com,-38240
ORD-100402,dtc,UNIC-01,1,79,shipped,,hannah.tanaka@example.com,-37757
ORD-100403,dtc,DONUT-2,1,59,shipped,,carlos.clark@example.com,-37723
ORD-100404,dtc,UNIC-01,1,79,shipped,,rosa.flores@example.com,-37526
ORD-100405,dtc,UNIC-01,1,79,shipped,,bettye.lee@example.com,-37856
ORD-100406,dtc,PIZZ-XL,1,49,shipped,,jamal.patel@example.com,-38312
ORD-100407,dtc,SWAN-XL,1,89,shipped,,jerome.young@example.com,-37592
ORD-100408,dtc,UNIC-01,1,79,shipped,,wes.womack@example.com,-37894
ORD-100409,dtc,PIZZ-XL,1,49,shipped,,margaret.clark@example.com,-37526
ORD-100410,dtc,SWAN-XL,1,89,shipped,,tomasz.lewis@example.com,-37608
ORD-100411,dtc,UNIC-01,2,158,shipped,,mo.ramirez@example.com,-38171
ORD-100412,dtc,KRAK-01,1,129,shipped,,ximena.okaforreyes@example.com,-37981
ORD-100413,dtc,SWAN-XL,1,89,shipped,,yuki.wright@example.com,-38237
ORD-100414,dtc,DONUT-2,1,59,shipped,,tomasz.kim@example.com,-38389
ORD-100415,dtc,SWAN-XL,2,178,shipped,,kitty.martinez@example.com,-37898
ORD-100416,dtc,UNIC-01,1,79,shipped,,ximena.harris@example.com,-37603
ORD-100417,dtc,KIT-HEL,1,34,shipped,,quinn.clark@example.com,-37508
ORD-100418,dtc,SWAN-XL,1,89,shipped,,priya.brzezinski@example.com,-37636
ORD-100419,dtc,PIZZ-XL,1,49,shipped,,wes.brzezinski@example.com,-37716
ORD-100420,dtc,DONUT-2,1,59,shipped,,keiko.clark@example.com,-38083
ORD-100421,dtc,PIZZ-XL,1,49,shipped,,omar.walker@example.com,-37928
ORD-100422,dtc,UNIC-01,1,79,shipped,,margaret.torres@example.com,-38031
ORD-100423,dtc,DONUT-2,1,59,shipped,,umar.smith@example.com,-37983
ORD-100424,dtc,SWAN-XL,1,89,shipped,,paloma.harris@example.com,-37957
ORD-100425,dtc,PIZZ-XL,1,49,shipped,,zoe.lopez@example.com,-37810
ORD-100426,dtc,KRAK-01,1,129,shipped,,dolores.okaforreyes@example.com,-37991
ORD-100427,dtc,UNIC-01,1,79,shipped,,ivan.johnson@example.com,-38136
ORD-100428,dtc,DONUT-2,1,59,shipped,,mabel.lewis@example.com,-37712
ORD-100429,dtc,PIZZ-XL,1,49,shipped,,aisha.allen@example.com,-37685
ORD-100430,dtc,UNIC-01,2,158,shipped,,lamar.green@example.com,-38267
ORD-100431,dtc,PIZZ-XL,1,49,shipped,,ximena.hill@example.com,-37575
ORD-100432,dtc,UNIC-01,1,79,shipped,,paloma.smith@example.com,-38149
ORD-100433,dtc,PIZZ-XL,3,147,shipped,,nadia.brown@example.com,-37666
ORD-100434,dtc,PIZZ-XL,4,196,shipped,,mo.white@example.com,-38411
ORD-100435,dtc,DONUT-2,1,59,shipped,,gus.brown@example.com,-38269
ORD-100436,dtc,KIT-HEL,1,34,shipped,,dolores.wilson@example.com,-37853
ORD-100437,dtc,PIZZ-XL,1,49,shipped,,paloma.walker@example.com,-37930
ORD-100438,dtc,PIZZ-XL,1,49,shipped,,stan.jackson@example.com,-38260
ORD-100439,dtc,SWAN-XL,2,178,shipped,,ernesto.nowak@example.com,-37595
ORD-100440,dtc,SWAN-XL,1,89,shipped,,tomasz.jackson@example.com,-38156
ORD-100441,dtc,PIZZ-XL,1,49,shipped,,margaret.clark@example.com,-38088
ORD-100442,dtc,PIZZ-XL,1,49,shipped,,dolores.flores@example.com,-38050
ORD-100443,dtc,PIZZ-XL,1,49,shipped,,umar.young@example.com,-37718
ORD-100444,dtc,UNIC-01,1,79,shipped,,greg.anderson@example.com,-37500
ORD-100445,dtc,PIZZ-XL,1,49,shipped,,umar.jackson@example.com,-37675
ORD-100446,dtc,SWAN-XL,3,267,shipped,,otis.walker@example.com,-37779
ORD-100447,dtc,PIZZ-XL,1,49,shipped,,chen.brzezinski@example.com,-38339
ORD-100448,dtc,DONUT-2,1,59,shipped,,chen.nowak@example.com,-37742
ORD-100449,dtc,DONUT-2,1,59,shipped,,ernesto.scott@example.com,-38240
ORD-100450,dtc,DONUT-2,1,59,shipped,,margaret.walker@example.com,-37859
ORD-100451,dtc,KIT-HEL,1,34,shipped,,chen.baker@example.com,-38322
ORD-100452,dtc,SWAN-XL,4,356,shipped,,priya.hill@example.com,-38350
ORD-100453,dtc,KRAK-01,1,129,shipped,,jamal.white@example.com,-37888
ORD-100454,dtc,SWAN-XL,1,89,shipped,,ximena.nguyen@example.com,-38318
ORD-100455,dtc,KRAK-01,1,129,shipped,,curtis.johnson@example.com,-37530
ORD-100456,dtc,SWAN-XL,1,89,shipped,,aisha.okaforreyes@example.com,-37967
ORD-100457,dtc,SWAN-XL,1,89,shipped,,otis.king@example.com,-38195
ORD-100458,dtc,SWAN-XL,1,89,shipped,,harriet.lewis@example.com,-37885
ORD-100459,dtc,KRAK-01,2,258,shipped,,arthur.davis@example.com,-37894
ORD-100460,dtc,KIT-HEL,1,34,shipped,,ernesto.hill@example.com,-37595
ORD-100461,dtc,UNIC-01,1,79,shipped,,otis.sanchez@example.com,-37936
ORD-100462,dtc,KRAK-01,1,129,shipped,,rosa.miller@example.com,-38396
ORD-100463,dtc,PIZZ-XL,1,49,shipped,,zoe.osei@example.com,-38390
ORD-100464,dtc,SWAN-XL,1,89,shipped,,yosef.ramirez@example.com,-37700
ORD-100465,dtc,SWAN-XL,4,356,shipped,,zoe.brzezinski@example.com,-37671
ORD-100466,dtc,KRAK-01,1,129,shipped,,jamal.anderson@example.com,-37684
ORD-100467,dtc,SWAN-XL,1,89,shipped,,yosef.martin@example.com,-37830
ORD-100468,dtc,DONUT-2,1,59,shipped,,rosa.young@example.com,-37973
ORD-100469,dtc,SWAN-XL,1,89,shipped,,wes.ramirez@example.com,-37878
ORD-100470,dtc,SWAN-XL,1,89,shipped,,fatima.thomas@example.com,-38387
ORD-100471,dtc,SWAN-XL,1,89,shipped,,jamal.anderson@example.com,-38269
ORD-100472,dtc,KIT-HEL,1,34,shipped,,omar.wright@example.com,-38435
ORD-100473,dtc,SWAN-XL,1,89,shipped,,greg.thomas@example.com,-38275
ORD-100474,dtc,PIZZ-XL,1,49,shipped,,greg.brzezinski@example.com,-37641
ORD-100475,dtc,SWAN-XL,1,89,shipped,,greg.nowak@example.com,-38115
ORD-100476,dtc,DONUT-2,1,59,shipped,,kitty.miller@example.com,-37708
ORD-100477,dtc,SWAN-XL,1,89,shipped,,yosef.anderson@example.com,-37919
ORD-100478,dtc,PIZZ-XL,1,49,shipped,,lamar.thompson@example.com,-37526
ORD-100479,dtc,DONUT-2,1,59,shipped,,luis.white@example.com,-37670
ORD-100480,dtc,SWAN-XL,3,267,shipped,,yuki.king@example.com,-38311
ORD-100481,dtc,DONUT-2,4,236,shipped,,umar.nguyen@example.com,-37941
ORD-100482,dtc,PIZZ-XL,1,49,shipped,,jerome.clark@example.com,-38095
ORD-100483,dtc,SWAN-XL,1,89,shipped,,vera.moore@example.com,-37822
ORD-100484,dtc,KRAK-01,1,129,shipped,,vera.flores@example.com,-37896
ORD-100485,dtc,UNIC-01,1,79,shipped,,nellie.smith@example.com,-38005
ORD-100486,dtc,SWAN-XL,1,89,shipped,,mo.flores@example.com,-37711
ORD-100487,dtc,UNIC-01,1,79,shipped,,aisha.moore@example.com,-38306
ORD-100488,dtc,SWAN-XL,1,89,shipped,,harriet.lewis@example.com,-38460
ORD-100489,dtc,PIZZ-XL,1,49,shipped,,ivan.wright@example.com,-37697
ORD-100490,dtc,PIZZ-XL,4,196,shipped,,aisha.torres@example.com,-38367
ORD-100491,dtc,PIZZ-XL,1,49,shipped,,ernesto.thompson@example.com,-36628
ORD-100492,dtc,SWAN-XL,1,89,shipped,,tomasz.scott@example.com,-36441
ORD-100493,dtc,PIZZ-XL,1,49,shipped,,omar.harris@example.com,-36322
ORD-100494,dtc,SWAN-XL,1,89,shipped,,fatima.hernandez@example.com,-36191
ORD-100495,dtc,KRAK-01,1,129,shipped,,stan.scott@example.com,-36235
ORD-100496,dtc,PIZZ-XL,1,49,shipped,,mo.brown@example.com,-36238
ORD-100497,dtc,KIT-HEL,1,34,shipped,,curtis.okaforreyes@example.com,-36785
ORD-100498,dtc,KIT-HEL,1,34,shipped,,omar.davis@example.com,-36245
ORD-100499,dtc,UNIC-01,1,79,shipped,,linda.harris@example.com,-36190
ORD-100500,dtc,KRAK-01,1,129,shipped,,bettye.brzezinski@example.com,-36204
ORD-100501,dtc,KRAK-01,1,129,shipped,,omar.alsayed@example.com,-36115
ORD-100502,dtc,KRAK-01,1,129,shipped,,mo.wright@example.com,-36172
ORD-100503,dtc,SWAN-XL,1,89,shipped,,curtis.baker@example.com,-36489
ORD-100504,dtc,UNIC-01,1,79,shipped,,linda.miller@example.com,-36364
ORD-100505,dtc,PIZZ-XL,1,49,shipped,,wes.patel@example.com,-36715
ORD-100506,dtc,PIZZ-XL,1,49,shipped,,hannah.moore@example.com,-36305
ORD-100507,dtc,SWAN-XL,1,89,shipped,,ingrid.hill@example.com,-36813
ORD-100508,dtc,DONUT-2,1,59,shipped,,mabel.patel@example.com,-36275
ORD-100509,dtc,PIZZ-XL,1,49,shipped,,otis.green@example.com,-36231
ORD-100510,dtc,UNIC-01,1,79,shipped,,tomasz.perez@example.com,-36895
ORD-100511,dtc,SWAN-XL,1,89,shipped,,curtis.kim@example.com,-36253
ORD-100512,dtc,KRAK-01,1,129,shipped,,deshawn.lopez@example.com,-36589
ORD-100513,dtc,UNIC-01,1,79,shipped,,omar.anderson@example.com,-36724
ORD-100514,dtc,SWAN-XL,1,89,shipped,,mo.johnson@example.com,-36853
ORD-100515,dtc,KRAK-01,1,129,shipped,,umar.anderson@example.com,-36977
ORD-100516,dtc,SWAN-XL,1,89,shipped,,keiko.sanchez@example.com,-36818
ORD-100517,dtc,KRAK-01,1,129,shipped,,rosa.hill@example.com,-36443
ORD-100518,dtc,SWAN-XL,1,89,shipped,,linda.baker@example.com,-36435
ORD-100519,dtc,UNIC-01,1,79,shipped,,jerome.ramirez@example.com,-37016
ORD-100520,dtc,PIZZ-XL,1,49,shipped,,wes.allen@example.com,-36354
ORD-100521,dtc,KIT-HEL,1,34,shipped,,quinn.sanchez@example.com,-36273
ORD-100522,dtc,SWAN-XL,1,89,shipped,,zoe.patel@example.com,-36162
ORD-100523,dtc,KIT-HEL,1,34,shipped,,kitty.brown@example.com,-36261
ORD-100524,dtc,SWAN-XL,1,89,shipped,,mo.robinson@example.com,-36361
ORD-100525,dtc,SWAN-XL,1,89,shipped,,yuki.white@example.com,-37005
ORD-100526,dtc,SWAN-XL,1,89,shipped,,omar.wilson@example.com,-36307
ORD-100527,dtc,PIZZ-XL,2,98,shipped,,fatima.smith@example.com,-36507
ORD-100528,dtc,PIZZ-XL,1,49,shipped,,jerome.ramirez@example.com,-36734
ORD-100529,dtc,DONUT-2,1,59,shipped,,aisha.alsayed@example.com,-36861
ORD-100530,dtc,PIZZ-XL,1,49,shipped,,tina.martin@example.com,-36283
ORD-100531,dtc,KRAK-01,1,129,shipped,,kitty.nowak@example.com,-36595
ORD-100532,dtc,KRAK-01,1,129,shipped,,pearl.kim@example.com,-36903
ORD-100533,dtc,DONUT-2,1,59,shipped,,ingrid.torres@example.com,-36823
ORD-100534,dtc,KRAK-01,1,129,shipped,,arthur.green@example.com,-36675
ORD-100535,dtc,SWAN-XL,1,89,shipped,,hannah.alsayed@example.com,-36528
ORD-100536,dtc,KRAK-01,1,129,shipped,,ray.hill@example.com,-36181
ORD-100537,dtc,UNIC-01,1,79,shipped,,linda.garcia@example.com,-36831
ORD-100538,dtc,SWAN-XL,1,89,shipped,,paloma.thomas@example.com,-36916
ORD-100539,dtc,UNIC-01,1,79,shipped,,nellie.martinez@example.com,-36229
ORD-100540,dtc,PIZZ-XL,1,49,shipped,,linda.nowak@example.com,-36250
ORD-100541,dtc,DONUT-2,1,59,shipped,,ivan.nguyen@example.com,-36932
ORD-100542,dtc,SWAN-XL,1,89,shipped,,wes.adams@example.com,-36869
ORD-100543,dtc,KIT-HEL,1,34,shipped,,margaret.brzezinski@example.com,-36534
ORD-100544,dtc,SWAN-XL,1,89,shipped,,wes.hill@example.com,-36284
ORD-100545,dtc,UNIC-01,1,79,shipped,,margaret.kim@example.com,-36365
ORD-100546,dtc,SWAN-XL,4,356,shipped,,rosa.tanaka@example.com,-36384
ORD-100547,dtc,KRAK-01,1,129,shipped,,tomasz.young@example.com,-36416
ORD-100548,dtc,PIZZ-XL,1,49,shipped,,bettye.allen@example.com,-37017
ORD-100549,dtc,SWAN-XL,1,89,shipped,,wes.hill@example.com,-36641
ORD-100550,dtc,DONUT-2,1,59,shipped,,umar.scott@example.com,-36198
ORD-100551,dtc,UNIC-01,1,79,shipped,,yuki.sanchez@example.com,-36920
ORD-100552,dtc,PIZZ-XL,2,98,shipped,,margaret.hill@example.com,-36431
ORD-100553,dtc,PIZZ-XL,1,49,shipped,,yosef.osei@example.com,-36296
ORD-100554,dtc,PIZZ-XL,1,49,shipped,,ivan.baker@example.com,-36549
ORD-100555,dtc,SWAN-XL,1,89,shipped,,hannah.brown@example.com,-36694
ORD-100556,dtc,SWAN-XL,3,267,shipped,,keiko.white@example.com,-36915
ORD-100557,dtc,SWAN-XL,1,89,shipped,,chen.lewis@example.com,-36866
ORD-100558,dtc,SWAN-XL,1,89,shipped,,carlos.walker@example.com,-36804
ORD-100559,dtc,PIZZ-XL,1,49,shipped,,hannah.johnson@example.com,-36568
ORD-100560,dtc,SWAN-XL,1,89,shipped,,quinn.kim@example.com,-36623
ORD-100561,dtc,DONUT-2,1,59,shipped,,vera.kowalczyk@example.com,-36460
ORD-100562,dtc,PIZZ-XL,1,49,shipped,,yuki.baker@example.com,-36418
ORD-100563,dtc,PIZZ-XL,1,49,shipped,,yosef.green@example.com,-36243
ORD-100564,dtc,SWAN-XL,1,89,shipped,,harriet.lee@example.com,-36918
ORD-100565,dtc,KIT-HEL,1,34,shipped,,mabel.ramirez@example.com,-36803
ORD-100566,dtc,UNIC-01,1,79,shipped,,ximena.hill@example.com,-36641
ORD-100567,dtc,SWAN-XL,1,89,shipped,,ivan.martinez@example.com,-36175
ORD-100568,dtc,UNIC-01,1,79,shipped,,carlos.perez@example.com,-36222
ORD-100569,dtc,KRAK-01,1,129,shipped,,harriet.osei@example.com,-36743
ORD-100570,dtc,KRAK-01,1,129,shipped,,mabel.adams@example.com,-36215
ORD-100571,dtc,SWAN-XL,1,89,shipped,,quinn.lee@example.com,-36899
ORD-100572,dtc,PIZZ-XL,1,49,shipped,,jerome.walker@example.com,-36135
ORD-100573,dtc,SWAN-XL,1,89,shipped,,pearl.brown@example.com,-36622
ORD-100574,dtc,SWAN-XL,1,89,shipped,,mabel.nguyen@example.com,-36803
ORD-100575,dtc,KIT-HEL,1,34,shipped,,vera.walker@example.com,-36646
ORD-100576,dtc,KRAK-01,1,129,shipped,,yuki.nowak@example.com,-36241
ORD-100577,dtc,PIZZ-XL,1,49,shipped,,ingrid.anderson@example.com,-36991
ORD-100578,dtc,DONUT-2,2,118,shipped,,fatima.lopez@example.com,-36650
ORD-100579,dtc,UNIC-01,1,79,shipped,,ximena.walker@example.com,-36912
ORD-100580,dtc,PIZZ-XL,3,147,shipped,,aisha.nguyen@example.com,-37015
ORD-100581,dtc,UNIC-01,1,79,shipped,,priya.king@example.com,-36229
ORD-100582,dtc,SWAN-XL,1,89,shipped,,ernesto.green@example.com,-36616
ORD-100583,dtc,DONUT-2,1,59,shipped,,linda.baker@example.com,-36974
ORD-100584,dtc,SWAN-XL,1,89,shipped,,margaret.lee@example.com,-36194
ORD-100585,dtc,DONUT-2,1,59,shipped,,ximena.moore@example.com,-36483
ORD-100586,dtc,SWAN-XL,1,89,shipped,,keiko.hill@example.com,-36088
ORD-100587,dtc,PIZZ-XL,1,49,shipped,,mabel.king@example.com,-36169
ORD-100588,dtc,KIT-HEL,1,34,shipped,,greg.clark@example.com,-36376
ORD-100589,dtc,PIZZ-XL,1,49,shipped,,luis.scott@example.com,-36658
ORD-100590,dtc,UNIC-01,1,79,shipped,,otis.nowak@example.com,-36595
ORD-100591,dtc,KIT-HEL,1,34,shipped,,gus.martin@example.com,-36174
ORD-100592,dtc,KIT-HEL,1,34,shipped,,chen.wright@example.com,-36333
ORD-100593,dtc,SWAN-XL,1,89,shipped,,umar.jackson@example.com,-36447
ORD-100594,dtc,PIZZ-XL,1,49,shipped,,carlos.lopez@example.com,-36717
ORD-100595,dtc,KRAK-01,4,516,shipped,,aisha.alsayed@example.com,-36211
ORD-100596,dtc,KIT-HEL,1,34,shipped,,ray.wilson@example.com,-36945
ORD-100597,dtc,UNIC-01,1,79,shipped,,umar.walker@example.com,-36106
ORD-100598,dtc,PIZZ-XL,1,49,shipped,,ximena.white@example.com,-36569
ORD-100599,dtc,SWAN-XL,1,89,shipped,,wes.martinez@example.com,-36607
ORD-100600,dtc,PIZZ-XL,1,49,shipped,,priya.womack@example.com,-36187
ORD-100601,dtc,DONUT-2,1,59,shipped,,priya.kowalczyk@example.com,-36725
ORD-100602,dtc,SWAN-XL,2,178,shipped,,pearl.osei@example.com,-36544
ORD-100603,dtc,PIZZ-XL,1,49,shipped,,yosef.smith@example.com,-36650
ORD-100604,dtc,UNIC-01,1,79,shipped,,nadia.adams@example.com,-36532
ORD-100605,dtc,PIZZ-XL,1,49,shipped,,vera.walker@example.com,-36942
ORD-100606,dtc,KIT-HEL,1,34,shipped,,harriet.johnson@example.com,-36636
ORD-100607,dtc,PIZZ-XL,1,49,shipped,,chen.lewis@example.com,-36522
ORD-100608,dtc,SWAN-XL,1,89,shipped,,gus.young@example.com,-36201
ORD-100609,dtc,UNIC-01,1,79,shipped,,otis.adams@example.com,-36861
ORD-100610,dtc,UNIC-01,1,79,shipped,,bettye.perez@example.com,-36287
ORD-100611,dtc,KIT-HEL,1,34,shipped,,margaret.thomas@example.com,-36311
ORD-100612,dtc,SWAN-XL,2,178,shipped,,pearl.walker@example.com,-36900
ORD-100613,dtc,SWAN-XL,1,89,shipped,,quinn.nguyen@example.com,-36521
ORD-100614,dtc,SWAN-XL,1,89,shipped,,flo.hernandez@example.com,-36721
ORD-100615,dtc,KIT-HEL,1,34,shipped,,dolores.baker@example.com,-36785
ORD-100616,dtc,KIT-HEL,1,34,shipped,,tina.kim@example.com,-35193
ORD-100617,dtc,KIT-HEL,1,34,shipped,,pearl.ramirez@example.com,-34892
ORD-100618,dtc,KRAK-01,1,129,shipped,,nadia.harris@example.com,-35123
ORD-100619,dtc,KIT-HEL,1,34,shipped,,bob.tanaka@example.com,-35519
ORD-100620,dtc,DONUT-2,1,59,shipped,,linda.thomas@example.com,-34677
ORD-100621,dtc,SWAN-XL,1,89,shipped,,keiko.king@example.com,-35178
ORD-100622,dtc,KRAK-01,1,129,shipped,,vera.kim@example.com,-34982
ORD-100623,dtc,PIZZ-XL,1,49,shipped,,vera.nowak@example.com,-35265
ORD-100624,dtc,SWAN-XL,1,89,shipped,,yosef.baker@example.com,-35030
ORD-100625,dtc,KIT-HEL,1,34,shipped,,dolores.martinez@example.com,-35556
ORD-100626,dtc,KRAK-01,1,129,shipped,,hannah.davis@example.com,-35537
ORD-100627,dtc,SWAN-XL,1,89,shipped,,luis.patel@example.com,-34962
ORD-100628,dtc,SWAN-XL,1,89,shipped,,stan.garcia@example.com,-35213
ORD-100629,dtc,UNIC-01,1,79,shipped,,omar.brzezinski@example.com,-34704
ORD-100630,dtc,KIT-HEL,1,34,shipped,,lamar.perez@example.com,-34734
ORD-100631,dtc,SWAN-XL,1,89,shipped,,chen.ramirez@example.com,-35066
ORD-100632,dtc,SWAN-XL,1,89,shipped,,mabel.nguyen@example.com,-34866
ORD-100633,dtc,UNIC-01,1,79,shipped,,hannah.clark@example.com,-35358
ORD-100634,dtc,KIT-HEL,1,34,shipped,,umar.johnson@example.com,-34705
ORD-100635,dtc,PIZZ-XL,1,49,shipped,,nadia.womack@example.com,-35476
ORD-100636,dtc,KIT-HEL,1,34,shipped,,linda.alsayed@example.com,-35298
ORD-100637,dtc,UNIC-01,1,79,shipped,,umar.perez@example.com,-35018
ORD-100638,dtc,SWAN-XL,1,89,shipped,,arthur.patel@example.com,-34790
ORD-100639,dtc,PIZZ-XL,1,49,shipped,,flo.martin@example.com,-35357
ORD-100640,dtc,DONUT-2,1,59,shipped,,yuki.thomas@example.com,-35039
ORD-100641,dtc,PIZZ-XL,1,49,shipped,,carlos.smith@example.com,-34889
ORD-100642,dtc,UNIC-01,1,79,shipped,,keiko.thompson@example.com,-35092
ORD-100643,dtc,SWAN-XL,1,89,shipped,,harriet.smith@example.com,-34698
ORD-100644,dtc,KRAK-01,2,258,shipped,,tomasz.johnson@example.com,-34666
ORD-100645,dtc,SWAN-XL,1,89,shipped,,deshawn.allen@example.com,-34985
ORD-100646,dtc,UNIC-01,2,158,shipped,,flo.green@example.com,-34704
ORD-100647,dtc,KRAK-01,1,129,shipped,,yuki.wilson@example.com,-35258
ORD-100648,dtc,UNIC-01,1,79,shipped,,linda.white@example.com,-35510
ORD-100649,dtc,PIZZ-XL,1,49,shipped,,otis.sanchez@example.com,-35193
ORD-100650,dtc,SWAN-XL,1,89,shipped,,harriet.hernandez@example.com,-34875
ORD-100651,dtc,DONUT-2,1,59,shipped,,ernesto.nowak@example.com,-35132
ORD-100652,dtc,DONUT-2,1,59,shipped,,tina.baker@example.com,-35398
ORD-100653,dtc,KRAK-01,1,129,shipped,,jerome.thomas@example.com,-35535
ORD-100654,dtc,DONUT-2,1,59,shipped,,aisha.walker@example.com,-35120
ORD-100655,dtc,PIZZ-XL,1,49,shipped,,arthur.okaforreyes@example.com,-35527
ORD-100656,dtc,PIZZ-XL,1,49,shipped,,vera.womack@example.com,-35309
ORD-100657,dtc,SWAN-XL,1,89,shipped,,zoe.thomas@example.com,-34900
ORD-100658,dtc,DONUT-2,1,59,shipped,,curtis.brzezinski@example.com,-35076
ORD-100659,dtc,PIZZ-XL,1,49,shipped,,curtis.davis@example.com,-35011
ORD-100660,dtc,KRAK-01,1,129,shipped,,dolores.perez@example.com,-34974
ORD-100661,dtc,PIZZ-XL,1,49,shipped,,chen.lopez@example.com,-34912
ORD-100662,dtc,UNIC-01,1,79,shipped,,ximena.perez@example.com,-35278
ORD-100663,dtc,UNIC-01,1,79,shipped,,bob.anderson@example.com,-35415
ORD-100664,dtc,UNIC-01,1,79,shipped,,carlos.allen@example.com,-34783
ORD-100665,dtc,PIZZ-XL,1,49,shipped,,otis.green@example.com,-34767
ORD-100666,dtc,PIZZ-XL,4,196,shipped,,stan.moore@example.com,-34958
ORD-100667,dtc,SWAN-XL,1,89,shipped,,mo.miller@example.com,-35285
ORD-100668,dtc,KRAK-01,1,129,shipped,,yosef.kim@example.com,-34985
ORD-100669,dtc,DONUT-2,1,59,shipped,,rosa.davis@example.com,-34853
ORD-100670,dtc,DONUT-2,1,59,shipped,,keiko.thompson@example.com,-35388
ORD-100671,dtc,PIZZ-XL,1,49,shipped,,harriet.okaforreyes@example.com,-35131
ORD-100672,dtc,KIT-HEL,1,34,shipped,,aisha.harris@example.com,-35285
ORD-100673,dtc,DONUT-2,4,236,shipped,,curtis.smith@example.com,-34991
ORD-100674,dtc,KRAK-01,2,258,shipped,,arthur.baker@example.com,-34897
ORD-100675,dtc,UNIC-01,1,79,shipped,,rosa.tanaka@example.com,-34740
ORD-100676,dtc,SWAN-XL,1,89,shipped,,stan.smith@example.com,-34742
ORD-100677,dtc,UNIC-01,1,79,shipped,,jerome.flores@example.com,-35571
ORD-100678,dtc,KRAK-01,1,129,shipped,,carlos.johnson@example.com,-35524
ORD-100679,dtc,SWAN-XL,1,89,shipped,,deshawn.scott@example.com,-35529
ORD-100680,dtc,SWAN-XL,1,89,shipped,,tina.hill@example.com,-35510
ORD-100681,dtc,SWAN-XL,1,89,shipped,,ray.brown@example.com,-34960
ORD-100682,dtc,SWAN-XL,1,89,shipped,,kitty.anderson@example.com,-34643
ORD-100683,dtc,SWAN-XL,1,89,shipped,,ivan.thompson@example.com,-35500
ORD-100684,dtc,SWAN-XL,4,356,shipped,,flo.martinez@example.com,-35345
ORD-100685,dtc,SWAN-XL,1,89,shipped,,omar.adams@example.com,-35359
ORD-100686,dtc,DONUT-2,1,59,shipped,,vera.baker@example.com,-35098
ORD-100687,dtc,SWAN-XL,1,89,shipped,,zoe.smith@example.com,-35104
ORD-100688,dtc,KIT-HEL,1,34,shipped,,jamal.king@example.com,-35126
ORD-100689,dtc,PIZZ-XL,1,49,shipped,,linda.davis@example.com,-35269
ORD-100690,dtc,KRAK-01,1,129,shipped,,yosef.adams@example.com,-35330
ORD-100691,dtc,KIT-HEL,1,34,shipped,,flo.miller@example.com,-35237
ORD-100692,dtc,KIT-HEL,1,34,shipped,,hannah.garcia@example.com,-35363
ORD-100693,dtc,SWAN-XL,1,89,shipped,,ivan.ramirez@example.com,-34691
ORD-100694,dtc,PIZZ-XL,1,49,shipped,,priya.king@example.com,-35504
ORD-100695,dtc,SWAN-XL,1,89,shipped,,jerome.smith@example.com,-35068
ORD-100696,dtc,SWAN-XL,1,89,shipped,,omar.womack@example.com,-34936
ORD-100697,dtc,UNIC-01,1,79,shipped,,aisha.nowak@example.com,-35301
ORD-100698,dtc,DONUT-2,1,59,shipped,,margaret.tanaka@example.com,-35240
ORD-100699,dtc,SWAN-XL,1,89,shipped,,harriet.green@example.com,-34964
ORD-100700,dtc,SWAN-XL,1,89,shipped,,yosef.kowalczyk@example.com,-35175
ORD-100701,dtc,PIZZ-XL,1,49,shipped,,dolores.hernandez@example.com,-35529
ORD-100702,dtc,SWAN-XL,1,89,shipped,,lamar.garcia@example.com,-35555
ORD-100703,dtc,SWAN-XL,1,89,shipped,,bettye.lee@example.com,-35501
ORD-100704,dtc,UNIC-01,1,79,shipped,,nadia.brown@example.com,-34950
ORD-100705,dtc,PIZZ-XL,1,49,shipped,,quinn.scott@example.com,-34971
ORD-100706,dtc,DONUT-2,4,236,shipped,,umar.robinson@example.com,-35272
ORD-100707,dtc,PIZZ-XL,1,49,shipped,,pearl.osei@example.com,-35565
ORD-100708,dtc,SWAN-XL,1,89,shipped,,bob.kim@example.com,-35560
ORD-100709,dtc,KIT-HEL,1,34,shipped,,quinn.clark@example.com,-35342
ORD-100710,dtc,SWAN-XL,1,89,shipped,,bettye.sanchez@example.com,-35148
ORD-100711,dtc,KIT-HEL,1,34,shipped,,gus.patel@example.com,-34985
ORD-100712,dtc,SWAN-XL,1,89,shipped,,ingrid.king@example.com,-34911
ORD-100713,dtc,KIT-HEL,1,34,shipped,,kitty.kowalczyk@example.com,-35311
ORD-100714,dtc,SWAN-XL,1,89,shipped,,margaret.harris@example.com,-35326
ORD-100715,dtc,KRAK-01,1,129,shipped,,rosa.jackson@example.com,-33845
ORD-100716,dtc,SWAN-XL,1,89,shipped,,dolores.hernandez@example.com,-33276
ORD-100717,dtc,SWAN-XL,1,89,shipped,,linda.thomas@example.com,-33230
ORD-100718,dtc,SWAN-XL,1,89,shipped,,luis.scott@example.com,-33725
ORD-100719,dtc,KRAK-01,1,129,shipped,,quinn.hill@example.com,-33420
ORD-100720,dtc,SWAN-XL,2,178,shipped,,kitty.johnson@example.com,-33738
ORD-100721,dtc,SWAN-XL,3,267,shipped,,nadia.king@example.com,-33229
ORD-100722,dtc,PIZZ-XL,1,49,shipped,,linda.garcia@example.com,-33642
ORD-100723,dtc,DONUT-2,1,59,shipped,,jerome.davis@example.com,-33638
ORD-100724,dtc,UNIC-01,1,79,shipped,,quinn.sanchez@example.com,-33663
ORD-100725,dtc,SWAN-XL,1,89,shipped,,dolores.white@example.com,-33334
ORD-100726,dtc,DONUT-2,1,59,shipped,,otis.moore@example.com,-33485
ORD-100727,dtc,SWAN-XL,1,89,shipped,,ximena.walker@example.com,-33567
ORD-100728,dtc,UNIC-01,3,237,shipped,,rosa.anderson@example.com,-33517
ORD-100729,dtc,PIZZ-XL,1,49,shipped,,tina.garcia@example.com,-33380
ORD-100730,dtc,SWAN-XL,1,89,shipped,,bob.torres@example.com,-33349
ORD-100731,dtc,UNIC-01,1,79,shipped,,ray.okaforreyes@example.com,-33834
ORD-100732,dtc,SWAN-XL,3,267,shipped,,stan.moore@example.com,-33191
ORD-100733,dtc,SWAN-XL,1,89,shipped,,pearl.davis@example.com,-33643
ORD-100734,dtc,KRAK-01,1,129,shipped,,umar.anderson@example.com,-33333
ORD-100735,dtc,PIZZ-XL,3,147,shipped,,vera.ramirez@example.com,-33398
ORD-100736,dtc,SWAN-XL,1,89,shipped,,margaret.young@example.com,-33676
ORD-100737,dtc,SWAN-XL,1,89,shipped,,ivan.white@example.com,-33507
ORD-100738,dtc,DONUT-2,1,59,shipped,,tomasz.white@example.com,-33853
ORD-100739,dtc,SWAN-XL,1,89,shipped,,wes.perez@example.com,-33465
ORD-100740,dtc,UNIC-01,1,79,shipped,,yosef.miller@example.com,-33199
ORD-100741,dtc,SWAN-XL,1,89,shipped,,hannah.osei@example.com,-33399
ORD-100742,dtc,PIZZ-XL,1,49,shipped,,flo.brown@example.com,-33985
ORD-100743,dtc,PIZZ-XL,1,49,shipped,,mabel.sanchez@example.com,-33293
ORD-100744,dtc,KIT-HEL,1,34,shipped,,yuki.thomas@example.com,-33599
ORD-100745,dtc,SWAN-XL,1,89,shipped,,tina.torres@example.com,-33812
ORD-100746,dtc,PIZZ-XL,1,49,shipped,,mabel.martinez@example.com,-33457
ORD-100747,dtc,KIT-HEL,1,34,shipped,,pearl.martin@example.com,-33759
ORD-100748,dtc,DONUT-2,1,59,shipped,,jamal.osei@example.com,-33587
ORD-100749,dtc,UNIC-01,1,79,shipped,,yosef.brown@example.com,-33393
ORD-100750,dtc,DONUT-2,1,59,shipped,,yuki.anderson@example.com,-33450
ORD-100751,dtc,SWAN-XL,1,89,shipped,,zoe.sanchez@example.com,-33335
ORD-100752,dtc,PIZZ-XL,1,49,shipped,,wes.martin@example.com,-33897
ORD-100753,dtc,SWAN-XL,1,89,shipped,,priya.anderson@example.com,-33918
ORD-100754,dtc,PIZZ-XL,1,49,shipped,,yosef.martin@example.com,-33599
ORD-100755,dtc,SWAN-XL,1,89,shipped,,pearl.brown@example.com,-33315
ORD-100756,dtc,PIZZ-XL,1,49,shipped,,lamar.davis@example.com,-33553
ORD-100757,dtc,KRAK-01,1,129,shipped,,mo.hill@example.com,-33342
ORD-100758,dtc,KRAK-01,1,129,shipped,,gus.torres@example.com,-33669
ORD-100759,dtc,UNIC-01,1,79,shipped,,quinn.allen@example.com,-33363
ORD-100760,dtc,KIT-HEL,1,34,shipped,,keiko.miller@example.com,-34010
ORD-100761,dtc,UNIC-01,1,79,shipped,,linda.flores@example.com,-33594
ORD-100762,dtc,SWAN-XL,1,89,shipped,,zoe.johnson@example.com,-33771
ORD-100763,dtc,KIT-HEL,1,34,shipped,,tina.jackson@example.com,-33919
ORD-100764,dtc,SWAN-XL,1,89,shipped,,vera.nguyen@example.com,-33355
ORD-100765,dtc,PIZZ-XL,1,49,shipped,,zoe.young@example.com,-33830
ORD-100766,dtc,KRAK-01,1,129,shipped,,lamar.wright@example.com,-33933
ORD-100767,dtc,SWAN-XL,4,356,shipped,,margaret.harris@example.com,-33369
ORD-100768,dtc,PIZZ-XL,1,49,shipped,,tomasz.lopez@example.com,-33362
ORD-100769,dtc,SWAN-XL,1,89,shipped,,ivan.thompson@example.com,-33868
ORD-100770,dtc,SWAN-XL,1,89,shipped,,ximena.martin@example.com,-34097
ORD-100771,dtc,PIZZ-XL,1,49,shipped,,kitty.ramirez@example.com,-33986
ORD-100772,dtc,DONUT-2,4,236,shipped,,quinn.anderson@example.com,-34083
ORD-100773,dtc,DONUT-2,1,59,shipped,,quinn.kim@example.com,-33453
ORD-100774,dtc,KRAK-01,1,129,shipped,,mo.perez@example.com,-33909
ORD-100775,dtc,SWAN-XL,1,89,shipped,,quinn.baker@example.com,-33380
ORD-100776,dtc,DONUT-2,1,59,shipped,,lamar.davis@example.com,-33980
ORD-100777,dtc,SWAN-XL,1,89,shipped,,greg.lewis@example.com,-33528
ORD-100778,dtc,DONUT-2,1,59,shipped,,bob.lewis@example.com,-33903
ORD-100779,dtc,KIT-HEL,1,34,shipped,,stan.tanaka@example.com,-33446
ORD-100780,dtc,UNIC-01,1,79,shipped,,hannah.nowak@example.com,-33752
ORD-100781,dtc,UNIC-01,1,79,shipped,,mabel.jackson@example.com,-33327
ORD-100782,dtc,PIZZ-XL,1,49,shipped,,lamar.anderson@example.com,-33890
ORD-100783,dtc,SWAN-XL,1,89,shipped,,otis.robinson@example.com,-33916
ORD-100784,dtc,DONUT-2,1,59,shipped,,greg.kowalczyk@example.com,-33852
ORD-100785,dtc,KRAK-01,1,129,shipped,,luis.white@example.com,-33424
ORD-100786,dtc,KIT-HEL,1,34,shipped,,tina.adams@example.com,-33405
ORD-100787,dtc,KIT-HEL,1,34,shipped,,hannah.young@example.com,-33332
ORD-100788,dtc,PIZZ-XL,1,49,shipped,,rosa.torres@example.com,-33256
ORD-100789,dtc,KRAK-01,1,129,shipped,,otis.robinson@example.com,-33603
ORD-100790,dtc,KIT-HEL,1,34,shipped,,mo.perez@example.com,-33464
ORD-100791,dtc,DONUT-2,2,118,shipped,,mabel.walker@example.com,-33928
ORD-100792,dtc,KRAK-01,1,129,shipped,,pearl.johnson@example.com,-33638
ORD-100793,dtc,DONUT-2,1,59,shipped,,nellie.osei@example.com,-33655
ORD-100794,dtc,UNIC-01,1,79,shipped,,aisha.robinson@example.com,-33536
ORD-100795,dtc,KRAK-01,4,516,shipped,,nadia.adams@example.com,-34128
ORD-100796,dtc,DONUT-2,1,59,shipped,,curtis.smith@example.com,-33995
ORD-100797,dtc,DONUT-2,1,59,shipped,,ray.nowak@example.com,-33288
ORD-100798,dtc,DONUT-2,1,59,shipped,,harriet.king@example.com,-33834
ORD-100799,dtc,SWAN-XL,4,356,shipped,,bettye.harris@example.com,-33232
ORD-100800,dtc,SWAN-XL,1,89,shipped,,keiko.wright@example.com,-33559
ORD-100801,dtc,DONUT-2,1,59,shipped,,greg.davis@example.com,-34110
ORD-100802,dtc,SWAN-XL,2,178,shipped,,mabel.miller@example.com,-33931
ORD-100803,dtc,PIZZ-XL,1,49,shipped,,greg.okaforreyes@example.com,-33563
ORD-100804,dtc,KIT-HEL,1,34,shipped,,yosef.womack@example.com,-33676
ORD-100805,dtc,SWAN-XL,1,89,shipped,,deshawn.thompson@example.com,-33293
ORD-100806,dtc,KIT-HEL,1,34,shipped,,otis.white@example.com,-33569
ORD-100807,dtc,KIT-HEL,1,34,shipped,,carlos.hernandez@example.com,-33846
ORD-100808,dtc,PIZZ-XL,3,147,shipped,,yuki.adams@example.com,-34062
ORD-100809,dtc,SWAN-XL,1,89,shipped,,omar.scott@example.com,-34021
ORD-100810,dtc,UNIC-01,1,79,shipped,,bettye.king@example.com,-33777
ORD-100811,dtc,KRAK-01,1,129,shipped,,otis.harris@example.com,-33686
ORD-100812,dtc,SWAN-XL,1,89,shipped,,umar.hill@example.com,-33546
ORD-100813,dtc,UNIC-01,1,79,shipped,,hannah.wilson@example.com,-34103
ORD-100814,dtc,SWAN-XL,1,89,shipped,,flo.wilson@example.com,-33561
ORD-100815,dtc,DONUT-2,1,59,shipped,,ivan.okaforreyes@example.com,-33879
ORD-100816,dtc,SWAN-XL,1,89,shipped,,margaret.ramirez@example.com,-33702
ORD-100817,dtc,UNIC-01,1,79,shipped,,tomasz.white@example.com,-33304
ORD-100818,dtc,KIT-HEL,1,34,shipped,,aisha.miller@example.com,-33982
ORD-100819,dtc,KIT-HEL,1,34,shipped,,ximena.okaforreyes@example.com,-33964
ORD-100820,dtc,SWAN-XL,1,89,shipped,,ximena.king@example.com,-34120
ORD-100821,dtc,SWAN-XL,1,89,shipped,,quinn.anderson@example.com,-31888
ORD-100822,dtc,PIZZ-XL,1,49,shipped,,hannah.hernandez@example.com,-32348
ORD-100823,dtc,SWAN-XL,1,89,shipped,,umar.ramirez@example.com,-31987
ORD-100824,dtc,UNIC-01,1,79,shipped,,pearl.smith@example.com,-32658
ORD-100825,dtc,DONUT-2,1,59,shipped,,ximena.womack@example.com,-32481
ORD-100826,dtc,SWAN-XL,1,89,shipped,,ximena.ramirez@example.com,-31813
ORD-100827,dtc,PIZZ-XL,1,49,shipped,,ernesto.torres@example.com,-31840
ORD-100828,dtc,UNIC-01,1,79,shipped,,margaret.lopez@example.com,-31947
ORD-100829,dtc,SWAN-XL,1,89,shipped,,umar.moore@example.com,-32290
ORD-100830,dtc,SWAN-XL,1,89,shipped,,hannah.alsayed@example.com,-31872
ORD-100831,dtc,UNIC-01,1,79,shipped,,fatima.martinez@example.com,-32391
ORD-100832,dtc,PIZZ-XL,1,49,shipped,,keiko.adams@example.com,-32280
ORD-100833,dtc,PIZZ-XL,1,49,shipped,,arthur.okaforreyes@example.com,-32238
ORD-100834,dtc,SWAN-XL,1,89,shipped,,greg.lopez@example.com,-32688
ORD-100835,dtc,PIZZ-XL,1,49,shipped,,chen.white@example.com,-31851
ORD-100836,dtc,PIZZ-XL,1,49,shipped,,ray.smith@example.com,-31893
ORD-100837,dtc,DONUT-2,1,59,shipped,,lamar.white@example.com,-32052
ORD-100838,dtc,PIZZ-XL,1,49,shipped,,fatima.nowak@example.com,-32606
ORD-100839,dtc,DONUT-2,1,59,shipped,,linda.harris@example.com,-32343
ORD-100840,dtc,KIT-HEL,1,34,shipped,,otis.torres@example.com,-32340
ORD-100841,dtc,PIZZ-XL,3,147,shipped,,luis.white@example.com,-32625
ORD-100842,dtc,PIZZ-XL,1,49,shipped,,nellie.hill@example.com,-32089
ORD-100843,dtc,SWAN-XL,1,89,shipped,,bob.nowak@example.com,-32578
ORD-100844,dtc,DONUT-2,1,59,shipped,,quinn.allen@example.com,-32065
ORD-100845,dtc,KRAK-01,1,129,shipped,,rosa.young@example.com,-32683
ORD-100846,dtc,KRAK-01,1,129,shipped,,hannah.brown@example.com,-32560
ORD-100847,dtc,KIT-HEL,1,34,shipped,,aisha.sanchez@example.com,-31829
ORD-100848,dtc,UNIC-01,1,79,shipped,,chen.garcia@example.com,-32598
ORD-100849,dtc,UNIC-01,1,79,shipped,,otis.robinson@example.com,-32359
ORD-100850,dtc,SWAN-XL,1,89,shipped,,mabel.jackson@example.com,-31988
ORD-100851,dtc,PIZZ-XL,1,49,shipped,,jerome.torres@example.com,-32366
ORD-100852,dtc,KIT-HEL,3,102,shipped,,chen.hernandez@example.com,-32366
ORD-100853,dtc,PIZZ-XL,1,49,shipped,,ernesto.patel@example.com,-31795
ORD-100854,dtc,PIZZ-XL,1,49,shipped,,ray.walker@example.com,-32635
ORD-100855,dtc,KRAK-01,1,129,shipped,,jamal.osei@example.com,-32255
ORD-100856,dtc,UNIC-01,1,79,shipped,,lamar.torres@example.com,-32226
ORD-100857,dtc,SWAN-XL,1,89,shipped,,aisha.thompson@example.com,-32333
ORD-100858,dtc,PIZZ-XL,1,49,shipped,,bob.garcia@example.com,-32586
ORD-100859,dtc,SWAN-XL,1,89,shipped,,priya.allen@example.com,-32561
ORD-100860,dtc,KRAK-01,1,129,shipped,,priya.brown@example.com,-32217
ORD-100861,dtc,DONUT-2,1,59,shipped,,gus.clark@example.com,-32212
ORD-100862,dtc,SWAN-XL,1,89,shipped,,mo.ramirez@example.com,-32289
ORD-100863,dtc,PIZZ-XL,1,49,shipped,,hannah.harris@example.com,-32290
ORD-100864,dtc,DONUT-2,1,59,shipped,,ernesto.lee@example.com,-32582
ORD-100865,dtc,SWAN-XL,1,89,shipped,,bettye.brzezinski@example.com,-31943
ORD-100866,dtc,SWAN-XL,1,89,shipped,,hannah.robinson@example.com,-32282
ORD-100867,dtc,KIT-HEL,1,34,shipped,,ernesto.alsayed@example.com,-32618
ORD-100868,dtc,KIT-HEL,1,34,shipped,,curtis.robinson@example.com,-32029
ORD-100869,dtc,PIZZ-XL,1,49,shipped,,aisha.wright@example.com,-31857
ORD-100870,dtc,SWAN-XL,1,89,shipped,,carlos.martin@example.com,-32514
ORD-100871,dtc,SWAN-XL,1,89,shipped,,chen.green@example.com,-32527
ORD-100872,dtc,KRAK-01,1,129,shipped,,keiko.wilson@example.com,-32125
ORD-100873,dtc,UNIC-01,1,79,shipped,,stan.tanaka@example.com,-32149
ORD-100874,dtc,SWAN-XL,1,89,shipped,,omar.torres@example.com,-32351
ORD-100875,dtc,UNIC-01,1,79,shipped,,arthur.thomas@example.com,-32676
ORD-100876,dtc,UNIC-01,1,79,shipped,,jerome.martinez@example.com,-32085
ORD-100877,dtc,SWAN-XL,1,89,shipped,,stan.adams@example.com,-32085
ORD-100878,dtc,SWAN-XL,1,89,shipped,,chen.white@example.com,-32041
ORD-100879,dtc,SWAN-XL,1,89,shipped,,carlos.flores@example.com,-31766
ORD-100880,dtc,SWAN-XL,1,89,shipped,,margaret.white@example.com,-32502
ORD-100881,dtc,DONUT-2,4,236,shipped,,omar.smith@example.com,-31928
ORD-100882,dtc,KIT-HEL,1,34,shipped,,deshawn.white@example.com,-31919
ORD-100883,dtc,UNIC-01,1,79,shipped,,fatima.thompson@example.com,-32529
ORD-100884,dtc,SWAN-XL,1,89,shipped,,nadia.womack@example.com,-31831
ORD-100885,dtc,SWAN-XL,1,89,shipped,,mo.lee@example.com,-32629
ORD-100886,dtc,SWAN-XL,1,89,shipped,,ray.martin@example.com,-32083
ORD-100887,dtc,KRAK-01,1,129,shipped,,ingrid.alsayed@example.com,-32103
ORD-100888,dtc,DONUT-2,1,59,shipped,,wes.thompson@example.com,-32358
ORD-100889,dtc,SWAN-XL,1,89,shipped,,paloma.nguyen@example.com,-32105
ORD-100890,dtc,DONUT-2,1,59,shipped,,lamar.martinez@example.com,-31915
ORD-100891,dtc,DONUT-2,1,59,shipped,,umar.garcia@example.com,-32240
ORD-100892,dtc,PIZZ-XL,1,49,shipped,,fatima.harris@example.com,-32423
ORD-100893,dtc,UNIC-01,1,79,shipped,,umar.brzezinski@example.com,-32506
ORD-100894,dtc,SWAN-XL,3,267,shipped,,quinn.kim@example.com,-32670
ORD-100895,dtc,PIZZ-XL,1,49,shipped,,pearl.torres@example.com,-32365
ORD-100896,dtc,PIZZ-XL,1,49,shipped,,ingrid.clark@example.com,-32013
ORD-100897,dtc,SWAN-XL,1,89,shipped,,greg.torres@example.com,-32263
ORD-100898,dtc,DONUT-2,1,59,shipped,,hannah.osei@example.com,-31907
ORD-100899,dtc,SWAN-XL,1,89,shipped,,fatima.perez@example.com,-31838
ORD-100900,dtc,PIZZ-XL,1,49,shipped,,stan.anderson@example.com,-31849
ORD-100901,dtc,SWAN-XL,1,89,shipped,,zoe.davis@example.com,-31917
ORD-100902,dtc,SWAN-XL,1,89,shipped,,bob.thompson@example.com,-32191
ORD-100903,dtc,KRAK-01,4,516,shipped,,curtis.lopez@example.com,-31951
ORD-100904,dtc,KIT-HEL,1,34,shipped,,luis.young@example.com,-32285
ORD-100905,dtc,UNIC-01,1,79,shipped,,ray.clark@example.com,-32525
ORD-100906,dtc,SWAN-XL,1,89,shipped,,carlos.walker@example.com,-32519
ORD-100907,dtc,UNIC-01,1,79,shipped,,aisha.robinson@example.com,-32121
ORD-100908,dtc,KRAK-01,1,129,shipped,,umar.thompson@example.com,-31800
ORD-100909,dtc,UNIC-01,1,79,shipped,,ingrid.clark@example.com,-32330
ORD-100910,dtc,SWAN-XL,1,89,shipped,,yosef.lee@example.com,-32470
ORD-100911,dtc,PIZZ-XL,1,49,shipped,,omar.scott@example.com,-32056
ORD-100912,dtc,SWAN-XL,1,89,shipped,,jerome.kowalczyk@example.com,-32508
ORD-100913,dtc,SWAN-XL,1,89,shipped,,ximena.jackson@example.com,-32150
ORD-100914,dtc,UNIC-01,1,79,shipped,,tomasz.torres@example.com,-32515
ORD-100915,dtc,UNIC-01,1,79,shipped,,omar.lopez@example.com,-31832
ORD-100916,dtc,PIZZ-XL,1,49,shipped,,bettye.lewis@example.com,-31904
ORD-100917,dtc,SWAN-XL,1,89,shipped,,curtis.martin@example.com,-31821
ORD-100918,dtc,PIZZ-XL,1,49,shipped,,nellie.flores@example.com,-32322
ORD-100919,dtc,SWAN-XL,4,356,shipped,,deshawn.nowak@example.com,-31742
ORD-100920,dtc,KRAK-01,1,129,shipped,,priya.brzezinski@example.com,-31908
ORD-100921,dtc,KIT-HEL,1,34,shipped,,hannah.smith@example.com,-32048
ORD-100922,dtc,SWAN-XL,1,89,shipped,,carlos.sanchez@example.com,-32277
ORD-100923,dtc,KRAK-01,1,129,shipped,,mo.jackson@example.com,-32465
ORD-100924,dtc,SWAN-XL,1,89,shipped,,zoe.moore@example.com,-32442
ORD-100925,dtc,KIT-HEL,1,34,shipped,,ivan.thomas@example.com,-32677
ORD-100926,dtc,KRAK-01,1,129,shipped,,nellie.torres@example.com,-32157
ORD-100927,dtc,PIZZ-XL,1,49,shipped,,hannah.green@example.com,-32548
ORD-100928,dtc,KRAK-01,1,129,shipped,,kitty.alsayed@example.com,-32086
ORD-100929,dtc,SWAN-XL,1,89,shipped,,luis.thompson@example.com,-31928
ORD-100930,dtc,KRAK-01,1,129,shipped,,stan.okaforreyes@example.com,-31805
ORD-100931,dtc,PIZZ-XL,1,49,shipped,,ximena.walker@example.com,-32246
ORD-100932,dtc,PIZZ-XL,1,49,shipped,,chen.robinson@example.com,-31981
ORD-100933,dtc,DONUT-2,1,59,shipped,,carlos.sanchez@example.com,-32693
ORD-100934,dtc,DONUT-2,1,59,shipped,,deshawn.kowalczyk@example.com,-32444
ORD-100935,dtc,KRAK-01,1,129,shipped,,umar.davis@example.com,-32096
ORD-100936,dtc,SWAN-XL,1,89,shipped,,otis.kowalczyk@example.com,-32184
ORD-100937,dtc,DONUT-2,1,59,shipped,,deshawn.wright@example.com,-30312
ORD-100938,dtc,PIZZ-XL,1,49,shipped,,mabel.wilson@example.com,-30910
ORD-100939,dtc,KRAK-01,1,129,shipped,,ivan.nguyen@example.com,-31022
ORD-100940,dtc,KRAK-01,1,129,shipped,,priya.jackson@example.com,-31042
ORD-100941,dtc,KRAK-01,1,129,shipped,,carlos.alsayed@example.com,-30993
ORD-100942,dtc,KIT-HEL,1,34,shipped,,deshawn.king@example.com,-30911
ORD-100943,dtc,PIZZ-XL,1,49,shipped,,margaret.brzezinski@example.com,-30306
ORD-100944,dtc,DONUT-2,1,59,shipped,,carlos.young@example.com,-30885
ORD-100945,dtc,SWAN-XL,1,89,shipped,,ivan.clark@example.com,-30980
ORD-100946,dtc,PIZZ-XL,2,98,shipped,,carlos.young@example.com,-30924
ORD-100947,dtc,PIZZ-XL,2,98,shipped,,margaret.jackson@example.com,-30459
ORD-100948,dtc,DONUT-2,1,59,shipped,,zoe.kowalczyk@example.com,-30542
ORD-100949,dtc,SWAN-XL,1,89,shipped,,ximena.adams@example.com,-30797
ORD-100950,dtc,PIZZ-XL,4,196,shipped,,stan.wilson@example.com,-30343
ORD-100951,dtc,KIT-HEL,1,34,shipped,,ximena.lewis@example.com,-30320
ORD-100952,dtc,SWAN-XL,1,89,shipped,,carlos.ramirez@example.com,-30384
ORD-100953,dtc,SWAN-XL,1,89,shipped,,margaret.wilson@example.com,-30738
ORD-100954,dtc,DONUT-2,4,236,shipped,,fatima.miller@example.com,-31246
ORD-100955,dtc,KRAK-01,1,129,shipped,,curtis.hernandez@example.com,-30805
ORD-100956,dtc,SWAN-XL,1,89,shipped,,nellie.jackson@example.com,-30885
ORD-100957,dtc,KIT-HEL,1,34,shipped,,chen.white@example.com,-30436
ORD-100958,dtc,SWAN-XL,1,89,shipped,,stan.scott@example.com,-30695
ORD-100959,dtc,SWAN-XL,2,178,shipped,,nadia.miller@example.com,-30309
ORD-100960,dtc,KIT-HEL,1,34,shipped,,hannah.thompson@example.com,-31077
ORD-100961,dtc,KIT-HEL,3,102,shipped,,ray.nowak@example.com,-30640
ORD-100962,dtc,PIZZ-XL,1,49,shipped,,aisha.baker@example.com,-30749
ORD-100963,dtc,SWAN-XL,1,89,shipped,,flo.baker@example.com,-30469
ORD-100964,dtc,SWAN-XL,1,89,shipped,,priya.hernandez@example.com,-30896
ORD-100965,dtc,SWAN-XL,1,89,shipped,,stan.anderson@example.com,-31017
ORD-100966,dtc,SWAN-XL,1,89,shipped,,priya.alsayed@example.com,-31110
ORD-100967,dtc,UNIC-01,1,79,shipped,,ernesto.alsayed@example.com,-30948
ORD-100968,dtc,KIT-HEL,1,34,shipped,,pearl.baker@example.com,-31215
ORD-100969,dtc,PIZZ-XL,1,49,shipped,,carlos.martinez@example.com,-31049
ORD-100970,dtc,UNIC-01,1,79,shipped,,fatima.walker@example.com,-30597
ORD-100971,dtc,UNIC-01,1,79,shipped,,quinn.lewis@example.com,-30932
ORD-100972,dtc,DONUT-2,1,59,shipped,,rosa.adams@example.com,-30531
ORD-100973,dtc,KRAK-01,1,129,shipped,,harriet.martinez@example.com,-30807
ORD-100974,dtc,PIZZ-XL,1,49,shipped,,yosef.kim@example.com,-30821
ORD-100975,dtc,SWAN-XL,1,89,shipped,,arthur.johnson@example.com,-31130
ORD-100976,dtc,KIT-HEL,1,34,shipped,,harriet.adams@example.com,-30811
ORD-100977,dtc,UNIC-01,1,79,shipped,,arthur.harris@example.com,-31125
ORD-100978,dtc,PIZZ-XL,1,49,shipped,,carlos.clark@example.com,-31179
ORD-100979,dtc,UNIC-01,1,79,shipped,,bob.ramirez@example.com,-31023
ORD-100980,dtc,SWAN-XL,1,89,shipped,,ingrid.martin@example.com,-30534
ORD-100981,dtc,DONUT-2,1,59,shipped,,yosef.adams@example.com,-30425
ORD-100982,dtc,SWAN-XL,1,89,shipped,,flo.lopez@example.com,-30387
ORD-100983,dtc,DONUT-2,1,59,shipped,,aisha.kim@example.com,-31081
ORD-100984,dtc,DONUT-2,1,59,shipped,,chen.lopez@example.com,-31101
ORD-100985,dtc,DONUT-2,1,59,shipped,,lamar.flores@example.com,-30479
ORD-100986,dtc,PIZZ-XL,1,49,shipped,,gus.flores@example.com,-30940
ORD-100987,dtc,PIZZ-XL,3,147,shipped,,pearl.scott@example.com,-30710
ORD-100988,dtc,DONUT-2,1,59,shipped,,vera.alsayed@example.com,-30583
ORD-100989,dtc,SWAN-XL,1,89,shipped,,yuki.clark@example.com,-30840
ORD-100990,dtc,DONUT-2,1,59,shipped,,lamar.walker@example.com,-31227
ORD-100991,dtc,KIT-HEL,1,34,shipped,,lamar.hernandez@example.com,-30384
ORD-100992,dtc,DONUT-2,1,59,shipped,,keiko.flores@example.com,-30394
ORD-100993,dtc,SWAN-XL,1,89,shipped,,ingrid.torres@example.com,-30944
ORD-100994,dtc,SWAN-XL,1,89,shipped,,otis.sanchez@example.com,-30420
ORD-100995,dtc,PIZZ-XL,1,49,shipped,,jamal.osei@example.com,-31110
ORD-100996,dtc,SWAN-XL,1,89,shipped,,deshawn.osei@example.com,-30682
ORD-100997,dtc,SWAN-XL,1,89,shipped,,otis.scott@example.com,-30445
ORD-100998,dtc,PIZZ-XL,1,49,shipped,,chen.walker@example.com,-30857
ORD-100999,dtc,DONUT-2,1,59,shipped,,ivan.patel@example.com,-30384
ORD-101000,dtc,SWAN-XL,1,89,shipped,,gus.walker@example.com,-30813
ORD-101001,dtc,UNIC-01,1,79,shipped,,bob.martin@example.com,-30964
ORD-101002,dtc,DONUT-2,1,59,shipped,,linda.moore@example.com,-31133
ORD-101003,dtc,SWAN-XL,1,89,shipped,,chen.brown@example.com,-30612
ORD-101004,dtc,PIZZ-XL,1,49,shipped,,harriet.brown@example.com,-31068
ORD-101005,dtc,SWAN-XL,1,89,shipped,,yuki.lopez@example.com,-30854
ORD-101006,dtc,PIZZ-XL,1,49,shipped,,greg.green@example.com,-31116
ORD-101007,dtc,SWAN-XL,4,356,shipped,,quinn.harris@example.com,-31056
ORD-101008,dtc,SWAN-XL,1,89,shipped,,wes.okaforreyes@example.com,-31057
ORD-101009,dtc,UNIC-01,1,79,shipped,,carlos.clark@example.com,-30971
ORD-101010,dtc,DONUT-2,1,59,shipped,,kitty.kowalczyk@example.com,-30507
ORD-101011,dtc,PIZZ-XL,1,49,shipped,,mo.green@example.com,-31069
ORD-101012,dtc,SWAN-XL,1,89,shipped,,aisha.womack@example.com,-31041
ORD-101013,dtc,DONUT-2,1,59,shipped,,chen.nowak@example.com,-30429
ORD-101014,dtc,SWAN-XL,1,89,shipped,,nellie.nguyen@example.com,-30493
ORD-101015,dtc,PIZZ-XL,1,49,shipped,,jamal.garcia@example.com,-30675
ORD-101016,dtc,DONUT-2,1,59,shipped,,carlos.robinson@example.com,-30431
ORD-101017,dtc,UNIC-01,1,79,shipped,,dolores.tanaka@example.com,-30948
ORD-101018,dtc,DONUT-2,1,59,shipped,,deshawn.alsayed@example.com,-30624
ORD-101019,dtc,DONUT-2,1,59,shipped,,ximena.young@example.com,-30447
ORD-101020,dtc,KIT-HEL,1,34,shipped,,kitty.lewis@example.com,-31162
ORD-101021,dtc,PIZZ-XL,1,49,shipped,,jerome.king@example.com,-30358
ORD-101022,dtc,SWAN-XL,1,89,shipped,,flo.flores@example.com,-30949
ORD-101023,dtc,PIZZ-XL,1,49,shipped,,ingrid.anderson@example.com,-30916
ORD-101024,dtc,DONUT-2,3,177,shipped,,lamar.nowak@example.com,-31134
ORD-101025,dtc,UNIC-01,1,79,shipped,,jerome.womack@example.com,-31159
ORD-101026,dtc,KIT-HEL,1,34,shipped,,ray.johnson@example.com,-30672
ORD-101027,dtc,KIT-HEL,1,34,shipped,,yuki.scott@example.com,-30735
ORD-101028,dtc,SWAN-XL,1,89,shipped,,dolores.baker@example.com,-30801
ORD-101029,dtc,KIT-HEL,1,34,shipped,,luis.okaforreyes@example.com,-31239
ORD-101030,dtc,SWAN-XL,4,356,shipped,,carlos.wright@example.com,-30370
ORD-101031,dtc,SWAN-XL,1,89,shipped,,mo.lewis@example.com,-30803
ORD-101032,dtc,PIZZ-XL,1,49,shipped,,carlos.ramirez@example.com,-31105
ORD-101033,dtc,SWAN-XL,1,89,shipped,,ernesto.johnson@example.com,-30568
ORD-101034,dtc,PIZZ-XL,1,49,shipped,,hannah.hill@example.com,-29526
ORD-101035,dtc,PIZZ-XL,4,196,shipped,,gus.wright@example.com,-29203
ORD-101036,dtc,DONUT-2,1,59,shipped,,linda.hernandez@example.com,-29247
ORD-101037,dtc,UNIC-01,4,316,shipped,,vera.tanaka@example.com,-28997
ORD-101038,dtc,PIZZ-XL,1,49,shipped,,paloma.white@example.com,-29171
ORD-101039,dtc,DONUT-2,2,118,shipped,,ivan.johnson@example.com,-29670
ORD-101040,dtc,SWAN-XL,1,89,shipped,,tina.kowalczyk@example.com,-28991
ORD-101041,dtc,UNIC-01,1,79,shipped,,bob.wright@example.com,-29409
ORD-101042,dtc,PIZZ-XL,1,49,shipped,,mabel.flores@example.com,-28980
ORD-101043,dtc,UNIC-01,1,79,shipped,,harriet.anderson@example.com,-28965
ORD-101044,dtc,SWAN-XL,1,89,shipped,,ingrid.smith@example.com,-29360
ORD-101045,dtc,PIZZ-XL,1,49,shipped,,quinn.thompson@example.com,-29264
ORD-101046,dtc,PIZZ-XL,3,147,shipped,,dolores.clark@example.com,-29485
ORD-101047,dtc,UNIC-01,1,79,shipped,,fatima.brown@example.com,-29083
ORD-101048,dtc,SWAN-XL,1,89,shipped,,yuki.jackson@example.com,-29649
ORD-101049,dtc,SWAN-XL,1,89,shipped,,yosef.anderson@example.com,-29205
ORD-101050,dtc,KRAK-01,1,129,shipped,,gus.anderson@example.com,-29450
ORD-101051,dtc,PIZZ-XL,1,49,shipped,,jerome.okaforreyes@example.com,-29316
ORD-101052,dtc,SWAN-XL,1,89,shipped,,bettye.scott@example.com,-29800
ORD-101053,dtc,SWAN-XL,1,89,shipped,,margaret.okaforreyes@example.com,-29189
ORD-101054,dtc,SWAN-XL,1,89,shipped,,stan.davis@example.com,-29141
ORD-101055,dtc,SWAN-XL,1,89,shipped,,ximena.nowak@example.com,-29452
ORD-101056,dtc,DONUT-2,1,59,shipped,,deshawn.alsayed@example.com,-29017
ORD-101057,dtc,KRAK-01,3,387,shipped,,ingrid.moore@example.com,-29673
ORD-101058,dtc,SWAN-XL,1,89,shipped,,linda.scott@example.com,-29689
ORD-101059,dtc,SWAN-XL,1,89,shipped,,deshawn.thomas@example.com,-29608
ORD-101060,dtc,KRAK-01,1,129,shipped,,omar.johnson@example.com,-29132
ORD-101061,dtc,PIZZ-XL,1,49,shipped,,omar.white@example.com,-28986
ORD-101062,dtc,SWAN-XL,4,356,shipped,,quinn.wilson@example.com,-29016
ORD-101063,dtc,PIZZ-XL,1,49,shipped,,pearl.hill@example.com,-29099
ORD-101064,dtc,KIT-HEL,1,34,shipped,,keiko.brown@example.com,-28971
ORD-101065,dtc,SWAN-XL,1,89,shipped,,ray.martin@example.com,-29217
ORD-101066,dtc,PIZZ-XL,1,49,shipped,,deshawn.ramirez@example.com,-29214
ORD-101067,dtc,UNIC-01,1,79,shipped,,hannah.ramirez@example.com,-28980
ORD-101068,dtc,SWAN-XL,1,89,shipped,,yuki.wright@example.com,-29609
ORD-101069,dtc,SWAN-XL,1,89,shipped,,jamal.robinson@example.com,-29223
ORD-101070,dtc,DONUT-2,1,59,shipped,,vera.scott@example.com,-29247
ORD-101071,dtc,UNIC-01,1,79,shipped,,otis.brzezinski@example.com,-29451
ORD-101072,dtc,DONUT-2,1,59,shipped,,lamar.flores@example.com,-29272
ORD-101073,dtc,KIT-HEL,1,34,shipped,,greg.wilson@example.com,-29101
ORD-101074,dtc,UNIC-01,1,79,shipped,,arthur.osei@example.com,-29176
ORD-101075,dtc,UNIC-01,1,79,shipped,,ingrid.harris@example.com,-28884
ORD-101076,dtc,KIT-HEL,1,34,shipped,,vera.clark@example.com,-29078
ORD-101077,dtc,PIZZ-XL,1,49,shipped,,bettye.clark@example.com,-29458
ORD-101078,dtc,SWAN-XL,1,89,shipped,,mo.kowalczyk@example.com,-29215
ORD-101079,dtc,SWAN-XL,1,89,shipped,,arthur.king@example.com,-29532
ORD-101080,dtc,SWAN-XL,1,89,shipped,,yosef.okaforreyes@example.com,-29404
ORD-101081,dtc,UNIC-01,1,79,shipped,,greg.thomas@example.com,-29019
ORD-101082,dtc,PIZZ-XL,1,49,shipped,,nellie.miller@example.com,-29321
ORD-101083,dtc,KRAK-01,1,129,shipped,,curtis.lopez@example.com,-28991
ORD-101084,dtc,UNIC-01,1,79,shipped,,mo.ramirez@example.com,-29338
ORD-101085,dtc,SWAN-XL,1,89,shipped,,gus.ramirez@example.com,-28982
ORD-101086,dtc,UNIC-01,1,79,shipped,,deshawn.ramirez@example.com,-29184
ORD-101087,dtc,SWAN-XL,1,89,shipped,,bob.alsayed@example.com,-29243
ORD-101088,dtc,PIZZ-XL,1,49,shipped,,nadia.scott@example.com,-29286
ORD-101089,dtc,SWAN-XL,1,89,shipped,,vera.lopez@example.com,-29587
ORD-101090,dtc,UNIC-01,1,79,shipped,,paloma.patel@example.com,-29005
ORD-101091,dtc,KRAK-01,1,129,shipped,,jamal.clark@example.com,-29071
ORD-101092,dtc,KIT-HEL,1,34,shipped,,mo.scott@example.com,-29230
ORD-101093,dtc,DONUT-2,1,59,shipped,,bob.davis@example.com,-29005
ORD-101094,dtc,DONUT-2,2,118,shipped,,rosa.sanchez@example.com,-29663
ORD-101095,dtc,DONUT-2,2,118,shipped,,priya.nguyen@example.com,-29035
ORD-101096,dtc,PIZZ-XL,1,49,shipped,,dolores.okaforreyes@example.com,-28873
ORD-101097,dtc,PIZZ-XL,3,147,shipped,,otis.osei@example.com,-29540
ORD-101098,dtc,UNIC-01,1,79,shipped,,gus.brzezinski@example.com,-28937
ORD-101099,dtc,DONUT-2,1,59,shipped,,bob.davis@example.com,-29730
ORD-101100,dtc,UNIC-01,4,316,shipped,,carlos.alsayed@example.com,-29123
ORD-101101,dtc,PIZZ-XL,1,49,shipped,,arthur.green@example.com,-29515
ORD-101102,dtc,UNIC-01,1,79,shipped,,lamar.patel@example.com,-29108
ORD-101103,dtc,SWAN-XL,1,89,shipped,,margaret.jackson@example.com,-29634
ORD-101104,dtc,DONUT-2,1,59,shipped,,deshawn.martinez@example.com,-29819
ORD-101105,dtc,SWAN-XL,1,89,shipped,,tomasz.thomas@example.com,-28963
ORD-101106,dtc,KIT-HEL,1,34,shipped,,paloma.kim@example.com,-29247
ORD-101107,dtc,PIZZ-XL,1,49,shipped,,keiko.wright@example.com,-29103
ORD-101108,dtc,UNIC-01,1,79,shipped,,linda.walker@example.com,-28862
ORD-101109,dtc,SWAN-XL,1,89,shipped,,rosa.smith@example.com,-28873
ORD-101110,dtc,DONUT-2,1,59,shipped,,linda.baker@example.com,-29488
ORD-101111,dtc,DONUT-2,1,59,shipped,,ximena.allen@example.com,-29074
ORD-101112,dtc,SWAN-XL,1,89,shipped,,umar.miller@example.com,-29068
ORD-101113,dtc,SWAN-XL,1,89,shipped,,luis.nowak@example.com,-29145
ORD-101114,dtc,SWAN-XL,1,89,shipped,,otis.womack@example.com,-28861
ORD-101115,dtc,UNIC-01,1,79,shipped,,luis.garcia@example.com,-29791
ORD-101116,dtc,DONUT-2,1,59,shipped,,ingrid.king@example.com,-29282
ORD-101117,dtc,KIT-HEL,1,34,shipped,,jamal.robinson@example.com,-29729
ORD-101118,dtc,SWAN-XL,1,89,shipped,,luis.smith@example.com,-29776
ORD-101119,dtc,SWAN-XL,1,89,shipped,,otis.thomas@example.com,-29478
ORD-101120,dtc,SWAN-XL,1,89,shipped,,vera.okaforreyes@example.com,-29627
ORD-101121,dtc,PIZZ-XL,1,49,shipped,,bettye.hernandez@example.com,-29352
ORD-101122,dtc,KRAK-01,2,258,shipped,,yuki.harris@example.com,-29460
ORD-101123,dtc,KIT-HEL,1,34,shipped,,omar.martin@example.com,-29083
ORD-101124,dtc,UNIC-01,1,79,shipped,,paloma.green@example.com,-28931
ORD-101125,dtc,SWAN-XL,1,89,shipped,,otis.osei@example.com,-28910
ORD-101126,dtc,SWAN-XL,1,89,shipped,,luis.smith@example.com,-29600
ORD-101127,dtc,SWAN-XL,1,89,shipped,,curtis.lee@example.com,-29492
ORD-101128,dtc,DONUT-2,1,59,shipped,,nellie.nowak@example.com,-29008
ORD-101129,dtc,UNIC-01,1,79,shipped,,margaret.patel@example.com,-29702
ORD-101130,dtc,SWAN-XL,1,89,shipped,,tina.nguyen@example.com,-29624
ORD-101131,dtc,DONUT-2,1,59,shipped,,keiko.kowalczyk@example.com,-29500
ORD-101132,dtc,UNIC-01,3,237,shipped,,greg.thompson@example.com,-29308
ORD-101133,dtc,PIZZ-XL,2,98,shipped,,mo.ramirez@example.com,-28923
ORD-101134,dtc,PIZZ-XL,1,49,shipped,,stan.lopez@example.com,-29025
ORD-101135,dtc,KRAK-01,2,258,shipped,,deshawn.adams@example.com,-29449
ORD-101136,dtc,UNIC-01,1,79,shipped,,paloma.perez@example.com,-29069
ORD-101137,dtc,SWAN-XL,1,89,shipped,,curtis.harris@example.com,-29662
ORD-101138,dtc,PIZZ-XL,1,49,shipped,,lamar.young@example.com,-28062
ORD-101139,dtc,SWAN-XL,1,89,shipped,,ingrid.wright@example.com,-27808
ORD-101140,dtc,SWAN-XL,1,89,shipped,,chen.moore@example.com,-28333
ORD-101141,dtc,PIZZ-XL,1,49,shipped,,ximena.okaforreyes@example.com,-27706
ORD-101142,dtc,KIT-HEL,1,34,shipped,,umar.allen@example.com,-27500
ORD-101143,dtc,KRAK-01,1,129,shipped,,tomasz.lewis@example.com,-28187
ORD-101144,dtc,PIZZ-XL,1,49,shipped,,rosa.allen@example.com,-27978
ORD-101145,dtc,SWAN-XL,1,89,shipped,,mo.brzezinski@example.com,-28083
ORD-101146,dtc,SWAN-XL,1,89,shipped,,carlos.moore@example.com,-27659
ORD-101147,dtc,DONUT-2,1,59,shipped,,bob.jackson@example.com,-27441
ORD-101148,dtc,DONUT-2,1,59,shipped,,ernesto.scott@example.com,-27682
ORD-101149,dtc,KIT-HEL,1,34,shipped,,greg.smith@example.com,-27827
ORD-101150,dtc,DONUT-2,1,59,shipped,,ivan.thomas@example.com,-27979
ORD-101151,dtc,SWAN-XL,1,89,shipped,,priya.martinez@example.com,-27951
ORD-101152,dtc,DONUT-2,1,59,shipped,,quinn.brown@example.com,-27749
ORD-101153,dtc,SWAN-XL,1,89,shipped,,priya.hernandez@example.com,-27785
ORD-101154,dtc,SWAN-XL,1,89,shipped,,harriet.nguyen@example.com,-27844
ORD-101155,dtc,UNIC-01,1,79,shipped,,ingrid.tanaka@example.com,-28078
ORD-101156,dtc,PIZZ-XL,2,98,shipped,,lamar.kim@example.com,-27908
ORD-101157,dtc,SWAN-XL,1,89,shipped,,carlos.davis@example.com,-27727
ORD-101158,dtc,KRAK-01,1,129,shipped,,carlos.adams@example.com,-28014
ORD-101159,dtc,PIZZ-XL,1,49,shipped,,kitty.martin@example.com,-27552
ORD-101160,dtc,UNIC-01,1,79,shipped,,gus.anderson@example.com,-27853
ORD-101161,dtc,PIZZ-XL,4,196,shipped,,stan.smith@example.com,-27447
ORD-101162,dtc,SWAN-XL,1,89,shipped,,mo.lewis@example.com,-28016
ORD-101163,dtc,DONUT-2,1,59,shipped,,umar.thompson@example.com,-27518
ORD-101164,dtc,UNIC-01,1,79,shipped,,lamar.miller@example.com,-27697
ORD-101165,dtc,PIZZ-XL,1,49,shipped,,yosef.allen@example.com,-27717
ORD-101166,dtc,DONUT-2,1,59,shipped,,ivan.womack@example.com,-28227
ORD-101167,dtc,UNIC-01,1,79,shipped,,tina.green@example.com,-27704
ORD-101168,dtc,SWAN-XL,1,89,shipped,,curtis.lee@example.com,-27533
ORD-101169,dtc,SWAN-XL,1,89,shipped,,keiko.young@example.com,-28274
ORD-101170,dtc,SWAN-XL,1,89,shipped,,margaret.brzezinski@example.com,-28303
ORD-101171,dtc,SWAN-XL,1,89,shipped,,margaret.miller@example.com,-28123
ORD-101172,dtc,PIZZ-XL,1,49,shipped,,carlos.young@example.com,-27738
ORD-101173,dtc,SWAN-XL,1,89,shipped,,greg.moore@example.com,-27903
ORD-101174,dtc,DONUT-2,1,59,shipped,,mabel.harris@example.com,-27984
ORD-101175,dtc,SWAN-XL,2,178,shipped,,pearl.flores@example.com,-27647
ORD-101176,dtc,PIZZ-XL,1,49,shipped,,bettye.hernandez@example.com,-27929
ORD-101177,dtc,KRAK-01,4,516,shipped,,zoe.torres@example.com,-27867
ORD-101178,dtc,PIZZ-XL,1,49,shipped,,margaret.lewis@example.com,-28289
ORD-101179,dtc,SWAN-XL,3,267,shipped,,mo.brown@example.com,-27723
ORD-101180,dtc,KRAK-01,1,129,shipped,,otis.kim@example.com,-28235
ORD-101181,dtc,PIZZ-XL,1,49,shipped,,stan.wright@example.com,-27850
ORD-101182,dtc,PIZZ-XL,1,49,shipped,,chen.anderson@example.com,-28029
ORD-101183,dtc,PIZZ-XL,1,49,shipped,,curtis.davis@example.com,-27634
ORD-101184,dtc,SWAN-XL,1,89,shipped,,yuki.martinez@example.com,-27592
ORD-101185,dtc,SWAN-XL,1,89,shipped,,kitty.hill@example.com,-27662
ORD-101186,dtc,KRAK-01,1,129,shipped,,dolores.davis@example.com,-27628
ORD-101187,dtc,PIZZ-XL,1,49,shipped,,quinn.kim@example.com,-27573
ORD-101188,dtc,KIT-HEL,1,34,shipped,,otis.robinson@example.com,-27652
ORD-101189,dtc,KRAK-01,1,129,shipped,,vera.garcia@example.com,-27517
ORD-101190,dtc,PIZZ-XL,1,49,shipped,,ingrid.tanaka@example.com,-28266
ORD-101191,dtc,PIZZ-XL,3,147,shipped,,curtis.flores@example.com,-27969
ORD-101192,dtc,KRAK-01,2,258,shipped,,ximena.patel@example.com,-28343
ORD-101193,dtc,SWAN-XL,1,89,shipped,,margaret.allen@example.com,-28206
ORD-101194,dtc,SWAN-XL,1,89,shipped,,stan.womack@example.com,-27673
ORD-101195,dtc,SWAN-XL,1,89,shipped,,yosef.kim@example.com,-28048
ORD-101196,dtc,SWAN-XL,1,89,shipped,,aisha.osei@example.com,-28312
ORD-101197,dtc,DONUT-2,1,59,shipped,,luis.brzezinski@example.com,-28324
ORD-101198,dtc,KIT-HEL,1,34,shipped,,yuki.kim@example.com,-27646
ORD-101199,dtc,SWAN-XL,1,89,shipped,,keiko.sanchez@example.com,-27534
ORD-101200,dtc,KIT-HEL,1,34,shipped,,paloma.johnson@example.com,-28044
ORD-101201,dtc,SWAN-XL,1,89,shipped,,bob.robinson@example.com,-28296
ORD-101202,dtc,KIT-HEL,1,34,shipped,,umar.wright@example.com,-27598
ORD-101203,dtc,UNIC-01,3,237,shipped,,wes.green@example.com,-27647
ORD-101204,dtc,DONUT-2,1,59,shipped,,luis.white@example.com,-27437
ORD-101205,dtc,PIZZ-XL,1,49,shipped,,umar.flores@example.com,-27932
ORD-101206,dtc,DONUT-2,1,59,shipped,,wes.hernandez@example.com,-28376
ORD-101207,dtc,SWAN-XL,1,89,shipped,,deshawn.lopez@example.com,-27640
ORD-101208,dtc,SWAN-XL,1,89,shipped,,vera.womack@example.com,-28157
ORD-101209,dtc,SWAN-XL,1,89,shipped,,fatima.clark@example.com,-28143
ORD-101210,dtc,SWAN-XL,1,89,shipped,,flo.lee@example.com,-27437
ORD-101211,dtc,SWAN-XL,1,89,shipped,,rosa.hill@example.com,-27889
ORD-101212,dtc,SWAN-XL,1,89,shipped,,otis.alsayed@example.com,-27828
ORD-101213,dtc,PIZZ-XL,1,49,shipped,,tomasz.davis@example.com,-27890
ORD-101214,dtc,SWAN-XL,1,89,shipped,,paloma.patel@example.com,-27664
ORD-101215,dtc,UNIC-01,1,79,shipped,,aisha.brzezinski@example.com,-27996
ORD-101216,dtc,DONUT-2,1,59,shipped,,linda.miller@example.com,-27568
ORD-101217,dtc,SWAN-XL,1,89,shipped,,omar.lee@example.com,-27887
ORD-101218,dtc,SWAN-XL,2,178,shipped,,otis.tanaka@example.com,-27859
ORD-101219,dtc,SWAN-XL,1,89,shipped,,ximena.torres@example.com,-28135
ORD-101220,dtc,PIZZ-XL,1,49,shipped,,otis.martin@example.com,-28133
ORD-101221,dtc,DONUT-2,1,59,shipped,,gus.womack@example.com,-28096
ORD-101222,dtc,SWAN-XL,1,89,shipped,,greg.brzezinski@example.com,-28230
ORD-101223,dtc,DONUT-2,1,59,shipped,,linda.kowalczyk@example.com,-28358
ORD-101224,dtc,PIZZ-XL,1,49,shipped,,mo.martinez@example.com,-28300
ORD-101225,dtc,SWAN-XL,1,89,shipped,,curtis.thomas@example.com,-28202
ORD-101226,dtc,DONUT-2,1,59,shipped,,lamar.hill@example.com,-27969
ORD-101227,dtc,DONUT-2,1,59,shipped,,lamar.walker@example.com,-28172
ORD-101228,dtc,UNIC-01,1,79,shipped,,arthur.king@example.com,-28322
ORD-101229,dtc,SWAN-XL,1,89,shipped,,lamar.green@example.com,-28057
ORD-101230,dtc,PIZZ-XL,1,49,shipped,,luis.young@example.com,-27978
ORD-101231,dtc,DONUT-2,1,59,shipped,,ivan.white@example.com,-28351
ORD-101232,dtc,DONUT-2,1,59,shipped,,ingrid.brzezinski@example.com,-27858
ORD-101233,dtc,SWAN-XL,1,89,shipped,,rosa.garcia@example.com,-28129
ORD-101234,dtc,DONUT-2,1,59,shipped,,bettye.womack@example.com,-26534
ORD-101235,dtc,DONUT-2,1,59,shipped,,vera.allen@example.com,-26266
ORD-101236,dtc,DONUT-2,1,59,shipped,,chen.thompson@example.com,-26613
ORD-101237,dtc,PIZZ-XL,1,49,shipped,,bettye.thomas@example.com,-26313
ORD-101238,dtc,PIZZ-XL,1,49,shipped,,keiko.smith@example.com,-26821
ORD-101239,dtc,DONUT-2,1,59,shipped,,lamar.alsayed@example.com,-26092
ORD-101240,dtc,SWAN-XL,1,89,shipped,,arthur.walker@example.com,-26751
ORD-101241,dtc,SWAN-XL,1,89,shipped,,ernesto.martin@example.com,-26886
ORD-101242,dtc,PIZZ-XL,1,49,shipped,,linda.martin@example.com,-26142
ORD-101243,dtc,KRAK-01,1,129,shipped,,keiko.womack@example.com,-26694
ORD-101244,dtc,UNIC-01,1,79,shipped,,paloma.allen@example.com,-26668
ORD-101245,dtc,SWAN-XL,1,89,shipped,,priya.wilson@example.com,-26762
ORD-101246,dtc,SWAN-XL,1,89,shipped,,keiko.martin@example.com,-26414
ORD-101247,dtc,UNIC-01,1,79,shipped,,quinn.martinez@example.com,-26198
ORD-101248,dtc,KIT-HEL,1,34,shipped,,aisha.kim@example.com,-26628
ORD-101249,dtc,KRAK-01,1,129,shipped,,keiko.garcia@example.com,-26161
ORD-101250,dtc,DONUT-2,1,59,shipped,,otis.wright@example.com,-26621
ORD-101251,dtc,UNIC-01,1,79,shipped,,fatima.lopez@example.com,-26396
ORD-101252,dtc,DONUT-2,1,59,shipped,,lamar.torres@example.com,-26903
ORD-101253,dtc,KRAK-01,1,129,shipped,,arthur.tanaka@example.com,-26016
ORD-101254,dtc,PIZZ-XL,1,49,shipped,,dolores.brown@example.com,-26023
ORD-101255,dtc,SWAN-XL,1,89,shipped,,fatima.martin@example.com,-26072
ORD-101256,dtc,KRAK-01,1,129,shipped,,carlos.jackson@example.com,-26175
ORD-101257,dtc,DONUT-2,1,59,shipped,,greg.kim@example.com,-26908
ORD-101258,dtc,SWAN-XL,1,89,shipped,,luis.white@example.com,-26854
ORD-101259,dtc,SWAN-XL,1,89,shipped,,aisha.kim@example.com,-26738
ORD-101260,dtc,KIT-HEL,1,34,shipped,,chen.brzezinski@example.com,-26692
ORD-101261,dtc,SWAN-XL,1,89,shipped,,arthur.nguyen@example.com,-26432
ORD-101262,dtc,PIZZ-XL,1,49,shipped,,pearl.flores@example.com,-26664
ORD-101263,dtc,PIZZ-XL,1,49,shipped,,ximena.hernandez@example.com,-26441
ORD-101264,dtc,KIT-HEL,1,34,shipped,,linda.robinson@example.com,-25994
ORD-101265,dtc,SWAN-XL,1,89,shipped,,quinn.king@example.com,-26438
ORD-101266,dtc,PIZZ-XL,1,49,shipped,,linda.flores@example.com,-26311
ORD-101267,dtc,DONUT-2,1,59,shipped,,mo.adams@example.com,-26127
ORD-101268,dtc,PIZZ-XL,1,49,shipped,,carlos.flores@example.com,-26357
ORD-101269,dtc,DONUT-2,1,59,shipped,,lamar.davis@example.com,-26672
ORD-101270,dtc,PIZZ-XL,1,49,shipped,,aisha.okaforreyes@example.com,-26904
ORD-101271,dtc,DONUT-2,1,59,shipped,,ivan.lopez@example.com,-26921
ORD-101272,dtc,DONUT-2,1,59,shipped,,zoe.miller@example.com,-26458
ORD-101273,dtc,SWAN-XL,1,89,shipped,,vera.okaforreyes@example.com,-26755
ORD-101274,dtc,UNIC-01,3,237,shipped,,quinn.martinez@example.com,-26751
ORD-101275,dtc,KRAK-01,1,129,shipped,,hannah.osei@example.com,-26733
ORD-101276,dtc,UNIC-01,1,79,shipped,,harriet.hill@example.com,-26547
ORD-101277,dtc,SWAN-XL,1,89,shipped,,quinn.smith@example.com,-26518
ORD-101278,dtc,DONUT-2,1,59,shipped,,yuki.smith@example.com,-26636
ORD-101279,dtc,SWAN-XL,1,89,shipped,,otis.lewis@example.com,-26606
ORD-101280,dtc,SWAN-XL,1,89,shipped,,dolores.lopez@example.com,-26579
ORD-101281,dtc,UNIC-01,1,79,shipped,,fatima.scott@example.com,-26875
ORD-101282,dtc,SWAN-XL,2,178,shipped,,priya.scott@example.com,-26609
ORD-101283,dtc,KRAK-01,1,129,shipped,,priya.flores@example.com,-26221
ORD-101284,dtc,PIZZ-XL,1,49,shipped,,paloma.allen@example.com,-26860
ORD-101285,dtc,KRAK-01,1,129,shipped,,hannah.brown@example.com,-26048
ORD-101286,dtc,UNIC-01,1,79,shipped,,ingrid.garcia@example.com,-26370
ORD-101287,dtc,SWAN-XL,1,89,shipped,,arthur.white@example.com,-26932
ORD-101288,dtc,SWAN-XL,1,89,shipped,,omar.hernandez@example.com,-26708
ORD-101289,dtc,PIZZ-XL,1,49,shipped,,hannah.jackson@example.com,-26636
ORD-101290,dtc,UNIC-01,1,79,shipped,,carlos.womack@example.com,-26915
ORD-101291,dtc,PIZZ-XL,1,49,shipped,,wes.brown@example.com,-26765
ORD-101292,dtc,SWAN-XL,1,89,shipped,,lamar.okaforreyes@example.com,-26088
ORD-101293,dtc,DONUT-2,1,59,shipped,,kitty.martinez@example.com,-26636
ORD-101294,dtc,PIZZ-XL,1,49,shipped,,linda.king@example.com,-26921
ORD-101295,dtc,SWAN-XL,1,89,shipped,,ximena.martin@example.com,-26865
ORD-101296,dtc,SWAN-XL,1,89,shipped,,priya.sanchez@example.com,-26755
ORD-101297,dtc,PIZZ-XL,1,49,shipped,,paloma.johnson@example.com,-25982
ORD-101298,dtc,SWAN-XL,1,89,shipped,,flo.lee@example.com,-26157
ORD-101299,dtc,PIZZ-XL,1,49,shipped,,fatima.lopez@example.com,-26579
ORD-101300,dtc,PIZZ-XL,4,196,shipped,,bob.hernandez@example.com,-26278
ORD-101301,dtc,KRAK-01,1,129,shipped,,hannah.adams@example.com,-26325
ORD-101302,dtc,SWAN-XL,1,89,shipped,,aisha.baker@example.com,-26625
ORD-101303,dtc,KIT-HEL,1,34,shipped,,keiko.wright@example.com,-26880
ORD-101304,dtc,PIZZ-XL,1,49,shipped,,mabel.jackson@example.com,-26203
ORD-101305,dtc,KIT-HEL,1,34,shipped,,omar.wright@example.com,-26607
ORD-101306,dtc,KRAK-01,1,129,shipped,,margaret.nowak@example.com,-26142
ORD-101307,dtc,DONUT-2,2,118,shipped,,bob.hill@example.com,-26000
ORD-101308,dtc,SWAN-XL,1,89,shipped,,dolores.scott@example.com,-26126
ORD-101309,dtc,DONUT-2,1,59,shipped,,mo.clark@example.com,-26752
ORD-101310,dtc,PIZZ-XL,1,49,shipped,,mo.martinez@example.com,-26535
ORD-101311,dtc,DONUT-2,1,59,shipped,,flo.martin@example.com,-26092
ORD-101312,dtc,UNIC-01,1,79,shipped,,fatima.alsayed@example.com,-26402
ORD-101313,dtc,KRAK-01,1,129,shipped,,pearl.johnson@example.com,-26886
ORD-101314,dtc,KRAK-01,3,387,shipped,,mabel.johnson@example.com,-26935
ORD-101315,dtc,SWAN-XL,1,89,shipped,,ximena.allen@example.com,-26715
ORD-101316,dtc,UNIC-01,1,79,shipped,,wes.patel@example.com,-26191
ORD-101317,dtc,KIT-HEL,2,68,shipped,,margaret.alsayed@example.com,-26137
ORD-101318,dtc,UNIC-01,1,79,shipped,,dolores.scott@example.com,-26428
ORD-101319,dtc,UNIC-01,1,79,shipped,,aisha.moore@example.com,-26196
ORD-101320,dtc,SWAN-XL,1,89,shipped,,mo.adams@example.com,-26469
ORD-101321,dtc,KRAK-01,1,129,shipped,,fatima.sanchez@example.com,-26666
ORD-101322,dtc,SWAN-XL,1,89,shipped,,rosa.thomas@example.com,-26798
ORD-101323,dtc,SWAN-XL,1,89,shipped,,mabel.martin@example.com,-26743
ORD-101324,dtc,KIT-HEL,1,34,shipped,,carlos.womack@example.com,-26601
ORD-101325,dtc,SWAN-XL,4,356,shipped,,paloma.hill@example.com,-26339
ORD-101326,dtc,KRAK-01,1,129,shipped,,bob.tanaka@example.com,-26553
ORD-101327,dtc,SWAN-XL,1,89,shipped,,nellie.okaforreyes@example.com,-26312
ORD-101328,dtc,PIZZ-XL,1,49,shipped,,umar.sanchez@example.com,-26133
ORD-101329,dtc,PIZZ-XL,1,49,shipped,,ivan.clark@example.com,-26458
ORD-101330,dtc,PIZZ-XL,1,49,shipped,,fatima.miller@example.com,-26724
ORD-101331,dtc,KRAK-01,1,129,shipped,,wes.scott@example.com,-26419
ORD-101332,dtc,SWAN-XL,1,89,shipped,,priya.hernandez@example.com,-25983
ORD-101333,dtc,PIZZ-XL,1,49,shipped,,lamar.young@example.com,-26794
ORD-101334,dtc,UNIC-01,1,79,shipped,,nadia.robinson@example.com,-26586
ORD-101335,dtc,SWAN-XL,1,89,shipped,,quinn.thompson@example.com,-26867
ORD-101336,dtc,PIZZ-XL,1,49,shipped,,yuki.adams@example.com,-26757
ORD-101337,dtc,KIT-HEL,1,34,shipped,,stan.patel@example.com,-26554
ORD-101338,dtc,UNIC-01,4,316,shipped,,gus.king@example.com,-26936
ORD-101339,dtc,SWAN-XL,1,89,shipped,,quinn.anderson@example.com,-26499
ORD-101340,dtc,DONUT-2,1,59,shipped,,mabel.wilson@example.com,-26917
ORD-101341,dtc,PIZZ-XL,1,49,shipped,,jamal.clark@example.com,-26545
ORD-101342,dtc,KRAK-01,1,129,shipped,,kitty.moore@example.com,-26496
ORD-101343,dtc,PIZZ-XL,1,49,shipped,,bob.jackson@example.com,-26512
ORD-101344,dtc,PIZZ-XL,3,147,shipped,,luis.nguyen@example.com,-26389
ORD-101345,dtc,UNIC-01,1,79,shipped,,zoe.sanchez@example.com,-26382
ORD-101346,dtc,SWAN-XL,1,89,shipped,,dolores.kowalczyk@example.com,-26388
ORD-101347,dtc,DONUT-2,1,59,shipped,,mabel.lee@example.com,-26478
ORD-101348,dtc,DONUT-2,1,59,shipped,,greg.ramirez@example.com,-26359
ORD-101349,dtc,PIZZ-XL,1,49,shipped,,mo.hill@example.com,-26435
ORD-101350,dtc,PIZZ-XL,3,147,shipped,,hannah.hill@example.com,-26121
ORD-101351,dtc,PIZZ-XL,1,49,shipped,,omar.flores@example.com,-26332
ORD-101352,dtc,DONUT-2,1,59,shipped,,yuki.johnson@example.com,-26314
ORD-101353,dtc,KIT-HEL,1,34,shipped,,luis.nowak@example.com,-26541
ORD-101354,dtc,UNIC-01,1,79,shipped,,margaret.hernandez@example.com,-26011
ORD-101355,dtc,KRAK-01,1,129,shipped,,umar.robinson@example.com,-26886
ORD-101356,dtc,SWAN-XL,1,89,shipped,,zoe.thomas@example.com,-26185
ORD-101357,dtc,KRAK-01,1,129,shipped,,fatima.torres@example.com,-26528
ORD-101358,dtc,DONUT-2,1,59,shipped,,vera.king@example.com,-26101
ORD-101359,dtc,DONUT-2,1,59,shipped,,ivan.osei@example.com,-26163
ORD-101360,dtc,PIZZ-XL,1,49,shipped,,aisha.nguyen@example.com,-24612
ORD-101361,dtc,SWAN-XL,1,89,shipped,,ximena.adams@example.com,-25476
ORD-101362,dtc,KRAK-01,1,129,shipped,,tomasz.jackson@example.com,-25431
ORD-101363,dtc,KRAK-01,1,129,shipped,,jerome.lewis@example.com,-25025
ORD-101364,dtc,KRAK-01,1,129,shipped,,hannah.king@example.com,-25023
ORD-101365,dtc,SWAN-XL,1,89,shipped,,ivan.walker@example.com,-25319
ORD-101366,dtc,UNIC-01,1,79,shipped,,ximena.thomas@example.com,-25051
ORD-101367,dtc,SWAN-XL,1,89,shipped,,fatima.hernandez@example.com,-24865
ORD-101368,dtc,KRAK-01,1,129,shipped,,yuki.martin@example.com,-25267
ORD-101369,dtc,PIZZ-XL,1,49,shipped,,greg.allen@example.com,-25102
ORD-101370,dtc,KIT-HEL,1,34,shipped,,quinn.allen@example.com,-24576
ORD-101371,dtc,DONUT-2,1,59,shipped,,vera.womack@example.com,-25167
ORD-101372,dtc,PIZZ-XL,1,49,shipped,,harriet.davis@example.com,-25279
ORD-101373,dtc,KRAK-01,1,129,shipped,,mabel.thomas@example.com,-25144
ORD-101374,dtc,SWAN-XL,1,89,shipped,,tomasz.osei@example.com,-25355
ORD-101375,dtc,PIZZ-XL,1,49,shipped,,margaret.flores@example.com,-24702
ORD-101376,dtc,KRAK-01,1,129,shipped,,flo.garcia@example.com,-25492
ORD-101377,dtc,SWAN-XL,1,89,shipped,,carlos.adams@example.com,-25044
ORD-101378,dtc,DONUT-2,1,59,shipped,,fatima.jackson@example.com,-25140
ORD-101379,dtc,PIZZ-XL,1,49,shipped,,umar.lopez@example.com,-25319
ORD-101380,dtc,UNIC-01,1,79,shipped,,bettye.johnson@example.com,-24571
ORD-101381,dtc,SWAN-XL,2,178,shipped,,kitty.sanchez@example.com,-24890
ORD-101382,dtc,PIZZ-XL,1,49,shipped,,ray.ramirez@example.com,-24805
ORD-101383,dtc,DONUT-2,1,59,shipped,,otis.brzezinski@example.com,-25379
ORD-101384,dtc,PIZZ-XL,1,49,shipped,,kitty.womack@example.com,-25491
ORD-101385,dtc,SWAN-XL,1,89,shipped,,otis.adams@example.com,-25394
ORD-101386,dtc,PIZZ-XL,1,49,shipped,,harriet.ramirez@example.com,-24976
ORD-101387,dtc,DONUT-2,1,59,shipped,,ximena.brzezinski@example.com,-25179
ORD-101388,dtc,SWAN-XL,1,89,shipped,,pearl.okaforreyes@example.com,-24853
ORD-101389,dtc,PIZZ-XL,1,49,shipped,,jerome.garcia@example.com,-25062
ORD-101390,dtc,KIT-HEL,2,68,shipped,,aisha.wright@example.com,-25364
ORD-101391,dtc,DONUT-2,1,59,shipped,,gus.garcia@example.com,-24600
ORD-101392,dtc,DONUT-2,1,59,shipped,,arthur.nowak@example.com,-25470
ORD-101393,dtc,UNIC-01,1,79,shipped,,carlos.jackson@example.com,-25099
ORD-101394,dtc,KIT-HEL,1,34,shipped,,flo.ramirez@example.com,-24921
ORD-101395,dtc,SWAN-XL,1,89,shipped,,paloma.garcia@example.com,-25158
ORD-101396,dtc,DONUT-2,3,177,shipped,,nadia.allen@example.com,-25276
ORD-101397,dtc,SWAN-XL,1,89,shipped,,harriet.torres@example.com,-24594
ORD-101398,dtc,DONUT-2,2,118,shipped,,ray.tanaka@example.com,-24783
ORD-101399,dtc,UNIC-01,1,79,shipped,,ivan.smith@example.com,-25270
ORD-101400,dtc,KRAK-01,3,387,shipped,,yuki.young@example.com,-25280
ORD-101401,dtc,PIZZ-XL,1,49,shipped,,ivan.jackson@example.com,-24623
ORD-101402,dtc,DONUT-2,1,59,shipped,,harriet.king@example.com,-25179
ORD-101403,dtc,PIZZ-XL,1,49,shipped,,pearl.thomas@example.com,-25045
ORD-101404,dtc,SWAN-XL,1,89,shipped,,wes.womack@example.com,-24904
ORD-101405,dtc,SWAN-XL,1,89,shipped,,umar.davis@example.com,-24544
ORD-101406,dtc,SWAN-XL,1,89,shipped,,ivan.davis@example.com,-24544
ORD-101407,dtc,SWAN-XL,1,89,shipped,,rosa.davis@example.com,-25146
ORD-101408,dtc,KRAK-01,1,129,shipped,,greg.robinson@example.com,-24882
ORD-101409,dtc,SWAN-XL,1,89,shipped,,margaret.brzezinski@example.com,-25382
ORD-101410,dtc,SWAN-XL,1,89,shipped,,priya.perez@example.com,-24927
ORD-101411,dtc,PIZZ-XL,1,49,shipped,,carlos.walker@example.com,-25034
ORD-101412,dtc,KRAK-01,1,129,shipped,,ximena.lopez@example.com,-25347
ORD-101413,dtc,KRAK-01,4,516,shipped,,pearl.johnson@example.com,-25353
ORD-101414,dtc,KIT-HEL,1,34,shipped,,harriet.patel@example.com,-24613
ORD-101415,dtc,DONUT-2,1,59,shipped,,ernesto.martinez@example.com,-24586
ORD-101416,dtc,SWAN-XL,1,89,shipped,,omar.alsayed@example.com,-24965
ORD-101417,dtc,KRAK-01,1,129,shipped,,tina.white@example.com,-24643
ORD-101418,dtc,PIZZ-XL,2,98,shipped,,jamal.king@example.com,-24939
ORD-101419,dtc,SWAN-XL,1,89,shipped,,tina.sanchez@example.com,-24740
ORD-101420,dtc,PIZZ-XL,1,49,shipped,,arthur.adams@example.com,-25407
ORD-101421,dtc,PIZZ-XL,1,49,shipped,,ray.king@example.com,-25024
ORD-101422,dtc,DONUT-2,1,59,shipped,,priya.smith@example.com,-25027
ORD-101423,dtc,SWAN-XL,1,89,shipped,,deshawn.johnson@example.com,-25229
ORD-101424,dtc,SWAN-XL,1,89,shipped,,rosa.alsayed@example.com,-25447
ORD-101425,dtc,UNIC-01,1,79,shipped,,zoe.womack@example.com,-25043
ORD-101426,dtc,DONUT-2,1,59,shipped,,luis.martin@example.com,-24739
ORD-101427,dtc,KRAK-01,1,129,shipped,,jerome.wright@example.com,-24943
ORD-101428,dtc,SWAN-XL,1,89,shipped,,otis.adams@example.com,-24824
ORD-101429,dtc,KRAK-01,2,258,shipped,,nadia.lopez@example.com,-24755
ORD-101430,dtc,SWAN-XL,1,89,shipped,,ivan.osei@example.com,-24698
ORD-101431,dtc,PIZZ-XL,1,49,shipped,,fatima.lopez@example.com,-25448
ORD-101432,dtc,SWAN-XL,1,89,shipped,,gus.white@example.com,-25378
ORD-101433,dtc,PIZZ-XL,1,49,shipped,,paloma.hernandez@example.com,-25199
ORD-101434,dtc,SWAN-XL,1,89,shipped,,bettye.white@example.com,-25456
ORD-101435,dtc,KRAK-01,1,129,shipped,,dolores.johnson@example.com,-24919
ORD-101436,dtc,KIT-HEL,1,34,shipped,,ximena.perez@example.com,-24845
ORD-101437,dtc,DONUT-2,1,59,shipped,,nadia.davis@example.com,-25206
ORD-101438,dtc,SWAN-XL,1,89,shipped,,curtis.clark@example.com,-24753
ORD-101439,dtc,UNIC-01,1,79,shipped,,chen.scott@example.com,-25042
ORD-101440,dtc,SWAN-XL,1,89,shipped,,luis.green@example.com,-25320
ORD-101441,dtc,UNIC-01,1,79,shipped,,dolores.kowalczyk@example.com,-24594
ORD-101442,dtc,KRAK-01,1,129,shipped,,ximena.king@example.com,-25462
ORD-101443,dtc,KIT-HEL,1,34,shipped,,ray.moore@example.com,-25434
ORD-101444,dtc,PIZZ-XL,1,49,shipped,,linda.kim@example.com,-24958
ORD-101445,dtc,SWAN-XL,1,89,shipped,,flo.allen@example.com,-24623
ORD-101446,dtc,DONUT-2,1,59,shipped,,umar.hill@example.com,-25020
ORD-101447,dtc,SWAN-XL,3,267,shipped,,jerome.osei@example.com,-24731
ORD-101448,dtc,DONUT-2,1,59,shipped,,yuki.clark@example.com,-24788
ORD-101449,dtc,DONUT-2,1,59,shipped,,bettye.jackson@example.com,-25198
ORD-101450,dtc,KIT-HEL,2,68,shipped,,omar.martinez@example.com,-24996
ORD-101451,dtc,DONUT-2,1,59,shipped,,ximena.lewis@example.com,-24797
ORD-101452,dtc,DONUT-2,1,59,shipped,,fatima.kowalczyk@example.com,-25359
ORD-101453,dtc,PIZZ-XL,1,49,shipped,,curtis.womack@example.com,-25496
ORD-101454,dtc,SWAN-XL,1,89,shipped,,linda.brzezinski@example.com,-24881
ORD-101455,dtc,PIZZ-XL,1,49,shipped,,greg.scott@example.com,-25329
ORD-101456,dtc,DONUT-2,1,59,shipped,,ingrid.flores@example.com,-25231
ORD-101457,dtc,SWAN-XL,1,89,shipped,,ray.womack@example.com,-25272
ORD-101458,dtc,KRAK-01,1,129,shipped,,aisha.lopez@example.com,-24659
ORD-101459,dtc,PIZZ-XL,1,49,shipped,,bettye.perez@example.com,-25408
ORD-101460,dtc,SWAN-XL,1,89,shipped,,wes.tanaka@example.com,-25262
ORD-101461,dtc,DONUT-2,1,59,shipped,,yosef.white@example.com,-24654
ORD-101462,dtc,PIZZ-XL,1,49,shipped,,harriet.robinson@example.com,-24718
ORD-101463,dtc,SWAN-XL,1,89,shipped,,priya.hernandez@example.com,-24881
ORD-101464,dtc,SWAN-XL,1,89,shipped,,ingrid.lopez@example.com,-25130
ORD-101465,dtc,PIZZ-XL,1,49,shipped,,hannah.moore@example.com,-24688
ORD-101466,dtc,PIZZ-XL,1,49,shipped,,ray.alsayed@example.com,-25336
ORD-101467,dtc,PIZZ-XL,1,49,shipped,,bettye.lewis@example.com,-24784
ORD-101468,dtc,DONUT-2,3,177,shipped,,ximena.flores@example.com,-24756
ORD-101469,dtc,KRAK-01,4,516,shipped,,margaret.harris@example.com,-25114
ORD-101470,dtc,SWAN-XL,1,89,shipped,,keiko.wilson@example.com,-24769
ORD-101471,dtc,DONUT-2,1,59,shipped,,curtis.ramirez@example.com,-25150
ORD-101472,dtc,PIZZ-XL,1,49,shipped,,yuki.torres@example.com,-24877
ORD-101473,dtc,SWAN-XL,1,89,shipped,,deshawn.lopez@example.com,-24623
ORD-101474,dtc,KRAK-01,1,129,shipped,,bob.walker@example.com,-25443
ORD-101475,dtc,DONUT-2,1,59,shipped,,carlos.scott@example.com,-25280
ORD-101476,dtc,SWAN-XL,1,89,shipped,,priya.jackson@example.com,-25468
ORD-101477,dtc,UNIC-01,1,79,shipped,,keiko.martinez@example.com,-24781
ORD-101478,dtc,SWAN-XL,1,89,shipped,,dolores.harris@example.com,-24641
ORD-101479,dtc,PIZZ-XL,1,49,shipped,,lamar.kim@example.com,-23891
ORD-101480,dtc,SWAN-XL,1,89,shipped,,luis.brzezinski@example.com,-23744
ORD-101481,dtc,DONUT-2,1,59,shipped,,umar.jackson@example.com,-23178
ORD-101482,dtc,SWAN-XL,1,89,shipped,,nellie.miller@example.com,-23734
ORD-101483,dtc,DONUT-2,1,59,shipped,,lamar.young@example.com,-23501
ORD-101484,dtc,KIT-HEL,1,34,shipped,,ingrid.nowak@example.com,-23567
ORD-101485,dtc,SWAN-XL,1,89,shipped,,nellie.martinez@example.com,-23977
ORD-101486,dtc,SWAN-XL,1,89,shipped,,paloma.lee@example.com,-23528
ORD-101487,dtc,KRAK-01,1,129,shipped,,tina.white@example.com,-24046
ORD-101488,dtc,PIZZ-XL,1,49,shipped,,margaret.brown@example.com,-23240
ORD-101489,dtc,KRAK-01,1,129,shipped,,carlos.flores@example.com,-24034
ORD-101490,dtc,PIZZ-XL,1,49,shipped,,tomasz.clark@example.com,-23740
ORD-101491,dtc,PIZZ-XL,1,49,shipped,,paloma.garcia@example.com,-23560
ORD-101492,dtc,SWAN-XL,1,89,shipped,,tina.harris@example.com,-23678
ORD-101493,dtc,DONUT-2,1,59,shipped,,omar.lee@example.com,-23539
ORD-101494,dtc,SWAN-XL,1,89,shipped,,chen.robinson@example.com,-23126
ORD-101495,dtc,DONUT-2,1,59,shipped,,wes.lopez@example.com,-23927
ORD-101496,dtc,SWAN-XL,1,89,shipped,,ernesto.miller@example.com,-24030
ORD-101497,dtc,SWAN-XL,1,89,shipped,,harriet.robinson@example.com,-23152
ORD-101498,dtc,PIZZ-XL,1,49,shipped,,mabel.clark@example.com,-23466
ORD-101499,dtc,SWAN-XL,1,89,shipped,,chen.robinson@example.com,-23809
ORD-101500,dtc,PIZZ-XL,1,49,shipped,,jerome.osei@example.com,-23829
ORD-101501,dtc,UNIC-01,1,79,shipped,,harriet.thomas@example.com,-23206
ORD-101502,dtc,KIT-HEL,1,34,shipped,,stan.moore@example.com,-23186
ORD-101503,dtc,SWAN-XL,1,89,shipped,,ingrid.womack@example.com,-23908
ORD-101504,dtc,UNIC-01,1,79,shipped,,luis.nguyen@example.com,-23670
ORD-101505,dtc,SWAN-XL,1,89,shipped,,deshawn.okaforreyes@example.com,-23997
ORD-101506,dtc,PIZZ-XL,1,49,shipped,,yuki.walker@example.com,-23331
ORD-101507,dtc,PIZZ-XL,1,49,shipped,,ivan.white@example.com,-23335
ORD-101508,dtc,SWAN-XL,1,89,shipped,,pearl.jackson@example.com,-23624
ORD-101509,dtc,SWAN-XL,1,89,shipped,,ivan.lee@example.com,-23330
ORD-101510,dtc,PIZZ-XL,1,49,shipped,,priya.wright@example.com,-23235
ORD-101511,dtc,UNIC-01,1,79,shipped,,vera.kowalczyk@example.com,-23842
ORD-101512,dtc,SWAN-XL,1,89,shipped,,tina.green@example.com,-23830
ORD-101513,dtc,SWAN-XL,4,356,shipped,,nadia.jackson@example.com,-23549
ORD-101514,dtc,KIT-HEL,1,34,shipped,,jerome.martinez@example.com,-24052
ORD-101515,dtc,SWAN-XL,1,89,shipped,,mabel.ramirez@example.com,-23317
ORD-101516,dtc,DONUT-2,4,236,shipped,,otis.robinson@example.com,-23909
ORD-101517,dtc,SWAN-XL,1,89,shipped,,bob.flores@example.com,-23488
ORD-101518,dtc,KRAK-01,1,129,shipped,,tomasz.lewis@example.com,-24033
ORD-101519,dtc,SWAN-XL,1,89,shipped,,gus.lee@example.com,-23553
ORD-101520,dtc,SWAN-XL,1,89,shipped,,quinn.alsayed@example.com,-23636
ORD-101521,dtc,SWAN-XL,1,89,shipped,,bob.green@example.com,-23301
ORD-101522,dtc,PIZZ-XL,1,49,shipped,,greg.clark@example.com,-23859
ORD-101523,dtc,SWAN-XL,1,89,shipped,,greg.martinez@example.com,-23426
ORD-101524,dtc,PIZZ-XL,2,98,shipped,,vera.lopez@example.com,-23160
ORD-101525,dtc,PIZZ-XL,1,49,shipped,,jamal.davis@example.com,-23793
ORD-101526,dtc,PIZZ-XL,4,196,shipped,,aisha.davis@example.com,-23860
ORD-101527,dtc,UNIC-01,1,79,shipped,,paloma.moore@example.com,-24024
ORD-101528,dtc,SWAN-XL,1,89,shipped,,priya.adams@example.com,-23460
ORD-101529,dtc,PIZZ-XL,1,49,shipped,,wes.nowak@example.com,-23980
ORD-101530,dtc,SWAN-XL,1,89,shipped,,ernesto.thompson@example.com,-23364
ORD-101531,dtc,KIT-HEL,1,34,shipped,,keiko.king@example.com,-23910
ORD-101532,dtc,SWAN-XL,1,89,shipped,,gus.alsayed@example.com,-23930
ORD-101533,dtc,PIZZ-XL,4,196,shipped,,tina.robinson@example.com,-23836
ORD-101534,dtc,PIZZ-XL,1,49,shipped,,ingrid.king@example.com,-23494
ORD-101535,dtc,SWAN-XL,1,89,shipped,,omar.lopez@example.com,-23137
ORD-101536,dtc,KRAK-01,1,129,shipped,,chen.lee@example.com,-23668
ORD-101537,dtc,PIZZ-XL,1,49,shipped,,zoe.walker@example.com,-23275
ORD-101538,dtc,KRAK-01,1,129,shipped,,luis.wright@example.com,-23273
ORD-101539,dtc,PIZZ-XL,1,49,shipped,,quinn.okaforreyes@example.com,-23848
ORD-101540,dtc,DONUT-2,1,59,shipped,,priya.torres@example.com,-23623
ORD-101541,dtc,DONUT-2,1,59,shipped,,pearl.king@example.com,-23597
ORD-101542,dtc,SWAN-XL,1,89,shipped,,priya.robinson@example.com,-23562
ORD-101543,dtc,SWAN-XL,1,89,shipped,,carlos.miller@example.com,-23451
ORD-101544,dtc,SWAN-XL,1,89,shipped,,kitty.kowalczyk@example.com,-23254
ORD-101545,dtc,SWAN-XL,1,89,shipped,,deshawn.okaforreyes@example.com,-23815
ORD-101546,dtc,DONUT-2,1,59,shipped,,curtis.allen@example.com,-23738
ORD-101547,dtc,PIZZ-XL,4,196,shipped,,yuki.martin@example.com,-23831
ORD-101548,dtc,KIT-HEL,3,102,shipped,,gus.smith@example.com,-24041
ORD-101549,dtc,SWAN-XL,3,267,shipped,,ernesto.anderson@example.com,-23867
ORD-101550,dtc,KRAK-01,1,129,shipped,,yuki.johnson@example.com,-23847
ORD-101551,dtc,SWAN-XL,1,89,shipped,,curtis.hernandez@example.com,-23453
ORD-101552,dtc,UNIC-01,1,79,shipped,,gus.davis@example.com,-23600
ORD-101553,dtc,KRAK-01,1,129,shipped,,jerome.baker@example.com,-23661
ORD-101554,dtc,PIZZ-XL,1,49,shipped,,curtis.clark@example.com,-23637
ORD-101555,dtc,SWAN-XL,3,267,shipped,,keiko.okaforreyes@example.com,-23519
ORD-101556,dtc,SWAN-XL,1,89,shipped,,jamal.lee@example.com,-23122
ORD-101557,dtc,KIT-HEL,1,34,shipped,,lamar.smith@example.com,-24019
ORD-101558,dtc,KIT-HEL,1,34,shipped,,jerome.tanaka@example.com,-23762
ORD-101559,dtc,PIZZ-XL,1,49,shipped,,vera.womack@example.com,-23903
ORD-101560,dtc,SWAN-XL,1,89,shipped,,mabel.hernandez@example.com,-23687
ORD-101561,dtc,KRAK-01,1,129,shipped,,jamal.hill@example.com,-23520
ORD-101562,dtc,UNIC-01,1,79,shipped,,ximena.hill@example.com,-23104
ORD-101563,dtc,SWAN-XL,1,89,shipped,,ernesto.white@example.com,-23163
ORD-101564,dtc,SWAN-XL,1,89,shipped,,omar.tanaka@example.com,-23969
ORD-101565,dtc,KRAK-01,1,129,shipped,,rosa.harris@example.com,-23287
ORD-101566,dtc,KRAK-01,1,129,shipped,,nadia.walker@example.com,-23792
ORD-101567,dtc,KIT-HEL,1,34,shipped,,aisha.lewis@example.com,-23293
ORD-101568,dtc,PIZZ-XL,1,49,shipped,,ivan.flores@example.com,-23790
ORD-101569,dtc,UNIC-01,1,79,shipped,,fatima.clark@example.com,-23999
ORD-101570,dtc,UNIC-01,1,79,shipped,,vera.robinson@example.com,-23706
ORD-101571,dtc,KRAK-01,1,129,shipped,,lamar.baker@example.com,-23797
ORD-101572,dtc,DONUT-2,1,59,shipped,,yosef.adams@example.com,-23281
ORD-101573,dtc,SWAN-XL,1,89,shipped,,mo.jackson@example.com,-23985
ORD-101574,dtc,PIZZ-XL,1,49,shipped,,ernesto.johnson@example.com,-23546
ORD-101575,dtc,KIT-HEL,1,34,shipped,,nellie.smith@example.com,-23712
ORD-101576,dtc,KRAK-01,1,129,shipped,,pearl.lewis@example.com,-23450
ORD-101577,dtc,DONUT-2,1,59,shipped,,jamal.anderson@example.com,-22295
ORD-101578,dtc,DONUT-2,1,59,shipped,,hannah.okaforreyes@example.com,-22071
ORD-101579,dtc,PIZZ-XL,1,49,shipped,,jerome.okaforreyes@example.com,-22156
ORD-101580,dtc,SWAN-XL,1,89,shipped,,mo.lee@example.com,-22148
ORD-101581,dtc,PIZZ-XL,1,49,shipped,,curtis.scott@example.com,-22399
ORD-101582,dtc,PIZZ-XL,1,49,shipped,,jamal.lewis@example.com,-21665
ORD-101583,dtc,SWAN-XL,1,89,shipped,,bettye.nguyen@example.com,-21922
ORD-101584,dtc,PIZZ-XL,1,49,shipped,,ernesto.clark@example.com,-21992
ORD-101585,dtc,KIT-HEL,1,34,shipped,,nadia.green@example.com,-21703
ORD-101586,dtc,SWAN-XL,1,89,shipped,,yuki.torres@example.com,-22276
ORD-101587,dtc,UNIC-01,1,79,shipped,,rosa.hernandez@example.com,-21681
ORD-101588,dtc,UNIC-01,1,79,shipped,,stan.patel@example.com,-22013
ORD-101589,dtc,KIT-HEL,2,68,shipped,,mabel.thompson@example.com,-22309
ORD-101590,dtc,UNIC-01,1,79,shipped,,carlos.torres@example.com,-22428
ORD-101591,dtc,DONUT-2,1,59,shipped,,nellie.anderson@example.com,-22318
ORD-101592,dtc,SWAN-XL,1,89,shipped,,deshawn.baker@example.com,-21718
ORD-101593,dtc,DONUT-2,1,59,shipped,,rosa.lopez@example.com,-22096
ORD-101594,dtc,DONUT-2,1,59,shipped,,linda.clark@example.com,-22295
ORD-101595,dtc,DONUT-2,1,59,shipped,,nellie.garcia@example.com,-21786
ORD-101596,dtc,DONUT-2,1,59,shipped,,paloma.brown@example.com,-21803
ORD-101597,dtc,KRAK-01,1,129,shipped,,ivan.lopez@example.com,-21773
ORD-101598,dtc,UNIC-01,3,237,shipped,,omar.nowak@example.com,-21876
ORD-101599,dtc,UNIC-01,1,79,shipped,,jamal.wilson@example.com,-22228
ORD-101600,dtc,KIT-HEL,1,34,shipped,,curtis.martin@example.com,-21749
ORD-101601,dtc,KRAK-01,1,129,shipped,,bob.clark@example.com,-21869
ORD-101602,dtc,SWAN-XL,1,89,shipped,,kitty.scott@example.com,-21926
ORD-101603,dtc,SWAN-XL,1,89,shipped,,rosa.ramirez@example.com,-22582
ORD-101604,dtc,SWAN-XL,1,89,shipped,,jerome.womack@example.com,-22309
ORD-101605,dtc,KRAK-01,1,129,shipped,,harriet.clark@example.com,-21747
ORD-101606,dtc,DONUT-2,1,59,shipped,,jamal.sanchez@example.com,-22279
ORD-101607,dtc,KRAK-01,1,129,shipped,,hannah.nowak@example.com,-22506
ORD-101608,dtc,KIT-HEL,1,34,shipped,,linda.hill@example.com,-21900
ORD-101609,dtc,SWAN-XL,1,89,shipped,,ingrid.young@example.com,-21826
ORD-101610,dtc,SWAN-XL,1,89,shipped,,chen.scott@example.com,-22167
ORD-101611,dtc,KRAK-01,1,129,shipped,,ray.garcia@example.com,-22476
ORD-101612,dtc,PIZZ-XL,1,49,shipped,,jerome.robinson@example.com,-22341
ORD-101613,dtc,KIT-HEL,1,34,shipped,,dolores.perez@example.com,-22558
ORD-101614,dtc,PIZZ-XL,1,49,shipped,,kitty.nguyen@example.com,-22020
ORD-101615,dtc,PIZZ-XL,1,49,shipped,,ingrid.scott@example.com,-22380
ORD-101616,dtc,SWAN-XL,1,89,shipped,,margaret.baker@example.com,-22530
ORD-101617,dtc,SWAN-XL,1,89,shipped,,mabel.johnson@example.com,-21932
ORD-101618,dtc,UNIC-01,1,79,shipped,,jerome.womack@example.com,-22020
ORD-101619,dtc,SWAN-XL,1,89,shipped,,zoe.walker@example.com,-22415
ORD-101620,dtc,SWAN-XL,1,89,shipped,,ingrid.lee@example.com,-22204
ORD-101621,dtc,KIT-HEL,1,34,shipped,,mabel.kowalczyk@example.com,-21980
ORD-101622,dtc,UNIC-01,1,79,shipped,,rosa.allen@example.com,-22612
ORD-101623,dtc,UNIC-01,1,79,shipped,,carlos.davis@example.com,-22445
ORD-101624,dtc,KRAK-01,1,129,shipped,,ingrid.allen@example.com,-22088
ORD-101625,dtc,PIZZ-XL,1,49,shipped,,ray.wilson@example.com,-21890
ORD-101626,dtc,SWAN-XL,1,89,shipped,,nellie.clark@example.com,-22466
ORD-101627,dtc,PIZZ-XL,4,196,shipped,,omar.okaforreyes@example.com,-21916
ORD-101628,dtc,PIZZ-XL,1,49,shipped,,quinn.brzezinski@example.com,-22212
ORD-101629,dtc,KIT-HEL,1,34,shipped,,bettye.lee@example.com,-22352
ORD-101630,dtc,SWAN-XL,1,89,shipped,,yuki.clark@example.com,-22388
ORD-101631,dtc,UNIC-01,1,79,shipped,,ernesto.kowalczyk@example.com,-22302
ORD-101632,dtc,DONUT-2,1,59,shipped,,priya.nguyen@example.com,-22310
ORD-101633,dtc,UNIC-01,1,79,shipped,,quinn.alsayed@example.com,-22268
ORD-101634,dtc,SWAN-XL,1,89,shipped,,pearl.martinez@example.com,-22234
ORD-101635,dtc,KIT-HEL,1,34,shipped,,nellie.scott@example.com,-21868
ORD-101636,dtc,KRAK-01,1,129,shipped,,flo.king@example.com,-22616
ORD-101637,dtc,KIT-HEL,1,34,shipped,,nadia.lopez@example.com,-21971
ORD-101638,dtc,DONUT-2,1,59,shipped,,jerome.johnson@example.com,-21822
ORD-101639,dtc,KIT-HEL,1,34,shipped,,yosef.perez@example.com,-21681
ORD-101640,dtc,DONUT-2,1,59,shipped,,umar.hill@example.com,-21830
ORD-101641,dtc,KRAK-01,1,129,shipped,,luis.walker@example.com,-22264
ORD-101642,dtc,KRAK-01,1,129,shipped,,paloma.clark@example.com,-21844
ORD-101643,dtc,SWAN-XL,1,89,shipped,,chen.hill@example.com,-21694
ORD-101644,dtc,UNIC-01,1,79,shipped,,mo.martinez@example.com,-22175
ORD-101645,dtc,SWAN-XL,1,89,shipped,,tomasz.wright@example.com,-21816
ORD-101646,dtc,SWAN-XL,1,89,shipped,,nellie.brzezinski@example.com,-21758
ORD-101647,dtc,PIZZ-XL,1,49,shipped,,jamal.moore@example.com,-22386
ORD-101648,dtc,PIZZ-XL,1,49,shipped,,yuki.torres@example.com,-22409
ORD-101649,dtc,SWAN-XL,1,89,shipped,,ernesto.moore@example.com,-22509
ORD-101650,dtc,UNIC-01,1,79,shipped,,zoe.lewis@example.com,-21912
ORD-101651,dtc,SWAN-XL,1,89,shipped,,dolores.robinson@example.com,-21769
ORD-101652,dtc,PIZZ-XL,1,49,shipped,,margaret.perez@example.com,-21950
ORD-101653,dtc,SWAN-XL,1,89,shipped,,fatima.davis@example.com,-22532
ORD-101654,dtc,PIZZ-XL,1,49,shipped,,dolores.alsayed@example.com,-21842
ORD-101655,dtc,KRAK-01,1,129,shipped,,otis.thomas@example.com,-22209
ORD-101656,dtc,KIT-HEL,1,34,shipped,,nellie.nguyen@example.com,-22201
ORD-101657,dtc,KIT-HEL,1,34,shipped,,chen.hill@example.com,-21819
ORD-101658,dtc,PIZZ-XL,1,49,shipped,,omar.perez@example.com,-22010
ORD-101659,dtc,SWAN-XL,1,89,shipped,,jamal.sanchez@example.com,-22155
ORD-101660,dtc,PIZZ-XL,1,49,shipped,,hannah.womack@example.com,-22397
ORD-101661,dtc,UNIC-01,3,237,shipped,,ingrid.moore@example.com,-21794
ORD-101662,dtc,KIT-HEL,2,68,shipped,,mabel.hernandez@example.com,-22456
ORD-101663,dtc,KRAK-01,1,129,shipped,,ernesto.moore@example.com,-21845
ORD-101664,dtc,KRAK-01,1,129,shipped,,jamal.womack@example.com,-22263
ORD-101665,dtc,SWAN-XL,1,89,shipped,,flo.brown@example.com,-22495
ORD-101666,dtc,DONUT-2,1,59,shipped,,carlos.brown@example.com,-22424
ORD-101667,dtc,KRAK-01,1,129,shipped,,carlos.robinson@example.com,-21985
ORD-101668,dtc,KIT-HEL,1,34,shipped,,tina.jackson@example.com,-22580
ORD-101669,dtc,KIT-HEL,1,34,shipped,,nellie.jackson@example.com,-22399
ORD-101670,dtc,UNIC-01,1,79,shipped,,vera.garcia@example.com,-22081
ORD-101671,dtc,UNIC-01,1,79,shipped,,jerome.okaforreyes@example.com,-21891
ORD-101672,dtc,UNIC-01,1,79,shipped,,ray.flores@example.com,-21956
ORD-101673,dtc,SWAN-XL,1,89,shipped,,ximena.young@example.com,-21940
ORD-101674,dtc,DONUT-2,1,59,shipped,,harriet.alsayed@example.com,-21906
ORD-101675,dtc,UNIC-01,1,79,shipped,,fatima.nowak@example.com,-21730
ORD-101676,dtc,KIT-HEL,1,34,shipped,,umar.clark@example.com,-21743
ORD-101677,dtc,KRAK-01,1,129,shipped,,jerome.brzezinski@example.com,-22036
ORD-101678,dtc,PIZZ-XL,1,49,shipped,,zoe.brzezinski@example.com,-22489
ORD-101679,dtc,PIZZ-XL,1,49,shipped,,nadia.robinson@example.com,-22026
ORD-101680,dtc,KIT-HEL,1,34,shipped,,kitty.white@example.com,-22301
ORD-101681,dtc,DONUT-2,1,59,shipped,,wes.garcia@example.com,-22025
ORD-101682,dtc,SWAN-XL,1,89,shipped,,nadia.green@example.com,-21804
ORD-101683,dtc,KIT-HEL,1,34,shipped,,hannah.martinez@example.com,-20878
ORD-101684,dtc,KRAK-01,1,129,shipped,,linda.harris@example.com,-20931
ORD-101685,dtc,SWAN-XL,1,89,shipped,,pearl.green@example.com,-20795
ORD-101686,dtc,SWAN-XL,1,89,shipped,,lamar.adams@example.com,-20574
ORD-101687,dtc,KRAK-01,1,129,shipped,,jerome.young@example.com,-20851
ORD-101688,dtc,SWAN-XL,1,89,shipped,,margaret.allen@example.com,-20977
ORD-101689,dtc,PIZZ-XL,1,49,shipped,,zoe.martinez@example.com,-20408
ORD-101690,dtc,PIZZ-XL,1,49,shipped,,margaret.lewis@example.com,-20720
ORD-101691,dtc,PIZZ-XL,1,49,shipped,,jamal.lee@example.com,-21114
ORD-101692,dtc,KRAK-01,1,129,shipped,,gus.nowak@example.com,-20797
ORD-101693,dtc,DONUT-2,4,236,shipped,,tomasz.hill@example.com,-20988
ORD-101694,dtc,UNIC-01,1,79,shipped,,yosef.brzezinski@example.com,-20558
ORD-101695,dtc,KIT-HEL,1,34,shipped,,ximena.nowak@example.com,-20669
ORD-101696,dtc,UNIC-01,1,79,shipped,,curtis.lopez@example.com,-21026
ORD-101697,dtc,DONUT-2,1,59,shipped,,tomasz.wilson@example.com,-20824
ORD-101698,dtc,UNIC-01,1,79,shipped,,quinn.flores@example.com,-20630
ORD-101699,dtc,SWAN-XL,1,89,shipped,,zoe.kowalczyk@example.com,-21034
ORD-101700,dtc,DONUT-2,1,59,shipped,,tomasz.green@example.com,-20734
ORD-101701,dtc,SWAN-XL,1,89,shipped,,omar.brzezinski@example.com,-20426
ORD-101702,dtc,KRAK-01,1,129,shipped,,zoe.brown@example.com,-21079
ORD-101703,dtc,SWAN-XL,1,89,shipped,,ximena.torres@example.com,-20367
ORD-101704,dtc,DONUT-2,2,118,shipped,,wes.king@example.com,-20300
ORD-101705,dtc,PIZZ-XL,4,196,shipped,,gus.young@example.com,-20785
ORD-101706,dtc,SWAN-XL,1,89,shipped,,jerome.alsayed@example.com,-20477
ORD-101707,dtc,KIT-HEL,1,34,shipped,,paloma.ramirez@example.com,-20659
ORD-101708,dtc,KRAK-01,1,129,shipped,,greg.hill@example.com,-21132
ORD-101709,dtc,SWAN-XL,1,89,shipped,,luis.clark@example.com,-21087
ORD-101710,dtc,DONUT-2,1,59,shipped,,tina.jackson@example.com,-20802
ORD-101711,dtc,KRAK-01,1,129,shipped,,linda.perez@example.com,-20638
ORD-101712,dtc,DONUT-2,1,59,shipped,,tina.wilson@example.com,-20929
ORD-101713,dtc,DONUT-2,1,59,shipped,,omar.scott@example.com,-21070
ORD-101714,dtc,KIT-HEL,1,34,shipped,,stan.green@example.com,-20735
ORD-101715,dtc,DONUT-2,1,59,shipped,,harriet.allen@example.com,-20408
ORD-101716,dtc,DONUT-2,1,59,shipped,,dolores.robinson@example.com,-20242
ORD-101717,dtc,PIZZ-XL,1,49,shipped,,carlos.wilson@example.com,-21123
ORD-101718,dtc,PIZZ-XL,1,49,shipped,,yosef.lopez@example.com,-20602
ORD-101719,dtc,PIZZ-XL,1,49,shipped,,tina.adams@example.com,-20725
ORD-101720,dtc,PIZZ-XL,1,49,shipped,,omar.thompson@example.com,-20347
ORD-101721,dtc,PIZZ-XL,3,147,shipped,,pearl.baker@example.com,-20885
ORD-101722,dtc,SWAN-XL,1,89,shipped,,linda.harris@example.com,-20813
ORD-101723,dtc,KRAK-01,1,129,shipped,,tomasz.hernandez@example.com,-20492
ORD-101724,dtc,KIT-HEL,1,34,shipped,,pearl.jackson@example.com,-20788
ORD-101725,dtc,PIZZ-XL,1,49,shipped,,umar.green@example.com,-20608
ORD-101726,dtc,PIZZ-XL,1,49,shipped,,gus.womack@example.com,-20288
ORD-101727,dtc,PIZZ-XL,1,49,shipped,,bob.green@example.com,-20368
ORD-101728,dtc,PIZZ-XL,2,98,shipped,,deshawn.hernandez@example.com,-21173
ORD-101729,dtc,PIZZ-XL,1,49,shipped,,zoe.womack@example.com,-20419
ORD-101730,dtc,SWAN-XL,1,89,shipped,,rosa.smith@example.com,-20473
ORD-101731,dtc,UNIC-01,1,79,shipped,,fatima.young@example.com,-20656
ORD-101732,dtc,SWAN-XL,1,89,shipped,,kitty.patel@example.com,-20968
ORD-101733,dtc,SWAN-XL,1,89,shipped,,jamal.lopez@example.com,-20849
ORD-101734,dtc,DONUT-2,2,118,shipped,,gus.thompson@example.com,-21015
ORD-101735,dtc,DONUT-2,1,59,shipped,,ernesto.anderson@example.com,-20375
ORD-101736,dtc,PIZZ-XL,1,49,shipped,,gus.patel@example.com,-20827
ORD-101737,dtc,SWAN-XL,1,89,shipped,,pearl.womack@example.com,-20733
ORD-101738,dtc,SWAN-XL,1,89,shipped,,harriet.walker@example.com,-20272
ORD-101739,dtc,UNIC-01,1,79,shipped,,priya.brzezinski@example.com,-20640
ORD-101740,dtc,SWAN-XL,1,89,shipped,,luis.martin@example.com,-20677
ORD-101741,dtc,PIZZ-XL,1,49,shipped,,ray.davis@example.com,-20656
ORD-101742,dtc,SWAN-XL,1,89,shipped,,nellie.osei@example.com,-21104
ORD-101743,dtc,KRAK-01,1,129,shipped,,omar.anderson@example.com,-20463
ORD-101744,dtc,SWAN-XL,1,89,shipped,,keiko.osei@example.com,-20565
ORD-101745,dtc,PIZZ-XL,1,49,shipped,,mabel.davis@example.com,-20304
ORD-101746,dtc,SWAN-XL,1,89,shipped,,umar.anderson@example.com,-20420
ORD-101747,dtc,SWAN-XL,1,89,shipped,,pearl.alsayed@example.com,-20564
ORD-101748,dtc,KRAK-01,1,129,shipped,,tomasz.osei@example.com,-21095
ORD-101749,dtc,PIZZ-XL,3,147,shipped,,greg.sanchez@example.com,-21124
ORD-101750,dtc,PIZZ-XL,1,49,shipped,,deshawn.white@example.com,-20934
ORD-101751,dtc,PIZZ-XL,1,49,shipped,,yosef.johnson@example.com,-20455
ORD-101752,dtc,KIT-HEL,1,34,shipped,,quinn.nowak@example.com,-20399
ORD-101753,dtc,PIZZ-XL,2,98,shipped,,fatima.baker@example.com,-20848
ORD-101754,dtc,PIZZ-XL,1,49,shipped,,linda.lopez@example.com,-20671
ORD-101755,dtc,PIZZ-XL,1,49,shipped,,vera.allen@example.com,-20285
ORD-101756,dtc,DONUT-2,1,59,shipped,,vera.harris@example.com,-20578
ORD-101757,dtc,KIT-HEL,4,136,shipped,,curtis.brown@example.com,-20284
ORD-101758,dtc,KRAK-01,1,129,shipped,,nellie.flores@example.com,-20775
ORD-101759,dtc,DONUT-2,1,59,shipped,,linda.hernandez@example.com,-20458
ORD-101760,dtc,KIT-HEL,1,34,shipped,,lamar.wilson@example.com,-20340
ORD-101761,dtc,KIT-HEL,1,34,shipped,,ray.kowalczyk@example.com,-20295
ORD-101762,dtc,UNIC-01,1,79,shipped,,priya.thompson@example.com,-20677
ORD-101763,dtc,SWAN-XL,1,89,shipped,,kitty.hill@example.com,-20267
ORD-101764,dtc,UNIC-01,1,79,shipped,,bettye.davis@example.com,-21047
ORD-101765,dtc,KIT-HEL,1,34,shipped,,margaret.green@example.com,-20562
ORD-101766,dtc,PIZZ-XL,1,49,shipped,,omar.young@example.com,-20726
ORD-101767,dtc,SWAN-XL,1,89,shipped,,deshawn.garcia@example.com,-20864
ORD-101768,dtc,PIZZ-XL,1,49,shipped,,lamar.clark@example.com,-20883
ORD-101769,dtc,UNIC-01,1,79,shipped,,umar.womack@example.com,-21131
ORD-101770,dtc,KRAK-01,1,129,shipped,,tina.osei@example.com,-20272
ORD-101771,dtc,SWAN-XL,3,267,shipped,,dolores.baker@example.com,-20228
ORD-101772,dtc,PIZZ-XL,1,49,shipped,,ivan.baker@example.com,-21173
ORD-101773,dtc,KIT-HEL,1,34,shipped,,fatima.garcia@example.com,-20816
ORD-101774,dtc,DONUT-2,1,59,shipped,,paloma.brzezinski@example.com,-21137
ORD-101775,dtc,PIZZ-XL,1,49,shipped,,umar.martin@example.com,-20671
ORD-101776,dtc,PIZZ-XL,1,49,shipped,,quinn.okaforreyes@example.com,-20454
ORD-101777,dtc,PIZZ-XL,1,49,shipped,,bettye.davis@example.com,-21055
ORD-101778,dtc,DONUT-2,1,59,shipped,,stan.smith@example.com,-20577
ORD-101779,dtc,SWAN-XL,1,89,shipped,,bob.davis@example.com,-20399
ORD-101780,dtc,UNIC-01,4,316,shipped,,omar.baker@example.com,-20483
ORD-101781,dtc,SWAN-XL,1,89,shipped,,jerome.king@example.com,-20923
ORD-101782,dtc,SWAN-XL,2,178,shipped,,umar.young@example.com,-20901
ORD-101783,dtc,DONUT-2,1,59,shipped,,nellie.thomas@example.com,-20701
ORD-101784,dtc,UNIC-01,2,158,shipped,,margaret.torres@example.com,-20530
ORD-101785,dtc,SWAN-XL,1,89,shipped,,yuki.flores@example.com,-20926
ORD-101786,dtc,KIT-HEL,1,34,shipped,,greg.miller@example.com,-20793
ORD-101787,dtc,KIT-HEL,1,34,shipped,,harriet.scott@example.com,-20743
ORD-101788,dtc,UNIC-01,1,79,shipped,,keiko.jackson@example.com,-20565
ORD-101789,dtc,KRAK-01,1,129,shipped,,yosef.patel@example.com,-21166
ORD-101790,dtc,KRAK-01,1,129,shipped,,rosa.martin@example.com,-18821
ORD-101791,dtc,KIT-HEL,1,34,shipped,,chen.brzezinski@example.com,-19327
ORD-101792,dtc,PIZZ-XL,1,49,shipped,,curtis.kowalczyk@example.com,-19348
ORD-101793,dtc,KRAK-01,1,129,shipped,,tina.anderson@example.com,-19141
ORD-101794,dtc,KRAK-01,3,387,shipped,,jerome.white@example.com,-19697
ORD-101795,dtc,DONUT-2,1,59,shipped,,greg.hill@example.com,-19128
ORD-101796,dtc,DONUT-2,1,59,shipped,,rosa.jackson@example.com,-19613
ORD-101797,dtc,DONUT-2,1,59,shipped,,fatima.wilson@example.com,-18794
ORD-101798,dtc,SWAN-XL,1,89,shipped,,ernesto.adams@example.com,-19301
ORD-101799,dtc,SWAN-XL,1,89,shipped,,priya.nowak@example.com,-19288
ORD-101800,dtc,UNIC-01,1,79,shipped,,ernesto.allen@example.com,-18995
ORD-101801,dtc,SWAN-XL,1,89,shipped,,greg.clark@example.com,-19728
ORD-101802,dtc,PIZZ-XL,1,49,shipped,,arthur.jackson@example.com,-19367
ORD-101803,dtc,DONUT-2,1,59,shipped,,bettye.nguyen@example.com,-18944
ORD-101804,dtc,KIT-HEL,1,34,shipped,,curtis.kim@example.com,-19191
ORD-101805,dtc,PIZZ-XL,1,49,shipped,,bettye.king@example.com,-19150
ORD-101806,dtc,UNIC-01,1,79,shipped,,ivan.womack@example.com,-19581
ORD-101807,dtc,SWAN-XL,1,89,shipped,,chen.lee@example.com,-19715
ORD-101808,dtc,DONUT-2,1,59,shipped,,zoe.clark@example.com,-18975
ORD-101809,dtc,DONUT-2,1,59,shipped,,fatima.torres@example.com,-19480
ORD-101810,dtc,KRAK-01,1,129,shipped,,jamal.clark@example.com,-19696
ORD-101811,dtc,UNIC-01,1,79,shipped,,gus.allen@example.com,-19273
ORD-101812,dtc,PIZZ-XL,1,49,shipped,,priya.tanaka@example.com,-18852
ORD-101813,dtc,SWAN-XL,1,89,shipped,,quinn.sanchez@example.com,-18916
ORD-101814,dtc,UNIC-01,1,79,shipped,,linda.perez@example.com,-18849
ORD-101815,dtc,SWAN-XL,1,89,shipped,,zoe.green@example.com,-19369
ORD-101816,dtc,PIZZ-XL,1,49,shipped,,rosa.lee@example.com,-19169
ORD-101817,dtc,KRAK-01,1,129,shipped,,yuki.lee@example.com,-19083
ORD-101818,dtc,SWAN-XL,1,89,shipped,,quinn.alsayed@example.com,-19009
ORD-101819,dtc,UNIC-01,1,79,shipped,,tomasz.king@example.com,-19580
ORD-101820,dtc,SWAN-XL,2,178,shipped,,tomasz.anderson@example.com,-19520
ORD-101821,dtc,PIZZ-XL,1,49,shipped,,yosef.tanaka@example.com,-19434
ORD-101822,dtc,DONUT-2,1,59,shipped,,lamar.brown@example.com,-19710
ORD-101823,dtc,DONUT-2,1,59,shipped,,curtis.jackson@example.com,-19421
ORD-101824,dtc,KRAK-01,1,129,shipped,,luis.martinez@example.com,-18824
ORD-101825,dtc,UNIC-01,1,79,shipped,,otis.lee@example.com,-19683
ORD-101826,dtc,KIT-HEL,1,34,shipped,,priya.walker@example.com,-18857
ORD-101827,dtc,PIZZ-XL,2,98,shipped,,ximena.flores@example.com,-19225
ORD-101828,dtc,KIT-HEL,1,34,shipped,,tina.tanaka@example.com,-19204
ORD-101829,dtc,SWAN-XL,1,89,shipped,,harriet.garcia@example.com,-19004
ORD-101830,dtc,SWAN-XL,1,89,shipped,,ximena.white@example.com,-18988
ORD-101831,dtc,KRAK-01,1,129,shipped,,arthur.hernandez@example.com,-19435
ORD-101832,dtc,DONUT-2,1,59,shipped,,linda.smith@example.com,-19066
ORD-101833,dtc,SWAN-XL,3,267,shipped,,deshawn.martin@example.com,-19215
ORD-101834,dtc,UNIC-01,1,79,shipped,,ximena.patel@example.com,-19000
ORD-101835,dtc,SWAN-XL,1,89,shipped,,lamar.patel@example.com,-18865
ORD-101836,dtc,SWAN-XL,3,267,shipped,,dolores.sanchez@example.com,-19626
ORD-101837,dtc,SWAN-XL,3,267,shipped,,deshawn.hill@example.com,-19485
ORD-101838,dtc,SWAN-XL,1,89,shipped,,greg.osei@example.com,-19102
ORD-101839,dtc,PIZZ-XL,1,49,shipped,,zoe.flores@example.com,-18829
ORD-101840,dtc,SWAN-XL,1,89,shipped,,vera.scott@example.com,-19044
ORD-101841,dtc,KRAK-01,1,129,shipped,,ximena.thomas@example.com,-18935
ORD-101842,dtc,SWAN-XL,1,89,shipped,,gus.davis@example.com,-19690
ORD-101843,dtc,KRAK-01,1,129,shipped,,priya.anderson@example.com,-19081
ORD-101844,dtc,SWAN-XL,1,89,shipped,,flo.lopez@example.com,-19549
ORD-101845,dtc,SWAN-XL,1,89,shipped,,ernesto.young@example.com,-19342
ORD-101846,dtc,KIT-HEL,1,34,shipped,,umar.allen@example.com,-19199
ORD-101847,dtc,PIZZ-XL,1,49,shipped,,jerome.hernandez@example.com,-19419
ORD-101848,dtc,SWAN-XL,4,356,shipped,,greg.scott@example.com,-19458
ORD-101849,dtc,PIZZ-XL,1,49,shipped,,yosef.garcia@example.com,-19050
ORD-101850,dtc,UNIC-01,1,79,shipped,,paloma.okaforreyes@example.com,-19057
ORD-101851,dtc,KRAK-01,1,129,shipped,,margaret.martinez@example.com,-19729
ORD-101852,dtc,KIT-HEL,1,34,shipped,,rosa.wright@example.com,-19078
ORD-101853,dtc,KRAK-01,1,129,shipped,,omar.hernandez@example.com,-19684
ORD-101854,dtc,KIT-HEL,1,34,shipped,,fatima.lopez@example.com,-19165
ORD-101855,dtc,KRAK-01,1,129,shipped,,wes.hernandez@example.com,-19066
ORD-101856,dtc,UNIC-01,1,79,shipped,,margaret.lewis@example.com,-18964
ORD-101857,dtc,UNIC-01,1,79,shipped,,curtis.nowak@example.com,-19402
ORD-101858,dtc,SWAN-XL,4,356,shipped,,yuki.nowak@example.com,-19488
ORD-101859,dtc,SWAN-XL,1,89,shipped,,rosa.osei@example.com,-19193
ORD-101860,dtc,SWAN-XL,1,89,shipped,,bob.lee@example.com,-19526
ORD-101861,dtc,SWAN-XL,1,89,shipped,,nadia.lopez@example.com,-19056
ORD-101862,dtc,DONUT-2,1,59,shipped,,keiko.moore@example.com,-19285
ORD-101863,dtc,UNIC-01,1,79,shipped,,mo.lopez@example.com,-18905
ORD-101864,dtc,PIZZ-XL,1,49,shipped,,linda.allen@example.com,-19632
ORD-101865,dtc,DONUT-2,1,59,shipped,,ivan.alsayed@example.com,-18858
ORD-101866,dtc,KIT-HEL,1,34,shipped,,kitty.kim@example.com,-18985
ORD-101867,dtc,DONUT-2,1,59,shipped,,lamar.thompson@example.com,-18867
ORD-101868,dtc,SWAN-XL,1,89,shipped,,quinn.ramirez@example.com,-19487
ORD-101869,dtc,SWAN-XL,1,89,shipped,,jamal.nguyen@example.com,-19480
ORD-101870,dtc,SWAN-XL,3,267,shipped,,umar.kowalczyk@example.com,-18857
ORD-101871,dtc,KRAK-01,1,129,shipped,,wes.clark@example.com,-19448
ORD-101872,dtc,SWAN-XL,1,89,shipped,,paloma.kowalczyk@example.com,-18999
ORD-101873,dtc,UNIC-01,1,79,shipped,,tina.king@example.com,-19362
ORD-101874,dtc,KRAK-01,1,129,shipped,,ivan.martinez@example.com,-18788
ORD-101875,dtc,UNIC-01,1,79,shipped,,stan.brzezinski@example.com,-19347
ORD-101876,dtc,UNIC-01,1,79,shipped,,zoe.young@example.com,-19404
ORD-101877,dtc,PIZZ-XL,1,49,shipped,,ivan.nguyen@example.com,-19633
ORD-101878,dtc,DONUT-2,1,59,shipped,,nadia.white@example.com,-19491
ORD-101879,dtc,DONUT-2,1,59,shipped,,ingrid.nowak@example.com,-19237
ORD-101880,dtc,DONUT-2,1,59,shipped,,gus.alsayed@example.com,-19398
ORD-101881,dtc,SWAN-XL,1,89,shipped,,yosef.nowak@example.com,-19586
ORD-101882,dtc,DONUT-2,4,236,shipped,,mabel.lewis@example.com,-19645
ORD-101883,dtc,KRAK-01,1,129,shipped,,mo.nowak@example.com,-19499
ORD-101884,dtc,DONUT-2,1,59,shipped,,paloma.kim@example.com,-18792
ORD-101885,dtc,PIZZ-XL,1,49,shipped,,tina.wright@example.com,-19032
ORD-101886,dtc,UNIC-01,1,79,shipped,,nadia.lopez@example.com,-19416
ORD-101887,dtc,SWAN-XL,3,267,shipped,,gus.robinson@example.com,-18947
ORD-101888,dtc,KRAK-01,1,129,shipped,,aisha.allen@example.com,-19156
ORD-101889,dtc,SWAN-XL,1,89,shipped,,linda.thomas@example.com,-18921
ORD-101890,dtc,KIT-HEL,4,136,shipped,,bettye.baker@example.com,-18979
ORD-101891,dtc,DONUT-2,1,59,shipped,,tomasz.okaforreyes@example.com,-18958
ORD-101892,dtc,DONUT-2,1,59,shipped,,nadia.flores@example.com,-19650
ORD-101893,dtc,SWAN-XL,1,89,shipped,,hannah.walker@example.com,-19262
ORD-101894,dtc,SWAN-XL,1,89,shipped,,nadia.wilson@example.com,-18860
ORD-101895,dtc,PIZZ-XL,1,49,shipped,,ernesto.johnson@example.com,-19527
ORD-101896,dtc,DONUT-2,1,59,shipped,,stan.johnson@example.com,-19243
ORD-101897,dtc,DONUT-2,1,59,shipped,,ingrid.torres@example.com,-18903
ORD-101898,dtc,DONUT-2,1,59,shipped,,flo.torres@example.com,-19045
ORD-101899,dtc,UNIC-01,1,79,shipped,,ximena.davis@example.com,-19132
ORD-101900,dtc,KRAK-01,1,129,shipped,,linda.baker@example.com,-19559
ORD-101901,dtc,DONUT-2,1,59,shipped,,harriet.brzezinski@example.com,-18864
ORD-101902,dtc,SWAN-XL,1,89,shipped,,carlos.white@example.com,-19729
ORD-101903,dtc,PIZZ-XL,1,49,shipped,,jamal.davis@example.com,-18973
ORD-101904,dtc,PIZZ-XL,1,49,shipped,,harriet.white@example.com,-19183
ORD-101905,dtc,SWAN-XL,1,89,shipped,,otis.wilson@example.com,-18967
ORD-101906,dtc,DONUT-2,1,59,shipped,,gus.young@example.com,-19422
ORD-101907,dtc,KRAK-01,1,129,shipped,,yuki.king@example.com,-19262
ORD-101908,dtc,SWAN-XL,1,89,shipped,,vera.kim@example.com,-19356
ORD-101909,dtc,UNIC-01,1,79,shipped,,nadia.moore@example.com,-18982
ORD-101910,dtc,PIZZ-XL,1,49,shipped,,chen.sanchez@example.com,-19072
ORD-101911,dtc,PIZZ-XL,1,49,shipped,,aisha.perez@example.com,-19534
ORD-101912,dtc,UNIC-01,1,79,shipped,,mabel.lewis@example.com,-19676
ORD-101913,dtc,SWAN-XL,1,89,shipped,,bob.sanchez@example.com,-19249
ORD-101914,dtc,SWAN-XL,4,356,shipped,,aisha.thomas@example.com,-19582
ORD-101915,dtc,SWAN-XL,1,89,shipped,,curtis.johnson@example.com,-19156
ORD-101916,dtc,SWAN-XL,1,89,shipped,,zoe.lee@example.com,-18909
ORD-101917,dtc,SWAN-XL,1,89,shipped,,luis.adams@example.com,-19679
ORD-101918,dtc,PIZZ-XL,1,49,shipped,,bob.okaforreyes@example.com,-17729
ORD-101919,dtc,DONUT-2,3,177,shipped,,ivan.flores@example.com,-18077
ORD-101920,dtc,DONUT-2,1,59,shipped,,greg.thomas@example.com,-17708
ORD-101921,dtc,PIZZ-XL,1,49,shipped,,tomasz.baker@example.com,-17838
ORD-101922,dtc,PIZZ-XL,1,49,shipped,,nadia.anderson@example.com,-18079
ORD-101923,dtc,UNIC-01,1,79,shipped,,kitty.walker@example.com,-17822
ORD-101924,dtc,SWAN-XL,1,89,shipped,,tomasz.johnson@example.com,-18163
ORD-101925,dtc,KIT-HEL,1,34,shipped,,luis.johnson@example.com,-17584
ORD-101926,dtc,PIZZ-XL,1,49,shipped,,jamal.kim@example.com,-18192
ORD-101927,dtc,SWAN-XL,1,89,shipped,,aisha.white@example.com,-17840
ORD-101928,dtc,DONUT-2,1,59,shipped,,bob.torres@example.com,-17493
ORD-101929,dtc,UNIC-01,2,158,shipped,,deshawn.lewis@example.com,-17597
ORD-101930,dtc,KRAK-01,1,129,shipped,,nadia.green@example.com,-17554
ORD-101931,dtc,KIT-HEL,1,34,shipped,,rosa.thompson@example.com,-17740
ORD-101932,dtc,PIZZ-XL,1,49,shipped,,wes.womack@example.com,-18278
ORD-101933,dtc,PIZZ-XL,1,49,shipped,,tomasz.anderson@example.com,-18270
ORD-101934,dtc,DONUT-2,1,59,shipped,,greg.martinez@example.com,-17902
ORD-101935,dtc,PIZZ-XL,1,49,shipped,,margaret.lewis@example.com,-17962
ORD-101936,dtc,DONUT-2,1,59,shipped,,jamal.perez@example.com,-17758
ORD-101937,dtc,KIT-HEL,1,34,shipped,,margaret.moore@example.com,-17995
ORD-101938,dtc,DONUT-2,1,59,shipped,,kitty.tanaka@example.com,-17727
ORD-101939,dtc,PIZZ-XL,1,49,shipped,,nadia.kim@example.com,-18297
ORD-101940,dtc,KRAK-01,1,129,shipped,,dolores.wright@example.com,-18059
ORD-101941,dtc,PIZZ-XL,1,49,shipped,,stan.young@example.com,-17793
ORD-101942,dtc,SWAN-XL,1,89,shipped,,hannah.ramirez@example.com,-17787
ORD-101943,dtc,PIZZ-XL,1,49,shipped,,aisha.nowak@example.com,-18126
ORD-101944,dtc,SWAN-XL,1,89,shipped,,jamal.martinez@example.com,-17363
ORD-101945,dtc,UNIC-01,1,79,shipped,,rosa.anderson@example.com,-18178
ORD-101946,dtc,UNIC-01,1,79,shipped,,linda.jackson@example.com,-17473
ORD-101947,dtc,PIZZ-XL,1,49,shipped,,keiko.anderson@example.com,-18127
ORD-101948,dtc,SWAN-XL,1,89,shipped,,dolores.hill@example.com,-17890
ORD-101949,dtc,DONUT-2,1,59,shipped,,bettye.baker@example.com,-18060
ORD-101950,dtc,KRAK-01,1,129,shipped,,ximena.flores@example.com,-17586
ORD-101951,dtc,UNIC-01,1,79,shipped,,jerome.nowak@example.com,-17899
ORD-101952,dtc,UNIC-01,1,79,shipped,,aisha.adams@example.com,-18260
ORD-101953,dtc,PIZZ-XL,1,49,shipped,,vera.harris@example.com,-17748
ORD-101954,dtc,DONUT-2,1,59,shipped,,yosef.king@example.com,-17717
ORD-101955,dtc,PIZZ-XL,1,49,shipped,,umar.miller@example.com,-17770
ORD-101956,dtc,PIZZ-XL,1,49,shipped,,jerome.kim@example.com,-18011
ORD-101957,dtc,KIT-HEL,1,34,shipped,,yuki.white@example.com,-17721
ORD-101958,dtc,KRAK-01,1,129,shipped,,arthur.allen@example.com,-17896
ORD-101959,dtc,SWAN-XL,1,89,shipped,,jerome.green@example.com,-17780
ORD-101960,dtc,PIZZ-XL,1,49,shipped,,nadia.brown@example.com,-17405
ORD-101961,dtc,DONUT-2,1,59,shipped,,tina.robinson@example.com,-18023
ORD-101962,dtc,UNIC-01,1,79,shipped,,arthur.lee@example.com,-17453
ORD-101963,dtc,DONUT-2,1,59,shipped,,bettye.brown@example.com,-17344
ORD-101964,dtc,DONUT-2,1,59,shipped,,paloma.robinson@example.com,-17484
ORD-101965,dtc,DONUT-2,1,59,shipped,,jamal.brzezinski@example.com,-18152
ORD-101966,dtc,KRAK-01,1,129,shipped,,mabel.young@example.com,-18263
ORD-101967,dtc,PIZZ-XL,1,49,shipped,,ivan.ramirez@example.com,-17364
ORD-101968,dtc,KIT-HEL,1,34,shipped,,pearl.robinson@example.com,-17742
ORD-101969,dtc,UNIC-01,1,79,shipped,,chen.lee@example.com,-17595
ORD-101970,dtc,DONUT-2,2,118,shipped,,harriet.johnson@example.com,-17692
ORD-101971,dtc,SWAN-XL,1,89,shipped,,yuki.sanchez@example.com,-17870
ORD-101972,dtc,DONUT-2,1,59,shipped,,gus.robinson@example.com,-17842
ORD-101973,dtc,PIZZ-XL,3,147,shipped,,kitty.adams@example.com,-18194
ORD-101974,dtc,SWAN-XL,1,89,shipped,,harriet.flores@example.com,-17624
ORD-101975,dtc,UNIC-01,1,79,shipped,,fatima.lopez@example.com,-17517
ORD-101976,dtc,SWAN-XL,1,89,shipped,,flo.wright@example.com,-17425
ORD-101977,dtc,UNIC-01,1,79,shipped,,hannah.ramirez@example.com,-18228
ORD-101978,dtc,UNIC-01,1,79,shipped,,aisha.walker@example.com,-18000
ORD-101979,dtc,PIZZ-XL,1,49,shipped,,ernesto.jackson@example.com,-17645
ORD-101980,dtc,KIT-HEL,1,34,shipped,,yuki.king@example.com,-17400
ORD-101981,dtc,KIT-HEL,1,34,shipped,,yosef.allen@example.com,-18258
ORD-101982,dtc,PIZZ-XL,3,147,shipped,,keiko.martin@example.com,-17841
ORD-101983,dtc,SWAN-XL,1,89,shipped,,mabel.flores@example.com,-18206
ORD-101984,dtc,SWAN-XL,1,89,shipped,,yuki.king@example.com,-17515
ORD-101985,dtc,SWAN-XL,1,89,shipped,,umar.harris@example.com,-17720
ORD-101986,dtc,UNIC-01,1,79,shipped,,aisha.nowak@example.com,-18042
ORD-101987,dtc,SWAN-XL,1,89,shipped,,yosef.hill@example.com,-17436
ORD-101988,dtc,KIT-HEL,1,34,shipped,,vera.scott@example.com,-18105
ORD-101989,dtc,KRAK-01,3,387,shipped,,curtis.allen@example.com,-17604
ORD-101990,dtc,DONUT-2,1,59,shipped,,mo.jackson@example.com,-17625
ORD-101991,dtc,DONUT-2,4,236,shipped,,dolores.wright@example.com,-17463
ORD-101992,dtc,PIZZ-XL,1,49,shipped,,margaret.sanchez@example.com,-18113
ORD-101993,dtc,KIT-HEL,1,34,shipped,,yuki.torres@example.com,-17551
ORD-101994,dtc,UNIC-01,1,79,shipped,,jamal.davis@example.com,-17464
ORD-101995,dtc,KIT-HEL,1,34,shipped,,vera.ramirez@example.com,-17731
ORD-101996,dtc,DONUT-2,1,59,shipped,,arthur.martin@example.com,-17403
ORD-101997,dtc,UNIC-01,1,79,shipped,,hannah.smith@example.com,-17826
ORD-101998,dtc,KRAK-01,1,129,shipped,,dolores.perez@example.com,-17590
ORD-101999,dtc,SWAN-XL,1,89,shipped,,bob.walker@example.com,-17385
ORD-102000,dtc,DONUT-2,1,59,shipped,,jamal.jackson@example.com,-17949
ORD-102001,dtc,SWAN-XL,1,89,shipped,,ernesto.martin@example.com,-18138
ORD-102002,dtc,UNIC-01,1,79,shipped,,flo.allen@example.com,-18177
ORD-102003,dtc,PIZZ-XL,1,49,shipped,,hannah.brown@example.com,-17716
ORD-102004,dtc,SWAN-XL,4,356,shipped,,fatima.lee@example.com,-17389
ORD-102005,dtc,KRAK-01,1,129,shipped,,yosef.hill@example.com,-18177
ORD-102006,dtc,SWAN-XL,1,89,shipped,,yuki.jackson@example.com,-18085
ORD-102007,dtc,SWAN-XL,1,89,shipped,,dolores.green@example.com,-18002
ORD-102008,dtc,DONUT-2,1,59,shipped,,aisha.young@example.com,-17660
ORD-102009,dtc,KIT-HEL,1,34,shipped,,ernesto.lopez@example.com,-17893
ORD-102010,dtc,UNIC-01,1,79,shipped,,greg.wright@example.com,-17805
ORD-102011,dtc,DONUT-2,1,59,shipped,,omar.patel@example.com,-17521
ORD-102012,dtc,SWAN-XL,1,89,shipped,,umar.wright@example.com,-17404
ORD-102013,dtc,PIZZ-XL,1,49,shipped,,ray.king@example.com,-17721
ORD-102014,dtc,PIZZ-XL,1,49,shipped,,kitty.lewis@example.com,-17938
ORD-102015,dtc,PIZZ-XL,1,49,shipped,,umar.wright@example.com,-17506
ORD-102016,dtc,SWAN-XL,1,89,shipped,,mo.thompson@example.com,-17671
ORD-102017,dtc,PIZZ-XL,4,196,shipped,,mo.womack@example.com,-17362
ORD-102018,dtc,PIZZ-XL,1,49,shipped,,stan.johnson@example.com,-17488
ORD-102019,dtc,DONUT-2,1,59,shipped,,bettye.miller@example.com,-17667
ORD-102020,dtc,DONUT-2,1,59,shipped,,harriet.miller@example.com,-17937
ORD-102021,dtc,KRAK-01,1,129,shipped,,kitty.martinez@example.com,-17825
ORD-102022,dtc,UNIC-01,1,79,shipped,,jamal.brzezinski@example.com,-18019
ORD-102023,dtc,PIZZ-XL,1,49,shipped,,gus.johnson@example.com,-18051
ORD-102024,dtc,SWAN-XL,1,89,shipped,,otis.johnson@example.com,-17685
ORD-102025,dtc,UNIC-01,1,79,shipped,,curtis.torres@example.com,-17465
ORD-102026,dtc,KIT-HEL,1,34,shipped,,aisha.miller@example.com,-18066
ORD-102027,dtc,SWAN-XL,1,89,shipped,,stan.wright@example.com,-17397
ORD-102028,dtc,UNIC-01,1,79,shipped,,tina.hill@example.com,-17681
ORD-102029,dtc,SWAN-XL,1,89,shipped,,ximena.lee@example.com,-18051
ORD-102030,dtc,PIZZ-XL,1,49,shipped,,stan.brzezinski@example.com,-17863
ORD-102031,dtc,DONUT-2,1,59,shipped,,otis.womack@example.com,-17993
ORD-102032,dtc,SWAN-XL,1,89,shipped,,nellie.young@example.com,-18284
ORD-102033,dtc,SWAN-XL,1,89,shipped,,otis.lewis@example.com,-17592
ORD-102034,dtc,KIT-HEL,1,34,shipped,,jerome.walker@example.com,-17627
ORD-102035,dtc,DONUT-2,1,59,shipped,,keiko.adams@example.com,-18281
ORD-102036,dtc,SWAN-XL,1,89,shipped,,jerome.flores@example.com,-17694
ORD-102037,dtc,PIZZ-XL,1,49,shipped,,keiko.green@example.com,-17978
ORD-102038,dtc,SWAN-XL,1,89,shipped,,nadia.robinson@example.com,-18083
ORD-102039,dtc,UNIC-01,1,79,shipped,,keiko.nguyen@example.com,-18152
ORD-102040,dtc,SWAN-XL,1,89,shipped,,fatima.ramirez@example.com,-15941
ORD-102041,dtc,SWAN-XL,2,178,shipped,,dolores.perez@example.com,-16648
ORD-102042,dtc,DONUT-2,3,177,shipped,,pearl.ramirez@example.com,-16583
ORD-102043,dtc,KIT-HEL,2,68,shipped,,ernesto.green@example.com,-16453
ORD-102044,dtc,DONUT-2,1,59,shipped,,ernesto.osei@example.com,-16184
ORD-102045,dtc,DONUT-2,1,59,shipped,,wes.jackson@example.com,-16224
ORD-102046,dtc,UNIC-01,1,79,shipped,,ray.lewis@example.com,-16044
ORD-102047,dtc,DONUT-2,4,236,shipped,,chen.alsayed@example.com,-16772
ORD-102048,dtc,SWAN-XL,1,89,shipped,,zoe.moore@example.com,-16090
ORD-102049,dtc,SWAN-XL,1,89,shipped,,mo.wilson@example.com,-15967
ORD-102050,dtc,PIZZ-XL,1,49,shipped,,ivan.wilson@example.com,-16850
ORD-102051,dtc,DONUT-2,1,59,shipped,,tomasz.nowak@example.com,-16571
ORD-102052,dtc,SWAN-XL,1,89,shipped,,jerome.patel@example.com,-16120
ORD-102053,dtc,KRAK-01,1,129,shipped,,priya.moore@example.com,-16751
ORD-102054,dtc,KRAK-01,1,129,shipped,,lamar.torres@example.com,-16289
ORD-102055,dtc,PIZZ-XL,4,196,shipped,,yosef.flores@example.com,-16392
ORD-102056,dtc,PIZZ-XL,1,49,shipped,,carlos.alsayed@example.com,-16020
ORD-102057,dtc,PIZZ-XL,1,49,shipped,,mabel.brzezinski@example.com,-16702
ORD-102058,dtc,SWAN-XL,1,89,shipped,,linda.nowak@example.com,-16207
ORD-102059,dtc,SWAN-XL,1,89,shipped,,quinn.allen@example.com,-16404
ORD-102060,dtc,SWAN-XL,1,89,shipped,,aisha.smith@example.com,-16614
ORD-102061,dtc,KIT-HEL,1,34,shipped,,omar.baker@example.com,-16559
ORD-102062,dtc,KRAK-01,1,129,shipped,,flo.okaforreyes@example.com,-16099
ORD-102063,dtc,DONUT-2,1,59,shipped,,bettye.garcia@example.com,-16313
ORD-102064,dtc,PIZZ-XL,1,49,shipped,,mabel.nguyen@example.com,-16833
ORD-102065,dtc,UNIC-01,1,79,shipped,,fatima.baker@example.com,-16156
ORD-102066,dtc,DONUT-2,1,59,shipped,,kitty.allen@example.com,-16527
ORD-102067,dtc,SWAN-XL,1,89,shipped,,aisha.johnson@example.com,-16772
ORD-102068,dtc,DONUT-2,1,59,shipped,,aisha.allen@example.com,-16755
ORD-102069,dtc,SWAN-XL,1,89,shipped,,fatima.thompson@example.com,-16735
ORD-102070,dtc,SWAN-XL,1,89,shipped,,mabel.king@example.com,-16502
ORD-102071,dtc,SWAN-XL,1,89,shipped,,ivan.martinez@example.com,-16430
ORD-102072,dtc,DONUT-2,1,59,shipped,,yuki.anderson@example.com,-16518
ORD-102073,dtc,SWAN-XL,1,89,shipped,,otis.womack@example.com,-16601
ORD-102074,dtc,KRAK-01,1,129,shipped,,mo.lee@example.com,-16657
ORD-102075,dtc,SWAN-XL,1,89,shipped,,omar.alsayed@example.com,-16698
ORD-102076,dtc,SWAN-XL,1,89,shipped,,yuki.nguyen@example.com,-16114
ORD-102077,dtc,PIZZ-XL,1,49,shipped,,mo.harris@example.com,-16415
ORD-102078,dtc,SWAN-XL,1,89,shipped,,margaret.lopez@example.com,-16131
ORD-102079,dtc,KIT-HEL,1,34,shipped,,carlos.smith@example.com,-16147
ORD-102080,dtc,PIZZ-XL,1,49,shipped,,omar.miller@example.com,-16597
ORD-102081,dtc,SWAN-XL,1,89,shipped,,nellie.lopez@example.com,-15996
ORD-102082,dtc,PIZZ-XL,1,49,shipped,,chen.wright@example.com,-16136
ORD-102083,dtc,KRAK-01,1,129,shipped,,lamar.nguyen@example.com,-16843
ORD-102084,dtc,SWAN-XL,1,89,shipped,,otis.flores@example.com,-16498
ORD-102085,dtc,DONUT-2,1,59,shipped,,margaret.ramirez@example.com,-16379
ORD-102086,dtc,KRAK-01,1,129,shipped,,paloma.smith@example.com,-16840
ORD-102087,dtc,UNIC-01,1,79,shipped,,luis.thomas@example.com,-16621
ORD-102088,dtc,SWAN-XL,1,89,shipped,,ivan.scott@example.com,-16671
ORD-102089,dtc,KIT-HEL,1,34,shipped,,ximena.thompson@example.com,-16173
ORD-102090,dtc,DONUT-2,1,59,shipped,,nadia.nguyen@example.com,-16173
ORD-102091,dtc,DONUT-2,1,59,shipped,,jerome.hill@example.com,-16439
ORD-102092,dtc,DONUT-2,4,236,shipped,,greg.garcia@example.com,-16195
ORD-102093,dtc,SWAN-XL,4,356,shipped,,ingrid.thompson@example.com,-16290
ORD-102094,dtc,SWAN-XL,3,267,shipped,,nellie.scott@example.com,-16422
ORD-102095,dtc,PIZZ-XL,1,49,shipped,,nellie.moore@example.com,-16443
ORD-102096,dtc,UNIC-01,1,79,shipped,,paloma.jackson@example.com,-16542
ORD-102097,dtc,SWAN-XL,1,89,shipped,,priya.harris@example.com,-16843
ORD-102098,dtc,PIZZ-XL,1,49,shipped,,quinn.kim@example.com,-15976
ORD-102099,dtc,PIZZ-XL,1,49,shipped,,bettye.hill@example.com,-16388
ORD-102100,dtc,UNIC-01,1,79,shipped,,dolores.wilson@example.com,-16324
ORD-102101,dtc,SWAN-XL,3,267,shipped,,nellie.king@example.com,-16793
ORD-102102,dtc,SWAN-XL,1,89,shipped,,stan.brown@example.com,-16813
ORD-102103,dtc,KIT-HEL,1,34,shipped,,pearl.martin@example.com,-16565
ORD-102104,dtc,KIT-HEL,1,34,shipped,,lamar.martin@example.com,-16850
ORD-102105,dtc,UNIC-01,1,79,shipped,,umar.allen@example.com,-16506
ORD-102106,dtc,SWAN-XL,1,89,shipped,,flo.lopez@example.com,-16605
ORD-102107,dtc,KIT-HEL,1,34,shipped,,bettye.martin@example.com,-16118
ORD-102108,dtc,DONUT-2,4,236,shipped,,quinn.harris@example.com,-15959
ORD-102109,dtc,KIT-HEL,1,34,shipped,,luis.alsayed@example.com,-16680
ORD-102110,dtc,PIZZ-XL,1,49,shipped,,greg.clark@example.com,-16231
ORD-102111,dtc,SWAN-XL,1,89,shipped,,linda.davis@example.com,-16836
ORD-102112,dtc,SWAN-XL,1,89,shipped,,mo.alsayed@example.com,-15958
ORD-102113,dtc,PIZZ-XL,3,147,shipped,,nadia.green@example.com,-16392
ORD-102114,dtc,PIZZ-XL,1,49,shipped,,yuki.wright@example.com,-16283
ORD-102115,dtc,DONUT-2,4,236,shipped,,pearl.harris@example.com,-16319
ORD-102116,dtc,SWAN-XL,1,89,shipped,,margaret.hill@example.com,-16140
ORD-102117,dtc,KRAK-01,1,129,shipped,,zoe.lopez@example.com,-16221
ORD-102118,dtc,DONUT-2,1,59,shipped,,dolores.wilson@example.com,-15918
ORD-102119,dtc,KRAK-01,1,129,shipped,,jamal.wilson@example.com,-16679
ORD-102120,dtc,KIT-HEL,1,34,shipped,,curtis.brzezinski@example.com,-16131
ORD-102121,dtc,SWAN-XL,4,356,shipped,,wes.alsayed@example.com,-16097
ORD-102122,dtc,SWAN-XL,1,89,shipped,,nellie.garcia@example.com,-16009
ORD-102123,dtc,PIZZ-XL,1,49,shipped,,greg.clark@example.com,-16082
ORD-102124,dtc,DONUT-2,1,59,shipped,,yosef.garcia@example.com,-16467
ORD-102125,dtc,DONUT-2,1,59,shipped,,rosa.kim@example.com,-16423
ORD-102126,dtc,PIZZ-XL,1,49,shipped,,fatima.patel@example.com,-16660
ORD-102127,dtc,SWAN-XL,1,89,shipped,,paloma.alsayed@example.com,-16637
ORD-102128,dtc,KRAK-01,1,129,shipped,,pearl.thompson@example.com,-16052
ORD-102129,dtc,PIZZ-XL,1,49,shipped,,lamar.thompson@example.com,-16418
ORD-102130,dtc,PIZZ-XL,1,49,shipped,,tomasz.martinez@example.com,-16451
ORD-102131,dtc,SWAN-XL,1,89,shipped,,linda.clark@example.com,-16302
ORD-102132,dtc,DONUT-2,1,59,shipped,,harriet.jackson@example.com,-16051
ORD-102133,dtc,PIZZ-XL,1,49,shipped,,pearl.clark@example.com,-16764
ORD-102134,dtc,DONUT-2,1,59,shipped,,paloma.nguyen@example.com,-15930
ORD-102135,dtc,PIZZ-XL,1,49,shipped,,curtis.moore@example.com,-16380
ORD-102136,dtc,PIZZ-XL,1,49,shipped,,zoe.flores@example.com,-16702
ORD-102137,dtc,DONUT-2,1,59,shipped,,tomasz.brzezinski@example.com,-16504
ORD-102138,dtc,KIT-HEL,1,34,shipped,,carlos.brzezinski@example.com,-16459
ORD-102139,dtc,KIT-HEL,1,34,shipped,,deshawn.young@example.com,-16031
ORD-102140,dtc,PIZZ-XL,1,49,shipped,,priya.baker@example.com,-15976
ORD-102141,dtc,PIZZ-XL,1,49,shipped,,ximena.scott@example.com,-16097
ORD-102142,dtc,SWAN-XL,1,89,shipped,,bettye.hernandez@example.com,-16189
ORD-102143,dtc,KRAK-01,1,129,shipped,,quinn.alsayed@example.com,-14715
ORD-102144,dtc,SWAN-XL,1,89,shipped,,wes.osei@example.com,-14731
ORD-102145,dtc,KIT-HEL,2,68,shipped,,tina.davis@example.com,-14559
ORD-102146,dtc,KIT-HEL,1,34,shipped,,priya.garcia@example.com,-14692
ORD-102147,dtc,KIT-HEL,2,68,shipped,,deshawn.king@example.com,-14714
ORD-102148,dtc,UNIC-01,1,79,shipped,,tina.baker@example.com,-14665
ORD-102149,dtc,SWAN-XL,1,89,shipped,,yosef.sanchez@example.com,-14875
ORD-102150,dtc,SWAN-XL,1,89,shipped,,arthur.jackson@example.com,-14569
ORD-102151,dtc,DONUT-2,2,118,shipped,,lamar.lee@example.com,-14524
ORD-102152,dtc,SWAN-XL,3,267,shipped,,keiko.ramirez@example.com,-15229
ORD-102153,dtc,PIZZ-XL,4,196,shipped,,nellie.sanchez@example.com,-14469
ORD-102154,dtc,SWAN-XL,1,89,shipped,,ray.flores@example.com,-15349
ORD-102155,dtc,KRAK-01,1,129,shipped,,omar.lopez@example.com,-15241
ORD-102156,dtc,SWAN-XL,1,89,shipped,,fatima.hill@example.com,-15235
ORD-102157,dtc,DONUT-2,1,59,shipped,,linda.lopez@example.com,-14814
ORD-102158,dtc,UNIC-01,1,79,shipped,,ingrid.tanaka@example.com,-15096
ORD-102159,dtc,DONUT-2,1,59,shipped,,bettye.robinson@example.com,-15339
ORD-102160,dtc,SWAN-XL,1,89,shipped,,zoe.moore@example.com,-14965
ORD-102161,dtc,SWAN-XL,1,89,shipped,,greg.hernandez@example.com,-15025
ORD-102162,dtc,UNIC-01,1,79,shipped,,keiko.thompson@example.com,-14734
ORD-102163,dtc,SWAN-XL,1,89,shipped,,linda.green@example.com,-15418
ORD-102164,dtc,SWAN-XL,1,89,shipped,,carlos.jackson@example.com,-14527
ORD-102165,dtc,SWAN-XL,1,89,shipped,,paloma.lee@example.com,-14816
ORD-102166,dtc,SWAN-XL,1,89,shipped,,gus.moore@example.com,-15250
ORD-102167,dtc,SWAN-XL,1,89,shipped,,nellie.flores@example.com,-15145
ORD-102168,dtc,PIZZ-XL,1,49,shipped,,nellie.lopez@example.com,-14469
ORD-102169,dtc,UNIC-01,1,79,shipped,,ernesto.baker@example.com,-14932
ORD-102170,dtc,DONUT-2,1,59,shipped,,wes.okaforreyes@example.com,-15027
ORD-102171,dtc,SWAN-XL,1,89,shipped,,rosa.miller@example.com,-14704
ORD-102172,dtc,SWAN-XL,1,89,shipped,,ximena.clark@example.com,-15267
ORD-102173,dtc,SWAN-XL,2,178,shipped,,quinn.green@example.com,-14830
ORD-102174,dtc,DONUT-2,1,59,shipped,,harriet.johnson@example.com,-15353
ORD-102175,dtc,SWAN-XL,1,89,shipped,,yuki.lewis@example.com,-15207
ORD-102176,dtc,KIT-HEL,2,68,shipped,,arthur.flores@example.com,-15245
ORD-102177,dtc,PIZZ-XL,1,49,shipped,,arthur.nguyen@example.com,-15378
ORD-102178,dtc,SWAN-XL,1,89,shipped,,aisha.davis@example.com,-15397
ORD-102179,dtc,SWAN-XL,1,89,shipped,,ernesto.brown@example.com,-14779
ORD-102180,dtc,DONUT-2,1,59,shipped,,ivan.nowak@example.com,-15294
ORD-102181,dtc,SWAN-XL,1,89,shipped,,lamar.kim@example.com,-15178
ORD-102182,dtc,KRAK-01,1,129,shipped,,rosa.sanchez@example.com,-14982
ORD-102183,dtc,SWAN-XL,1,89,shipped,,yuki.hernandez@example.com,-14706
ORD-102184,dtc,SWAN-XL,1,89,shipped,,zoe.hill@example.com,-15342
ORD-102185,dtc,PIZZ-XL,1,49,shipped,,aisha.moore@example.com,-14772
ORD-102186,dtc,KIT-HEL,1,34,shipped,,greg.kim@example.com,-15360
ORD-102187,dtc,KRAK-01,1,129,shipped,,paloma.flores@example.com,-15274
ORD-102188,dtc,SWAN-XL,1,89,shipped,,vera.flores@example.com,-15059
ORD-102189,dtc,PIZZ-XL,1,49,shipped,,arthur.wilson@example.com,-15110
ORD-102190,dtc,KIT-HEL,3,102,shipped,,fatima.torres@example.com,-14812
ORD-102191,dtc,DONUT-2,1,59,shipped,,stan.hill@example.com,-14990
ORD-102192,dtc,PIZZ-XL,1,49,shipped,,ximena.lopez@example.com,-14632
ORD-102193,dtc,DONUT-2,1,59,shipped,,arthur.baker@example.com,-14829
ORD-102194,dtc,SWAN-XL,1,89,shipped,,tina.thomas@example.com,-15153
ORD-102195,dtc,SWAN-XL,1,89,shipped,,bettye.brown@example.com,-14601
ORD-102196,dtc,KRAK-01,1,129,shipped,,ximena.lewis@example.com,-15135
ORD-102197,dtc,SWAN-XL,1,89,shipped,,yuki.smith@example.com,-14674
ORD-102198,dtc,SWAN-XL,1,89,shipped,,ivan.okaforreyes@example.com,-15348
ORD-102199,dtc,DONUT-2,1,59,shipped,,tomasz.smith@example.com,-15076
ORD-102200,dtc,UNIC-01,1,79,shipped,,rosa.martin@example.com,-15353
ORD-102201,dtc,UNIC-01,1,79,shipped,,gus.thomas@example.com,-15064
ORD-102202,dtc,SWAN-XL,1,89,shipped,,ray.white@example.com,-15003
ORD-102203,dtc,PIZZ-XL,1,49,shipped,,fatima.osei@example.com,-15112
ORD-102204,dtc,KIT-HEL,1,34,shipped,,pearl.wright@example.com,-14683
ORD-102205,dtc,KIT-HEL,1,34,shipped,,wes.brzezinski@example.com,-15400
ORD-102206,dtc,PIZZ-XL,1,49,shipped,,ivan.lewis@example.com,-14694
ORD-102207,dtc,KRAK-01,1,129,shipped,,bob.brzezinski@example.com,-15026
ORD-102208,dtc,SWAN-XL,1,89,shipped,,bettye.martinez@example.com,-15179
ORD-102209,dtc,UNIC-01,1,79,shipped,,margaret.harris@example.com,-14738
ORD-102210,dtc,KIT-HEL,1,34,shipped,,lamar.flores@example.com,-15309
ORD-102211,dtc,SWAN-XL,1,89,shipped,,priya.baker@example.com,-14729
ORD-102212,dtc,SWAN-XL,1,89,shipped,,otis.thomas@example.com,-15165
ORD-102213,dtc,DONUT-2,1,59,shipped,,arthur.wilson@example.com,-14837
ORD-102214,dtc,SWAN-XL,1,89,shipped,,ximena.ramirez@example.com,-14481
ORD-102215,dtc,KIT-HEL,1,34,shipped,,nadia.garcia@example.com,-15054
ORD-102216,dtc,SWAN-XL,1,89,shipped,,dolores.kowalczyk@example.com,-15300
ORD-102217,dtc,PIZZ-XL,1,49,shipped,,bob.sanchez@example.com,-14844
ORD-102218,dtc,SWAN-XL,1,89,shipped,,linda.wilson@example.com,-15358
ORD-102219,dtc,KRAK-01,1,129,shipped,,hannah.smith@example.com,-14567
ORD-102220,dtc,UNIC-01,2,158,shipped,,stan.torres@example.com,-14987
ORD-102221,dtc,SWAN-XL,1,89,shipped,,zoe.hernandez@example.com,-15278
ORD-102222,dtc,SWAN-XL,2,178,shipped,,ray.moore@example.com,-14493
ORD-102223,dtc,SWAN-XL,3,267,shipped,,fatima.brown@example.com,-14487
ORD-102224,dtc,DONUT-2,1,59,shipped,,lamar.lewis@example.com,-15318
ORD-102225,dtc,SWAN-XL,1,89,shipped,,omar.smith@example.com,-14914
ORD-102226,dtc,KIT-HEL,1,34,shipped,,paloma.young@example.com,-14990
ORD-102227,dtc,SWAN-XL,1,89,shipped,,umar.tanaka@example.com,-15132
ORD-102228,dtc,SWAN-XL,1,89,shipped,,stan.patel@example.com,-14693
ORD-102229,dtc,SWAN-XL,4,356,shipped,,carlos.lewis@example.com,-14497
ORD-102230,dtc,PIZZ-XL,1,49,shipped,,curtis.white@example.com,-14492
ORD-102231,dtc,SWAN-XL,1,89,shipped,,ximena.tanaka@example.com,-15063
ORD-102232,dtc,KIT-HEL,1,34,shipped,,jerome.davis@example.com,-15300
ORD-102233,dtc,SWAN-XL,1,89,shipped,,zoe.adams@example.com,-15224
ORD-102234,dtc,SWAN-XL,1,89,shipped,,yuki.alsayed@example.com,-14722
ORD-102235,dtc,KIT-HEL,1,34,shipped,,jamal.robinson@example.com,-15053
ORD-102236,dtc,KRAK-01,1,129,shipped,,otis.allen@example.com,-15229
ORD-102237,dtc,PIZZ-XL,1,49,shipped,,linda.king@example.com,-15046
ORD-102238,dtc,SWAN-XL,1,89,shipped,,aisha.patel@example.com,-15377
ORD-102239,dtc,SWAN-XL,1,89,shipped,,aisha.baker@example.com,-15201
ORD-102240,dtc,DONUT-2,1,59,shipped,,rosa.flores@example.com,-15404
ORD-102241,dtc,KRAK-01,1,129,shipped,,vera.patel@example.com,-15164
ORD-102242,dtc,KIT-HEL,1,34,shipped,,lamar.harris@example.com,-14732
ORD-102243,dtc,PIZZ-XL,1,49,shipped,,fatima.davis@example.com,-14830
ORD-102244,dtc,PIZZ-XL,1,49,shipped,,gus.osei@example.com,-15210
ORD-102245,dtc,KRAK-01,1,129,shipped,,tina.martin@example.com,-15180
ORD-102246,dtc,DONUT-2,1,59,shipped,,carlos.thompson@example.com,-14493
ORD-102247,dtc,UNIC-01,1,79,shipped,,jerome.wright@example.com,-15177
ORD-102248,dtc,DONUT-2,1,59,shipped,,ingrid.davis@example.com,-15111
ORD-102249,dtc,SWAN-XL,1,89,shipped,,ivan.scott@example.com,-15027
ORD-102250,dtc,KRAK-01,1,129,shipped,,yosef.anderson@example.com,-15016
ORD-102251,dtc,DONUT-2,1,59,shipped,,kitty.clark@example.com,-14597
ORD-102252,dtc,SWAN-XL,1,89,shipped,,margaret.young@example.com,-15194
ORD-102253,dtc,KRAK-01,1,129,shipped,,jerome.green@example.com,-15016
ORD-102254,dtc,PIZZ-XL,1,49,shipped,,yuki.lee@example.com,-14585
ORD-102255,dtc,KIT-HEL,2,68,shipped,,curtis.scott@example.com,-13481
ORD-102256,dtc,SWAN-XL,1,89,shipped,,tomasz.allen@example.com,-13413
ORD-102257,dtc,PIZZ-XL,1,49,shipped,,harriet.torres@example.com,-13938
ORD-102258,dtc,UNIC-01,1,79,shipped,,aisha.hill@example.com,-13546
ORD-102259,dtc,SWAN-XL,1,89,shipped,,carlos.adams@example.com,-13713
ORD-102260,dtc,UNIC-01,1,79,shipped,,arthur.okaforreyes@example.com,-13781
ORD-102261,dtc,PIZZ-XL,1,49,shipped,,carlos.okaforreyes@example.com,-13422
ORD-102262,dtc,PIZZ-XL,4,196,shipped,,yuki.adams@example.com,-13739
ORD-102263,dtc,KRAK-01,1,129,shipped,,kitty.moore@example.com,-13977
ORD-102264,dtc,KRAK-01,1,129,shipped,,omar.johnson@example.com,-13207
ORD-102265,dtc,SWAN-XL,1,89,shipped,,wes.thompson@example.com,-13603
ORD-102266,dtc,SWAN-XL,1,89,shipped,,ximena.martin@example.com,-13542
ORD-102267,dtc,DONUT-2,1,59,shipped,,fatima.garcia@example.com,-13793
ORD-102268,dtc,PIZZ-XL,1,49,shipped,,bettye.hill@example.com,-13386
ORD-102269,dtc,SWAN-XL,1,89,shipped,,arthur.alsayed@example.com,-13181
ORD-102270,dtc,SWAN-XL,1,89,shipped,,yosef.nowak@example.com,-13711
ORD-102271,dtc,KRAK-01,1,129,shipped,,otis.brown@example.com,-13735
ORD-102272,dtc,PIZZ-XL,1,49,shipped,,stan.young@example.com,-13132
ORD-102273,dtc,SWAN-XL,1,89,shipped,,carlos.moore@example.com,-13255
ORD-102274,dtc,PIZZ-XL,1,49,shipped,,tina.thomas@example.com,-13927
ORD-102275,dtc,KIT-HEL,1,34,shipped,,gus.wright@example.com,-13353
ORD-102276,dtc,SWAN-XL,1,89,shipped,,vera.baker@example.com,-13525
ORD-102277,dtc,KRAK-01,1,129,shipped,,harriet.baker@example.com,-13147
ORD-102278,dtc,SWAN-XL,1,89,shipped,,yosef.scott@example.com,-13426
ORD-102279,dtc,PIZZ-XL,1,49,shipped,,luis.brzezinski@example.com,-13333
ORD-102280,dtc,PIZZ-XL,1,49,shipped,,hannah.white@example.com,-13474
ORD-102281,dtc,UNIC-01,1,79,shipped,,mo.miller@example.com,-13189
ORD-102282,dtc,KRAK-01,1,129,shipped,,ximena.johnson@example.com,-13283
ORD-102283,dtc,KRAK-01,2,258,shipped,,tomasz.allen@example.com,-13265
ORD-102284,dtc,SWAN-XL,1,89,shipped,,chen.thomas@example.com,-13210
ORD-102285,dtc,DONUT-2,1,59,shipped,,curtis.wilson@example.com,-13402
ORD-102286,dtc,KIT-HEL,1,34,shipped,,bettye.lopez@example.com,-13426
ORD-102287,dtc,DONUT-2,1,59,shipped,,bettye.scott@example.com,-13098
ORD-102288,dtc,KIT-HEL,1,34,shipped,,jerome.hernandez@example.com,-13847
ORD-102289,dtc,SWAN-XL,2,178,shipped,,ernesto.tanaka@example.com,-13074
ORD-102290,dtc,KIT-HEL,1,34,shipped,,quinn.flores@example.com,-13929
ORD-102291,dtc,DONUT-2,1,59,shipped,,jerome.robinson@example.com,-13962
ORD-102292,dtc,SWAN-XL,1,89,shipped,,flo.green@example.com,-13556
ORD-102293,dtc,KRAK-01,1,129,shipped,,nadia.allen@example.com,-13312
ORD-102294,dtc,SWAN-XL,1,89,shipped,,yuki.davis@example.com,-13199
ORD-102295,dtc,SWAN-XL,1,89,shipped,,harriet.baker@example.com,-13875
ORD-102296,dtc,SWAN-XL,1,89,shipped,,wes.miller@example.com,-13448
ORD-102297,dtc,DONUT-2,1,59,shipped,,nellie.alsayed@example.com,-13873
ORD-102298,dtc,KRAK-01,1,129,shipped,,greg.patel@example.com,-13358
ORD-102299,dtc,KRAK-01,1,129,shipped,,jerome.allen@example.com,-13134
ORD-102300,dtc,SWAN-XL,1,89,shipped,,otis.womack@example.com,-13547
ORD-102301,dtc,PIZZ-XL,1,49,shipped,,nellie.miller@example.com,-13096
ORD-102302,dtc,PIZZ-XL,1,49,shipped,,bob.young@example.com,-13027
ORD-102303,dtc,SWAN-XL,1,89,shipped,,bettye.wright@example.com,-13849
ORD-102304,dtc,DONUT-2,1,59,shipped,,tina.alsayed@example.com,-13824
ORD-102305,dtc,DONUT-2,1,59,shipped,,keiko.davis@example.com,-13334
ORD-102306,dtc,KIT-HEL,1,34,shipped,,dolores.osei@example.com,-13146
ORD-102307,dtc,PIZZ-XL,1,49,shipped,,nellie.johnson@example.com,-13938
ORD-102308,dtc,PIZZ-XL,1,49,shipped,,nadia.kowalczyk@example.com,-13158
ORD-102309,dtc,PIZZ-XL,1,49,shipped,,nadia.thompson@example.com,-13380
ORD-102310,dtc,SWAN-XL,1,89,shipped,,umar.garcia@example.com,-13648
ORD-102311,dtc,SWAN-XL,1,89,shipped,,mo.perez@example.com,-13081
ORD-102312,dtc,SWAN-XL,1,89,shipped,,dolores.alsayed@example.com,-13705
ORD-102313,dtc,SWAN-XL,1,89,shipped,,keiko.moore@example.com,-13263
ORD-102314,dtc,PIZZ-XL,1,49,shipped,,fatima.osei@example.com,-13719
ORD-102315,dtc,KRAK-01,1,129,shipped,,keiko.thompson@example.com,-13385
ORD-102316,dtc,SWAN-XL,4,356,shipped,,yuki.tanaka@example.com,-13654
ORD-102317,dtc,DONUT-2,1,59,shipped,,ximena.nguyen@example.com,-13256
ORD-102318,dtc,PIZZ-XL,1,49,shipped,,quinn.clark@example.com,-13557
ORD-102319,dtc,DONUT-2,1,59,shipped,,yosef.thompson@example.com,-13760
ORD-102320,dtc,DONUT-2,1,59,shipped,,yuki.okaforreyes@example.com,-13682
ORD-102321,dtc,DONUT-2,1,59,shipped,,bob.lopez@example.com,-13517
ORD-102322,dtc,KRAK-01,1,129,shipped,,gus.flores@example.com,-13181
ORD-102323,dtc,KIT-HEL,1,34,shipped,,nadia.flores@example.com,-13436
ORD-102324,dtc,KIT-HEL,1,34,shipped,,umar.tanaka@example.com,-13457
ORD-102325,dtc,SWAN-XL,1,89,shipped,,ernesto.martinez@example.com,-13039
ORD-102326,dtc,SWAN-XL,1,89,shipped,,priya.kim@example.com,-13401
ORD-102327,dtc,KRAK-01,1,129,shipped,,ximena.lopez@example.com,-13225
ORD-102328,dtc,KIT-HEL,1,34,shipped,,harriet.johnson@example.com,-13788
ORD-102329,dtc,PIZZ-XL,1,49,shipped,,quinn.walker@example.com,-13601
ORD-102330,dtc,PIZZ-XL,1,49,shipped,,arthur.hill@example.com,-13123
ORD-102331,dtc,SWAN-XL,1,89,shipped,,jamal.hill@example.com,-13289
ORD-102332,dtc,SWAN-XL,2,178,shipped,,deshawn.adams@example.com,-13590
ORD-102333,dtc,SWAN-XL,1,89,shipped,,nadia.womack@example.com,-13729
ORD-102334,dtc,PIZZ-XL,1,49,shipped,,paloma.clark@example.com,-13407
ORD-102335,dtc,SWAN-XL,1,89,shipped,,ximena.hernandez@example.com,-13629
ORD-102336,dtc,KRAK-01,1,129,shipped,,tina.lewis@example.com,-13780
ORD-102337,dtc,PIZZ-XL,1,49,shipped,,harriet.lewis@example.com,-13467
ORD-102338,dtc,PIZZ-XL,1,49,shipped,,paloma.osei@example.com,-13470
ORD-102339,dtc,PIZZ-XL,1,49,shipped,,zoe.nowak@example.com,-13043
ORD-102340,dtc,SWAN-XL,1,89,shipped,,aisha.smith@example.com,-13743
ORD-102341,dtc,DONUT-2,1,59,shipped,,lamar.lee@example.com,-13088
ORD-102342,dtc,PIZZ-XL,1,49,shipped,,umar.alsayed@example.com,-13755
ORD-102343,dtc,SWAN-XL,2,178,shipped,,ingrid.martin@example.com,-13058
ORD-102344,dtc,SWAN-XL,1,89,shipped,,deshawn.miller@example.com,-13190
ORD-102345,dtc,DONUT-2,1,59,shipped,,margaret.kowalczyk@example.com,-13669
ORD-102346,dtc,PIZZ-XL,1,49,shipped,,yuki.adams@example.com,-13131
ORD-102347,dtc,PIZZ-XL,1,49,shipped,,rosa.harris@example.com,-13583
ORD-102348,dtc,KRAK-01,1,129,shipped,,deshawn.hernandez@example.com,-13498
ORD-102349,dtc,SWAN-XL,1,89,shipped,,ingrid.clark@example.com,-13802
ORD-102350,dtc,UNIC-01,1,79,shipped,,ernesto.johnson@example.com,-13359
ORD-102351,dtc,KIT-HEL,1,34,shipped,,ivan.ramirez@example.com,-13949
ORD-102352,dtc,KIT-HEL,1,34,shipped,,luis.lopez@example.com,-13745
ORD-102353,dtc,SWAN-XL,1,89,shipped,,fatima.johnson@example.com,-13532
ORD-102354,dtc,UNIC-01,1,79,shipped,,harriet.sanchez@example.com,-13281
ORD-102355,dtc,SWAN-XL,1,89,shipped,,ivan.robinson@example.com,-13243
ORD-102356,dtc,SWAN-XL,1,89,shipped,,linda.adams@example.com,-11859
ORD-102357,dtc,DONUT-2,1,59,shipped,,ingrid.thompson@example.com,-12024
ORD-102358,dtc,DONUT-2,1,59,shipped,,priya.kowalczyk@example.com,-12162
ORD-102359,dtc,UNIC-01,1,79,shipped,,otis.martinez@example.com,-12248
ORD-102360,dtc,KIT-HEL,1,34,shipped,,greg.white@example.com,-11715
ORD-102361,dtc,SWAN-XL,1,89,shipped,,priya.clark@example.com,-12142
ORD-102362,dtc,KRAK-01,4,516,shipped,,ivan.okaforreyes@example.com,-12436
ORD-102363,dtc,SWAN-XL,1,89,shipped,,linda.ramirez@example.com,-11828
ORD-102364,dtc,PIZZ-XL,1,49,shipped,,linda.kim@example.com,-12036
ORD-102365,dtc,PIZZ-XL,1,49,shipped,,carlos.thomas@example.com,-12144
ORD-102366,dtc,KRAK-01,1,129,shipped,,carlos.okaforreyes@example.com,-12130
ORD-102367,dtc,SWAN-XL,1,89,shipped,,quinn.kowalczyk@example.com,-12224
ORD-102368,dtc,UNIC-01,1,79,shipped,,tomasz.torres@example.com,-12145
ORD-102369,dtc,DONUT-2,1,59,shipped,,margaret.nowak@example.com,-12176
ORD-102370,dtc,SWAN-XL,1,89,shipped,,wes.lee@example.com,-11978
ORD-102371,dtc,PIZZ-XL,1,49,shipped,,zoe.perez@example.com,-12087
ORD-102372,dtc,SWAN-XL,1,89,shipped,,nadia.torres@example.com,-11910
ORD-102373,dtc,UNIC-01,1,79,shipped,,lamar.ramirez@example.com,-11667
ORD-102374,dtc,KRAK-01,1,129,shipped,,paloma.harris@example.com,-11657
ORD-102375,dtc,KIT-HEL,1,34,shipped,,umar.scott@example.com,-11947
ORD-102376,dtc,PIZZ-XL,1,49,shipped,,curtis.lee@example.com,-11967
ORD-102377,dtc,KIT-HEL,1,34,shipped,,stan.nowak@example.com,-12349
ORD-102378,dtc,KIT-HEL,1,34,shipped,,ivan.clark@example.com,-11704
ORD-102379,dtc,SWAN-XL,1,89,shipped,,quinn.young@example.com,-12365
ORD-102380,dtc,KRAK-01,4,516,shipped,,ximena.thompson@example.com,-11735
ORD-102381,dtc,KIT-HEL,1,34,shipped,,pearl.womack@example.com,-12027
ORD-102382,dtc,DONUT-2,1,59,shipped,,yuki.garcia@example.com,-12098
ORD-102383,dtc,PIZZ-XL,1,49,shipped,,keiko.kowalczyk@example.com,-12163
ORD-102384,dtc,PIZZ-XL,1,49,shipped,,vera.johnson@example.com,-12149
ORD-102385,dtc,DONUT-2,1,59,shipped,,curtis.jackson@example.com,-12219
ORD-102386,dtc,KRAK-01,1,129,shipped,,ximena.moore@example.com,-11980
ORD-102387,dtc,PIZZ-XL,1,49,shipped,,nellie.nowak@example.com,-12288
ORD-102388,dtc,UNIC-01,1,79,shipped,,mabel.johnson@example.com,-11793
ORD-102389,dtc,SWAN-XL,1,89,shipped,,nadia.thomas@example.com,-12358
ORD-102390,dtc,KIT-HEL,1,34,shipped,,ernesto.wright@example.com,-11648
ORD-102391,dtc,KIT-HEL,1,34,shipped,,yuki.womack@example.com,-12320
ORD-102392,dtc,KRAK-01,1,129,shipped,,greg.harris@example.com,-12322
ORD-102393,dtc,PIZZ-XL,1,49,shipped,,hannah.johnson@example.com,-11966
ORD-102394,dtc,SWAN-XL,1,89,shipped,,rosa.green@example.com,-11988
ORD-102395,dtc,DONUT-2,1,59,shipped,,carlos.lopez@example.com,-11856
ORD-102396,dtc,KIT-HEL,1,34,shipped,,priya.thompson@example.com,-11626
ORD-102397,dtc,UNIC-01,1,79,shipped,,otis.kowalczyk@example.com,-11761
ORD-102398,dtc,SWAN-XL,1,89,shipped,,lamar.brown@example.com,-12173
ORD-102399,dtc,SWAN-XL,1,89,shipped,,dolores.garcia@example.com,-12199
ORD-102400,dtc,KRAK-01,1,129,shipped,,arthur.martinez@example.com,-12371
ORD-102401,dtc,SWAN-XL,1,89,shipped,,ximena.wright@example.com,-12310
ORD-102402,dtc,DONUT-2,1,59,shipped,,flo.clark@example.com,-12136
ORD-102403,dtc,KIT-HEL,1,34,shipped,,carlos.womack@example.com,-12037
ORD-102404,dtc,PIZZ-XL,1,49,shipped,,otis.thompson@example.com,-11684
ORD-102405,dtc,SWAN-XL,1,89,shipped,,paloma.green@example.com,-12274
ORD-102406,dtc,UNIC-01,1,79,shipped,,jamal.tanaka@example.com,-12089
ORD-102407,dtc,DONUT-2,1,59,shipped,,yosef.osei@example.com,-12309
ORD-102408,dtc,KIT-HEL,1,34,shipped,,dolores.clark@example.com,-11745
ORD-102409,dtc,PIZZ-XL,1,49,shipped,,keiko.robinson@example.com,-12536
ORD-102410,dtc,UNIC-01,1,79,shipped,,bettye.adams@example.com,-12534
ORD-102411,dtc,PIZZ-XL,1,49,shipped,,priya.moore@example.com,-11846
ORD-102412,dtc,SWAN-XL,1,89,shipped,,vera.jackson@example.com,-12339
ORD-102413,dtc,PIZZ-XL,1,49,shipped,,bob.brzezinski@example.com,-12436
ORD-102414,dtc,SWAN-XL,2,178,shipped,,ingrid.king@example.com,-12517
ORD-102415,dtc,UNIC-01,1,79,shipped,,rosa.martinez@example.com,-11637
ORD-102416,dtc,PIZZ-XL,1,49,shipped,,aisha.king@example.com,-11644
ORD-102417,dtc,KRAK-01,4,516,shipped,,tomasz.osei@example.com,-11672
ORD-102418,dtc,DONUT-2,1,59,shipped,,ximena.lopez@example.com,-12385
ORD-102419,dtc,SWAN-XL,1,89,shipped,,omar.womack@example.com,-12510
ORD-102420,dtc,UNIC-01,1,79,shipped,,yosef.garcia@example.com,-12300
ORD-102421,dtc,DONUT-2,1,59,shipped,,greg.white@example.com,-11644
ORD-102422,dtc,SWAN-XL,1,89,shipped,,tomasz.torres@example.com,-12198
ORD-102423,dtc,KRAK-01,1,129,shipped,,margaret.walker@example.com,-11866
ORD-102424,dtc,KRAK-01,1,129,shipped,,ray.kowalczyk@example.com,-12506
ORD-102425,dtc,SWAN-XL,1,89,shipped,,bettye.flores@example.com,-12418
ORD-102426,dtc,PIZZ-XL,1,49,shipped,,mabel.lewis@example.com,-11613
ORD-102427,dtc,SWAN-XL,1,89,shipped,,yuki.anderson@example.com,-12516
ORD-102428,dtc,SWAN-XL,1,89,shipped,,otis.tanaka@example.com,-12248
ORD-102429,dtc,SWAN-XL,1,89,shipped,,dolores.sanchez@example.com,-11784
ORD-102430,dtc,KIT-HEL,1,34,shipped,,quinn.clark@example.com,-11732
ORD-102431,dtc,KRAK-01,1,129,shipped,,harriet.adams@example.com,-11919
ORD-102432,dtc,DONUT-2,1,59,shipped,,yosef.thompson@example.com,-12121
ORD-102433,dtc,KRAK-01,1,129,shipped,,vera.patel@example.com,-11754
ORD-102434,dtc,KIT-HEL,1,34,shipped,,ernesto.wilson@example.com,-12367
ORD-102435,dtc,PIZZ-XL,1,49,shipped,,ernesto.lopez@example.com,-11748
ORD-102436,dtc,SWAN-XL,1,89,shipped,,curtis.wilson@example.com,-11844
ORD-102437,dtc,KIT-HEL,1,34,shipped,,ximena.harris@example.com,-12007
ORD-102438,dtc,PIZZ-XL,1,49,shipped,,luis.nowak@example.com,-12307
ORD-102439,dtc,KIT-HEL,1,34,shipped,,curtis.nguyen@example.com,-12154
ORD-102440,dtc,KIT-HEL,1,34,shipped,,tina.sanchez@example.com,-11871
ORD-102441,dtc,SWAN-XL,1,89,shipped,,wes.moore@example.com,-11837
ORD-102442,dtc,PIZZ-XL,3,147,shipped,,ivan.walker@example.com,-12374
ORD-102443,dtc,SWAN-XL,1,89,shipped,,carlos.wright@example.com,-11612
ORD-102444,dtc,SWAN-XL,1,89,shipped,,nellie.lopez@example.com,-12035
ORD-102445,dtc,PIZZ-XL,1,49,shipped,,quinn.lee@example.com,-12019
ORD-102446,dtc,UNIC-01,1,79,shipped,,jerome.allen@example.com,-11904
ORD-102447,dtc,UNIC-01,1,79,shipped,,jerome.wright@example.com,-12266
ORD-102448,dtc,PIZZ-XL,1,49,shipped,,tina.sanchez@example.com,-11889
ORD-102449,dtc,PIZZ-XL,1,49,shipped,,ximena.lopez@example.com,-12000
ORD-102450,dtc,SWAN-XL,1,89,shipped,,priya.womack@example.com,-11691
ORD-102451,dtc,SWAN-XL,1,89,shipped,,chen.lee@example.com,-12253
ORD-102452,dtc,SWAN-XL,1,89,shipped,,nellie.clark@example.com,-11751
ORD-102453,dtc,UNIC-01,1,79,shipped,,arthur.martin@example.com,-12432
ORD-102454,dtc,SWAN-XL,3,267,shipped,,priya.king@example.com,-12180
ORD-102455,dtc,KIT-HEL,2,68,shipped,,mo.perez@example.com,-12188
ORD-102456,dtc,SWAN-XL,1,89,shipped,,fatima.hernandez@example.com,-12468
ORD-102457,dtc,UNIC-01,1,79,shipped,,mabel.davis@example.com,-12158
ORD-102458,dtc,KIT-HEL,1,34,shipped,,greg.green@example.com,-12319
ORD-102459,dtc,SWAN-XL,1,89,shipped,,bettye.patel@example.com,-12120
ORD-102460,dtc,SWAN-XL,1,89,shipped,,otis.smith@example.com,-12002
ORD-102461,dtc,DONUT-2,1,59,shipped,,omar.hill@example.com,-12312
ORD-102462,dtc,SWAN-XL,4,356,shipped,,yuki.jackson@example.com,-11684
ORD-102463,dtc,SWAN-XL,4,356,shipped,,quinn.tanaka@example.com,-11637
ORD-102464,dtc,KRAK-01,1,129,shipped,,ivan.garcia@example.com,-12108
ORD-102465,dtc,SWAN-XL,1,89,shipped,,carlos.adams@example.com,-12232
ORD-102466,dtc,UNIC-01,1,79,shipped,,curtis.king@example.com,-12031
ORD-102467,dtc,DONUT-2,1,59,shipped,,harriet.wright@example.com,-12366
ORD-102468,dtc,SWAN-XL,1,89,shipped,,fatima.white@example.com,-12273
ORD-102469,dtc,SWAN-XL,1,89,shipped,,ernesto.adams@example.com,-12401
ORD-102470,dtc,KIT-HEL,1,34,shipped,,luis.hill@example.com,-10930
ORD-102471,dtc,PIZZ-XL,1,49,shipped,,priya.wilson@example.com,-10485
ORD-102472,dtc,UNIC-01,1,79,shipped,,harriet.hernandez@example.com,-10818
ORD-102473,dtc,SWAN-XL,1,89,shipped,,bob.allen@example.com,-10274
ORD-102474,dtc,SWAN-XL,2,178,shipped,,stan.hill@example.com,-10863
ORD-102475,dtc,SWAN-XL,1,89,shipped,,fatima.sanchez@example.com,-10473
ORD-102476,dtc,SWAN-XL,1,89,shipped,,deshawn.wilson@example.com,-10710
ORD-102477,dtc,SWAN-XL,1,89,shipped,,omar.young@example.com,-10156
ORD-102478,dtc,SWAN-XL,1,89,shipped,,jamal.lewis@example.com,-10361
ORD-102479,dtc,SWAN-XL,1,89,shipped,,ernesto.miller@example.com,-10457
ORD-102480,dtc,SWAN-XL,1,89,shipped,,nellie.clark@example.com,-10831
ORD-102481,dtc,KIT-HEL,1,34,shipped,,ernesto.martinez@example.com,-10861
ORD-102482,dtc,DONUT-2,1,59,shipped,,chen.king@example.com,-10666
ORD-102483,dtc,SWAN-XL,1,89,shipped,,dolores.ramirez@example.com,-10779
ORD-102484,dtc,PIZZ-XL,1,49,shipped,,omar.okaforreyes@example.com,-10811
ORD-102485,dtc,PIZZ-XL,1,49,shipped,,jerome.allen@example.com,-10505
ORD-102486,dtc,SWAN-XL,1,89,shipped,,ximena.perez@example.com,-10347
ORD-102487,dtc,UNIC-01,3,237,shipped,,ingrid.davis@example.com,-10428
ORD-102488,dtc,PIZZ-XL,1,49,shipped,,margaret.tanaka@example.com,-10879
ORD-102489,dtc,UNIC-01,1,79,shipped,,margaret.thompson@example.com,-11051
ORD-102490,dtc,SWAN-XL,1,89,shipped,,mabel.perez@example.com,-10754
ORD-102491,dtc,KRAK-01,3,387,shipped,,umar.ramirez@example.com,-10945
ORD-102492,dtc,UNIC-01,1,79,shipped,,aisha.martin@example.com,-10691
ORD-102493,dtc,DONUT-2,1,59,shipped,,umar.king@example.com,-10743
ORD-102494,dtc,PIZZ-XL,1,49,shipped,,pearl.miller@example.com,-10437
ORD-102495,dtc,SWAN-XL,1,89,shipped,,vera.ramirez@example.com,-10173
ORD-102496,dtc,KIT-HEL,2,68,shipped,,gus.moore@example.com,-10584
ORD-102497,dtc,SWAN-XL,1,89,shipped,,bettye.kowalczyk@example.com,-10465
ORD-102498,dtc,PIZZ-XL,1,49,shipped,,ernesto.king@example.com,-10950
ORD-102499,dtc,SWAN-XL,1,89,shipped,,ray.young@example.com,-10587
ORD-102500,dtc,DONUT-2,1,59,shipped,,bettye.nguyen@example.com,-10609
ORD-102501,dtc,SWAN-XL,1,89,shipped,,ximena.green@example.com,-10908
ORD-102502,dtc,PIZZ-XL,1,49,shipped,,fatima.martin@example.com,-10764
ORD-102503,dtc,KIT-HEL,1,34,shipped,,margaret.okaforreyes@example.com,-10640
ORD-102504,dtc,SWAN-XL,1,89,shipped,,tomasz.garcia@example.com,-10257
ORD-102505,dtc,UNIC-01,1,79,shipped,,ivan.thompson@example.com,-10508
ORD-102506,dtc,SWAN-XL,1,89,shipped,,paloma.baker@example.com,-10479
ORD-102507,dtc,SWAN-XL,1,89,shipped,,greg.hernandez@example.com,-10970
ORD-102508,dtc,SWAN-XL,3,267,shipped,,ximena.perez@example.com,-10551
ORD-102509,dtc,SWAN-XL,1,89,shipped,,nellie.okaforreyes@example.com,-10865
ORD-102510,dtc,SWAN-XL,4,356,shipped,,umar.allen@example.com,-10212
ORD-102511,dtc,SWAN-XL,1,89,shipped,,yosef.perez@example.com,-10805
ORD-102512,dtc,KRAK-01,1,129,shipped,,linda.torres@example.com,-10627
ORD-102513,dtc,SWAN-XL,1,89,shipped,,curtis.brzezinski@example.com,-10330
ORD-102514,dtc,DONUT-2,1,59,shipped,,aisha.martin@example.com,-10275
ORD-102515,dtc,PIZZ-XL,1,49,shipped,,curtis.clark@example.com,-10168
ORD-102516,dtc,KRAK-01,1,129,shipped,,zoe.sanchez@example.com,-10317
ORD-102517,dtc,SWAN-XL,1,89,shipped,,ivan.lopez@example.com,-11004
ORD-102518,dtc,SWAN-XL,1,89,shipped,,jamal.kim@example.com,-10354
ORD-102519,dtc,DONUT-2,1,59,shipped,,mo.clark@example.com,-10728
ORD-102520,dtc,SWAN-XL,1,89,shipped,,chen.clark@example.com,-10943
ORD-102521,dtc,SWAN-XL,1,89,shipped,,aisha.harris@example.com,-10391
ORD-102522,dtc,UNIC-01,1,79,shipped,,mabel.nowak@example.com,-10670
ORD-102523,dtc,KRAK-01,1,129,shipped,,flo.walker@example.com,-10481
ORD-102524,dtc,UNIC-01,1,79,shipped,,umar.ramirez@example.com,-10862
ORD-102525,dtc,DONUT-2,1,59,shipped,,mabel.torres@example.com,-10691
ORD-102526,dtc,PIZZ-XL,1,49,shipped,,tomasz.osei@example.com,-10921
ORD-102527,dtc,PIZZ-XL,1,49,shipped,,harriet.miller@example.com,-10487
ORD-102528,dtc,SWAN-XL,1,89,shipped,,vera.nguyen@example.com,-10848
ORD-102529,dtc,PIZZ-XL,1,49,shipped,,greg.jackson@example.com,-10221
ORD-102530,dtc,DONUT-2,1,59,shipped,,flo.martin@example.com,-10786
ORD-102531,dtc,SWAN-XL,1,89,shipped,,dolores.osei@example.com,-10292
ORD-102532,dtc,KIT-HEL,1,34,shipped,,rosa.green@example.com,-10178
ORD-102533,dtc,PIZZ-XL,1,49,shipped,,chen.anderson@example.com,-10909
ORD-102534,dtc,KRAK-01,4,516,shipped,,tomasz.thomas@example.com,-11033
ORD-102535,dtc,SWAN-XL,1,89,shipped,,ray.lopez@example.com,-10242
ORD-102536,dtc,SWAN-XL,1,89,shipped,,wes.patel@example.com,-10684
ORD-102537,dtc,UNIC-01,4,316,shipped,,tomasz.martinez@example.com,-10781
ORD-102538,dtc,PIZZ-XL,1,49,shipped,,umar.brown@example.com,-11068
ORD-102539,dtc,SWAN-XL,1,89,shipped,,mo.davis@example.com,-11050
ORD-102540,dtc,SWAN-XL,1,89,shipped,,tomasz.miller@example.com,-11064
ORD-102541,dtc,SWAN-XL,1,89,shipped,,tomasz.green@example.com,-10516
ORD-102542,dtc,DONUT-2,1,59,shipped,,ernesto.osei@example.com,-10630
ORD-102543,dtc,PIZZ-XL,1,49,shipped,,chen.wright@example.com,-11038
ORD-102544,dtc,KIT-HEL,4,136,shipped,,lamar.jackson@example.com,-10759
ORD-102545,dtc,KIT-HEL,3,102,shipped,,ernesto.miller@example.com,-10803
ORD-102546,dtc,SWAN-XL,1,89,shipped,,greg.martinez@example.com,-11041
ORD-102547,dtc,SWAN-XL,3,267,shipped,,paloma.kim@example.com,-10895
ORD-102548,dtc,DONUT-2,1,59,shipped,,mabel.brzezinski@example.com,-10221
ORD-102549,dtc,DONUT-2,1,59,shipped,,flo.king@example.com,-10145
ORD-102550,dtc,SWAN-XL,1,89,shipped,,yosef.baker@example.com,-10502
ORD-102551,dtc,SWAN-XL,4,356,shipped,,ernesto.kowalczyk@example.com,-10480
ORD-102552,dtc,KRAK-01,1,129,shipped,,dolores.thompson@example.com,-10501
ORD-102553,dtc,SWAN-XL,1,89,shipped,,curtis.anderson@example.com,-10410
ORD-102554,dtc,SWAN-XL,1,89,shipped,,aisha.tanaka@example.com,-10948
ORD-102555,dtc,KIT-HEL,1,34,shipped,,stan.kowalczyk@example.com,-10617
ORD-102556,dtc,DONUT-2,1,59,shipped,,wes.davis@example.com,-10237
ORD-102557,dtc,UNIC-01,1,79,shipped,,hannah.clark@example.com,-10338
ORD-102558,dtc,KIT-HEL,1,34,shipped,,jamal.lopez@example.com,-10939
ORD-102559,dtc,PIZZ-XL,1,49,shipped,,harriet.ramirez@example.com,-10252
ORD-102560,dtc,KIT-HEL,1,34,shipped,,ray.adams@example.com,-10394
ORD-102561,dtc,PIZZ-XL,1,49,shipped,,mo.alsayed@example.com,-10832
ORD-102562,dtc,KIT-HEL,1,34,shipped,,quinn.martinez@example.com,-10341
ORD-102563,dtc,DONUT-2,1,59,shipped,,keiko.lee@example.com,-10853
ORD-102564,dtc,KIT-HEL,1,34,shipped,,dolores.osei@example.com,-11100
ORD-102565,dtc,KRAK-01,1,129,shipped,,otis.adams@example.com,-10325
ORD-102566,dtc,UNIC-01,3,237,shipped,,bob.nowak@example.com,-10895
ORD-102567,dtc,PIZZ-XL,1,49,shipped,,kitty.allen@example.com,-10316
ORD-102568,dtc,SWAN-XL,1,89,shipped,,harriet.flores@example.com,-10487
ORD-102569,dtc,UNIC-01,1,79,shipped,,jerome.alsayed@example.com,-10636
ORD-102570,dtc,DONUT-2,1,59,shipped,,lamar.hill@example.com,-10156
ORD-102571,dtc,PIZZ-XL,1,49,shipped,,ray.kowalczyk@example.com,-10680
ORD-102572,dtc,UNIC-01,1,79,shipped,,ray.nguyen@example.com,-10804
ORD-102573,dtc,DONUT-2,1,59,shipped,,tina.womack@example.com,-10640
ORD-102574,dtc,SWAN-XL,1,89,shipped,,otis.kowalczyk@example.com,-10648
ORD-102575,dtc,KIT-HEL,2,68,shipped,,luis.walker@example.com,-10753
ORD-102576,dtc,SWAN-XL,1,89,shipped,,yosef.adams@example.com,-10940
ORD-102577,dtc,UNIC-01,1,79,shipped,,wes.lewis@example.com,-10812
ORD-102578,dtc,SWAN-XL,1,89,shipped,,paloma.alsayed@example.com,-10737
ORD-102579,dtc,SWAN-XL,1,89,shipped,,carlos.wright@example.com,-10929
ORD-102580,dtc,PIZZ-XL,1,49,shipped,,chen.garcia@example.com,-10167
ORD-102581,dtc,SWAN-XL,1,89,shipped,,harriet.miller@example.com,-10633
ORD-102582,dtc,SWAN-XL,1,89,shipped,,nellie.alsayed@example.com,-10617
ORD-102583,dtc,KIT-HEL,1,34,shipped,,ingrid.kowalczyk@example.com,-10948
ORD-102584,dtc,PIZZ-XL,1,49,shipped,,rosa.hernandez@example.com,-10584
ORD-102585,dtc,UNIC-01,1,79,shipped,,arthur.lee@example.com,-10533
ORD-102586,dtc,SWAN-XL,1,89,shipped,,keiko.miller@example.com,-11008
ORD-102587,dtc,SWAN-XL,1,89,shipped,,omar.adams@example.com,-10448
ORD-102588,dtc,DONUT-2,1,59,shipped,,yuki.white@example.com,-10817
ORD-102589,dtc,SWAN-XL,1,89,shipped,,greg.thomas@example.com,-10408
ORD-102590,dtc,UNIC-01,1,79,shipped,,paloma.womack@example.com,-11094
ORD-102591,dtc,KRAK-01,1,129,shipped,,arthur.robinson@example.com,-11061
ORD-102592,dtc,UNIC-01,1,79,shipped,,tina.johnson@example.com,-10435
ORD-102593,dtc,PIZZ-XL,1,49,shipped,,chen.lopez@example.com,-10266
ORD-102594,dtc,PIZZ-XL,1,49,shipped,,luis.garcia@example.com,-10804
ORD-102595,dtc,DONUT-2,1,59,shipped,,kitty.anderson@example.com,-10936
ORD-102596,dtc,DONUT-2,1,59,shipped,,omar.osei@example.com,-9197
ORD-102597,dtc,DONUT-2,1,59,shipped,,rosa.green@example.com,-9118
ORD-102598,dtc,KRAK-01,1,129,shipped,,margaret.adams@example.com,-9179
ORD-102599,dtc,SWAN-XL,1,89,shipped,,dolores.sanchez@example.com,-9174
ORD-102600,dtc,PIZZ-XL,1,49,shipped,,mo.womack@example.com,-9578
ORD-102601,dtc,PIZZ-XL,1,49,shipped,,arthur.nguyen@example.com,-8866
ORD-102602,dtc,UNIC-01,1,79,shipped,,carlos.hill@example.com,-9652
ORD-102603,dtc,UNIC-01,1,79,shipped,,greg.green@example.com,-9365
ORD-102604,dtc,SWAN-XL,1,89,shipped,,priya.kowalczyk@example.com,-9113
ORD-102605,dtc,UNIC-01,1,79,shipped,,arthur.osei@example.com,-9646
ORD-102606,dtc,KIT-HEL,1,34,shipped,,yosef.womack@example.com,-9396
ORD-102607,dtc,UNIC-01,4,316,shipped,,umar.lewis@example.com,-8703
ORD-102608,dtc,KRAK-01,1,129,shipped,,tina.harris@example.com,-9047
ORD-102609,dtc,UNIC-01,1,79,shipped,,vera.walker@example.com,-9653
ORD-102610,dtc,KIT-HEL,1,34,shipped,,jerome.womack@example.com,-9342
ORD-102611,dtc,SWAN-XL,1,89,shipped,,dolores.jackson@example.com,-9348
ORD-102612,dtc,PIZZ-XL,1,49,shipped,,keiko.perez@example.com,-8738
ORD-102613,dtc,SWAN-XL,1,89,shipped,,ingrid.adams@example.com,-9035
ORD-102614,dtc,SWAN-XL,1,89,shipped,,deshawn.young@example.com,-9378
ORD-102615,dtc,PIZZ-XL,1,49,shipped,,vera.wright@example.com,-9194
ORD-102616,dtc,KIT-HEL,1,34,shipped,,arthur.hernandez@example.com,-8866
ORD-102617,dtc,DONUT-2,1,59,shipped,,hannah.martinez@example.com,-9358
ORD-102618,dtc,SWAN-XL,1,89,shipped,,paloma.womack@example.com,-9349
ORD-102619,dtc,SWAN-XL,1,89,shipped,,greg.alsayed@example.com,-8987
ORD-102620,dtc,KRAK-01,1,129,shipped,,pearl.clark@example.com,-9432
ORD-102621,dtc,UNIC-01,1,79,shipped,,hannah.thompson@example.com,-8897
ORD-102622,dtc,UNIC-01,1,79,shipped,,wes.scott@example.com,-8867
ORD-102623,dtc,SWAN-XL,1,89,shipped,,zoe.allen@example.com,-8726
ORD-102624,dtc,UNIC-01,1,79,shipped,,greg.lee@example.com,-9050
ORD-102625,dtc,KRAK-01,4,516,shipped,,curtis.davis@example.com,-9576
ORD-102626,dtc,SWAN-XL,1,89,shipped,,umar.johnson@example.com,-9566
ORD-102627,dtc,SWAN-XL,2,178,shipped,,mabel.okaforreyes@example.com,-9466
ORD-102628,dtc,PIZZ-XL,1,49,shipped,,tomasz.okaforreyes@example.com,-9537
ORD-102629,dtc,SWAN-XL,3,267,shipped,,jerome.young@example.com,-8997
ORD-102630,dtc,SWAN-XL,1,89,shipped,,yosef.torres@example.com,-8978
ORD-102631,dtc,DONUT-2,1,59,shipped,,otis.king@example.com,-9154
ORD-102632,dtc,PIZZ-XL,1,49,shipped,,lamar.johnson@example.com,-9594
ORD-102633,dtc,KIT-HEL,3,102,shipped,,ivan.torres@example.com,-8734
ORD-102634,dtc,DONUT-2,1,59,shipped,,paloma.clark@example.com,-9116
ORD-102635,dtc,DONUT-2,1,59,shipped,,wes.osei@example.com,-8893
ORD-102636,dtc,DONUT-2,1,59,shipped,,fatima.johnson@example.com,-8905
ORD-102637,dtc,KRAK-01,1,129,shipped,,priya.alsayed@example.com,-9543
ORD-102638,dtc,DONUT-2,1,59,shipped,,mo.lopez@example.com,-8832
ORD-102639,dtc,SWAN-XL,1,89,shipped,,curtis.womack@example.com,-9027
ORD-102640,dtc,UNIC-01,1,79,shipped,,carlos.hill@example.com,-9573
ORD-102641,dtc,SWAN-XL,1,89,shipped,,hannah.tanaka@example.com,-8850
ORD-102642,dtc,UNIC-01,1,79,shipped,,zoe.martinez@example.com,-9201
ORD-102643,dtc,KRAK-01,1,129,shipped,,aisha.martinez@example.com,-9207
ORD-102644,dtc,SWAN-XL,1,89,shipped,,tina.robinson@example.com,-9524
ORD-102645,dtc,PIZZ-XL,1,49,shipped,,ingrid.thomas@example.com,-9012
ORD-102646,dtc,PIZZ-XL,1,49,shipped,,hannah.white@example.com,-9642
ORD-102647,dtc,UNIC-01,1,79,shipped,,curtis.clark@example.com,-9092
ORD-102648,dtc,KIT-HEL,1,34,shipped,,lamar.young@example.com,-9602
ORD-102649,dtc,KIT-HEL,1,34,shipped,,otis.white@example.com,-9361
ORD-102650,dtc,KIT-HEL,1,34,shipped,,margaret.baker@example.com,-8728
ORD-102651,dtc,KIT-HEL,1,34,shipped,,ingrid.ramirez@example.com,-9188
ORD-102652,dtc,DONUT-2,1,59,shipped,,ingrid.torres@example.com,-9020
ORD-102653,dtc,KRAK-01,1,129,shipped,,arthur.alsayed@example.com,-9655
ORD-102654,dtc,PIZZ-XL,1,49,shipped,,lamar.white@example.com,-8729
ORD-102655,dtc,UNIC-01,1,79,shipped,,omar.hernandez@example.com,-9012
ORD-102656,dtc,SWAN-XL,1,89,shipped,,curtis.flores@example.com,-9191
ORD-102657,dtc,DONUT-2,1,59,shipped,,hannah.lopez@example.com,-9504
ORD-102658,dtc,KRAK-01,1,129,shipped,,otis.ramirez@example.com,-8789
ORD-102659,dtc,KIT-HEL,1,34,shipped,,arthur.lee@example.com,-9157
ORD-102660,dtc,DONUT-2,1,59,shipped,,linda.nowak@example.com,-9237
ORD-102661,dtc,DONUT-2,1,59,shipped,,ximena.thompson@example.com,-9296
ORD-102662,dtc,SWAN-XL,1,89,shipped,,yuki.kowalczyk@example.com,-9563
ORD-102663,dtc,UNIC-01,1,79,shipped,,wes.green@example.com,-9484
ORD-102664,dtc,KIT-HEL,1,34,shipped,,curtis.white@example.com,-9077
ORD-102665,dtc,SWAN-XL,1,89,shipped,,rosa.lee@example.com,-8749
ORD-102666,dtc,PIZZ-XL,1,49,shipped,,greg.robinson@example.com,-9427
ORD-102667,dtc,KRAK-01,1,129,shipped,,luis.brown@example.com,-8740
ORD-102668,dtc,DONUT-2,1,59,shipped,,deshawn.miller@example.com,-9273
ORD-102669,dtc,KIT-HEL,1,34,shipped,,flo.martinez@example.com,-9419
ORD-102670,dtc,KIT-HEL,1,34,shipped,,ivan.torres@example.com,-9013
ORD-102671,dtc,PIZZ-XL,1,49,shipped,,chen.jackson@example.com,-9145
ORD-102672,dtc,SWAN-XL,2,178,shipped,,chen.sanchez@example.com,-9279
ORD-102673,dtc,KRAK-01,1,129,shipped,,gus.miller@example.com,-8844
ORD-102674,dtc,PIZZ-XL,4,196,shipped,,lamar.brzezinski@example.com,-8794
ORD-102675,dtc,UNIC-01,1,79,shipped,,nellie.king@example.com,-9162
ORD-102676,dtc,KIT-HEL,1,34,shipped,,luis.martinez@example.com,-9338
ORD-102677,dtc,UNIC-01,1,79,shipped,,lamar.davis@example.com,-9407
ORD-102678,dtc,SWAN-XL,1,89,shipped,,umar.flores@example.com,-8732
ORD-102679,dtc,DONUT-2,1,59,shipped,,flo.martinez@example.com,-8889
ORD-102680,dtc,UNIC-01,1,79,shipped,,ernesto.adams@example.com,-8749
ORD-102681,dtc,SWAN-XL,1,89,shipped,,linda.king@example.com,-9213
ORD-102682,dtc,PIZZ-XL,1,49,shipped,,keiko.moore@example.com,-9016
ORD-102683,dtc,SWAN-XL,1,89,shipped,,ray.martin@example.com,-9102
ORD-102684,dtc,DONUT-2,1,59,shipped,,otis.smith@example.com,-9374
ORD-102685,dtc,SWAN-XL,1,89,shipped,,yosef.young@example.com,-9557
ORD-102686,dtc,UNIC-01,1,79,shipped,,curtis.smith@example.com,-9073
ORD-102687,dtc,PIZZ-XL,1,49,shipped,,flo.wright@example.com,-8769
ORD-102688,dtc,DONUT-2,2,118,shipped,,paloma.lewis@example.com,-8897
ORD-102689,dtc,DONUT-2,1,59,shipped,,rosa.martinez@example.com,-9432
ORD-102690,dtc,KRAK-01,1,129,shipped,,greg.perez@example.com,-8911
ORD-102691,dtc,KRAK-01,1,129,shipped,,mabel.kim@example.com,-8919
ORD-102692,dtc,SWAN-XL,1,89,shipped,,rosa.harris@example.com,-9331
ORD-102693,dtc,DONUT-2,1,59,shipped,,mabel.tanaka@example.com,-9303
ORD-102694,dtc,KRAK-01,1,129,shipped,,aisha.martin@example.com,-8850
ORD-102695,dtc,SWAN-XL,1,89,shipped,,fatima.nguyen@example.com,-9422
ORD-102696,dtc,SWAN-XL,1,89,shipped,,kitty.davis@example.com,-8970
ORD-102697,dtc,DONUT-2,1,59,shipped,,stan.kowalczyk@example.com,-9523
ORD-102698,dtc,KRAK-01,1,129,shipped,,margaret.allen@example.com,-8956
ORD-102699,dtc,PIZZ-XL,1,49,shipped,,lamar.baker@example.com,-9228
ORD-102700,dtc,UNIC-01,1,79,shipped,,fatima.jackson@example.com,-9490
ORD-102701,dtc,PIZZ-XL,1,49,shipped,,deshawn.okaforreyes@example.com,-9460
ORD-102702,dtc,PIZZ-XL,1,49,shipped,,rosa.womack@example.com,-9028
ORD-102703,dtc,KIT-HEL,1,34,shipped,,vera.flores@example.com,-9298
ORD-102704,dtc,DONUT-2,1,59,shipped,,bob.brown@example.com,-8135
ORD-102705,dtc,KIT-HEL,1,34,shipped,,umar.brown@example.com,-7949
ORD-102706,dtc,PIZZ-XL,1,49,shipped,,quinn.nguyen@example.com,-7443
ORD-102707,dtc,UNIC-01,1,79,shipped,,tomasz.baker@example.com,-7380
ORD-102708,dtc,UNIC-01,1,79,shipped,,jamal.lewis@example.com,-7591
ORD-102709,dtc,KIT-HEL,1,34,shipped,,gus.lewis@example.com,-8182
ORD-102710,dtc,SWAN-XL,1,89,shipped,,wes.walker@example.com,-8123
ORD-102711,dtc,PIZZ-XL,1,49,shipped,,carlos.brzezinski@example.com,-7436
ORD-102712,dtc,DONUT-2,1,59,shipped,,jerome.flores@example.com,-7416
ORD-102713,dtc,SWAN-XL,1,89,shipped,,mo.clark@example.com,-8087
ORD-102714,dtc,SWAN-XL,1,89,shipped,,aisha.clark@example.com,-7829
ORD-102715,dtc,SWAN-XL,4,356,shipped,,margaret.king@example.com,-7451
ORD-102716,dtc,PIZZ-XL,1,49,shipped,,omar.allen@example.com,-8156
ORD-102717,dtc,KIT-HEL,1,34,shipped,,fatima.brown@example.com,-7968
ORD-102718,dtc,PIZZ-XL,1,49,shipped,,kitty.johnson@example.com,-7347
ORD-102719,dtc,KIT-HEL,4,136,shipped,,aisha.kowalczyk@example.com,-7422
ORD-102720,dtc,PIZZ-XL,1,49,shipped,,jamal.clark@example.com,-7442
ORD-102721,dtc,SWAN-XL,1,89,shipped,,mo.flores@example.com,-7476
ORD-102722,dtc,KRAK-01,1,129,shipped,,carlos.perez@example.com,-7559
ORD-102723,dtc,PIZZ-XL,1,49,shipped,,keiko.garcia@example.com,-8013
ORD-102724,dtc,DONUT-2,1,59,shipped,,nadia.osei@example.com,-7903
ORD-102725,dtc,SWAN-XL,1,89,shipped,,lamar.white@example.com,-8175
ORD-102726,dtc,SWAN-XL,1,89,shipped,,kitty.nguyen@example.com,-7749
ORD-102727,dtc,DONUT-2,1,59,shipped,,linda.thompson@example.com,-7666
ORD-102728,dtc,UNIC-01,1,79,shipped,,jamal.lewis@example.com,-7897
ORD-102729,dtc,SWAN-XL,1,89,shipped,,ingrid.johnson@example.com,-8145
ORD-102730,dtc,PIZZ-XL,3,147,shipped,,tina.adams@example.com,-7383
ORD-102731,dtc,DONUT-2,1,59,shipped,,mo.walker@example.com,-7502
ORD-102732,dtc,KRAK-01,1,129,shipped,,umar.clark@example.com,-7438
ORD-102733,dtc,KIT-HEL,1,34,shipped,,mo.thompson@example.com,-8172
ORD-102734,dtc,KIT-HEL,3,102,shipped,,linda.flores@example.com,-7783
ORD-102735,dtc,SWAN-XL,2,178,shipped,,greg.torres@example.com,-7988
ORD-102736,dtc,PIZZ-XL,1,49,shipped,,pearl.hill@example.com,-7621
ORD-102737,dtc,UNIC-01,1,79,shipped,,ivan.harris@example.com,-7351
ORD-102738,dtc,SWAN-XL,1,89,shipped,,pearl.wilson@example.com,-7840
ORD-102739,dtc,KIT-HEL,1,34,shipped,,flo.brown@example.com,-8126
ORD-102740,dtc,DONUT-2,1,59,shipped,,deshawn.torres@example.com,-7810
ORD-102741,dtc,SWAN-XL,1,89,shipped,,tomasz.davis@example.com,-7981
ORD-102742,dtc,DONUT-2,1,59,shipped,,vera.davis@example.com,-8014
ORD-102743,dtc,SWAN-XL,1,89,shipped,,kitty.robinson@example.com,-7355
ORD-102744,dtc,PIZZ-XL,1,49,shipped,,priya.robinson@example.com,-7667
ORD-102745,dtc,SWAN-XL,1,89,shipped,,harriet.wright@example.com,-8171
ORD-102746,dtc,DONUT-2,2,118,shipped,,zoe.kim@example.com,-7834
ORD-102747,dtc,SWAN-XL,1,89,shipped,,ivan.harris@example.com,-7878
ORD-102748,dtc,DONUT-2,1,59,shipped,,nadia.wright@example.com,-8130
ORD-102749,dtc,SWAN-XL,1,89,shipped,,paloma.garcia@example.com,-8098
ORD-102750,dtc,KRAK-01,1,129,shipped,,priya.green@example.com,-7991
ORD-102751,dtc,KRAK-01,1,129,shipped,,ray.hernandez@example.com,-7489
ORD-102752,dtc,SWAN-XL,1,89,shipped,,zoe.smith@example.com,-7515
ORD-102753,dtc,SWAN-XL,1,89,shipped,,dolores.clark@example.com,-7613
ORD-102754,dtc,DONUT-2,1,59,shipped,,kitty.white@example.com,-7366
ORD-102755,dtc,KRAK-01,1,129,shipped,,wes.walker@example.com,-7278
ORD-102756,dtc,UNIC-01,1,79,shipped,,margaret.allen@example.com,-7463
ORD-102757,dtc,KIT-HEL,1,34,shipped,,keiko.clark@example.com,-8126
ORD-102758,dtc,KIT-HEL,1,34,shipped,,lamar.martin@example.com,-7449
ORD-102759,dtc,PIZZ-XL,1,49,shipped,,jerome.thompson@example.com,-7726
ORD-102760,dtc,PIZZ-XL,4,196,shipped,,flo.anderson@example.com,-8133
ORD-102761,dtc,SWAN-XL,1,89,shipped,,greg.king@example.com,-7729
ORD-102762,dtc,PIZZ-XL,1,49,shipped,,gus.jackson@example.com,-8158
ORD-102763,dtc,SWAN-XL,1,89,shipped,,ivan.brzezinski@example.com,-7468
ORD-102764,dtc,PIZZ-XL,1,49,shipped,,bob.king@example.com,-7773
ORD-102765,dtc,PIZZ-XL,1,49,shipped,,wes.young@example.com,-7612
ORD-102766,dtc,KIT-HEL,1,34,shipped,,curtis.wilson@example.com,-7778
ORD-102767,dtc,DONUT-2,1,59,shipped,,jamal.kowalczyk@example.com,-7318
ORD-102768,dtc,DONUT-2,1,59,shipped,,fatima.smith@example.com,-8032
ORD-102769,dtc,PIZZ-XL,1,49,shipped,,tomasz.miller@example.com,-7723
ORD-102770,dtc,DONUT-2,1,59,shipped,,hannah.torres@example.com,-7264
ORD-102771,dtc,SWAN-XL,1,89,shipped,,luis.perez@example.com,-7976
ORD-102772,dtc,KRAK-01,1,129,shipped,,margaret.brzezinski@example.com,-7799
ORD-102773,dtc,UNIC-01,1,79,shipped,,dolores.allen@example.com,-7795
ORD-102774,dtc,KRAK-01,1,129,shipped,,yuki.hill@example.com,-7961
ORD-102775,dtc,PIZZ-XL,1,49,shipped,,bob.anderson@example.com,-7952
ORD-102776,dtc,PIZZ-XL,1,49,shipped,,jerome.wright@example.com,-8104
ORD-102777,dtc,KRAK-01,1,129,shipped,,keiko.young@example.com,-7543
ORD-102778,dtc,SWAN-XL,1,89,shipped,,tina.lewis@example.com,-8165
ORD-102779,dtc,KRAK-01,3,387,shipped,,arthur.lopez@example.com,-7363
ORD-102780,dtc,KRAK-01,1,129,shipped,,hannah.nowak@example.com,-7695
ORD-102781,dtc,SWAN-XL,1,89,shipped,,ivan.harris@example.com,-7955
ORD-102782,dtc,DONUT-2,1,59,shipped,,paloma.wright@example.com,-7636
ORD-102783,dtc,PIZZ-XL,2,98,shipped,,fatima.perez@example.com,-7693
ORD-102784,dtc,SWAN-XL,1,89,shipped,,greg.white@example.com,-8176
ORD-102785,dtc,PIZZ-XL,1,49,shipped,,nellie.tanaka@example.com,-7815
ORD-102786,dtc,SWAN-XL,4,356,shipped,,arthur.green@example.com,-7331
ORD-102787,dtc,UNIC-01,1,79,shipped,,yuki.okaforreyes@example.com,-7665
ORD-102788,dtc,PIZZ-XL,1,49,shipped,,arthur.hill@example.com,-7722
ORD-102789,dtc,PIZZ-XL,1,49,shipped,,tomasz.davis@example.com,-7920
ORD-102790,dtc,KRAK-01,1,129,shipped,,linda.lee@example.com,-8124
ORD-102791,dtc,UNIC-01,1,79,shipped,,otis.alsayed@example.com,-7493
ORD-102792,dtc,PIZZ-XL,1,49,shipped,,bettye.baker@example.com,-7308
ORD-102793,dtc,SWAN-XL,1,89,shipped,,dolores.hernandez@example.com,-7713
ORD-102794,dtc,KRAK-01,1,129,shipped,,mabel.baker@example.com,-8215
ORD-102795,dtc,KIT-HEL,1,34,shipped,,ray.brzezinski@example.com,-8085
ORD-102796,dtc,SWAN-XL,1,89,shipped,,flo.davis@example.com,-8143
ORD-102797,dtc,SWAN-XL,1,89,shipped,,tomasz.king@example.com,-7291
ORD-102798,dtc,UNIC-01,3,237,shipped,,umar.garcia@example.com,-7641
ORD-102799,dtc,DONUT-2,1,59,shipped,,zoe.moore@example.com,-7260
ORD-102800,dtc,PIZZ-XL,1,49,shipped,,kitty.brzezinski@example.com,-7907
ORD-102801,dtc,SWAN-XL,1,89,shipped,,dolores.brown@example.com,-7442
ORD-102802,dtc,PIZZ-XL,1,49,shipped,,hannah.flores@example.com,-7450
ORD-102803,dtc,PIZZ-XL,1,49,shipped,,flo.hill@example.com,-7373
ORD-102804,dtc,SWAN-XL,1,89,shipped,,linda.lopez@example.com,-7277
ORD-102805,dtc,SWAN-XL,1,89,shipped,,arthur.moore@example.com,-6253
ORD-102806,dtc,PIZZ-XL,1,49,shipped,,jamal.allen@example.com,-6544
ORD-102807,dtc,SWAN-XL,1,89,shipped,,yosef.torres@example.com,-6625
ORD-102808,dtc,SWAN-XL,1,89,shipped,,pearl.robinson@example.com,-6325
ORD-102809,dtc,KIT-HEL,1,34,shipped,,arthur.kowalczyk@example.com,-6611
ORD-102810,dtc,KRAK-01,1,129,shipped,,nellie.lee@example.com,-6135
ORD-102811,dtc,SWAN-XL,1,89,shipped,,rosa.moore@example.com,-6156
ORD-102812,dtc,KIT-HEL,1,34,shipped,,ivan.clark@example.com,-6664
ORD-102813,dtc,SWAN-XL,1,89,shipped,,arthur.scott@example.com,-6159
ORD-102814,dtc,SWAN-XL,1,89,shipped,,ray.lee@example.com,-6343
ORD-102815,dtc,PIZZ-XL,1,49,shipped,,yosef.garcia@example.com,-6586
ORD-102816,dtc,SWAN-XL,1,89,shipped,,paloma.green@example.com,-5992
ORD-102817,dtc,PIZZ-XL,4,196,shipped,,ray.ramirez@example.com,-6380
ORD-102818,dtc,PIZZ-XL,4,196,shipped,,bob.brown@example.com,-5985
ORD-102819,dtc,SWAN-XL,1,89,shipped,,wes.hill@example.com,-6133
ORD-102820,dtc,KIT-HEL,1,34,shipped,,nellie.nguyen@example.com,-5949
ORD-102821,dtc,UNIC-01,1,79,shipped,,hannah.lee@example.com,-6579
ORD-102822,dtc,SWAN-XL,1,89,shipped,,yuki.lopez@example.com,-6320
ORD-102823,dtc,PIZZ-XL,1,49,shipped,,zoe.martin@example.com,-5930
ORD-102824,dtc,DONUT-2,1,59,shipped,,linda.perez@example.com,-6734
ORD-102825,dtc,KRAK-01,1,129,shipped,,gus.ramirez@example.com,-5887
ORD-102826,dtc,KRAK-01,1,129,shipped,,mabel.sanchez@example.com,-6138
ORD-102827,dtc,KRAK-01,1,129,shipped,,aisha.scott@example.com,-5970
ORD-102828,dtc,UNIC-01,1,79,shipped,,carlos.johnson@example.com,-6067
ORD-102829,dtc,SWAN-XL,1,89,shipped,,ray.lewis@example.com,-5828
ORD-102830,dtc,UNIC-01,1,79,shipped,,paloma.lopez@example.com,-6557
ORD-102831,dtc,SWAN-XL,1,89,shipped,,deshawn.baker@example.com,-5924
ORD-102832,dtc,SWAN-XL,2,178,shipped,,quinn.johnson@example.com,-5860
ORD-102833,dtc,SWAN-XL,1,89,shipped,,arthur.thompson@example.com,-6390
ORD-102834,dtc,KIT-HEL,1,34,shipped,,tomasz.young@example.com,-6126
ORD-102835,dtc,SWAN-XL,1,89,shipped,,keiko.jackson@example.com,-6202
ORD-102836,dtc,PIZZ-XL,1,49,shipped,,aisha.nowak@example.com,-6045
ORD-102837,dtc,KRAK-01,1,129,shipped,,deshawn.brzezinski@example.com,-6096
ORD-102838,dtc,KRAK-01,1,129,shipped,,yuki.allen@example.com,-6250
ORD-102839,dtc,KIT-HEL,1,34,shipped,,mo.hill@example.com,-6273
ORD-102840,dtc,KRAK-01,1,129,shipped,,deshawn.baker@example.com,-6650
ORD-102841,dtc,SWAN-XL,1,89,shipped,,keiko.thomas@example.com,-5898
ORD-102842,dtc,PIZZ-XL,1,49,shipped,,paloma.moore@example.com,-6739
ORD-102843,dtc,PIZZ-XL,1,49,shipped,,nadia.robinson@example.com,-6603
ORD-102844,dtc,SWAN-XL,1,89,shipped,,omar.hill@example.com,-6122
ORD-102845,dtc,SWAN-XL,1,89,shipped,,flo.jackson@example.com,-6071
ORD-102846,dtc,DONUT-2,1,59,shipped,,greg.allen@example.com,-6095
ORD-102847,dtc,PIZZ-XL,1,49,shipped,,ximena.davis@example.com,-6624
ORD-102848,dtc,DONUT-2,1,59,shipped,,deshawn.kim@example.com,-6509
ORD-102849,dtc,UNIC-01,4,316,shipped,,nellie.brzezinski@example.com,-5988
ORD-102850,dtc,DONUT-2,1,59,shipped,,jerome.martinez@example.com,-6151
ORD-102851,dtc,KIT-HEL,1,34,shipped,,bob.lee@example.com,-6192
ORD-102852,dtc,SWAN-XL,1,89,shipped,,aisha.young@example.com,-6663
ORD-102853,dtc,KIT-HEL,1,34,shipped,,yosef.walker@example.com,-6361
ORD-102854,dtc,SWAN-XL,1,89,shipped,,ivan.clark@example.com,-6601
ORD-102855,dtc,SWAN-XL,1,89,shipped,,greg.johnson@example.com,-6109
ORD-102856,dtc,UNIC-01,1,79,shipped,,omar.thomas@example.com,-5996
ORD-102857,dtc,KRAK-01,1,129,shipped,,otis.robinson@example.com,-6162
ORD-102858,dtc,KIT-HEL,1,34,shipped,,dolores.kowalczyk@example.com,-5988
ORD-102859,dtc,SWAN-XL,1,89,shipped,,harriet.scott@example.com,-6733
ORD-102860,dtc,UNIC-01,3,237,shipped,,vera.davis@example.com,-5863
ORD-102861,dtc,SWAN-XL,1,89,shipped,,ivan.clark@example.com,-6517
ORD-102862,dtc,KIT-HEL,1,34,shipped,,arthur.brown@example.com,-5986
ORD-102863,dtc,PIZZ-XL,1,49,shipped,,yosef.martin@example.com,-6070
ORD-102864,dtc,PIZZ-XL,1,49,shipped,,flo.okaforreyes@example.com,-5822
ORD-102865,dtc,SWAN-XL,1,89,shipped,,quinn.wright@example.com,-6295
ORD-102866,dtc,SWAN-XL,1,89,shipped,,hannah.thomas@example.com,-6243
ORD-102867,dtc,KRAK-01,1,129,shipped,,umar.patel@example.com,-6715
ORD-102868,dtc,SWAN-XL,1,89,shipped,,nellie.young@example.com,-6270
ORD-102869,dtc,DONUT-2,1,59,shipped,,omar.kowalczyk@example.com,-6679
ORD-102870,dtc,PIZZ-XL,1,49,shipped,,fatima.young@example.com,-6376
ORD-102871,dtc,SWAN-XL,1,89,shipped,,chen.adams@example.com,-5860
ORD-102872,dtc,UNIC-01,1,79,shipped,,ingrid.green@example.com,-6354
ORD-102873,dtc,PIZZ-XL,1,49,shipped,,yuki.kim@example.com,-5866
ORD-102874,dtc,PIZZ-XL,1,49,shipped,,tomasz.clark@example.com,-6709
ORD-102875,dtc,PIZZ-XL,1,49,shipped,,ximena.thomas@example.com,-6684
ORD-102876,dtc,PIZZ-XL,1,49,shipped,,arthur.alsayed@example.com,-6731
ORD-102877,dtc,KRAK-01,3,387,shipped,,carlos.allen@example.com,-6457
ORD-102878,dtc,UNIC-01,1,79,shipped,,yosef.wright@example.com,-6568
ORD-102879,dtc,SWAN-XL,1,89,shipped,,ernesto.smith@example.com,-6742
ORD-102880,dtc,DONUT-2,1,59,shipped,,ray.scott@example.com,-6416
ORD-102881,dtc,KRAK-01,1,129,shipped,,mabel.tanaka@example.com,-6423
ORD-102882,dtc,DONUT-2,1,59,shipped,,pearl.ramirez@example.com,-5880
ORD-102883,dtc,SWAN-XL,1,89,shipped,,ernesto.flores@example.com,-6709
ORD-102884,dtc,KRAK-01,1,129,shipped,,ximena.brzezinski@example.com,-6159
ORD-102885,dtc,SWAN-XL,1,89,shipped,,kitty.wright@example.com,-5870
ORD-102886,dtc,UNIC-01,1,79,shipped,,fatima.anderson@example.com,-6173
ORD-102887,dtc,SWAN-XL,1,89,shipped,,carlos.robinson@example.com,-6121
ORD-102888,dtc,SWAN-XL,1,89,shipped,,yuki.kowalczyk@example.com,-5980
ORD-102889,dtc,PIZZ-XL,1,49,shipped,,margaret.miller@example.com,-5956
ORD-102890,dtc,SWAN-XL,1,89,shipped,,aisha.clark@example.com,-6617
ORD-102891,dtc,SWAN-XL,1,89,shipped,,ivan.johnson@example.com,-6153
ORD-102892,dtc,PIZZ-XL,1,49,shipped,,dolores.wright@example.com,-6315
ORD-102893,dtc,SWAN-XL,1,89,shipped,,flo.baker@example.com,-6001
ORD-102894,dtc,SWAN-XL,1,89,shipped,,curtis.sanchez@example.com,-6004
ORD-102895,dtc,KIT-HEL,1,34,shipped,,lamar.torres@example.com,-5930
ORD-102896,dtc,KIT-HEL,1,34,shipped,,yuki.adams@example.com,-6173
ORD-102897,dtc,SWAN-XL,1,89,shipped,,paloma.adams@example.com,-6157
ORD-102898,dtc,DONUT-2,1,59,shipped,,aisha.brown@example.com,-6505
ORD-102899,dtc,UNIC-01,1,79,shipped,,bettye.garcia@example.com,-5906
ORD-102900,dtc,PIZZ-XL,3,147,shipped,,paloma.lee@example.com,-6237
ORD-102901,dtc,KRAK-01,1,129,shipped,,luis.nguyen@example.com,-6780
ORD-102902,dtc,KRAK-01,1,129,shipped,,stan.robinson@example.com,-6060
ORD-102903,dtc,KIT-HEL,1,34,shipped,,arthur.okaforreyes@example.com,-6438
ORD-102904,dtc,PIZZ-XL,1,49,shipped,,ingrid.davis@example.com,-5967
ORD-102905,dtc,DONUT-2,1,59,shipped,,bettye.thomas@example.com,-6306
ORD-102906,dtc,SWAN-XL,1,89,shipped,,fatima.walker@example.com,-6474
ORD-102907,dtc,PIZZ-XL,1,49,shipped,,ray.nowak@example.com,-5841
ORD-102908,dtc,PIZZ-XL,1,49,shipped,,tina.white@example.com,-6535
ORD-102909,dtc,SWAN-XL,1,89,shipped,,arthur.white@example.com,-6257
ORD-102910,dtc,SWAN-XL,1,89,shipped,,curtis.king@example.com,-6072
ORD-102911,dtc,KIT-HEL,1,34,shipped,,ernesto.osei@example.com,-4478
ORD-102912,dtc,SWAN-XL,1,89,shipped,,chen.ramirez@example.com,-5203
ORD-102913,dtc,PIZZ-XL,1,49,shipped,,jamal.walker@example.com,-5084
ORD-102914,dtc,PIZZ-XL,1,49,shipped,,umar.alsayed@example.com,-4453
ORD-102915,dtc,KIT-HEL,1,34,shipped,,arthur.adams@example.com,-5168
ORD-102916,dtc,SWAN-XL,1,89,shipped,,tina.green@example.com,-4679
ORD-102917,dtc,SWAN-XL,4,356,shipped,,ernesto.womack@example.com,-4922
ORD-102918,dtc,SWAN-XL,1,89,shipped,,harriet.johnson@example.com,-4649
ORD-102919,dtc,SWAN-XL,1,89,shipped,,lamar.miller@example.com,-4386
ORD-102920,dtc,UNIC-01,1,79,shipped,,aisha.martin@example.com,-4577
ORD-102921,dtc,KRAK-01,1,129,shipped,,nellie.tanaka@example.com,-5082
ORD-102922,dtc,SWAN-XL,1,89,shipped,,margaret.martinez@example.com,-4807
ORD-102923,dtc,SWAN-XL,1,89,shipped,,greg.torres@example.com,-5299
ORD-102924,dtc,DONUT-2,1,59,shipped,,bettye.king@example.com,-5231
ORD-102925,dtc,UNIC-01,2,158,shipped,,gus.davis@example.com,-4651
ORD-102926,dtc,DONUT-2,1,59,shipped,,pearl.smith@example.com,-4813
ORD-102927,dtc,SWAN-XL,1,89,shipped,,yosef.robinson@example.com,-4872
ORD-102928,dtc,UNIC-01,1,79,shipped,,jerome.hernandez@example.com,-4905
ORD-102929,dtc,DONUT-2,3,177,shipped,,jerome.davis@example.com,-4473
ORD-102930,dtc,SWAN-XL,3,267,shipped,,ivan.moore@example.com,-4747
ORD-102931,dtc,PIZZ-XL,1,49,shipped,,yosef.robinson@example.com,-4757
ORD-102932,dtc,PIZZ-XL,1,49,shipped,,wes.thomas@example.com,-5165
ORD-102933,dtc,SWAN-XL,4,356,shipped,,zoe.walker@example.com,-4621
ORD-102934,dtc,SWAN-XL,1,89,shipped,,dolores.harris@example.com,-4837
ORD-102935,dtc,DONUT-2,1,59,shipped,,flo.wilson@example.com,-4508
ORD-102936,dtc,SWAN-XL,1,89,shipped,,gus.davis@example.com,-5031
ORD-102937,dtc,PIZZ-XL,4,196,shipped,,tina.ramirez@example.com,-5033
ORD-102938,dtc,SWAN-XL,1,89,shipped,,bob.allen@example.com,-4565
ORD-102939,dtc,KIT-HEL,1,34,shipped,,jamal.adams@example.com,-4674
ORD-102940,dtc,PIZZ-XL,1,49,shipped,,bettye.torres@example.com,-4517
ORD-102941,dtc,SWAN-XL,1,89,shipped,,wes.miller@example.com,-4882
ORD-102942,dtc,UNIC-01,1,79,shipped,,yosef.torres@example.com,-4713
ORD-102943,dtc,DONUT-2,1,59,shipped,,vera.lopez@example.com,-5249
ORD-102944,dtc,SWAN-XL,1,89,shipped,,greg.martin@example.com,-4805
ORD-102945,dtc,PIZZ-XL,1,49,shipped,,jerome.brzezinski@example.com,-4732
ORD-102946,dtc,PIZZ-XL,1,49,shipped,,lamar.martinez@example.com,-4421
ORD-102947,dtc,UNIC-01,2,158,shipped,,ernesto.nguyen@example.com,-4448
ORD-102948,dtc,KIT-HEL,1,34,shipped,,keiko.young@example.com,-4782
ORD-102949,dtc,UNIC-01,1,79,shipped,,omar.green@example.com,-4943
ORD-102950,dtc,DONUT-2,1,59,shipped,,lamar.nguyen@example.com,-4499
ORD-102951,dtc,SWAN-XL,1,89,shipped,,priya.jackson@example.com,-5199
ORD-102952,dtc,UNIC-01,1,79,shipped,,mabel.jackson@example.com,-4613
ORD-102953,dtc,UNIC-01,1,79,shipped,,tina.wilson@example.com,-5153
ORD-102954,dtc,PIZZ-XL,2,98,shipped,,tina.robinson@example.com,-5122
ORD-102955,dtc,PIZZ-XL,1,49,shipped,,nadia.clark@example.com,-4998
ORD-102956,dtc,KRAK-01,2,258,shipped,,vera.martinez@example.com,-4419
ORD-102957,dtc,KIT-HEL,3,102,shipped,,linda.wright@example.com,-5035
ORD-102958,dtc,PIZZ-XL,1,49,shipped,,greg.lee@example.com,-4510
ORD-102959,dtc,SWAN-XL,1,89,shipped,,kitty.scott@example.com,-4755
ORD-102960,dtc,DONUT-2,1,59,shipped,,paloma.green@example.com,-5119
ORD-102961,dtc,PIZZ-XL,1,49,shipped,,margaret.alsayed@example.com,-4516
ORD-102962,dtc,SWAN-XL,1,89,shipped,,yosef.allen@example.com,-5208
ORD-102963,dtc,DONUT-2,3,177,shipped,,jerome.walker@example.com,-4483
ORD-102964,dtc,PIZZ-XL,1,49,shipped,,flo.hernandez@example.com,-4967
ORD-102965,dtc,KRAK-01,1,129,shipped,,rosa.moore@example.com,-4876
ORD-102966,dtc,UNIC-01,1,79,shipped,,nadia.walker@example.com,-4730
ORD-102967,dtc,SWAN-XL,1,89,shipped,,carlos.brzezinski@example.com,-4807
ORD-102968,dtc,KIT-HEL,1,34,shipped,,flo.king@example.com,-4457
ORD-102969,dtc,UNIC-01,2,158,shipped,,yuki.lee@example.com,-5315
ORD-102970,dtc,SWAN-XL,1,89,shipped,,ivan.young@example.com,-5155
ORD-102971,dtc,DONUT-2,1,59,shipped,,aisha.hill@example.com,-4841
ORD-102972,dtc,SWAN-XL,1,89,shipped,,carlos.brown@example.com,-4520
ORD-102973,dtc,SWAN-XL,1,89,shipped,,greg.johnson@example.com,-4806
ORD-102974,dtc,KRAK-01,1,129,shipped,,curtis.nguyen@example.com,-5237
ORD-102975,dtc,KIT-HEL,1,34,shipped,,umar.osei@example.com,-5198
ORD-102976,dtc,KRAK-01,1,129,shipped,,flo.brown@example.com,-5113
ORD-102977,dtc,KIT-HEL,1,34,shipped,,wes.robinson@example.com,-4662
ORD-102978,dtc,UNIC-01,1,79,shipped,,yosef.hernandez@example.com,-5247
ORD-102979,dtc,PIZZ-XL,4,196,shipped,,ernesto.tanaka@example.com,-4688
ORD-102980,dtc,KRAK-01,1,129,shipped,,bettye.kim@example.com,-5043
ORD-102981,dtc,KIT-HEL,1,34,shipped,,ray.tanaka@example.com,-4932
ORD-102982,dtc,PIZZ-XL,1,49,shipped,,nellie.allen@example.com,-4383
ORD-102983,dtc,UNIC-01,1,79,shipped,,tomasz.harris@example.com,-4693
ORD-102984,dtc,UNIC-01,1,79,shipped,,yosef.sanchez@example.com,-5123
ORD-102985,dtc,SWAN-XL,1,89,shipped,,omar.osei@example.com,-4577
ORD-102986,dtc,KRAK-01,1,129,shipped,,ximena.white@example.com,-4985
ORD-102987,dtc,PIZZ-XL,1,49,shipped,,omar.okaforreyes@example.com,-4630
ORD-102988,dtc,KRAK-01,1,129,shipped,,gus.lee@example.com,-4424
ORD-102989,dtc,DONUT-2,1,59,shipped,,linda.walker@example.com,-4445
ORD-102990,dtc,PIZZ-XL,1,49,shipped,,otis.jackson@example.com,-4858
ORD-102991,dtc,UNIC-01,1,79,shipped,,jerome.nowak@example.com,-4824
ORD-102992,dtc,SWAN-XL,1,89,shipped,,rosa.wilson@example.com,-4697
ORD-102993,dtc,SWAN-XL,1,89,shipped,,ernesto.hernandez@example.com,-5242
ORD-102994,dtc,DONUT-2,1,59,shipped,,ximena.thompson@example.com,-4899
ORD-102995,dtc,PIZZ-XL,1,49,shipped,,curtis.hernandez@example.com,-5322
ORD-102996,dtc,SWAN-XL,1,89,shipped,,paloma.martinez@example.com,-5237
ORD-102997,dtc,KIT-HEL,1,34,shipped,,margaret.young@example.com,-4787
ORD-102998,dtc,SWAN-XL,1,89,shipped,,dolores.adams@example.com,-5225
ORD-102999,dtc,SWAN-XL,1,89,shipped,,linda.perez@example.com,-4449
ORD-103000,dtc,PIZZ-XL,1,49,shipped,,rosa.thomas@example.com,-5332
ORD-103001,dtc,PIZZ-XL,4,196,shipped,,greg.white@example.com,-4708
ORD-103002,dtc,SWAN-XL,3,267,shipped,,chen.jackson@example.com,-5313
ORD-103003,dtc,DONUT-2,1,59,shipped,,mabel.white@example.com,-4392
ORD-103004,dtc,PIZZ-XL,1,49,shipped,,flo.scott@example.com,-5213
ORD-103005,dtc,PIZZ-XL,1,49,shipped,,dolores.flores@example.com,-4953
ORD-103006,dtc,SWAN-XL,2,178,shipped,,otis.alsayed@example.com,-4638
ORD-103007,dtc,PIZZ-XL,1,49,shipped,,pearl.clark@example.com,-4675
ORD-103008,dtc,SWAN-XL,1,89,shipped,,vera.walker@example.com,-5297
ORD-103009,dtc,PIZZ-XL,1,49,shipped,,carlos.okaforreyes@example.com,-4681
ORD-103010,dtc,SWAN-XL,1,89,shipped,,ximena.miller@example.com,-4705
ORD-103011,dtc,PIZZ-XL,1,49,shipped,,umar.king@example.com,-5222
ORD-103012,dtc,KRAK-01,3,387,shipped,,bob.harris@example.com,-4662
ORD-103013,dtc,SWAN-XL,1,89,shipped,,tomasz.perez@example.com,-4547
ORD-103014,dtc,SWAN-XL,1,89,shipped,,stan.hernandez@example.com,-5090
ORD-103015,dtc,DONUT-2,1,59,shipped,,luis.flores@example.com,-5280
ORD-103016,dtc,SWAN-XL,1,89,shipped,,mo.hernandez@example.com,-5157
ORD-103017,dtc,SWAN-XL,1,89,shipped,,arthur.flores@example.com,-4551
ORD-103018,dtc,SWAN-XL,1,89,shipped,,ingrid.harris@example.com,-5154
ORD-103019,dtc,PIZZ-XL,1,49,shipped,,deshawn.king@example.com,-4585
ORD-103020,dtc,KRAK-01,1,129,shipped,,luis.king@example.com,-4982
ORD-103021,dtc,UNIC-01,1,79,shipped,,bob.adams@example.com,-4402
ORD-103022,dtc,KRAK-01,1,129,shipped,,yosef.smith@example.com,-5055
ORD-103023,dtc,KRAK-01,1,129,placed,,omar.martinez@example.com,-3865
ORD-103024,dtc,SWAN-XL,4,356,placed,,nadia.adams@example.com,-3253
ORD-103025,dtc,DONUT-2,1,59,shipped,,yosef.davis@example.com,-3457
ORD-103026,dtc,KIT-HEL,1,34,shipped,,carlos.lee@example.com,-2994
ORD-103027,dtc,UNIC-01,1,79,placed,,harriet.king@example.com,-3504
ORD-103028,dtc,UNIC-01,1,79,placed,,ingrid.lopez@example.com,-3076
ORD-103029,dtc,SWAN-XL,1,89,shipped,,yuki.martin@example.com,-3026
ORD-103030,dtc,SWAN-XL,3,267,shipped,,ray.adams@example.com,-3181
ORD-103031,dtc,DONUT-2,1,59,placed,,paloma.young@example.com,-3343
ORD-103032,dtc,PIZZ-XL,1,49,placed,,otis.smith@example.com,-3858
ORD-103033,dtc,SWAN-XL,1,89,placed,,arthur.green@example.com,-3831
ORD-103034,dtc,KRAK-01,1,129,shipped,,keiko.moore@example.com,-3065
ORD-103035,dtc,SWAN-XL,1,89,shipped,,fatima.wilson@example.com,-3190
ORD-103036,dtc,SWAN-XL,1,89,shipped,,bob.tanaka@example.com,-3269
ORD-103037,dtc,DONUT-2,1,59,shipped,,hannah.miller@example.com,-3372
ORD-103038,dtc,KIT-HEL,1,34,placed,,kitty.miller@example.com,-3548
ORD-103039,dtc,KIT-HEL,1,34,placed,,ivan.johnson@example.com,-3180
ORD-103040,dtc,UNIC-01,1,79,placed,,ivan.perez@example.com,-3040
ORD-103041,dtc,DONUT-2,1,59,shipped,,greg.robinson@example.com,-3748
ORD-103042,dtc,DONUT-2,1,59,shipped,,wes.anderson@example.com,-3438
ORD-103043,dtc,PIZZ-XL,1,49,shipped,,harriet.green@example.com,-3672
ORD-103044,dtc,SWAN-XL,1,89,shipped,,dolores.martin@example.com,-3001
ORD-103045,dtc,UNIC-01,1,79,placed,,fatima.johnson@example.com,-3245
ORD-103046,dtc,KIT-HEL,1,34,placed,,zoe.thompson@example.com,-3894
ORD-103047,dtc,SWAN-XL,1,89,placed,,bob.harris@example.com,-3777
ORD-103048,dtc,KRAK-01,1,129,shipped,,lamar.allen@example.com,-3625
ORD-103049,dtc,SWAN-XL,1,89,shipped,,jerome.nowak@example.com,-3215
ORD-103050,dtc,SWAN-XL,2,178,shipped,,carlos.scott@example.com,-3796
ORD-103051,dtc,KRAK-01,1,129,shipped,,tina.nowak@example.com,-3806
ORD-103052,dtc,PIZZ-XL,1,49,shipped,,lamar.hill@example.com,-3682
ORD-103053,dtc,SWAN-XL,1,89,placed,,mabel.patel@example.com,-3505
ORD-103054,dtc,PIZZ-XL,1,49,placed,,jerome.thomas@example.com,-3754
ORD-103055,dtc,UNIC-01,1,79,shipped,,wes.patel@example.com,-3282
ORD-103056,dtc,PIZZ-XL,1,49,shipped,,paloma.tanaka@example.com,-3060
ORD-103057,dtc,SWAN-XL,1,89,shipped,,mo.green@example.com,-3114
ORD-103058,dtc,UNIC-01,1,79,shipped,,jamal.walker@example.com,-3764
ORD-103059,dtc,KRAK-01,1,129,shipped,,hannah.harris@example.com,-3177
ORD-103060,dtc,KRAK-01,4,516,shipped,,margaret.davis@example.com,-3830
ORD-103061,dtc,KRAK-01,1,129,shipped,,otis.hernandez@example.com,-3504
ORD-103062,dtc,SWAN-XL,1,89,shipped,,rosa.hill@example.com,-3051
ORD-103063,dtc,SWAN-XL,4,356,placed,,yosef.thompson@example.com,-3561
ORD-103064,dtc,SWAN-XL,1,89,shipped,,chen.perez@example.com,-3802
ORD-103065,dtc,SWAN-XL,2,178,shipped,,kitty.lewis@example.com,-3276
ORD-103066,dtc,SWAN-XL,1,89,shipped,,flo.green@example.com,-3642
ORD-103067,dtc,PIZZ-XL,1,49,placed,,ivan.martin@example.com,-3866
ORD-103068,dtc,DONUT-2,1,59,shipped,,carlos.sanchez@example.com,-3632
ORD-103069,dtc,DONUT-2,1,59,shipped,,vera.wilson@example.com,-3207
ORD-103070,dtc,PIZZ-XL,1,49,placed,,zoe.allen@example.com,-3695
ORD-103071,dtc,SWAN-XL,1,89,shipped,,yosef.kim@example.com,-3699
ORD-103072,dtc,PIZZ-XL,1,49,placed,,stan.osei@example.com,-3440
ORD-103073,dtc,DONUT-2,1,59,placed,,chen.alsayed@example.com,-3142
ORD-103074,dtc,DONUT-2,1,59,placed,,chen.moore@example.com,-3691
ORD-103075,dtc,DONUT-2,1,59,shipped,,luis.young@example.com,-3761
ORD-103076,dtc,DONUT-2,1,59,shipped,,curtis.kowalczyk@example.com,-3363
ORD-103077,dtc,SWAN-XL,1,89,placed,,omar.lopez@example.com,-3097
ORD-103078,dtc,DONUT-2,1,59,shipped,,flo.hill@example.com,-3414
ORD-103079,dtc,KIT-HEL,1,34,placed,,tina.okaforreyes@example.com,-3073
ORD-103080,dtc,KIT-HEL,1,34,placed,,luis.anderson@example.com,-3737
ORD-103081,dtc,DONUT-2,1,59,placed,,paloma.adams@example.com,-3133
ORD-103082,dtc,SWAN-XL,1,89,shipped,,chen.osei@example.com,-3136
ORD-103083,dtc,DONUT-2,4,236,placed,,ximena.lewis@example.com,-3550
ORD-103084,dtc,PIZZ-XL,1,49,shipped,,stan.brown@example.com,-3581
ORD-103085,dtc,KIT-HEL,1,34,shipped,,jerome.johnson@example.com,-3417
ORD-103086,dtc,PIZZ-XL,1,49,placed,,mo.lewis@example.com,-3365
ORD-103087,dtc,DONUT-2,1,59,shipped,,gus.adams@example.com,-3406
ORD-103088,dtc,PIZZ-XL,1,49,placed,,ray.nguyen@example.com,-3527
ORD-103089,dtc,DONUT-2,1,59,placed,,quinn.flores@example.com,-3799
ORD-103090,dtc,PIZZ-XL,1,49,shipped,,kitty.lopez@example.com,-3272
ORD-103091,dtc,PIZZ-XL,1,49,placed,,mabel.lopez@example.com,-3654
ORD-103092,dtc,UNIC-01,1,79,placed,,flo.martin@example.com,-3212
ORD-103093,dtc,PIZZ-XL,1,49,shipped,,yuki.brown@example.com,-3851
ORD-103094,dtc,PIZZ-XL,1,49,shipped,,gus.white@example.com,-3493
ORD-103095,dtc,SWAN-XL,1,89,shipped,,ray.lopez@example.com,-3084
ORD-103096,dtc,UNIC-01,1,79,shipped,,mo.clark@example.com,-3368
ORD-103097,dtc,SWAN-XL,1,89,shipped,,linda.scott@example.com,-3728
ORD-103098,dtc,PIZZ-XL,1,49,shipped,,chen.anderson@example.com,-2971
ORD-103099,dtc,SWAN-XL,1,89,placed,,yuki.johnson@example.com,-3490
ORD-103100,dtc,KIT-HEL,1,34,shipped,,jerome.wilson@example.com,-3150
ORD-103101,dtc,PIZZ-XL,1,49,placed,,dolores.baker@example.com,-3460
ORD-103102,dtc,PIZZ-XL,1,49,placed,,jamal.torres@example.com,-3173
ORD-103103,dtc,SWAN-XL,1,89,shipped,,yosef.patel@example.com,-3602
ORD-103104,dtc,UNIC-01,1,79,shipped,,quinn.scott@example.com,-3635
ORD-103105,dtc,SWAN-XL,4,356,placed,,zoe.martin@example.com,-3051
ORD-103106,dtc,PIZZ-XL,1,49,placed,,ernesto.flores@example.com,-3526
ORD-103107,dtc,UNIC-01,1,79,shipped,,curtis.garcia@example.com,-3570
ORD-103108,dtc,PIZZ-XL,1,49,shipped,,pearl.clark@example.com,-3312
ORD-103109,dtc,DONUT-2,1,59,shipped,,margaret.lewis@example.com,-3418
ORD-103110,dtc,PIZZ-XL,1,49,shipped,,chen.alsayed@example.com,-3548
ORD-103111,dtc,UNIC-01,1,79,shipped,,curtis.smith@example.com,-3695
ORD-103112,dtc,PIZZ-XL,1,49,placed,,priya.robinson@example.com,-3149
ORD-103113,dtc,DONUT-2,1,59,placed,,luis.smith@example.com,-3870
ORD-103114,dtc,UNIC-01,1,79,shipped,,umar.walker@example.com,-3216
ORD-103115,dtc,PIZZ-XL,1,49,placed,,quinn.thompson@example.com,-3156
ORD-103116,dtc,PIZZ-XL,1,49,shipped,,greg.white@example.com,-3063
ORD-103117,dtc,UNIC-01,1,79,shipped,,pearl.womack@example.com,-2994
ORD-103118,dtc,SWAN-XL,1,89,placed,,curtis.green@example.com,-3452
ORD-103119,dtc,KIT-HEL,1,34,placed,,ximena.hill@example.com,-2267
ORD-103120,dtc,SWAN-XL,1,89,placed,,ingrid.clark@example.com,-1973
ORD-103121,dtc,SWAN-XL,1,89,shipped,,nadia.wilson@example.com,-1538
ORD-103122,dtc,DONUT-2,1,59,shipped,,aisha.lewis@example.com,-2268
ORD-103123,dtc,SWAN-XL,1,89,shipped,,pearl.hernandez@example.com,-1660
ORD-103124,dtc,UNIC-01,1,79,shipped,,zoe.wilson@example.com,-1585
ORD-103125,dtc,UNIC-01,1,79,placed,,ingrid.brown@example.com,-1536
ORD-103126,dtc,SWAN-XL,1,89,shipped,,ivan.lee@example.com,-1917
ORD-103127,dtc,DONUT-2,1,59,placed,,ingrid.okaforreyes@example.com,-1500
ORD-103128,dtc,SWAN-XL,1,89,shipped,,priya.davis@example.com,-2213
ORD-103129,dtc,SWAN-XL,1,89,shipped,,arthur.perez@example.com,-2075
ORD-103130,dtc,SWAN-XL,1,89,shipped,,ivan.green@example.com,-2149
ORD-103131,dtc,KRAK-01,1,129,placed,,keiko.king@example.com,-1823
ORD-103132,dtc,SWAN-XL,1,89,shipped,,mo.womack@example.com,-1644
ORD-103133,dtc,KIT-HEL,1,34,shipped,,quinn.adams@example.com,-1989
ORD-103134,dtc,DONUT-2,1,59,shipped,,hannah.ramirez@example.com,-2214
ORD-103135,dtc,DONUT-2,1,59,shipped,,curtis.thomas@example.com,-2181
ORD-103136,dtc,UNIC-01,1,79,shipped,,lamar.green@example.com,-1624
ORD-103137,dtc,SWAN-XL,4,356,shipped,,lamar.wright@example.com,-2384
ORD-103138,dtc,KRAK-01,1,129,placed,,deshawn.flores@example.com,-2320
ORD-103139,dtc,SWAN-XL,1,89,shipped,,jamal.wright@example.com,-2344
ORD-103140,dtc,UNIC-01,1,79,placed,,ingrid.brown@example.com,-2352
ORD-103141,dtc,PIZZ-XL,1,49,placed,,otis.osei@example.com,-1799
ORD-103142,dtc,UNIC-01,1,79,placed,,ximena.davis@example.com,-1991
ORD-103143,dtc,SWAN-XL,1,89,placed,,zoe.martin@example.com,-1889
ORD-103144,dtc,DONUT-2,3,177,shipped,,ximena.robinson@example.com,-1929
ORD-103145,dtc,PIZZ-XL,1,49,shipped,,tina.young@example.com,-1663
ORD-103146,dtc,SWAN-XL,1,89,shipped,,nellie.smith@example.com,-2352
ORD-103147,dtc,KIT-HEL,1,34,shipped,,gus.jackson@example.com,-2231
ORD-103148,dtc,SWAN-XL,1,89,shipped,,carlos.brown@example.com,-1541
ORD-103149,dtc,DONUT-2,1,59,placed,,otis.okaforreyes@example.com,-2100
ORD-103150,dtc,PIZZ-XL,1,49,shipped,,flo.okaforreyes@example.com,-1800
ORD-103151,dtc,PIZZ-XL,1,49,shipped,,aisha.torres@example.com,-1737
ORD-103152,dtc,SWAN-XL,1,89,shipped,,tina.tanaka@example.com,-2373
ORD-103153,dtc,KIT-HEL,1,34,placed,,wes.wilson@example.com,-2143
ORD-103154,dtc,KRAK-01,1,129,shipped,,pearl.clark@example.com,-1558
ORD-103155,dtc,PIZZ-XL,1,49,shipped,,ray.martin@example.com,-1535
ORD-103156,dtc,PIZZ-XL,4,196,placed,,greg.miller@example.com,-2370
ORD-103157,dtc,KIT-HEL,2,68,placed,,quinn.kowalczyk@example.com,-2325
ORD-103158,dtc,PIZZ-XL,1,49,placed,,mabel.young@example.com,-1871
ORD-103159,dtc,SWAN-XL,1,89,placed,,bob.alsayed@example.com,-2009
ORD-103160,dtc,SWAN-XL,1,89,shipped,,deshawn.baker@example.com,-2418
ORD-103161,dtc,SWAN-XL,1,89,placed,,umar.womack@example.com,-2285
ORD-103162,dtc,PIZZ-XL,1,49,shipped,,ivan.lopez@example.com,-1522
ORD-103163,dtc,KIT-HEL,1,34,shipped,,nellie.young@example.com,-1806
ORD-103164,dtc,DONUT-2,1,59,shipped,,bob.flores@example.com,-2053
ORD-103165,dtc,PIZZ-XL,1,49,shipped,,arthur.martinez@example.com,-1696
ORD-103166,dtc,SWAN-XL,1,89,shipped,,quinn.nowak@example.com,-1508
ORD-103167,dtc,KRAK-01,1,129,shipped,,pearl.harris@example.com,-1613
ORD-103168,dtc,PIZZ-XL,1,49,placed,,mabel.torres@example.com,-1819
ORD-103169,dtc,KRAK-01,1,129,placed,,arthur.okaforreyes@example.com,-2296
ORD-103170,dtc,SWAN-XL,1,89,shipped,,chen.jackson@example.com,-1613
ORD-103171,dtc,DONUT-2,4,236,placed,,nadia.jackson@example.com,-2287
ORD-103172,dtc,DONUT-2,1,59,shipped,,keiko.robinson@example.com,-2310
ORD-103173,dtc,SWAN-XL,1,89,shipped,,priya.white@example.com,-2308
ORD-103174,dtc,KRAK-01,1,129,shipped,,dolores.baker@example.com,-2026
ORD-103175,dtc,SWAN-XL,1,89,placed,,mo.walker@example.com,-1554
ORD-103176,dtc,SWAN-XL,1,89,shipped,,jerome.brown@example.com,-2375
ORD-103177,dtc,SWAN-XL,1,89,shipped,,pearl.jackson@example.com,-2022
ORD-103178,dtc,KIT-HEL,1,34,placed,,flo.osei@example.com,-2011
ORD-103179,dtc,SWAN-XL,4,356,placed,,tina.thomas@example.com,-1860
ORD-103180,dtc,SWAN-XL,1,89,shipped,,nellie.torres@example.com,-2177
ORD-103181,dtc,PIZZ-XL,1,49,shipped,,bettye.king@example.com,-2167
ORD-103182,dtc,SWAN-XL,1,89,placed,,yosef.lopez@example.com,-1962
ORD-103183,dtc,UNIC-01,1,79,placed,,wes.kowalczyk@example.com,-2396
ORD-103184,dtc,DONUT-2,1,59,placed,,otis.harris@example.com,-1515
ORD-103185,dtc,UNIC-01,3,237,placed,,arthur.brzezinski@example.com,-2241
ORD-103186,dtc,SWAN-XL,1,89,shipped,,tina.hill@example.com,-2171
ORD-103187,dtc,PIZZ-XL,2,98,placed,,gus.brown@example.com,-1703
ORD-103188,dtc,KIT-HEL,1,34,placed,,yosef.lewis@example.com,-1769
ORD-103189,dtc,DONUT-2,1,59,placed,,deshawn.smith@example.com,-1689
ORD-103190,dtc,SWAN-XL,1,89,placed,,fatima.white@example.com,-2051
ORD-103191,dtc,KRAK-01,1,129,placed,,deshawn.nowak@example.com,-2093
ORD-103192,dtc,UNIC-01,1,79,shipped,,ingrid.davis@example.com,-2419
ORD-103193,dtc,KIT-HEL,1,34,shipped,,umar.miller@example.com,-1974
ORD-103194,dtc,SWAN-XL,1,89,shipped,,keiko.ramirez@example.com,-1638
ORD-103195,dtc,PIZZ-XL,1,49,shipped,,aisha.kowalczyk@example.com,-2100
ORD-103196,dtc,DONUT-2,1,59,shipped,,lamar.brown@example.com,-2198
ORD-103197,dtc,KIT-HEL,1,34,shipped,,bettye.okaforreyes@example.com,-1965
ORD-103198,dtc,SWAN-XL,1,89,shipped,,margaret.alsayed@example.com,-1798
ORD-103199,dtc,KIT-HEL,1,34,placed,,pearl.moore@example.com,-1686
ORD-103200,dtc,DONUT-2,1,59,placed,,carlos.moore@example.com,-2238
ORD-103201,dtc,SWAN-XL,1,89,shipped,,wes.nowak@example.com,-1757
ORD-103202,dtc,DONUT-2,1,59,shipped,,ernesto.brzezinski@example.com,-2069
ORD-103203,dtc,DONUT-2,3,177,shipped,,ray.miller@example.com,-1754
ORD-103204,dtc,KRAK-01,3,387,placed,,stan.tanaka@example.com,-1634
ORD-103205,dtc,KIT-HEL,1,34,shipped,,curtis.lopez@example.com,-1925
ORD-103206,dtc,KIT-HEL,1,34,shipped,,kitty.martinez@example.com,-2032
ORD-103207,dtc,SWAN-XL,1,89,shipped,,arthur.ramirez@example.com,-1950
ORD-103208,dtc,SWAN-XL,1,89,shipped,,kitty.patel@example.com,-1633
ORD-103209,dtc,SWAN-XL,1,89,placed,,yuki.robinson@example.com,-2460
ORD-103210,dtc,DONUT-2,1,59,shipped,,kitty.robinson@example.com,-2265
ORD-103211,dtc,SWAN-XL,1,89,placed,,jerome.jackson@example.com,-1737
ORD-103212,dtc,PIZZ-XL,1,49,shipped,,quinn.osei@example.com,-2415
ORD-103213,dtc,UNIC-01,4,316,shipped,,stan.hernandez@example.com,-1910
ORD-103214,dtc,UNIC-01,1,79,shipped,,ray.baker@example.com,-2402
ORD-103215,dtc,SWAN-XL,1,89,placed,,tomasz.perez@example.com,-1974
ORD-103216,dtc,PIZZ-XL,1,49,placed,,tina.green@example.com,-2354
ORD-103217,dtc,SWAN-XL,1,89,shipped,,tomasz.wilson@example.com,-1608
ORD-103218,dtc,UNIC-01,1,79,shipped,,tomasz.brown@example.com,-2032
ORD-103219,dtc,PIZZ-XL,1,49,shipped,,lamar.tanaka@example.com,-2358
ORD-103220,dtc,DONUT-2,1,59,shipped,,deshawn.allen@example.com,-1895
ORD-103221,dtc,KIT-HEL,1,34,shipped,,flo.alsayed@example.com,-2314
ORD-103222,dtc,SWAN-XL,1,89,placed,,harriet.davis@example.com,-1975
ORD-103223,dtc,UNIC-01,1,79,shipped,,nadia.martin@example.com,-1896
ORD-103224,dtc,SWAN-XL,1,89,shipped,,kitty.kowalczyk@example.com,-911
ORD-103225,dtc,UNIC-01,1,79,placed,,luis.lopez@example.com,-824
ORD-103226,dtc,KRAK-01,1,129,shipped,,carlos.nowak@example.com,-185
ORD-103227,dtc,DONUT-2,2,118,shipped,,zoe.robinson@example.com,-1020
ORD-103228,dtc,SWAN-XL,1,89,placed,,nellie.clark@example.com,-194
ORD-103229,dtc,UNIC-01,1,79,shipped,,deshawn.ramirez@example.com,-138
ORD-103230,dtc,PIZZ-XL,1,49,placed,,zoe.alsayed@example.com,-832
ORD-103231,dtc,SWAN-XL,1,89,shipped,,tina.hernandez@example.com,-912
ORD-103232,dtc,KRAK-01,1,129,placed,,deshawn.sanchez@example.com,-738
ORD-103233,dtc,SWAN-XL,1,89,placed,,margaret.jackson@example.com,-481
ORD-103234,dtc,DONUT-2,1,59,placed,,pearl.robinson@example.com,-596
ORD-103235,dtc,DONUT-2,1,59,shipped,,chen.lee@example.com,-176
ORD-103236,dtc,SWAN-XL,1,89,shipped,,otis.okaforreyes@example.com,-244
ORD-103237,dtc,SWAN-XL,1,89,shipped,,bob.lee@example.com,-103
ORD-103238,dtc,UNIC-01,1,79,shipped,,rosa.flores@example.com,-832
ORD-103239,dtc,SWAN-XL,1,89,placed,,bob.ramirez@example.com,-822
ORD-103240,dtc,UNIC-01,4,316,placed,,luis.king@example.com,-740
ORD-103241,dtc,UNIC-01,1,79,shipped,,ray.sanchez@example.com,-650
ORD-103242,dtc,SWAN-XL,1,89,placed,,flo.moore@example.com,-111
ORD-103243,dtc,KIT-HEL,1,34,placed,,quinn.moore@example.com,-128
ORD-103244,dtc,SWAN-XL,1,89,shipped,,ximena.lopez@example.com,-524
ORD-103245,dtc,PIZZ-XL,1,49,shipped,,greg.alsayed@example.com,-908
ORD-103246,dtc,SWAN-XL,1,89,placed,,deshawn.tanaka@example.com,-214
ORD-103247,dtc,DONUT-2,1,59,placed,,ray.brzezinski@example.com,-426
ORD-103248,dtc,SWAN-XL,1,89,shipped,,yuki.torres@example.com,-819
ORD-103249,dtc,KRAK-01,1,129,shipped,,curtis.sanchez@example.com,-932
ORD-103250,dtc,SWAN-XL,1,89,shipped,,kitty.nowak@example.com,-297
ORD-103251,dtc,PIZZ-XL,1,49,placed,,kitty.wilson@example.com,-663
ORD-103252,dtc,SWAN-XL,1,89,shipped,,ivan.okaforreyes@example.com,-788
ORD-103253,dtc,SWAN-XL,1,89,shipped,,ximena.allen@example.com,-79
ORD-103254,dtc,DONUT-2,1,59,placed,,lamar.scott@example.com,-205
ORD-103255,dtc,SWAN-XL,1,89,shipped,,ivan.davis@example.com,-383
ORD-103256,dtc,PIZZ-XL,1,49,placed,,fatima.anderson@example.com,-633
ORD-103257,dtc,SWAN-XL,1,89,shipped,,stan.brown@example.com,-469
ORD-103258,dtc,KIT-HEL,1,34,placed,,chen.alsayed@example.com,-473
ORD-103259,dtc,PIZZ-XL,4,196,shipped,,hannah.lopez@example.com,-737
ORD-103260,dtc,UNIC-01,1,79,placed,,pearl.miller@example.com,-592
ORD-103261,dtc,SWAN-XL,1,89,placed,,jerome.hill@example.com,-178
ORD-103262,dtc,SWAN-XL,1,89,placed,,aisha.brown@example.com,-935
ORD-103263,dtc,DONUT-2,1,59,shipped,,nellie.nguyen@example.com,-216
ORD-103264,dtc,SWAN-XL,1,89,placed,,mabel.kim@example.com,-578
ORD-103265,dtc,SWAN-XL,1,89,placed,,ivan.brown@example.com,-531
ORD-103266,dtc,DONUT-2,1,59,shipped,,yuki.hill@example.com,-641
ORD-103267,dtc,DONUT-2,2,118,shipped,,rosa.patel@example.com,-512
ORD-103268,dtc,SWAN-XL,1,89,placed,,lamar.green@example.com,-453
ORD-103269,dtc,SWAN-XL,1,89,shipped,,otis.clark@example.com,-177
ORD-103270,dtc,SWAN-XL,1,89,placed,,paloma.lopez@example.com,-542
ORD-103271,dtc,SWAN-XL,1,89,placed,,bettye.osei@example.com,-89
ORD-103272,dtc,PIZZ-XL,1,49,placed,,paloma.sanchez@example.com,-886
ORD-103273,dtc,SWAN-XL,1,89,shipped,,mo.hernandez@example.com,-986
ORD-103274,dtc,DONUT-2,1,59,shipped,,kitty.green@example.com,-390
ORD-103275,dtc,SWAN-XL,1,89,placed,,harriet.osei@example.com,-716
ORD-103276,dtc,UNIC-01,1,79,placed,,priya.lopez@example.com,-915
ORD-103277,dtc,DONUT-2,1,59,shipped,,umar.martin@example.com,-114
ORD-103278,dtc,PIZZ-XL,1,49,placed,,tina.osei@example.com,-740
ORD-103279,dtc,KIT-HEL,1,34,shipped,,rosa.martin@example.com,-856
ORD-103280,dtc,SWAN-XL,1,89,shipped,,ivan.thompson@example.com,-852
ORD-103281,dtc,SWAN-XL,2,178,shipped,,deshawn.johnson@example.com,-423
ORD-103282,dtc,SWAN-XL,1,89,placed,,mabel.martin@example.com,-291
ORD-103283,dtc,SWAN-XL,1,89,placed,,lamar.martin@example.com,-624
ORD-103284,dtc,KRAK-01,3,387,shipped,,zoe.garcia@example.com,-762
ORD-103285,dtc,SWAN-XL,1,89,shipped,,mabel.brzezinski@example.com,-92
ORD-103286,dtc,DONUT-2,1,59,shipped,,zoe.perez@example.com,-260
ORD-103287,dtc,PIZZ-XL,1,49,shipped,,paloma.ramirez@example.com,-755
ORD-103288,dtc,SWAN-XL,1,89,shipped,,otis.torres@example.com,-63
ORD-103289,dtc,DONUT-2,1,59,shipped,,keiko.wilson@example.com,-679
ORD-103290,dtc,KRAK-01,1,129,shipped,,quinn.thompson@example.com,-155
ORD-103291,dtc,DONUT-2,1,59,shipped,,stan.jackson@example.com,-489
ORD-103292,dtc,KIT-HEL,1,34,placed,,ivan.johnson@example.com,-592
ORD-103293,dtc,DONUT-2,1,59,placed,,quinn.robinson@example.com,-601
ORD-103294,dtc,PIZZ-XL,2,98,shipped,,bob.hernandez@example.com,-691
ORD-103295,dtc,UNIC-01,1,79,shipped,,bob.kowalczyk@example.com,-713
ORD-103296,dtc,SWAN-XL,3,267,shipped,,bettye.young@example.com,-103
ORD-103297,dtc,PIZZ-XL,1,49,placed,,quinn.nguyen@example.com,-478
ORD-103298,dtc,SWAN-XL,1,89,placed,,linda.walker@example.com,-382
ORD-103299,dtc,PIZZ-XL,3,147,placed,,jamal.white@example.com,-456
ORD-103300,dtc,PIZZ-XL,1,49,shipped,,jamal.king@example.com,-671
ORD-103301,dtc,UNIC-01,3,237,shipped,,mo.harris@example.com,-791
ORD-103302,dtc,DONUT-2,1,59,placed,,bettye.torres@example.com,-807
ORD-103303,dtc,UNIC-01,1,79,shipped,,tomasz.torres@example.com,-388
ORD-103304,dtc,SWAN-XL,1,89,placed,,mabel.adams@example.com,-231
ORD-103305,dtc,UNIC-01,1,79,shipped,,wes.hill@example.com,-649
ORD-103306,dtc,SWAN-XL,1,89,shipped,,carlos.hill@example.com,-710
ORD-103307,dtc,SWAN-XL,1,89,shipped,,harriet.smith@example.com,-94
ORD-103308,dtc,DONUT-2,1,59,shipped,,keiko.johnson@example.com,-1004
ORD-103309,dtc,PIZZ-XL,1,49,shipped,,mo.miller@example.com,-514
ORD-103310,dtc,UNIC-01,1,79,shipped,,paloma.tanaka@example.com,-674
ORD-103311,dtc,DONUT-2,1,59,shipped,,yosef.wright@example.com,-122
ORD-103312,dtc,SWAN-XL,1,89,shipped,,ernesto.scott@example.com,-767
ORD-103313,dtc,KIT-HEL,1,34,placed,,omar.okaforreyes@example.com,-811
ORD-103314,dtc,KRAK-01,1,129,placed,,deshawn.tanaka@example.com,-232
ORD-103315,dtc,KIT-HEL,1,34,placed,,mabel.martinez@example.com,-99
ORD-103316,dtc,KRAK-01,1,129,placed,,vera.sanchez@example.com,-340
ORD-103317,dtc,PIZZ-XL,1,49,placed,,arthur.lee@example.com,-997
ORD-103318,dtc,KRAK-01,1,129,shipped,,bettye.clark@example.com,-851
ORD-103319,dtc,KIT-HEL,1,34,placed,,omar.martinez@example.com,-445
ORD-103320,dtc,SWAN-XL,1,89,placed,,ingrid.ramirez@example.com,-719
ORD-103321,dtc,PIZZ-XL,1,49,shipped,,pearl.martin@example.com,-78
ORD-103322,dtc,DONUT-2,1,59,shipped,,rosa.wilson@example.com,-579
ORD-103323,dtc,DONUT-2,1,59,shipped,,zoe.flores@example.com,-936
ORD-103324,dtc,PIZZ-XL,1,49,shipped,,wes.johnson@example.com,-446
