unit_id,dealer_account_id,model,motor_lot,status,installed
TM-00001,ACC-DLR-11,TUBE-DLX,4471,up,2026-05-01
TM-00002,ACC-DLR-18,TUBE-DLX,4471,up,2025-01-01
TM-00003,ACC-DLR-25,TUBE-DLX,4471,up,2026-06-01
TM-00004,ACC-DLR-32,TUBE-DLX,4471,up,2026-08-01
TM-00005,ACC-DLR-39,TUBE-STD,4471,up,2026-01-01
TM-00006,ACC-DLR-6,TUBE-DLX,4471,up,2026-03-01
TM-00007,ACC-DLR-13,TUBE-DLX,4471,up,2025-09-01
TM-00008,ACC-DLR-20,TUBE-DLX,4471,up,2025-01-01
TM-00009,ACC-DLR-27,TUBE-DLX,4471,up,2025-04-01
TM-00010,ACC-DLR-34,TUBE-STD,4471,up,2025-02-01
TM-00011,ACC-DLR-1,TUBE-DLX,4471,up,2026-05-01
TM-00012,ACC-DLR-8,TUBE-DLX,4471,up,2025-09-01
TM-00013,ACC-DLR-15,TUBE-DLX,4471,up,2025-08-01
TM-00014,ACC-DLR-22,TUBE-DLX,4471,up,2025-08-01
TM-00015,ACC-DLR-29,TUBE-STD,4471,up,2026-06-01
TM-00016,ACC-DLR-36,TUBE-DLX,4471,up,2025-09-01
TM-00017,ACC-DLR-3,TUBE-DLX,4471,up,2025-02-01
TM-00018,ACC-DLR-10,TUBE-DLX,4471,up,2026-06-01
TM-00019,ACC-DLR-17,TUBE-DLX,4471,up,2025-12-01
TM-00020,ACC-DLR-24,TUBE-STD,4471,up,2025-05-01
TM-00021,ACC-DLR-31,TUBE-DLX,4471,up,2026-01-01
TM-00022,ACC-DLR-38,TUBE-DLX,4471,up,2026-09-01
TM-00023,ACC-DLR-5,TUBE-DLX,4471,up,2026-07-01
TM-00024,ACC-DLR-12,TUBE-DLX,4471,up,2025-10-01
TM-00025,ACC-DLR-19,TUBE-STD,4471,up,2026-12-01
TM-00026,ACC-DLR-26,TUBE-DLX,4471,up,2026-08-01
TM-00027,ACC-DLR-33,TUBE-DLX,4471,up,2026-02-01
TM-00028,ACC-DLR-40,TUBE-DLX,4471,up,2026-02-01
TM-00029,ACC-DLR-7,TUBE-DLX,4471,up,2026-02-01
TM-00030,ACC-DLR-14,TUBE-STD,4471,up,2025-10-01
TM-00031,ACC-DLR-21,TUBE-DLX,4471,up,2025-04-01
TM-00032,ACC-DLR-28,TUBE-DLX,4471,up,2025-10-01
TM-00033,ACC-DLR-35,TUBE-DLX,4471,up,2026-02-01
TM-00034,ACC-DLR-2,TUBE-DLX,4471,up,2025-05-01
TM-00035,ACC-DLR-9,TUBE-STD,4471,up,2026-03-01
TM-00036,ACC-DLR-16,TUBE-DLX,4471,up,2025-09-01
TM-00037,ACC-DLR-23,TUBE-DLX,4471,up,2025-04-01
TM-00038,ACC-DLR-30,TUBE-DLX,4471,up,2026-01-01
TM-00039,ACC-DLR-37,TUBE-DLX,4471,up,2025-12-01
TM-00040,ACC-DLR-4,TUBE-STD,4471,up,2025-04-01
TM-00041,ACC-DLR-11,TUBE-DLX,4471,up,2025-07-01
TM-00042,ACC-DLR-18,TUBE-DLX,4471,up,2025-08-01
TM-00043,ACC-DLR-25,TUBE-DLX,4471,up,2025-04-01
TM-00044,ACC-DLR-32,TUBE-DLX,4471,up,2026-01-01
TM-00045,ACC-DLR-39,TUBE-STD,4471,up,2025-02-01
TM-00046,ACC-DLR-6,TUBE-DLX,4471,up,2026-03-01
TM-00047,ACC-DLR-13,TUBE-DLX,4471,up,2025-04-01
TM-00048,ACC-DLR-20,TUBE-DLX,4471,up,2026-05-01
TM-00049,ACC-DLR-27,TUBE-DLX,4471,up,2025-05-01
TM-00050,ACC-DLR-34,TUBE-STD,4471,up,2025-12-01
TM-00051,ACC-DLR-1,TUBE-DLX,4471,up,2026-01-01
TM-00052,ACC-DLR-8,TUBE-DLX,4471,up,2026-06-01
TM-00053,ACC-DLR-15,TUBE-DLX,4471,up,2026-09-01
TM-00054,ACC-DLR-22,TUBE-DLX,4471,up,2026-02-01
TM-00055,ACC-DLR-29,TUBE-STD,4471,up,2025-01-01
TM-00056,ACC-DLR-36,TUBE-DLX,4471,up,2026-04-01
TM-00057,ACC-DLR-3,TUBE-DLX,4471,up,2025-11-01
TM-00058,ACC-DLR-10,TUBE-DLX,4471,up,2026-04-01
TM-00059,ACC-DLR-17,TUBE-DLX,4471,up,2025-09-01
TM-00060,ACC-DLR-24,TUBE-STD,4471,up,2026-09-01
TM-00061,ACC-DLR-31,TUBE-DLX,4471,up,2026-12-01
TM-00062,ACC-DLR-38,TUBE-DLX,4471,up,2025-08-01
TM-00063,ACC-DLR-5,TUBE-DLX,4471,up,2026-07-01
TM-00064,ACC-DLR-12,TUBE-DLX,4471,up,2025-12-01
TM-00065,ACC-DLR-19,TUBE-STD,4471,up,2025-05-01
TM-00066,ACC-DLR-26,TUBE-DLX,4471,up,2025-04-01
TM-00067,ACC-DLR-33,TUBE-DLX,4471,up,2025-08-01
TM-00068,ACC-DLR-40,TUBE-DLX,4471,up,2026-07-01
TM-00069,ACC-DLR-7,TUBE-DLX,4471,up,2025-08-01
TM-00070,ACC-DLR-14,TUBE-STD,4471,up,2026-01-01
TM-00071,ACC-DLR-21,TUBE-DLX,4471,up,2025-08-01
TM-00072,ACC-DLR-28,TUBE-DLX,4471,up,2025-10-01
TM-00073,ACC-DLR-35,TUBE-DLX,4471,up,2025-07-01
TM-00074,ACC-DLR-2,TUBE-DLX,4471,up,2025-09-01
TM-00075,ACC-DLR-9,TUBE-STD,4471,up,2025-02-01
TM-00076,ACC-DLR-16,TUBE-DLX,4471,up,2025-10-01
TM-00077,ACC-DLR-23,TUBE-DLX,4471,up,2025-01-01
TM-00078,ACC-DLR-30,TUBE-DLX,4471,up,2025-11-01
TM-00079,ACC-DLR-37,TUBE-DLX,4471,up,2025-11-01
TM-00080,ACC-DLR-4,TUBE-STD,4471,up,2025-02-01
TM-00081,ACC-DLR-11,TUBE-DLX,4471,up,2025-02-01
TM-00082,ACC-DLR-18,TUBE-DLX,4471,up,2025-01-01
TM-00083,ACC-DLR-25,TUBE-DLX,4471,up,2026-02-01
TM-00084,ACC-DLR-32,TUBE-DLX,4471,up,2026-05-01
TM-00085,ACC-DLR-39,TUBE-STD,4471,up,2025-01-01
TM-00086,ACC-DLR-6,TUBE-DLX,4471,up,2026-11-01
TM-00087,ACC-DLR-13,TUBE-DLX,4471,up,2025-10-01
TM-00088,ACC-DLR-20,TUBE-DLX,4471,up,2025-09-01
TM-00089,ACC-DLR-27,TUBE-DLX,4471,up,2025-03-01
TM-00090,ACC-DLR-34,TUBE-STD,4471,up,2026-02-01
TM-00091,ACC-DLR-1,TUBE-DLX,4471,up,2025-09-01
TM-00092,ACC-DLR-8,TUBE-DLX,4471,up,2025-05-01
TM-00093,ACC-DLR-15,TUBE-DLX,4471,up,2025-12-01
TM-00094,ACC-DLR-22,TUBE-DLX,4471,up,2026-04-01
TM-00095,ACC-DLR-29,TUBE-STD,4471,up,2025-11-01
TM-00096,ACC-DLR-36,TUBE-DLX,4471,up,2026-10-01
TM-00097,ACC-DLR-3,TUBE-DLX,4471,up,2026-01-01
TM-00098,ACC-DLR-10,TUBE-DLX,4471,up,2026-02-01
TM-00099,ACC-DLR-17,TUBE-DLX,4471,up,2026-08-01
TM-00100,ACC-DLR-24,TUBE-STD,4471,up,2026-09-01
TM-00101,ACC-DLR-31,TUBE-DLX,4471,up,2025-03-01
TM-00102,ACC-DLR-38,TUBE-DLX,4471,up,2026-08-01
TM-00103,ACC-DLR-5,TUBE-DLX,4471,up,2025-02-01
TM-00104,ACC-DLR-12,TUBE-DLX,4471,up,2026-08-01
TM-00105,ACC-DLR-19,TUBE-STD,4471,up,2026-10-01
TM-00106,ACC-DLR-26,TUBE-DLX,4471,up,2025-10-01
TM-00107,ACC-DLR-33,TUBE-DLX,4471,up,2026-05-01
TM-00108,ACC-DLR-40,TUBE-DLX,4471,up,2026-07-01
TM-00109,ACC-DLR-7,TUBE-DLX,4471,up,2026-02-01
TM-00110,ACC-DLR-14,TUBE-STD,4471,up,2026-07-01
TM-00111,ACC-DLR-21,TUBE-DLX,4471,up,2025-04-01
TM-00112,ACC-DLR-28,TUBE-DLX,4471,up,2026-05-01
TM-00113,ACC-DLR-35,TUBE-DLX,4471,up,2025-07-01
TM-00114,ACC-DLR-2,TUBE-DLX,4471,up,2025-04-01
TM-00115,ACC-DLR-9,TUBE-STD,4471,up,2026-03-01
TM-00116,ACC-DLR-16,TUBE-DLX,4471,up,2026-09-01
TM-00117,ACC-DLR-23,TUBE-DLX,4471,up,2026-02-01
TM-00118,ACC-DLR-30,TUBE-DLX,4471,up,2025-04-01
TM-00119,ACC-DLR-37,TUBE-DLX,4471,up,2025-06-01
TM-00120,ACC-DLR-4,TUBE-STD,4471,up,2025-08-01
TM-00121,ACC-DLR-11,TUBE-DLX,4471,up,2026-04-01
TM-00122,ACC-DLR-18,TUBE-DLX,4471,up,2026-08-01
TM-00123,ACC-DLR-25,TUBE-DLX,4471,up,2025-05-01
TM-00124,ACC-DLR-32,TUBE-DLX,4471,up,2026-12-01
TM-00125,ACC-DLR-39,TUBE-STD,4471,up,2025-11-01
TM-00126,ACC-DLR-6,TUBE-DLX,4471,up,2026-03-01
TM-00127,ACC-DLR-13,TUBE-DLX,4471,up,2025-06-01
TM-00128,ACC-DLR-20,TUBE-DLX,4471,up,2025-05-01
TM-00129,ACC-DLR-27,TUBE-DLX,4471,up,2026-03-01
TM-00130,ACC-DLR-34,TUBE-STD,4471,up,2025-06-01
TM-00131,ACC-DLR-1,TUBE-DLX,4471,up,2026-11-01
TM-00132,ACC-DLR-8,TUBE-DLX,4471,up,2025-03-01
TM-00133,ACC-DLR-15,TUBE-DLX,4471,up,2026-07-01
TM-00134,ACC-DLR-22,TUBE-DLX,4471,up,2026-11-01
TM-00135,ACC-DLR-29,TUBE-STD,4471,up,2025-06-01
TM-00136,ACC-DLR-36,TUBE-DLX,4471,up,2026-04-01
TM-00137,ACC-DLR-3,TUBE-DLX,4471,up,2026-10-01
TM-00138,ACC-DLR-10,TUBE-DLX,4471,up,2026-05-01
TM-00139,ACC-DLR-17,TUBE-DLX,4471,up,2025-08-01
TM-00140,ACC-DLR-24,TUBE-STD,4471,up,2025-07-01
TM-00141,ACC-DLR-31,TUBE-DLX,4471,up,2025-08-01
TM-00142,ACC-DLR-38,TUBE-DLX,4471,up,2026-01-01
TM-00143,ACC-DLR-5,TUBE-DLX,4471,up,2026-01-01
TM-00144,ACC-DLR-12,TUBE-DLX,4471,up,2025-05-01
TM-00145,ACC-DLR-19,TUBE-STD,4471,up,2026-09-01
TM-00146,ACC-DLR-26,TUBE-DLX,4471,up,2026-03-01
TM-00147,ACC-DLR-33,TUBE-DLX,4471,up,2025-09-01
TM-00148,ACC-DLR-40,TUBE-DLX,4471,up,2026-02-01
TM-00149,ACC-DLR-7,TUBE-DLX,4471,up,2026-11-01
TM-00150,ACC-DLR-14,TUBE-STD,4471,up,2025-02-01
TM-00151,ACC-DLR-21,TUBE-DLX,4471,up,2026-04-01
TM-00152,ACC-DLR-28,TUBE-DLX,4471,up,2026-06-01
TM-00153,ACC-DLR-35,TUBE-DLX,4471,up,2025-09-01
TM-00154,ACC-DLR-2,TUBE-DLX,4471,up,2026-11-01
TM-00155,ACC-DLR-9,TUBE-STD,4471,up,2026-03-01
TM-00156,ACC-DLR-16,TUBE-DLX,4471,up,2026-11-01
TM-00157,ACC-DLR-23,TUBE-DLX,4471,up,2025-02-01
TM-00158,ACC-DLR-30,TUBE-DLX,4471,up,2026-07-01
TM-00159,ACC-DLR-37,TUBE-DLX,4471,up,2025-05-01
TM-00160,ACC-DLR-4,TUBE-STD,4471,up,2026-05-01
TM-00161,ACC-DLR-11,TUBE-DLX,4471,up,2025-02-01
TM-00162,ACC-DLR-18,TUBE-DLX,4471,up,2025-06-01
TM-00163,ACC-DLR-25,TUBE-DLX,4471,up,2026-12-01
TM-00164,ACC-DLR-32,TUBE-DLX,4471,up,2025-12-01
TM-00165,ACC-DLR-39,TUBE-STD,4471,up,2026-12-01
TM-00166,ACC-DLR-6,TUBE-DLX,4471,up,2025-06-01
TM-00167,ACC-DLR-13,TUBE-DLX,4471,up,2025-11-01
TM-00168,ACC-DLR-20,TUBE-DLX,4471,up,2025-08-01
TM-00169,ACC-DLR-27,TUBE-DLX,4471,up,2025-12-01
TM-00170,ACC-DLR-34,TUBE-STD,4471,up,2026-09-01
TM-00171,ACC-DLR-1,TUBE-DLX,4471,up,2025-08-01
TM-00172,ACC-DLR-8,TUBE-DLX,4471,up,2025-09-01
TM-00173,ACC-DLR-15,TUBE-DLX,4471,up,2025-07-01
TM-00174,ACC-DLR-22,TUBE-DLX,4471,up,2026-11-01
TM-00175,ACC-DLR-29,TUBE-STD,4471,up,2025-09-01
TM-00176,ACC-DLR-36,TUBE-DLX,4471,up,2026-06-01
TM-00177,ACC-DLR-3,TUBE-DLX,4471,up,2026-05-01
TM-00178,ACC-DLR-10,TUBE-DLX,4471,up,2025-11-01
TM-00179,ACC-DLR-17,TUBE-DLX,4471,up,2025-01-01
TM-00180,ACC-DLR-24,TUBE-STD,4471,up,2025-08-01
TM-00181,ACC-DLR-31,TUBE-DLX,4471,up,2025-06-01
TM-00182,ACC-DLR-38,TUBE-DLX,4471,up,2025-08-01
TM-00183,ACC-DLR-5,TUBE-DLX,4471,up,2025-04-01
TM-00184,ACC-DLR-12,TUBE-DLX,4471,up,2026-01-01
TM-00185,ACC-DLR-19,TUBE-STD,4471,up,2025-11-01
TM-00186,ACC-DLR-26,TUBE-DLX,4471,up,2025-10-01
TM-00187,ACC-DLR-33,TUBE-DLX,4471,up,2025-02-01
TM-00188,ACC-DLR-40,TUBE-DLX,4471,up,2025-02-01
TM-00189,ACC-DLR-7,TUBE-DLX,4471,up,2026-05-01
TM-00190,ACC-DLR-14,TUBE-STD,4471,up,2025-09-01
TM-00191,ACC-DLR-21,TUBE-DLX,4471,up,2026-01-01
TM-00192,ACC-DLR-28,TUBE-DLX,4471,up,2025-05-01
TM-00193,ACC-DLR-35,TUBE-DLX,4471,up,2025-06-01
TM-00194,ACC-DLR-2,TUBE-DLX,4471,up,2026-10-01
TM-00195,ACC-DLR-9,TUBE-STD,4471,up,2025-09-01
TM-00196,ACC-DLR-16,TUBE-DLX,4471,up,2026-03-01
TM-00197,ACC-DLR-23,TUBE-DLX,4471,up,2025-05-01
TM-00198,ACC-DLR-30,TUBE-DLX,4471,up,2025-05-01
TM-00199,ACC-DLR-37,TUBE-DLX,4471,up,2026-07-01
TM-00200,ACC-DLR-4,TUBE-STD,4471,up,2025-03-01
TM-00201,ACC-DLR-11,TUBE-DLX,4471,up,2025-07-01
TM-00202,ACC-DLR-18,TUBE-DLX,4471,up,2026-06-01
TM-00203,ACC-DLR-25,TUBE-DLX,4471,up,2026-05-01
TM-00204,ACC-DLR-32,TUBE-DLX,4471,up,2026-05-01
TM-00205,ACC-DLR-39,TUBE-STD,4471,up,2026-09-01
TM-00206,ACC-DLR-6,TUBE-DLX,4471,up,2026-11-01
TM-00207,ACC-DLR-13,TUBE-DLX,4471,up,2025-12-01
TM-00208,ACC-DLR-20,TUBE-DLX,4471,up,2025-05-01
TM-00209,ACC-DLR-27,TUBE-DLX,4471,up,2025-04-01
TM-00210,ACC-DLR-34,TUBE-STD,4471,up,2026-12-01
TM-00211,ACC-DLR-1,TUBE-DLX,4471,up,2026-10-01
TM-00212,ACC-DLR-8,TUBE-DLX,4471,up,2025-04-01
TM-00213,ACC-DLR-15,TUBE-DLX,4471,up,2026-04-01
TM-00214,ACC-DLR-22,TUBE-DLX,4471,up,2026-02-01
TM-00215,ACC-DLR-29,TUBE-STD,4471,up,2026-07-01
TM-00216,ACC-DLR-36,TUBE-DLX,4471,up,2025-04-01
TM-00217,ACC-DLR-3,TUBE-DLX,4471,up,2026-05-01
TM-00218,ACC-DLR-10,TUBE-DLX,4471,up,2025-03-01
TM-00219,ACC-DLR-17,TUBE-DLX,4471,up,2026-03-01
TM-00220,ACC-DLR-24,TUBE-STD,4471,up,2025-10-01
TM-00221,ACC-DLR-31,TUBE-DLX,4471,up,2026-07-01
TM-00222,ACC-DLR-38,TUBE-DLX,4471,up,2025-02-01
TM-00223,ACC-DLR-5,TUBE-DLX,4471,up,2025-12-01
TM-00224,ACC-DLR-12,TUBE-DLX,4471,up,2025-10-01
TM-00225,ACC-DLR-19,TUBE-STD,4471,up,2026-12-01
TM-00226,ACC-DLR-26,TUBE-DLX,4471,up,2026-05-01
TM-00227,ACC-DLR-33,TUBE-DLX,4471,up,2025-12-01
TM-00228,ACC-DLR-40,TUBE-DLX,4471,up,2025-09-01
TM-00229,ACC-DLR-7,TUBE-DLX,4471,up,2026-07-01
TM-00230,ACC-DLR-14,TUBE-STD,4471,up,2026-06-01
TM-00231,ACC-DLR-21,TUBE-DLX,4471,up,2025-04-01
TM-00232,ACC-DLR-28,TUBE-DLX,4471,up,2025-09-01
TM-00233,ACC-DLR-35,TUBE-DLX,4471,up,2025-10-01
TM-00234,ACC-DLR-2,TUBE-DLX,4471,up,2026-12-01
TM-00235,ACC-DLR-9,TUBE-STD,4471,up,2026-01-01
TM-00236,ACC-DLR-16,TUBE-DLX,4471,up,2025-02-01
TM-00237,ACC-DLR-23,TUBE-DLX,4471,up,2025-11-01
TM-00238,ACC-DLR-30,TUBE-DLX,4471,up,2026-02-01
TM-00239,ACC-DLR-37,TUBE-DLX,4471,up,2025-08-01
TM-00240,ACC-DLR-4,TUBE-STD,4471,up,2025-10-01
TM-00241,ACC-DLR-11,TUBE-DLX,4471,up,2025-07-01
TM-00242,ACC-DLR-18,TUBE-DLX,4471,up,2026-04-01
TM-00243,ACC-DLR-25,TUBE-DLX,4471,up,2026-05-01
TM-00244,ACC-DLR-32,TUBE-DLX,4471,up,2025-06-01
TM-00245,ACC-DLR-39,TUBE-STD,4471,up,2026-11-01
TM-00246,ACC-DLR-6,TUBE-DLX,4471,up,2026-01-01
TM-00247,ACC-DLR-13,TUBE-DLX,4471,up,2026-07-01
TM-00248,ACC-DLR-20,TUBE-DLX,4471,up,2025-11-01
TM-00249,ACC-DLR-27,TUBE-DLX,4471,up,2025-01-01
TM-00250,ACC-DLR-34,TUBE-STD,4471,up,2026-06-01
TM-00251,ACC-DLR-1,TUBE-DLX,4471,up,2025-04-01
TM-00252,ACC-DLR-8,TUBE-DLX,4471,up,2026-11-01
TM-00253,ACC-DLR-15,TUBE-DLX,4471,up,2026-02-01
TM-00254,ACC-DLR-22,TUBE-DLX,4471,up,2025-03-01
TM-00255,ACC-DLR-29,TUBE-STD,4471,up,2026-12-01
TM-00256,ACC-DLR-36,TUBE-DLX,4471,up,2025-07-01
TM-00257,ACC-DLR-3,TUBE-DLX,4471,up,2026-10-01
TM-00258,ACC-DLR-10,TUBE-DLX,4471,up,2026-09-01
TM-00259,ACC-DLR-17,TUBE-DLX,4471,up,2026-01-01
TM-00260,ACC-DLR-24,TUBE-STD,4471,up,2026-05-01
TM-00261,ACC-DLR-31,TUBE-DLX,4471,up,2026-01-01
TM-00262,ACC-DLR-38,TUBE-DLX,4471,up,2025-12-01
TM-00263,ACC-DLR-5,TUBE-DLX,4471,up,2025-05-01
TM-00264,ACC-DLR-12,TUBE-DLX,4471,up,2026-06-01
TM-00265,ACC-DLR-19,TUBE-STD,4471,up,2025-11-01
TM-00266,ACC-DLR-26,TUBE-DLX,4471,up,2026-10-01
TM-00267,ACC-DLR-33,TUBE-DLX,4471,up,2026-07-01
TM-00268,ACC-DLR-40,TUBE-DLX,4471,up,2026-10-01
TM-00269,ACC-DLR-7,TUBE-DLX,4471,up,2026-03-01
TM-00270,ACC-DLR-14,TUBE-STD,4471,up,2025-05-01
TM-00271,ACC-DLR-21,TUBE-DLX,4471,up,2026-05-01
TM-00272,ACC-DLR-28,TUBE-DLX,4471,up,2026-09-01
TM-00273,ACC-DLR-35,TUBE-DLX,4471,up,2025-12-01
TM-00274,ACC-DLR-2,TUBE-DLX,4471,up,2026-09-01
TM-00275,ACC-DLR-9,TUBE-STD,4471,up,2025-11-01
TM-00276,ACC-DLR-16,TUBE-DLX,4471,up,2025-09-01
TM-00277,ACC-DLR-23,TUBE-DLX,4471,up,2026-05-01
TM-00278,ACC-DLR-30,TUBE-DLX,4471,up,2025-02-01
TM-00279,ACC-DLR-37,TUBE-DLX,4471,up,2026-04-01
TM-00280,ACC-DLR-4,TUBE-STD,4471,up,2025-11-01
TM-00281,ACC-DLR-11,TUBE-DLX,4471,up,2026-08-01
TM-00282,ACC-DLR-18,TUBE-DLX,4471,up,2026-07-01
TM-00283,ACC-DLR-25,TUBE-DLX,4471,up,2026-10-01
TM-00284,ACC-DLR-32,TUBE-DLX,4471,up,2025-10-01
TM-00285,ACC-DLR-39,TUBE-STD,4471,up,2025-09-01
TM-00286,ACC-DLR-6,TUBE-DLX,4471,up,2025-08-01
TM-00287,ACC-DLR-13,TUBE-DLX,4471,up,2025-05-01
TM-00288,ACC-DLR-20,TUBE-DLX,4471,up,2026-07-01
TM-00289,ACC-DLR-27,TUBE-DLX,4471,up,2026-01-01
TM-00290,ACC-DLR-34,TUBE-STD,4471,up,2026-08-01
TM-00291,ACC-DLR-1,TUBE-DLX,4471,up,2025-04-01
TM-00292,ACC-DLR-8,TUBE-DLX,4471,up,2025-05-01
TM-00293,ACC-DLR-15,TUBE-DLX,4471,up,2025-06-01
TM-00294,ACC-DLR-22,TUBE-DLX,4471,up,2026-04-01
TM-00295,ACC-DLR-29,TUBE-STD,4471,up,2026-06-01
TM-00296,ACC-DLR-36,TUBE-DLX,4471,up,2025-02-01
TM-00297,ACC-DLR-3,TUBE-DLX,4471,up,2025-04-01
TM-00298,ACC-DLR-10,TUBE-DLX,4471,up,2026-12-01
TM-00299,ACC-DLR-17,TUBE-DLX,4471,up,2025-08-01
TM-00300,ACC-DLR-24,TUBE-STD,4471,up,2025-11-01
TM-00301,ACC-DLR-31,TUBE-DLX,4471,up,2026-04-01
TM-00302,ACC-DLR-38,TUBE-DLX,4471,up,2025-08-01
TM-00303,ACC-DLR-5,TUBE-DLX,4471,up,2025-03-01
TM-00304,ACC-DLR-12,TUBE-DLX,4471,up,2025-08-01
TM-00305,ACC-DLR-19,TUBE-STD,4471,up,2026-02-01
TM-00306,ACC-DLR-26,TUBE-DLX,4471,up,2026-09-01
TM-00307,ACC-DLR-33,TUBE-DLX,4471,up,2026-10-01
TM-00308,ACC-DLR-40,TUBE-DLX,4471,up,2025-12-01
TM-00309,ACC-DLR-7,TUBE-DLX,4471,up,2025-02-01
TM-00310,ACC-DLR-14,TUBE-STD,4471,up,2025-11-01
TM-00311,ACC-DLR-21,TUBE-DLX,4471,up,2025-04-01
TM-00312,ACC-DLR-28,TUBE-DLX,4471,up,2025-04-01
TM-00313,ACC-DLR-35,TUBE-DLX,4471,up,2025-08-01
TM-00314,ACC-DLR-2,TUBE-DLX,4471,up,2025-06-01
TM-00315,ACC-DLR-9,TUBE-STD,4471,up,2026-02-01
TM-00316,ACC-DLR-16,TUBE-DLX,4471,up,2025-11-01
TM-00317,ACC-DLR-23,TUBE-DLX,4471,up,2025-12-01
TM-00318,ACC-DLR-30,TUBE-DLX,4471,up,2025-03-01
TM-00319,ACC-DLR-37,TUBE-DLX,4471,up,2026-06-01
TM-00320,ACC-DLR-4,TUBE-STD,4471,up,2025-10-01
TM-00321,ACC-DLR-11,TUBE-DLX,4471,up,2025-06-01
TM-00322,ACC-DLR-18,TUBE-DLX,4471,up,2026-11-01
TM-00323,ACC-DLR-25,TUBE-DLX,4471,up,2026-11-01
TM-00324,ACC-DLR-32,TUBE-DLX,4471,up,2026-10-01
TM-00325,ACC-DLR-39,TUBE-STD,4471,up,2026-06-01
TM-00326,ACC-DLR-6,TUBE-DLX,4471,up,2025-04-01
TM-00327,ACC-DLR-13,TUBE-DLX,4471,up,2026-03-01
TM-00328,ACC-DLR-20,TUBE-DLX,4471,up,2026-10-01
TM-00329,ACC-DLR-27,TUBE-DLX,4471,up,2025-10-01
TM-00330,ACC-DLR-34,TUBE-STD,4471,up,2025-03-01
TM-00331,ACC-DLR-1,TUBE-DLX,4471,up,2026-10-01
TM-00332,ACC-DLR-8,TUBE-DLX,4471,up,2025-09-01
TM-00333,ACC-DLR-15,TUBE-DLX,4471,up,2026-07-01
TM-00334,ACC-DLR-22,TUBE-DLX,4471,up,2026-07-01
TM-00335,ACC-DLR-29,TUBE-STD,4471,up,2026-09-01
TM-00336,ACC-DLR-36,TUBE-DLX,4471,up,2025-03-01
TM-00337,ACC-DLR-3,TUBE-DLX,4471,up,2025-06-01
TM-00338,ACC-DLR-10,TUBE-DLX,4471,up,2026-03-01
TM-00339,ACC-DLR-17,TUBE-DLX,4471,up,2025-10-01
TM-00340,ACC-DLR-24,TUBE-STD,4471,up,2025-09-01
TM-00341,ACC-DLR-31,TUBE-DLX,4471,up,2026-05-01
TM-00342,ACC-DLR-38,TUBE-DLX,4471,up,2026-04-01
TM-00343,ACC-DLR-5,TUBE-DLX,4471,up,2025-06-01
TM-00344,ACC-DLR-12,TUBE-DLX,4471,up,2025-01-01
TM-00345,ACC-DLR-19,TUBE-STD,4471,up,2026-01-01
TM-00346,ACC-DLR-26,TUBE-DLX,4471,up,2026-01-01
TM-00347,ACC-DLR-33,TUBE-DLX,4471,up,2026-07-01
TM-00348,ACC-DLR-40,TUBE-DLX,4471,up,2026-04-01
TM-00349,ACC-DLR-7,TUBE-DLX,4471,up,2025-08-01
TM-00350,ACC-DLR-14,TUBE-STD,4471,up,2025-01-01
TM-00351,ACC-DLR-21,TUBE-DLX,4471,up,2025-12-01
TM-00352,ACC-DLR-28,TUBE-DLX,4471,up,2025-02-01
TM-00353,ACC-DLR-35,TUBE-DLX,4471,up,2025-10-01
TM-00354,ACC-DLR-2,TUBE-DLX,4471,up,2025-06-01
TM-00355,ACC-DLR-9,TUBE-STD,4471,up,2025-01-01
TM-00356,ACC-DLR-16,TUBE-DLX,4471,up,2025-08-01
TM-00357,ACC-DLR-23,TUBE-DLX,4471,up,2026-12-01
TM-00358,ACC-DLR-30,TUBE-DLX,4471,up,2026-04-01
TM-00359,ACC-DLR-37,TUBE-DLX,4471,up,2025-11-01
TM-00360,ACC-DLR-4,TUBE-STD,4471,up,2025-12-01
TM-00361,ACC-DLR-11,TUBE-DLX,4471,up,2025-01-01
TM-00362,ACC-DLR-18,TUBE-DLX,4471,up,2026-08-01
TM-00363,ACC-DLR-25,TUBE-DLX,4471,up,2026-11-01
TM-00364,ACC-DLR-32,TUBE-DLX,4471,up,2026-02-01
TM-00365,ACC-DLR-39,TUBE-STD,4471,up,2025-02-01
TM-00366,ACC-DLR-6,TUBE-DLX,4471,up,2025-07-01
TM-00367,ACC-DLR-13,TUBE-DLX,4471,up,2026-03-01
TM-00368,ACC-DLR-20,TUBE-DLX,4471,up,2025-03-01
TM-00369,ACC-DLR-27,TUBE-DLX,4471,up,2026-11-01
TM-00370,ACC-DLR-34,TUBE-STD,4471,up,2026-07-01
TM-00371,ACC-DLR-1,TUBE-DLX,4471,up,2026-07-01
TM-00372,ACC-DLR-8,TUBE-DLX,4471,up,2025-12-01
TM-00373,ACC-DLR-15,TUBE-DLX,4471,up,2026-10-01
TM-00374,ACC-DLR-22,TUBE-DLX,4471,up,2025-02-01
TM-00375,ACC-DLR-29,TUBE-STD,4471,up,2025-09-01
TM-00376,ACC-DLR-36,TUBE-DLX,4471,up,2025-02-01
TM-00377,ACC-DLR-3,TUBE-DLX,4471,up,2026-11-01
TM-00378,ACC-DLR-10,TUBE-DLX,4471,up,2025-08-01
TM-00379,ACC-DLR-17,TUBE-DLX,4471,up,2025-01-01
TM-00380,ACC-DLR-24,TUBE-STD,4471,up,2025-12-01
TM-00381,ACC-DLR-31,TUBE-DLX,4471,up,2026-09-01
TM-00382,ACC-DLR-38,TUBE-DLX,4471,up,2025-12-01
TM-00383,ACC-DLR-5,TUBE-DLX,4471,up,2026-08-01
TM-00384,ACC-DLR-12,TUBE-DLX,4471,up,2025-01-01
TM-00385,ACC-DLR-19,TUBE-STD,4471,up,2026-07-01
TM-00386,ACC-DLR-26,TUBE-DLX,4471,up,2025-11-01
TM-00387,ACC-DLR-33,TUBE-DLX,4471,up,2025-09-01
TM-00388,ACC-DLR-40,TUBE-DLX,4471,up,2025-07-01
TM-00389,ACC-DLR-7,TUBE-DLX,4471,up,2025-01-01
TM-00390,ACC-DLR-14,TUBE-STD,4471,up,2025-01-01
TM-00391,ACC-DLR-21,TUBE-DLX,4471,up,2025-03-01
TM-00392,ACC-DLR-28,TUBE-DLX,4471,up,2026-12-01
TM-00393,ACC-DLR-35,TUBE-DLX,4471,up,2025-06-01
TM-00394,ACC-DLR-2,TUBE-DLX,4471,up,2026-05-01
TM-00395,ACC-DLR-9,TUBE-STD,4471,up,2025-01-01
TM-00396,ACC-DLR-16,TUBE-DLX,4471,up,2025-05-01
TM-00397,ACC-DLR-23,TUBE-DLX,4471,up,2026-10-01
TM-00398,ACC-DLR-30,TUBE-DLX,4471,up,2025-03-01
TM-00399,ACC-DLR-37,TUBE-DLX,4471,up,2025-07-01
TM-00400,ACC-DLR-4,TUBE-STD,4471,up,2026-03-01
TM-00401,ACC-DLR-11,TUBE-DLX,4471,up,2025-09-01
TM-00402,ACC-DLR-18,TUBE-DLX,4471,up,2026-05-01
TM-00403,ACC-DLR-25,TUBE-DLX,4471,up,2026-08-01
TM-00404,ACC-DLR-32,TUBE-DLX,4471,up,2026-08-01
TM-00405,ACC-DLR-39,TUBE-STD,4471,up,2025-11-01
TM-00406,ACC-DLR-6,TUBE-DLX,4471,up,2026-04-01
TM-00407,ACC-DLR-13,TUBE-DLX,4471,up,2026-06-01
TM-00408,ACC-DLR-20,TUBE-DLX,4471,up,2026-02-01
TM-00409,ACC-DLR-27,TUBE-DLX,4471,up,2026-07-01
TM-00410,ACC-DLR-34,TUBE-STD,4471,up,2025-05-01
TM-00411,ACC-DLR-1,TUBE-DLX,4471,up,2025-01-01
TM-00412,ACC-DLR-8,TUBE-DLX,4471,up,2025-12-01
TM-00413,ACC-DLR-15,TUBE-DLX,4471,up,2025-02-01
TM-00414,ACC-DLR-22,TUBE-DLX,4471,up,2025-12-01
TM-00415,ACC-DLR-29,TUBE-STD,4471,up,2025-09-01
TM-00416,ACC-DLR-36,TUBE-DLX,4471,up,2025-02-01
TM-00417,ACC-DLR-3,TUBE-DLX,4471,up,2025-09-01
TM-00418,ACC-DLR-10,TUBE-DLX,4471,up,2025-10-01
TM-00419,ACC-DLR-17,TUBE-DLX,4471,up,2026-06-01
TM-00420,ACC-DLR-24,TUBE-STD,4471,up,2026-07-01
TM-00421,ACC-DLR-31,TUBE-DLX,4471,up,2025-10-01
TM-00422,ACC-DLR-38,TUBE-DLX,4471,up,2026-06-01
TM-00423,ACC-DLR-5,TUBE-DLX,4471,up,2025-03-01
TM-00424,ACC-DLR-12,TUBE-DLX,4471,up,2025-04-01
TM-00425,ACC-DLR-19,TUBE-STD,4471,up,2026-08-01
TM-00426,ACC-DLR-26,TUBE-DLX,4471,up,2026-03-01
TM-00427,ACC-DLR-33,TUBE-DLX,4471,up,2026-01-01
TM-00428,ACC-DLR-40,TUBE-DLX,4471,up,2026-08-01
TM-00429,ACC-DLR-7,TUBE-DLX,4471,up,2026-01-01
TM-00430,ACC-DLR-14,TUBE-STD,4471,up,2025-06-01
TM-00431,ACC-DLR-21,TUBE-DLX,4471,up,2025-09-01
TM-00432,ACC-DLR-28,TUBE-DLX,4471,up,2025-11-01
TM-00433,ACC-DLR-35,TUBE-DLX,4471,up,2025-08-01
TM-00434,ACC-DLR-2,TUBE-DLX,4471,up,2026-09-01
TM-00435,ACC-DLR-9,TUBE-STD,4471,up,2026-05-01
TM-00436,ACC-DLR-16,TUBE-DLX,4471,up,2025-07-01
TM-00437,ACC-DLR-23,TUBE-DLX,4471,up,2026-12-01
TM-00438,ACC-DLR-30,TUBE-DLX,4471,up,2025-12-01
TM-00439,ACC-DLR-37,TUBE-DLX,4471,up,2025-06-01
TM-00440,ACC-DLR-4,TUBE-STD,4471,up,2026-11-01
TM-00441,ACC-DLR-11,TUBE-DLX,4471,up,2025-10-01
TM-00442,ACC-DLR-18,TUBE-DLX,4471,up,2026-06-01
TM-00443,ACC-DLR-25,TUBE-DLX,4471,up,2026-05-01
TM-00444,ACC-DLR-32,TUBE-DLX,4471,up,2025-05-01
TM-00445,ACC-DLR-39,TUBE-STD,4471,up,2025-08-01
TM-00446,ACC-DLR-6,TUBE-DLX,4471,up,2025-03-01
TM-00447,ACC-DLR-13,TUBE-DLX,4471,up,2025-05-01
TM-00448,ACC-DLR-20,TUBE-DLX,4471,up,2025-06-01
TM-00449,ACC-DLR-27,TUBE-DLX,4471,up,2025-04-01
TM-00450,ACC-DLR-34,TUBE-STD,4471,up,2025-08-01
TM-00451,ACC-DLR-1,TUBE-DLX,4471,up,2025-02-01
TM-00452,ACC-DLR-8,TUBE-DLX,4471,up,2025-06-01
TM-00453,ACC-DLR-15,TUBE-DLX,4471,up,2025-07-01
TM-00454,ACC-DLR-22,TUBE-DLX,4471,up,2025-12-01
TM-00455,ACC-DLR-29,TUBE-STD,4471,up,2025-09-01
TM-00456,ACC-DLR-36,TUBE-DLX,4471,up,2026-06-01
TM-00457,ACC-DLR-3,TUBE-DLX,4471,up,2026-08-01
TM-00458,ACC-DLR-10,TUBE-DLX,4471,up,2026-07-01
TM-00459,ACC-DLR-17,TUBE-DLX,4471,up,2026-05-01
TM-00460,ACC-DLR-24,TUBE-STD,4471,up,2026-09-01
TM-00461,ACC-DLR-31,TUBE-DLX,4471,up,2025-10-01
TM-00462,ACC-DLR-38,TUBE-DLX,4471,up,2026-07-01
TM-00463,ACC-DLR-5,TUBE-DLX,4471,up,2025-11-01
TM-00464,ACC-DLR-12,TUBE-DLX,4471,up,2025-10-01
TM-00465,ACC-DLR-19,TUBE-STD,4471,up,2025-08-01
TM-00466,ACC-DLR-26,TUBE-DLX,4471,up,2026-05-01
TM-00467,ACC-DLR-33,TUBE-DLX,4471,up,2026-10-01
TM-00468,ACC-DLR-40,TUBE-DLX,4471,up,2025-02-01
TM-00469,ACC-DLR-7,TUBE-DLX,4471,up,2025-04-01
TM-00470,ACC-DLR-14,TUBE-STD,4471,up,2026-09-01
TM-00471,ACC-DLR-21,TUBE-DLX,4471,up,2025-01-01
TM-00472,ACC-DLR-28,TUBE-DLX,4471,up,2026-07-01
TM-00473,ACC-DLR-35,TUBE-DLX,4471,up,2026-07-01
TM-00474,ACC-DLR-2,TUBE-DLX,4471,up,2025-06-01
TM-00475,ACC-DLR-9,TUBE-STD,4471,up,2026-05-01
TM-00476,ACC-DLR-16,TUBE-DLX,4471,up,2026-10-01
TM-00477,ACC-DLR-23,TUBE-DLX,4471,up,2026-06-01
TM-00478,ACC-DLR-30,TUBE-DLX,4471,up,2025-02-01
TM-00479,ACC-DLR-37,TUBE-DLX,4471,up,2025-08-01
TM-00480,ACC-DLR-4,TUBE-STD,4471,up,2026-05-01
TM-00481,ACC-DLR-11,TUBE-DLX,4471,up,2025-02-01
TM-00482,ACC-DLR-18,TUBE-DLX,4471,up,2025-07-01
TM-00483,ACC-DLR-25,TUBE-DLX,4471,up,2026-06-01
TM-00484,ACC-DLR-32,TUBE-DLX,4471,up,2025-07-01
TM-00485,ACC-DLR-39,TUBE-STD,4471,up,2025-05-01
TM-00486,ACC-DLR-6,TUBE-DLX,4471,up,2025-12-01
TM-00487,ACC-DLR-13,TUBE-DLX,4471,up,2026-02-01
TM-00488,ACC-DLR-20,TUBE-DLX,4471,up,2025-07-01
TM-00489,ACC-DLR-27,TUBE-DLX,4471,up,2026-12-01
TM-00490,ACC-DLR-34,TUBE-STD,4471,up,2026-01-01
TM-00491,ACC-DLR-1,TUBE-DLX,4471,up,2026-09-01
TM-00492,ACC-DLR-8,TUBE-DLX,4471,up,2025-10-01
TM-00493,ACC-DLR-15,TUBE-DLX,4471,up,2026-12-01
TM-00494,ACC-DLR-22,TUBE-DLX,4471,up,2025-06-01
TM-00495,ACC-DLR-29,TUBE-STD,4471,up,2026-08-01
TM-00496,ACC-DLR-36,TUBE-DLX,4471,up,2026-06-01
TM-00497,ACC-DLR-3,TUBE-DLX,4471,up,2026-09-01
TM-00498,ACC-DLR-10,TUBE-DLX,4471,up,2026-08-01
TM-00499,ACC-DLR-17,TUBE-DLX,4471,up,2025-10-01
TM-00500,ACC-DLR-24,TUBE-STD,4471,up,2026-07-01
TM-00501,ACC-DLR-31,TUBE-DLX,4471,up,2026-03-01
TM-00502,ACC-DLR-38,TUBE-DLX,4471,up,2025-01-01
TM-00503,ACC-DLR-5,TUBE-DLX,4471,up,2025-01-01
TM-00504,ACC-DLR-12,TUBE-DLX,4471,up,2025-12-01
TM-00505,ACC-DLR-19,TUBE-STD,4471,up,2026-08-01
TM-00506,ACC-DLR-26,TUBE-DLX,4471,up,2026-08-01
TM-00507,ACC-DLR-33,TUBE-DLX,4471,up,2025-01-01
TM-00508,ACC-DLR-40,TUBE-DLX,4471,up,2025-07-01
TM-00509,ACC-DLR-7,TUBE-DLX,4471,up,2025-02-01
TM-00510,ACC-DLR-14,TUBE-STD,4471,up,2025-03-01
TM-00511,ACC-DLR-21,TUBE-DLX,4471,up,2025-09-01
TM-00512,ACC-DLR-28,TUBE-DLX,4471,up,2026-11-01
TM-00513,ACC-DLR-35,TUBE-DLX,4471,up,2026-12-01
TM-00514,ACC-DLR-2,TUBE-DLX,4471,up,2026-02-01
TM-00515,ACC-DLR-9,TUBE-STD,4471,up,2025-07-01
TM-00516,ACC-DLR-16,TUBE-DLX,4471,up,2025-03-01
TM-00517,ACC-DLR-23,TUBE-DLX,4471,up,2026-02-01
TM-00518,ACC-DLR-30,TUBE-DLX,4471,up,2025-01-01
TM-00519,ACC-DLR-37,TUBE-DLX,4471,up,2026-06-01
TM-00520,ACC-DLR-4,TUBE-STD,4471,up,2026-03-01
TM-00521,ACC-DLR-11,TUBE-DLX,4471,up,2025-06-01
TM-00522,ACC-DLR-18,TUBE-DLX,4471,up,2026-10-01
TM-00523,ACC-DLR-25,TUBE-DLX,4471,up,2026-04-01
TM-00524,ACC-DLR-32,TUBE-DLX,4471,up,2025-03-01
TM-00525,ACC-DLR-39,TUBE-STD,4471,up,2025-03-01
TM-00526,ACC-DLR-6,TUBE-DLX,4471,up,2026-02-01
TM-00527,ACC-DLR-13,TUBE-DLX,4471,up,2025-06-01
TM-00528,ACC-DLR-20,TUBE-DLX,4471,up,2025-04-01
TM-00529,ACC-DLR-27,TUBE-DLX,4471,up,2025-10-01
TM-00530,ACC-DLR-34,TUBE-STD,4471,up,2026-01-01
TM-00531,ACC-DLR-1,TUBE-DLX,4471,up,2025-09-01
TM-00532,ACC-DLR-8,TUBE-DLX,4471,up,2026-04-01
TM-00533,ACC-DLR-15,TUBE-DLX,4471,up,2026-07-01
TM-00534,ACC-DLR-22,TUBE-DLX,4471,up,2026-05-01
TM-00535,ACC-DLR-29,TUBE-STD,4471,up,2026-09-01
TM-00536,ACC-DLR-36,TUBE-DLX,4471,up,2025-11-01
TM-00537,ACC-DLR-3,TUBE-DLX,4471,up,2025-11-01
TM-00538,ACC-DLR-10,TUBE-DLX,4471,up,2026-07-01
TM-00539,ACC-DLR-17,TUBE-DLX,4471,up,2025-07-01
TM-00540,ACC-DLR-24,TUBE-STD,4471,up,2026-02-01
TM-00541,ACC-DLR-31,TUBE-DLX,4471,up,2025-09-01
TM-00542,ACC-DLR-38,TUBE-DLX,4471,up,2026-10-01
TM-00543,ACC-DLR-5,TUBE-DLX,4471,up,2025-06-01
TM-00544,ACC-DLR-12,TUBE-DLX,4471,up,2025-05-01
TM-00545,ACC-DLR-19,TUBE-STD,4471,up,2025-11-01
TM-00546,ACC-DLR-26,TUBE-DLX,4471,up,2025-04-01
TM-00547,ACC-DLR-33,TUBE-DLX,4471,up,2025-01-01
TM-00548,ACC-DLR-40,TUBE-DLX,4471,up,2026-06-01
TM-00549,ACC-DLR-7,TUBE-DLX,4471,up,2026-08-01
TM-00550,ACC-DLR-14,TUBE-STD,4471,up,2026-12-01
TM-00551,ACC-DLR-21,TUBE-DLX,4471,up,2026-04-01
TM-00552,ACC-DLR-28,TUBE-DLX,4471,up,2026-08-01
TM-00553,ACC-DLR-35,TUBE-DLX,4471,up,2025-01-01
TM-00554,ACC-DLR-2,TUBE-DLX,4471,up,2025-03-01
TM-00555,ACC-DLR-9,TUBE-STD,4471,up,2026-05-01
TM-00556,ACC-DLR-16,TUBE-DLX,4471,up,2026-02-01
TM-00557,ACC-DLR-23,TUBE-DLX,4471,up,2026-12-01
TM-00558,ACC-DLR-30,TUBE-DLX,4471,up,2026-09-01
TM-00559,ACC-DLR-37,TUBE-DLX,4471,up,2025-01-01
TM-00560,ACC-DLR-4,TUBE-STD,4471,up,2025-02-01
TM-00561,ACC-DLR-11,TUBE-DLX,4471,up,2026-09-01
TM-00562,ACC-DLR-18,TUBE-DLX,4471,up,2025-09-01
TM-00563,ACC-DLR-25,TUBE-DLX,4471,up,2025-04-01
TM-00564,ACC-DLR-32,TUBE-DLX,4471,up,2026-03-01
TM-00565,ACC-DLR-39,TUBE-STD,4471,up,2025-04-01
TM-00566,ACC-DLR-6,TUBE-DLX,4471,up,2026-03-01
TM-00567,ACC-DLR-13,TUBE-DLX,4471,up,2025-03-01
TM-00568,ACC-DLR-20,TUBE-DLX,4471,up,2025-06-01
TM-00569,ACC-DLR-27,TUBE-DLX,4471,up,2025-09-01
TM-00570,ACC-DLR-34,TUBE-STD,4471,up,2026-05-01
TM-00571,ACC-DLR-1,TUBE-DLX,4471,up,2026-03-01
TM-00572,ACC-DLR-8,TUBE-DLX,4471,up,2025-06-01
TM-00573,ACC-DLR-15,TUBE-DLX,4471,up,2025-10-01
TM-00574,ACC-DLR-22,TUBE-DLX,4471,up,2026-05-01
TM-00575,ACC-DLR-29,TUBE-STD,4471,up,2025-07-01
TM-00576,ACC-DLR-36,TUBE-DLX,4471,up,2026-06-01
TM-00577,ACC-DLR-3,TUBE-DLX,4471,up,2025-07-01
TM-00578,ACC-DLR-10,TUBE-DLX,4471,up,2025-01-01
TM-00579,ACC-DLR-17,TUBE-DLX,4471,up,2025-03-01
TM-00580,ACC-DLR-24,TUBE-STD,4471,up,2026-08-01
TM-00581,ACC-DLR-31,TUBE-DLX,4471,up,2025-04-01
TM-00582,ACC-DLR-38,TUBE-DLX,4471,up,2025-02-01
TM-00583,ACC-DLR-5,TUBE-DLX,4471,up,2025-10-01
TM-00584,ACC-DLR-12,TUBE-DLX,4471,up,2025-05-01
TM-00585,ACC-DLR-19,TUBE-STD,4471,up,2025-07-01
TM-00586,ACC-DLR-26,TUBE-DLX,4471,up,2025-09-01
TM-00587,ACC-DLR-33,TUBE-DLX,4471,up,2025-09-01
TM-00588,ACC-DLR-40,TUBE-DLX,4471,up,2025-11-01
TM-00589,ACC-DLR-7,TUBE-DLX,4471,up,2026-06-01
TM-00590,ACC-DLR-14,TUBE-STD,4471,up,2026-01-01
TM-00591,ACC-DLR-21,TUBE-DLX,4471,up,2025-01-01
TM-00592,ACC-DLR-28,TUBE-DLX,4471,up,2026-08-01
TM-00593,ACC-DLR-35,TUBE-DLX,4471,up,2026-08-01
TM-00594,ACC-DLR-2,TUBE-DLX,4471,up,2026-01-01
TM-00595,ACC-DLR-9,TUBE-STD,4471,up,2025-12-01
TM-00596,ACC-DLR-16,TUBE-DLX,4471,up,2026-05-01
TM-00597,ACC-DLR-23,TUBE-DLX,4471,up,2026-05-01
TM-00598,ACC-DLR-30,TUBE-DLX,4471,up,2026-11-01
TM-00599,ACC-DLR-37,TUBE-DLX,4471,up,2025-04-01
TM-00600,ACC-DLR-4,TUBE-STD,4471,up,2026-05-01
TM-00601,ACC-DLR-11,TUBE-DLX,4471,up,2026-05-01
TM-00602,ACC-DLR-18,TUBE-DLX,4471,up,2025-05-01
TM-00603,ACC-DLR-25,TUBE-DLX,4471,up,2026-12-01
TM-00604,ACC-DLR-32,TUBE-DLX,4471,up,2026-02-01
TM-00605,ACC-DLR-39,TUBE-STD,4471,up,2025-11-01
TM-00606,ACC-DLR-6,TUBE-DLX,4471,up,2025-09-01
TM-00607,ACC-DLR-13,TUBE-DLX,4471,up,2026-05-01
TM-00608,ACC-DLR-20,TUBE-DLX,4471,up,2025-06-01
TM-00609,ACC-DLR-27,TUBE-DLX,4471,up,2025-05-01
TM-00610,ACC-DLR-34,TUBE-STD,4471,up,2025-12-01
TM-00611,ACC-DLR-1,TUBE-DLX,4471,up,2026-07-01
TM-00612,ACC-DLR-8,TUBE-DLX,4471,up,2025-12-01
TM-00613,ACC-DLR-15,TUBE-DLX,4471,up,2026-11-01
TM-00614,ACC-DLR-22,TUBE-DLX,4471,up,2025-06-01
TM-00615,ACC-DLR-29,TUBE-STD,4471,up,2026-02-01
TM-00616,ACC-DLR-36,TUBE-DLX,4471,up,2025-12-01
TM-00617,ACC-DLR-3,TUBE-DLX,4471,up,2026-05-01
TM-00618,ACC-DLR-10,TUBE-DLX,4471,up,2026-12-01
TM-00619,ACC-DLR-17,TUBE-DLX,4471,up,2026-11-01
TM-00620,ACC-DLR-24,TUBE-STD,4471,up,2025-10-01
TM-00621,ACC-DLR-31,TUBE-DLX,4471,up,2026-08-01
TM-00622,ACC-DLR-38,TUBE-DLX,4471,up,2026-04-01
TM-00623,ACC-DLR-5,TUBE-DLX,4471,up,2025-08-01
TM-00624,ACC-DLR-12,TUBE-DLX,4471,up,2026-11-01
TM-00625,ACC-DLR-19,TUBE-STD,4471,up,2026-04-01
TM-00626,ACC-DLR-26,TUBE-DLX,4471,up,2026-04-01
TM-00627,ACC-DLR-33,TUBE-DLX,4471,up,2026-04-01
TM-00628,ACC-DLR-40,TUBE-DLX,4471,up,2025-03-01
TM-00629,ACC-DLR-7,TUBE-DLX,4471,up,2026-09-01
TM-00630,ACC-DLR-14,TUBE-STD,4471,up,2025-03-01
TM-00631,ACC-DLR-21,TUBE-DLX,4471,up,2026-01-01
TM-00632,ACC-DLR-28,TUBE-DLX,4471,up,2026-03-01
TM-00633,ACC-DLR-35,TUBE-DLX,4471,up,2026-09-01
TM-00634,ACC-DLR-2,TUBE-DLX,4471,up,2026-12-01
TM-00635,ACC-DLR-9,TUBE-STD,4471,up,2026-07-01
TM-00636,ACC-DLR-16,TUBE-DLX,4471,up,2026-01-01
TM-00637,ACC-DLR-23,TUBE-DLX,4471,up,2025-11-01
TM-00638,ACC-DLR-30,TUBE-DLX,4471,up,2025-03-01
TM-00639,ACC-DLR-37,TUBE-DLX,4471,up,2025-10-01
TM-00640,ACC-DLR-4,TUBE-STD,4471,up,2025-08-01
TM-00641,ACC-DLR-11,TUBE-DLX,4471,up,2026-08-01
TM-00642,ACC-DLR-18,TUBE-DLX,4471,up,2025-10-01
TM-00643,ACC-DLR-25,TUBE-DLX,4471,up,2026-10-01
TM-00644,ACC-DLR-32,TUBE-DLX,4471,up,2025-08-01
TM-00645,ACC-DLR-39,TUBE-STD,4471,up,2025-02-01
TM-00646,ACC-DLR-6,TUBE-DLX,4471,up,2026-01-01
TM-00647,ACC-DLR-13,TUBE-DLX,4471,up,2025-04-01
TM-00648,ACC-DLR-20,TUBE-DLX,4471,up,2025-12-01
TM-00649,ACC-DLR-27,TUBE-DLX,4471,up,2026-09-01
TM-00650,ACC-DLR-34,TUBE-STD,4471,up,2025-04-01
TM-00651,ACC-DLR-1,TUBE-DLX,4471,up,2025-06-01
TM-00652,ACC-DLR-8,TUBE-DLX,4471,up,2026-11-01
TM-00653,ACC-DLR-15,TUBE-DLX,4471,up,2025-04-01
TM-00654,ACC-DLR-22,TUBE-DLX,4471,up,2026-12-01
TM-00655,ACC-DLR-29,TUBE-STD,4471,up,2026-06-01
TM-00656,ACC-DLR-36,TUBE-DLX,4471,up,2025-06-01
TM-00657,ACC-DLR-3,TUBE-DLX,4471,up,2026-07-01
TM-00658,ACC-DLR-10,TUBE-DLX,4471,up,2025-01-01
TM-00659,ACC-DLR-17,TUBE-DLX,4471,up,2026-05-01
TM-00660,ACC-DLR-24,TUBE-STD,4471,up,2025-09-01
TM-00661,ACC-DLR-31,TUBE-DLX,4471,up,2025-11-01
TM-00662,ACC-DLR-38,TUBE-DLX,4471,up,2025-04-01
TM-00663,ACC-DLR-5,TUBE-DLX,4471,up,2026-03-01
TM-00664,ACC-DLR-12,TUBE-DLX,4471,up,2025-10-01
TM-00665,ACC-DLR-19,TUBE-STD,4471,up,2026-04-01
TM-00666,ACC-DLR-26,TUBE-DLX,4471,up,2025-08-01
TM-00667,ACC-DLR-33,TUBE-DLX,4471,up,2026-03-01
TM-00668,ACC-DLR-40,TUBE-DLX,4471,up,2025-10-01
TM-00669,ACC-DLR-7,TUBE-DLX,4471,up,2026-12-01
TM-00670,ACC-DLR-14,TUBE-STD,4471,up,2026-03-01
TM-00671,ACC-DLR-21,TUBE-DLX,4471,up,2025-11-01
TM-00672,ACC-DLR-28,TUBE-DLX,4471,up,2026-06-01
TM-00673,ACC-DLR-35,TUBE-DLX,4471,up,2025-01-01
TM-00674,ACC-DLR-2,TUBE-DLX,4471,up,2025-05-01
TM-00675,ACC-DLR-9,TUBE-STD,4471,up,2025-06-01
TM-00676,ACC-DLR-16,TUBE-DLX,4471,up,2026-08-01
TM-00677,ACC-DLR-23,TUBE-DLX,4471,up,2026-01-01
TM-00678,ACC-DLR-30,TUBE-DLX,4471,up,2026-12-01
TM-00679,ACC-DLR-37,TUBE-DLX,4471,up,2026-06-01
TM-00680,ACC-DLR-4,TUBE-STD,4471,up,2026-05-01
TM-00681,ACC-DLR-11,TUBE-DLX,4471,up,2026-06-01
TM-00682,ACC-DLR-18,TUBE-DLX,4471,up,2025-08-01
TM-00683,ACC-DLR-25,TUBE-DLX,4471,up,2026-04-01
TM-00684,ACC-DLR-32,TUBE-DLX,4471,up,2026-09-01
TM-00685,ACC-DLR-39,TUBE-STD,4471,up,2026-11-01
TM-00686,ACC-DLR-6,TUBE-DLX,4471,up,2026-02-01
TM-00687,ACC-DLR-13,TUBE-DLX,4471,up,2026-09-01
TM-00688,ACC-DLR-20,TUBE-DLX,4471,up,2026-01-01
TM-00689,ACC-DLR-27,TUBE-DLX,4471,up,2026-06-01
TM-00690,ACC-DLR-34,TUBE-STD,4471,up,2025-08-01
TM-00691,ACC-DLR-1,TUBE-DLX,4471,up,2026-02-01
TM-00692,ACC-DLR-8,TUBE-DLX,4471,up,2026-06-01
TM-00693,ACC-DLR-15,TUBE-DLX,4471,up,2026-10-01
TM-00694,ACC-DLR-22,TUBE-DLX,4471,up,2026-10-01
TM-00695,ACC-DLR-29,TUBE-STD,4471,up,2025-01-01
TM-00696,ACC-DLR-36,TUBE-DLX,4471,up,2026-01-01
TM-00697,ACC-DLR-3,TUBE-DLX,4471,up,2025-02-01
TM-00698,ACC-DLR-10,TUBE-DLX,4471,up,2026-12-01
TM-00699,ACC-DLR-17,TUBE-DLX,4471,up,2025-02-01
TM-00700,ACC-DLR-24,TUBE-STD,4471,up,2026-07-01
TM-00701,ACC-DLR-31,TUBE-DLX,4471,up,2025-06-01
TM-00702,ACC-DLR-38,TUBE-DLX,4471,up,2025-11-01
TM-00703,ACC-DLR-5,TUBE-DLX,4471,up,2025-01-01
TM-00704,ACC-DLR-12,TUBE-DLX,4471,up,2026-11-01
TM-00705,ACC-DLR-19,TUBE-STD,4471,up,2026-08-01
TM-00706,ACC-DLR-26,TUBE-DLX,4471,up,2025-03-01
TM-00707,ACC-DLR-33,TUBE-DLX,4471,up,2026-10-01
TM-00708,ACC-DLR-40,TUBE-DLX,4471,up,2025-05-01
TM-00709,ACC-DLR-7,TUBE-DLX,4471,up,2026-09-01
TM-00710,ACC-DLR-14,TUBE-STD,4471,up,2026-01-01
TM-00711,ACC-DLR-21,TUBE-DLX,4471,up,2025-12-01
TM-00712,ACC-DLR-28,TUBE-DLX,4471,up,2026-01-01
TM-00713,ACC-DLR-35,TUBE-DLX,4471,up,2025-10-01
TM-00714,ACC-DLR-2,TUBE-DLX,4471,up,2025-01-01
TM-00715,ACC-DLR-9,TUBE-STD,4471,up,2026-02-01
TM-00716,ACC-DLR-16,TUBE-DLX,4471,up,2025-02-01
TM-00717,ACC-DLR-23,TUBE-DLX,4471,up,2026-04-01
TM-00718,ACC-DLR-30,TUBE-DLX,4471,up,2025-07-01
TM-00719,ACC-DLR-37,TUBE-DLX,4471,up,2026-05-01
TM-00720,ACC-DLR-4,TUBE-STD,4471,up,2026-07-01
TM-00721,ACC-DLR-11,TUBE-DLX,4471,up,2025-10-01
TM-00722,ACC-DLR-18,TUBE-DLX,4471,up,2025-09-01
TM-00723,ACC-DLR-25,TUBE-DLX,4471,up,2025-10-01
TM-00724,ACC-DLR-32,TUBE-DLX,4471,up,2025-07-01
TM-00725,ACC-DLR-39,TUBE-STD,4471,up,2025-02-01
TM-00726,ACC-DLR-6,TUBE-DLX,4471,up,2026-11-01
TM-00727,ACC-DLR-13,TUBE-DLX,4471,up,2025-07-01
TM-00728,ACC-DLR-20,TUBE-DLX,4471,up,2025-10-01
TM-00729,ACC-DLR-27,TUBE-DLX,4471,up,2025-12-01
TM-00730,ACC-DLR-34,TUBE-STD,4471,up,2026-03-01
TM-00731,ACC-DLR-1,TUBE-DLX,4471,up,2026-05-01
TM-00732,ACC-DLR-8,TUBE-DLX,4471,up,2026-07-01
TM-00733,ACC-DLR-15,TUBE-DLX,4471,up,2026-04-01
TM-00734,ACC-DLR-22,TUBE-DLX,4471,up,2025-06-01
TM-00735,ACC-DLR-29,TUBE-STD,4471,up,2026-03-01
TM-00736,ACC-DLR-36,TUBE-DLX,4471,up,2026-11-01
TM-00737,ACC-DLR-3,TUBE-DLX,4471,up,2026-02-01
TM-00738,ACC-DLR-10,TUBE-DLX,4471,up,2026-07-01
TM-00739,ACC-DLR-17,TUBE-DLX,4471,up,2025-11-01
TM-00740,ACC-DLR-24,TUBE-STD,4471,up,2026-10-01
TM-00741,ACC-DLR-31,TUBE-DLX,4471,up,2026-04-01
TM-00742,ACC-DLR-38,TUBE-DLX,4471,up,2026-02-01
TM-00743,ACC-DLR-5,TUBE-DLX,4471,up,2025-05-01
TM-00744,ACC-DLR-12,TUBE-DLX,4471,up,2025-11-01
TM-00745,ACC-DLR-19,TUBE-STD,4471,up,2025-10-01
TM-00746,ACC-DLR-26,TUBE-DLX,4471,up,2026-08-01
TM-00747,ACC-DLR-33,TUBE-DLX,4471,up,2026-11-01
TM-00748,ACC-DLR-40,TUBE-DLX,4471,up,2026-06-01
TM-00749,ACC-DLR-7,TUBE-DLX,4471,up,2026-05-01
TM-00750,ACC-DLR-14,TUBE-STD,4471,up,2025-09-01
TM-00751,ACC-DLR-21,TUBE-DLX,4471,up,2026-04-01
TM-00752,ACC-DLR-28,TUBE-DLX,4471,up,2025-01-01
TM-00753,ACC-DLR-35,TUBE-DLX,4471,up,2026-02-01
TM-00754,ACC-DLR-2,TUBE-DLX,4471,up,2025-09-01
TM-00755,ACC-DLR-9,TUBE-STD,4471,up,2026-12-01
TM-00756,ACC-DLR-16,TUBE-DLX,4471,up,2025-05-01
TM-00757,ACC-DLR-23,TUBE-DLX,4471,up,2025-10-01
TM-00758,ACC-DLR-30,TUBE-DLX,4471,up,2025-04-01
TM-00759,ACC-DLR-37,TUBE-DLX,4471,up,2026-06-01
TM-00760,ACC-DLR-4,TUBE-STD,4471,up,2025-05-01
TM-00761,ACC-DLR-11,TUBE-DLX,4471,up,2025-06-01
TM-00762,ACC-DLR-18,TUBE-DLX,4471,up,2026-01-01
TM-00763,ACC-DLR-25,TUBE-DLX,4471,up,2026-01-01
TM-00764,ACC-DLR-32,TUBE-DLX,4471,up,2025-10-01
TM-00765,ACC-DLR-39,TUBE-STD,4471,up,2025-11-01
TM-00766,ACC-DLR-6,TUBE-DLX,4471,up,2026-09-01
TM-00767,ACC-DLR-13,TUBE-DLX,4471,up,2026-04-01
TM-00768,ACC-DLR-20,TUBE-DLX,4471,up,2026-03-01
TM-00769,ACC-DLR-27,TUBE-DLX,4471,up,2025-07-01
TM-00770,ACC-DLR-34,TUBE-STD,4471,up,2026-07-01
TM-00771,ACC-DLR-1,TUBE-DLX,4471,up,2025-02-01
TM-00772,ACC-DLR-8,TUBE-DLX,4471,up,2025-05-01
TM-00773,ACC-DLR-15,TUBE-DLX,4471,up,2025-12-01
TM-00774,ACC-DLR-22,TUBE-DLX,4471,up,2026-06-01
TM-00775,ACC-DLR-29,TUBE-STD,4471,up,2026-04-01
TM-00776,ACC-DLR-36,TUBE-DLX,4471,up,2026-11-01
TM-00777,ACC-DLR-3,TUBE-DLX,4471,up,2025-03-01
TM-00778,ACC-DLR-10,TUBE-DLX,4471,up,2026-06-01
TM-00779,ACC-DLR-17,TUBE-DLX,4471,up,2025-12-01
TM-00780,ACC-DLR-24,TUBE-STD,4471,up,2025-07-01
TM-00781,ACC-DLR-31,TUBE-DLX,4471,up,2026-04-01
TM-00782,ACC-DLR-38,TUBE-DLX,4471,up,2025-02-01
TM-00783,ACC-DLR-5,TUBE-DLX,4471,up,2025-01-01
TM-00784,ACC-DLR-12,TUBE-DLX,4471,up,2025-03-01
TM-00785,ACC-DLR-19,TUBE-STD,4471,up,2025-10-01
TM-00786,ACC-DLR-26,TUBE-DLX,4471,up,2026-01-01
TM-00787,ACC-DLR-33,TUBE-DLX,4471,up,2025-02-01
TM-00788,ACC-DLR-40,TUBE-DLX,4471,up,2025-04-01
TM-00789,ACC-DLR-7,TUBE-DLX,4471,up,2026-11-01
TM-00790,ACC-DLR-14,TUBE-STD,4471,up,2026-10-01
TM-00791,ACC-DLR-21,TUBE-DLX,4471,up,2026-08-01
TM-00792,ACC-DLR-28,TUBE-DLX,4471,up,2025-10-01
TM-00793,ACC-DLR-35,TUBE-DLX,4471,up,2026-11-01
TM-00794,ACC-DLR-2,TUBE-DLX,4471,up,2026-08-01
TM-00795,ACC-DLR-9,TUBE-STD,4471,up,2025-03-01
TM-00796,ACC-DLR-16,TUBE-DLX,4471,up,2025-01-01
TM-00797,ACC-DLR-23,TUBE-DLX,4471,up,2025-02-01
TM-00798,ACC-DLR-30,TUBE-DLX,4471,up,2025-02-01
TM-00799,ACC-DLR-37,TUBE-DLX,4471,up,2026-02-01
TM-00800,ACC-DLR-4,TUBE-STD,4471,up,2025-10-01
TM-00801,ACC-DLR-11,TUBE-DLX,4471,up,2026-06-01
TM-00802,ACC-DLR-18,TUBE-DLX,4471,up,2025-09-01
TM-00803,ACC-DLR-25,TUBE-DLX,4471,up,2026-10-01
TM-00804,ACC-DLR-32,TUBE-DLX,4471,up,2025-04-01
TM-00805,ACC-DLR-39,TUBE-STD,4471,up,2025-02-01
TM-00806,ACC-DLR-6,TUBE-DLX,4471,up,2026-11-01
TM-00807,ACC-DLR-13,TUBE-DLX,4471,up,2025-07-01
TM-00808,ACC-DLR-20,TUBE-DLX,4471,up,2026-12-01
TM-00809,ACC-DLR-27,TUBE-DLX,4471,up,2025-10-01
TM-00810,ACC-DLR-34,TUBE-STD,4471,up,2026-03-01
TM-00811,ACC-DLR-1,TUBE-DLX,4471,up,2025-08-01
TM-00812,ACC-DLR-8,TUBE-DLX,4471,up,2025-03-01
TM-00813,ACC-DLR-15,TUBE-DLX,4471,up,2026-05-01
TM-00814,ACC-DLR-22,TUBE-DLX,4471,up,2025-05-01
TM-00815,ACC-DLR-29,TUBE-STD,4471,up,2026-03-01
TM-00816,ACC-DLR-36,TUBE-DLX,4471,up,2025-04-01
TM-00817,ACC-DLR-3,TUBE-DLX,4471,up,2025-09-01
TM-00818,ACC-DLR-10,TUBE-DLX,4471,up,2026-02-01
TM-00819,ACC-DLR-17,TUBE-DLX,4471,up,2026-05-01
TM-00820,ACC-DLR-24,TUBE-STD,4471,up,2025-01-01
TM-00821,ACC-DLR-31,TUBE-DLX,4471,up,2025-10-01
TM-00822,ACC-DLR-38,TUBE-DLX,4471,up,2026-11-01
TM-00823,ACC-DLR-5,TUBE-DLX,4471,up,2025-02-01
TM-00824,ACC-DLR-12,TUBE-DLX,4471,up,2025-08-01
TM-00825,ACC-DLR-19,TUBE-STD,4471,up,2026-02-01
TM-00826,ACC-DLR-26,TUBE-DLX,4471,up,2026-02-01
TM-00827,ACC-DLR-33,TUBE-DLX,4471,up,2026-10-01
TM-00828,ACC-DLR-40,TUBE-DLX,4471,up,2026-12-01
TM-00829,ACC-DLR-7,TUBE-DLX,4471,up,2026-10-01
TM-00830,ACC-DLR-14,TUBE-STD,4471,up,2025-01-01
TM-00831,ACC-DLR-21,TUBE-DLX,4471,up,2025-02-01
TM-00832,ACC-DLR-28,TUBE-DLX,4471,up,2025-09-01
TM-00833,ACC-DLR-35,TUBE-DLX,4471,up,2026-05-01
TM-00834,ACC-DLR-2,TUBE-DLX,4471,up,2026-05-01
TM-00835,ACC-DLR-9,TUBE-STD,4471,up,2025-05-01
TM-00836,ACC-DLR-16,TUBE-DLX,4471,up,2026-07-01
TM-00837,ACC-DLR-23,TUBE-DLX,4471,up,2026-02-01
TM-00838,ACC-DLR-30,TUBE-DLX,4471,up,2026-04-01
TM-00839,ACC-DLR-37,TUBE-DLX,4471,up,2025-04-01
TM-00840,ACC-DLR-4,TUBE-STD,4471,up,2025-09-01
TM-00841,ACC-DLR-11,TUBE-DLX,4471,up,2025-05-01
TM-00842,ACC-DLR-18,TUBE-DLX,4471,up,2026-06-01
TM-00843,ACC-DLR-25,TUBE-DLX,4471,up,2026-03-01
TM-00844,ACC-DLR-32,TUBE-DLX,4471,up,2026-06-01
TM-00845,ACC-DLR-39,TUBE-STD,4471,up,2026-08-01
TM-00846,ACC-DLR-6,TUBE-DLX,4471,up,2026-07-01
TM-00847,ACC-DLR-13,TUBE-DLX,4471,up,2026-09-01
TM-00848,ACC-DLR-20,TUBE-DLX,4471,up,2026-10-01
TM-00849,ACC-DLR-27,TUBE-DLX,4471,up,2026-06-01
TM-00850,ACC-DLR-34,TUBE-STD,4471,up,2025-07-01
TM-00851,ACC-DLR-1,TUBE-DLX,4471,up,2025-11-01
TM-00852,ACC-DLR-8,TUBE-DLX,4471,up,2025-12-01
TM-00853,ACC-DLR-15,TUBE-DLX,4471,up,2025-11-01
TM-00854,ACC-DLR-22,TUBE-DLX,4471,up,2025-08-01
TM-00855,ACC-DLR-29,TUBE-STD,4471,up,2026-09-01
TM-00856,ACC-DLR-36,TUBE-DLX,4471,up,2026-08-01
TM-00857,ACC-DLR-3,TUBE-DLX,4471,up,2026-06-01
TM-00858,ACC-DLR-10,TUBE-DLX,4471,up,2025-06-01
TM-00859,ACC-DLR-17,TUBE-DLX,4471,up,2026-07-01
TM-00860,ACC-DLR-24,TUBE-STD,4471,up,2025-06-01
TM-00861,ACC-DLR-31,TUBE-DLX,4471,up,2026-03-01
TM-00862,ACC-DLR-38,TUBE-DLX,4471,up,2025-10-01
TM-00863,ACC-DLR-5,TUBE-DLX,4471,up,2026-06-01
TM-00864,ACC-DLR-12,TUBE-DLX,4471,up,2026-09-01
TM-00865,ACC-DLR-19,TUBE-STD,4471,up,2025-03-01
TM-00866,ACC-DLR-26,TUBE-DLX,4471,up,2025-05-01
TM-00867,ACC-DLR-33,TUBE-DLX,4471,up,2025-08-01
TM-00868,ACC-DLR-40,TUBE-DLX,4471,up,2026-12-01
TM-00869,ACC-DLR-7,TUBE-DLX,4471,up,2025-06-01
TM-00870,ACC-DLR-14,TUBE-STD,4471,up,2025-12-01
TM-00871,ACC-DLR-21,TUBE-DLX,4471,up,2026-07-01
TM-00872,ACC-DLR-28,TUBE-DLX,4471,up,2025-08-01
TM-00873,ACC-DLR-35,TUBE-DLX,4471,up,2025-05-01
TM-00874,ACC-DLR-2,TUBE-DLX,4471,up,2025-03-01
TM-00875,ACC-DLR-9,TUBE-STD,4471,up,2026-06-01
TM-00876,ACC-DLR-16,TUBE-DLX,4471,up,2025-10-01
TM-00877,ACC-DLR-23,TUBE-DLX,4471,up,2026-08-01
TM-00878,ACC-DLR-30,TUBE-DLX,4471,up,2026-02-01
TM-00879,ACC-DLR-37,TUBE-DLX,4471,up,2026-05-01
TM-00880,ACC-DLR-4,TUBE-STD,4471,up,2025-01-01
TM-00881,ACC-DLR-11,TUBE-DLX,4471,up,2025-07-01
TM-00882,ACC-DLR-18,TUBE-DLX,4471,up,2026-11-01
TM-00883,ACC-DLR-25,TUBE-DLX,4471,up,2026-02-01
TM-00884,ACC-DLR-32,TUBE-DLX,4471,up,2026-05-01
TM-00885,ACC-DLR-39,TUBE-STD,4471,up,2025-12-01
TM-00886,ACC-DLR-6,TUBE-DLX,4471,up,2025-07-01
TM-00887,ACC-DLR-13,TUBE-DLX,4471,up,2025-02-01
TM-00888,ACC-DLR-20,TUBE-DLX,4471,up,2026-11-01
TM-00889,ACC-DLR-27,TUBE-DLX,4471,up,2025-07-01
TM-00890,ACC-DLR-34,TUBE-STD,4471,up,2025-07-01
TM-00891,ACC-DLR-1,TUBE-DLX,4471,up,2026-05-01
TM-00892,ACC-DLR-8,TUBE-DLX,4471,up,2025-10-01
TM-00893,ACC-DLR-15,TUBE-DLX,4471,up,2026-12-01
TM-00894,ACC-DLR-22,TUBE-DLX,4471,up,2026-03-01
TM-00895,ACC-DLR-29,TUBE-STD,4471,up,2026-02-01
TM-00896,ACC-DLR-36,TUBE-DLX,4471,up,2026-12-01
TM-00897,ACC-DLR-3,TUBE-DLX,4471,up,2025-11-01
TM-00898,ACC-DLR-10,TUBE-DLX,4471,up,2026-12-01
TM-00899,ACC-DLR-17,TUBE-DLX,4471,up,2026-02-01
TM-00900,ACC-DLR-24,TUBE-STD,4471,up,2026-11-01
TM-00901,ACC-DLR-31,TUBE-DLX,4471,up,2025-12-01
TM-00902,ACC-DLR-38,TUBE-DLX,4471,up,2025-06-01
TM-00903,ACC-DLR-5,TUBE-DLX,4471,up,2026-09-01
TM-00904,ACC-DLR-12,TUBE-DLX,4471,up,2025-08-01
TM-00905,ACC-DLR-19,TUBE-STD,4471,up,2026-01-01
TM-00906,ACC-DLR-26,TUBE-DLX,4471,up,2025-12-01
TM-00907,ACC-DLR-33,TUBE-DLX,4471,up,2026-04-01
TM-00908,ACC-DLR-40,TUBE-DLX,4471,up,2026-09-01
TM-00909,ACC-DLR-7,TUBE-DLX,4471,up,2025-03-01
TM-00910,ACC-DLR-14,TUBE-STD,4471,up,2026-12-01
TM-00911,ACC-DLR-21,TUBE-DLX,4471,up,2026-04-01
TM-00912,ACC-DLR-28,TUBE-DLX,4471,up,2026-07-01
TM-00913,ACC-DLR-35,TUBE-DLX,4471,up,2025-08-01
TM-00914,ACC-DLR-2,TUBE-DLX,4471,up,2025-06-01
TM-00915,ACC-DLR-9,TUBE-STD,4471,up,2026-11-01
TM-00916,ACC-DLR-16,TUBE-DLX,4471,up,2025-04-01
TM-00917,ACC-DLR-23,TUBE-DLX,4471,up,2025-01-01
TM-00918,ACC-DLR-30,TUBE-DLX,4471,up,2026-02-01
TM-00919,ACC-DLR-37,TUBE-DLX,4471,up,2026-01-01
TM-00920,ACC-DLR-4,TUBE-STD,4471,up,2026-05-01
TM-00921,ACC-DLR-11,TUBE-DLX,4471,up,2025-03-01
TM-00922,ACC-DLR-18,TUBE-DLX,4471,up,2026-04-01
TM-00923,ACC-DLR-25,TUBE-DLX,4471,up,2026-11-01
TM-00924,ACC-DLR-32,TUBE-DLX,4471,up,2026-06-01
TM-00925,ACC-DLR-39,TUBE-STD,4471,up,2025-03-01
TM-00926,ACC-DLR-6,TUBE-DLX,4471,up,2025-09-01
TM-00927,ACC-DLR-13,TUBE-DLX,4471,up,2025-04-01
TM-00928,ACC-DLR-20,TUBE-DLX,4471,up,2026-02-01
TM-00929,ACC-DLR-27,TUBE-DLX,4471,up,2026-01-01
TM-00930,ACC-DLR-34,TUBE-STD,4471,up,2026-01-01
TM-00931,ACC-DLR-1,TUBE-DLX,4471,up,2025-09-01
TM-00932,ACC-DLR-8,TUBE-DLX,4471,up,2025-11-01
TM-00933,ACC-DLR-15,TUBE-DLX,4471,up,2025-11-01
TM-00934,ACC-DLR-22,TUBE-DLX,4471,up,2026-01-01
TM-00935,ACC-DLR-29,TUBE-STD,4471,up,2025-04-01
TM-00936,ACC-DLR-36,TUBE-DLX,4471,up,2025-06-01
TM-00937,ACC-DLR-3,TUBE-DLX,4471,up,2025-05-01
TM-00938,ACC-DLR-10,TUBE-DLX,4471,up,2025-10-01
TM-00939,ACC-DLR-17,TUBE-DLX,4471,up,2025-06-01
TM-00940,ACC-DLR-24,TUBE-STD,4471,up,2026-02-01
TM-00941,ACC-DLR-31,TUBE-DLX,4471,up,2026-11-01
TM-00942,ACC-DLR-38,TUBE-DLX,4471,up,2025-10-01
TM-00943,ACC-DLR-5,TUBE-DLX,4471,up,2026-12-01
TM-00944,ACC-DLR-12,TUBE-DLX,4471,up,2025-08-01
TM-00945,ACC-DLR-19,TUBE-STD,4471,up,2026-12-01
TM-00946,ACC-DLR-26,TUBE-DLX,4471,up,2026-03-01
TM-00947,ACC-DLR-33,TUBE-DLX,4471,up,2025-10-01
TM-00948,ACC-DLR-40,TUBE-DLX,4471,up,2025-08-01
TM-00949,ACC-DLR-7,TUBE-DLX,4471,up,2025-02-01
TM-00950,ACC-DLR-14,TUBE-STD,4471,up,2026-12-01
TM-00951,ACC-DLR-21,TUBE-DLX,4471,up,2025-03-01
TM-00952,ACC-DLR-28,TUBE-DLX,4471,up,2025-03-01
TM-00953,ACC-DLR-35,TUBE-DLX,4471,up,2026-09-01
TM-00954,ACC-DLR-2,TUBE-DLX,4471,up,2026-08-01
TM-00955,ACC-DLR-9,TUBE-STD,4471,up,2025-05-01
TM-00956,ACC-DLR-16,TUBE-DLX,4471,up,2025-07-01
TM-00957,ACC-DLR-23,TUBE-DLX,4471,up,2026-07-01
TM-00958,ACC-DLR-30,TUBE-DLX,4471,up,2026-04-01
TM-00959,ACC-DLR-37,TUBE-DLX,4471,up,2026-04-01
TM-00960,ACC-DLR-4,TUBE-STD,4471,up,2026-08-01
TM-00961,ACC-DLR-11,TUBE-DLX,4471,up,2026-09-01
TM-00962,ACC-DLR-18,TUBE-DLX,4471,up,2026-05-01
TM-00963,ACC-DLR-25,TUBE-DLX,4471,up,2025-02-01
TM-00964,ACC-DLR-32,TUBE-DLX,4471,up,2026-09-01
TM-00965,ACC-DLR-39,TUBE-STD,4471,up,2025-07-01
TM-00966,ACC-DLR-6,TUBE-DLX,4471,up,2025-11-01
TM-00967,ACC-DLR-13,TUBE-DLX,4471,up,2026-02-01
TM-00968,ACC-DLR-20,TUBE-DLX,4471,up,2026-11-01
TM-00969,ACC-DLR-27,TUBE-DLX,4471,up,2025-06-01
TM-00970,ACC-DLR-34,TUBE-STD,4471,up,2025-05-01
TM-00971,ACC-DLR-1,TUBE-DLX,4471,up,2025-08-01
TM-00972,ACC-DLR-8,TUBE-DLX,4471,up,2026-10-01
TM-00973,ACC-DLR-15,TUBE-DLX,4471,up,2026-05-01
TM-00974,ACC-DLR-22,TUBE-DLX,4471,up,2026-01-01
TM-00975,ACC-DLR-29,TUBE-STD,4471,up,2026-08-01
TM-00976,ACC-DLR-36,TUBE-DLX,4471,up,2025-03-01
TM-00977,ACC-DLR-3,TUBE-DLX,4471,up,2025-06-01
TM-00978,ACC-DLR-10,TUBE-DLX,4471,up,2025-06-01
TM-00979,ACC-DLR-17,TUBE-DLX,4471,up,2025-03-01
TM-00980,ACC-DLR-24,TUBE-STD,4471,up,2025-12-01
TM-00981,ACC-DLR-31,TUBE-DLX,4471,up,2026-07-01
TM-00982,ACC-DLR-38,TUBE-DLX,4471,up,2026-01-01
TM-00983,ACC-DLR-5,TUBE-DLX,4471,up,2025-11-01
TM-00984,ACC-DLR-12,TUBE-DLX,4471,up,2026-04-01
TM-00985,ACC-DLR-19,TUBE-STD,4471,up,2025-07-01
TM-00986,ACC-DLR-26,TUBE-DLX,4471,up,2026-10-01
TM-00987,ACC-DLR-33,TUBE-DLX,4471,up,2026-11-01
TM-00988,ACC-DLR-40,TUBE-DLX,4471,up,2025-06-01
TM-00989,ACC-DLR-7,TUBE-DLX,4471,up,2025-06-01
TM-00990,ACC-DLR-14,TUBE-STD,4471,up,2026-09-01
TM-00991,ACC-DLR-21,TUBE-DLX,4471,up,2025-08-01
TM-00992,ACC-DLR-28,TUBE-DLX,4471,up,2026-06-01
TM-00993,ACC-DLR-35,TUBE-DLX,4471,up,2026-01-01
TM-00994,ACC-DLR-2,TUBE-DLX,4471,up,2026-06-01
TM-00995,ACC-DLR-9,TUBE-STD,4471,up,2026-07-01
TM-00996,ACC-DLR-16,TUBE-DLX,4471,up,2026-03-01
TM-00997,ACC-DLR-23,TUBE-DLX,4471,up,2026-08-01
TM-00998,ACC-DLR-30,TUBE-DLX,4471,up,2025-07-01
TM-00999,ACC-DLR-37,TUBE-DLX,4471,up,2025-09-01
TM-01000,ACC-DLR-4,TUBE-STD,4471,up,2026-08-01
TM-01001,ACC-DLR-11,TUBE-DLX,4471,up,2025-03-01
TM-01002,ACC-DLR-18,TUBE-DLX,4471,up,2025-01-01
TM-01003,ACC-DLR-25,TUBE-DLX,4471,up,2026-06-01
TM-01004,ACC-DLR-32,TUBE-DLX,4471,up,2025-02-01
TM-01005,ACC-DLR-39,TUBE-STD,4471,up,2026-05-01
TM-01006,ACC-DLR-6,TUBE-DLX,4471,up,2026-11-01
TM-01007,ACC-DLR-13,TUBE-DLX,4471,up,2025-11-01
TM-01008,ACC-DLR-20,TUBE-DLX,4471,up,2026-07-01
TM-01009,ACC-DLR-27,TUBE-DLX,4471,up,2025-06-01
TM-01010,ACC-DLR-34,TUBE-STD,4471,up,2025-09-01
TM-01011,ACC-DLR-1,TUBE-DLX,4471,up,2025-07-01
TM-01012,ACC-DLR-8,TUBE-DLX,4471,up,2025-07-01
TM-01013,ACC-DLR-15,TUBE-DLX,4471,up,2026-06-01
TM-01014,ACC-DLR-22,TUBE-DLX,4471,up,2026-07-01
TM-01015,ACC-DLR-29,TUBE-STD,4471,up,2025-12-01
TM-01016,ACC-DLR-36,TUBE-DLX,4471,up,2026-06-01
TM-01017,ACC-DLR-3,TUBE-DLX,4471,up,2026-04-01
TM-01018,ACC-DLR-10,TUBE-DLX,4471,up,2026-03-01
TM-01019,ACC-DLR-17,TUBE-DLX,4471,up,2026-10-01
TM-01020,ACC-DLR-24,TUBE-STD,4471,up,2025-05-01
TM-01021,ACC-DLR-31,TUBE-DLX,4471,up,2026-08-01
TM-01022,ACC-DLR-38,TUBE-DLX,4471,up,2026-08-01
TM-01023,ACC-DLR-5,TUBE-DLX,4471,up,2025-03-01
TM-01024,ACC-DLR-12,TUBE-DLX,4471,up,2026-06-01
TM-01025,ACC-DLR-19,TUBE-STD,4471,up,2026-12-01
TM-01026,ACC-DLR-26,TUBE-DLX,4471,up,2026-07-01
TM-01027,ACC-DLR-33,TUBE-DLX,4471,up,2026-09-01
TM-01028,ACC-DLR-40,TUBE-DLX,4471,up,2025-03-01
TM-01029,ACC-DLR-7,TUBE-DLX,4471,up,2026-11-01
TM-01030,ACC-DLR-14,TUBE-STD,4471,up,2025-11-01
TM-01031,ACC-DLR-21,TUBE-DLX,4471,up,2026-06-01
TM-01032,ACC-DLR-28,TUBE-DLX,4471,up,2026-09-01
TM-01033,ACC-DLR-35,TUBE-DLX,4471,up,2025-12-01
TM-01034,ACC-DLR-2,TUBE-DLX,4471,up,2025-07-01
TM-01035,ACC-DLR-9,TUBE-STD,4471,up,2026-03-01
TM-01036,ACC-DLR-16,TUBE-DLX,4471,up,2026-04-01
TM-01037,ACC-DLR-23,TUBE-DLX,4471,up,2026-07-01
TM-01038,ACC-DLR-30,TUBE-DLX,4471,up,2026-11-01
TM-01039,ACC-DLR-37,TUBE-DLX,4471,up,2025-02-01
TM-01040,ACC-DLR-4,TUBE-STD,4471,up,2026-12-01
TM-01041,ACC-DLR-11,TUBE-DLX,4471,up,2026-11-01
TM-01042,ACC-DLR-18,TUBE-DLX,4471,up,2025-12-01
TM-01043,ACC-DLR-25,TUBE-DLX,4471,up,2025-09-01
TM-01044,ACC-DLR-32,TUBE-DLX,4471,up,2026-10-01
TM-01045,ACC-DLR-39,TUBE-STD,4471,up,2025-12-01
TM-01046,ACC-DLR-6,TUBE-DLX,4471,up,2025-07-01
TM-01047,ACC-DLR-13,TUBE-DLX,4471,up,2025-07-01
TM-01048,ACC-DLR-20,TUBE-DLX,4471,up,2026-08-01
TM-01049,ACC-DLR-27,TUBE-DLX,4471,up,2025-12-01
TM-01050,ACC-DLR-34,TUBE-STD,4471,up,2026-09-01
TM-01051,ACC-DLR-1,TUBE-DLX,4471,up,2025-06-01
TM-01052,ACC-DLR-8,TUBE-DLX,4471,up,2025-10-01
TM-01053,ACC-DLR-15,TUBE-DLX,4471,up,2026-12-01
TM-01054,ACC-DLR-22,TUBE-DLX,4471,up,2026-04-01
TM-01055,ACC-DLR-29,TUBE-STD,4471,up,2026-03-01
TM-01056,ACC-DLR-36,TUBE-DLX,4471,up,2026-04-01
TM-01057,ACC-DLR-3,TUBE-DLX,4471,up,2026-10-01
TM-01058,ACC-DLR-10,TUBE-DLX,4471,up,2026-10-01
TM-01059,ACC-DLR-17,TUBE-DLX,4471,up,2026-11-01
TM-01060,ACC-DLR-24,TUBE-STD,4471,up,2026-03-01
TM-01061,ACC-DLR-31,TUBE-DLX,4471,up,2026-05-01
TM-01062,ACC-DLR-38,TUBE-DLX,4471,up,2025-09-01
TM-01063,ACC-DLR-5,TUBE-DLX,4471,up,2025-06-01
TM-01064,ACC-DLR-12,TUBE-DLX,4471,up,2026-12-01
TM-01065,ACC-DLR-19,TUBE-STD,4471,up,2025-12-01
TM-01066,ACC-DLR-26,TUBE-DLX,4471,up,2026-02-01
TM-01067,ACC-DLR-33,TUBE-DLX,4471,up,2026-09-01
TM-01068,ACC-DLR-40,TUBE-DLX,4471,up,2026-08-01
TM-01069,ACC-DLR-7,TUBE-DLX,4471,up,2026-01-01
TM-01070,ACC-DLR-14,TUBE-STD,4471,up,2026-01-01
TM-01071,ACC-DLR-21,TUBE-DLX,4471,up,2025-10-01
TM-01072,ACC-DLR-28,TUBE-DLX,4471,up,2025-11-01
TM-01073,ACC-DLR-35,TUBE-DLX,4471,up,2025-07-01
TM-01074,ACC-DLR-2,TUBE-DLX,4471,up,2026-04-01
TM-01075,ACC-DLR-9,TUBE-STD,4471,up,2026-11-01
TM-01076,ACC-DLR-16,TUBE-DLX,4471,up,2025-02-01
TM-01077,ACC-DLR-23,TUBE-DLX,4471,up,2026-06-01
TM-01078,ACC-DLR-30,TUBE-DLX,4471,up,2025-12-01
TM-01079,ACC-DLR-37,TUBE-DLX,4471,up,2025-08-01
TM-01080,ACC-DLR-4,TUBE-STD,4471,up,2025-02-01
TM-01081,ACC-DLR-11,TUBE-DLX,4471,up,2025-07-01
TM-01082,ACC-DLR-18,TUBE-DLX,4471,up,2026-12-01
TM-01083,ACC-DLR-25,TUBE-DLX,4471,up,2026-03-01
TM-01084,ACC-DLR-32,TUBE-DLX,4471,up,2025-08-01
TM-01085,ACC-DLR-39,TUBE-STD,4471,up,2026-04-01
TM-01086,ACC-DLR-6,TUBE-DLX,4471,up,2026-02-01
TM-01087,ACC-DLR-13,TUBE-DLX,4471,up,2026-04-01
TM-01088,ACC-DLR-20,TUBE-DLX,4471,up,2025-05-01
TM-01089,ACC-DLR-27,TUBE-DLX,4471,up,2025-11-01
TM-01090,ACC-DLR-34,TUBE-STD,4471,up,2025-04-01
TM-01091,ACC-DLR-1,TUBE-DLX,4471,up,2026-03-01
TM-01092,ACC-DLR-8,TUBE-DLX,4471,up,2026-05-01
TM-01093,ACC-DLR-15,TUBE-DLX,4471,up,2025-09-01
TM-01094,ACC-DLR-22,TUBE-DLX,4471,up,2025-09-01
TM-01095,ACC-DLR-29,TUBE-STD,4471,up,2026-02-01
TM-01096,ACC-DLR-36,TUBE-DLX,4471,up,2025-09-01
TM-01097,ACC-DLR-3,TUBE-DLX,4471,up,2025-12-01
TM-01098,ACC-DLR-10,TUBE-DLX,4471,up,2026-03-01
TM-01099,ACC-DLR-17,TUBE-DLX,4471,up,2026-09-01
TM-01100,ACC-DLR-24,TUBE-STD,4471,up,2025-10-01
TM-01101,ACC-DLR-31,TUBE-DLX,4471,up,2026-06-01
TM-01102,ACC-DLR-38,TUBE-DLX,4471,up,2025-07-01
TM-01103,ACC-DLR-5,TUBE-DLX,4471,up,2025-06-01
TM-01104,ACC-DLR-12,TUBE-DLX,4471,up,2025-04-01
TM-01105,ACC-DLR-19,TUBE-STD,4471,up,2025-11-01
TM-01106,ACC-DLR-26,TUBE-DLX,4471,up,2026-09-01
TM-01107,ACC-DLR-33,TUBE-DLX,4471,up,2026-10-01
TM-01108,ACC-DLR-40,TUBE-DLX,4471,up,2025-07-01
TM-01109,ACC-DLR-7,TUBE-DLX,4471,up,2025-05-01
TM-01110,ACC-DLR-14,TUBE-STD,4471,up,2025-11-01
TM-01111,ACC-DLR-21,TUBE-DLX,4471,up,2026-05-01
TM-01112,ACC-DLR-28,TUBE-DLX,4471,up,2026-06-01
TM-01113,ACC-DLR-35,TUBE-DLX,4471,up,2025-01-01
TM-01114,ACC-DLR-2,TUBE-DLX,4471,up,2026-02-01
TM-01115,ACC-DLR-9,TUBE-STD,4471,up,2025-08-01
TM-01116,ACC-DLR-16,TUBE-DLX,4471,up,2026-03-01
TM-01117,ACC-DLR-23,TUBE-DLX,4471,up,2025-08-01
TM-01118,ACC-DLR-30,TUBE-DLX,4471,up,2025-07-01
TM-01119,ACC-DLR-37,TUBE-DLX,4471,up,2025-09-01
TM-01120,ACC-DLR-4,TUBE-STD,4471,up,2025-10-01
TM-01121,ACC-DLR-11,TUBE-DLX,4471,up,2026-03-01
TM-01122,ACC-DLR-18,TUBE-DLX,4471,up,2025-05-01
TM-01123,ACC-DLR-25,TUBE-DLX,4471,up,2025-04-01
TM-01124,ACC-DLR-32,TUBE-DLX,4471,up,2025-02-01
TM-01125,ACC-DLR-39,TUBE-STD,4471,up,2025-03-01
TM-01126,ACC-DLR-6,TUBE-DLX,4471,up,2025-04-01
TM-01127,ACC-DLR-13,TUBE-DLX,4471,up,2025-03-01
TM-01128,ACC-DLR-20,TUBE-DLX,4471,up,2026-06-01
TM-01129,ACC-DLR-27,TUBE-DLX,4471,up,2025-09-01
TM-01130,ACC-DLR-34,TUBE-STD,4471,up,2025-05-01
TM-01131,ACC-DLR-1,TUBE-DLX,4471,up,2025-06-01
TM-01132,ACC-DLR-8,TUBE-DLX,4471,up,2025-11-01
TM-01133,ACC-DLR-15,TUBE-DLX,4471,up,2026-06-01
TM-01134,ACC-DLR-22,TUBE-DLX,4471,up,2025-02-01
TM-01135,ACC-DLR-29,TUBE-STD,4471,up,2026-02-01
TM-01136,ACC-DLR-36,TUBE-DLX,4471,up,2026-08-01
TM-01137,ACC-DLR-3,TUBE-DLX,4471,up,2026-06-01
TM-01138,ACC-DLR-10,TUBE-DLX,4471,up,2026-08-01
TM-01139,ACC-DLR-17,TUBE-DLX,4471,up,2026-07-01
TM-01140,ACC-DLR-24,TUBE-STD,4471,up,2026-03-01
TM-01141,ACC-DLR-31,TUBE-DLX,4471,up,2025-09-01
TM-01142,ACC-DLR-38,TUBE-DLX,4471,up,2026-02-01
TM-01143,ACC-DLR-5,TUBE-DLX,4471,up,2025-11-01
TM-01144,ACC-DLR-12,TUBE-DLX,4471,up,2026-03-01
TM-01145,ACC-DLR-19,TUBE-STD,4471,up,2025-09-01
TM-01146,ACC-DLR-26,TUBE-DLX,4471,up,2026-04-01
TM-01147,ACC-DLR-33,TUBE-DLX,4471,up,2025-10-01
TM-01148,ACC-DLR-40,TUBE-DLX,4471,up,2025-09-01
TM-01149,ACC-DLR-7,TUBE-DLX,4471,up,2026-12-01
TM-01150,ACC-DLR-14,TUBE-STD,4471,up,2025-07-01
TM-01151,ACC-DLR-21,TUBE-DLX,4471,up,2025-09-01
TM-01152,ACC-DLR-28,TUBE-DLX,4471,up,2026-02-01
TM-01153,ACC-DLR-35,TUBE-DLX,4471,up,2026-09-01
TM-01154,ACC-DLR-2,TUBE-DLX,4471,up,2025-02-01
TM-01155,ACC-DLR-9,TUBE-STD,4471,up,2026-03-01
TM-01156,ACC-DLR-16,TUBE-DLX,4471,up,2026-12-01
TM-01157,ACC-DLR-23,TUBE-DLX,4471,up,2025-06-01
TM-01158,ACC-DLR-30,TUBE-DLX,4471,up,2025-04-01
TM-01159,ACC-DLR-37,TUBE-DLX,4471,up,2025-03-01
TM-01160,ACC-DLR-4,TUBE-STD,4471,up,2025-04-01
TM-01161,ACC-DLR-11,TUBE-DLX,4471,up,2025-08-01
TM-01162,ACC-DLR-18,TUBE-DLX,4471,up,2025-11-01
TM-01163,ACC-DLR-25,TUBE-DLX,4471,up,2026-08-01
TM-01164,ACC-DLR-32,TUBE-DLX,4471,up,2026-02-01
TM-01165,ACC-DLR-39,TUBE-STD,4471,up,2026-04-01
TM-01166,ACC-DLR-6,TUBE-DLX,4471,up,2025-05-01
TM-01167,ACC-DLR-13,TUBE-DLX,4471,up,2025-02-01
TM-01168,ACC-DLR-20,TUBE-DLX,4471,up,2026-12-01
TM-01169,ACC-DLR-27,TUBE-DLX,4471,up,2026-10-01
TM-01170,ACC-DLR-34,TUBE-STD,4471,up,2025-12-01
TM-01171,ACC-DLR-1,TUBE-DLX,4471,up,2026-08-01
TM-01172,ACC-DLR-8,TUBE-DLX,4471,up,2025-04-01
TM-01173,ACC-DLR-15,TUBE-DLX,4471,up,2025-07-01
TM-01174,ACC-DLR-22,TUBE-DLX,4471,up,2026-02-01
TM-01175,ACC-DLR-29,TUBE-STD,4471,up,2025-07-01
TM-01176,ACC-DLR-36,TUBE-DLX,4471,up,2026-08-01
TM-01177,ACC-DLR-3,TUBE-DLX,4471,up,2026-09-01
TM-01178,ACC-DLR-10,TUBE-DLX,4471,up,2025-01-01
TM-01179,ACC-DLR-17,TUBE-DLX,4471,up,2025-09-01
TM-01180,ACC-DLR-24,TUBE-STD,4471,up,2025-10-01
TM-01181,ACC-DLR-31,TUBE-DLX,4471,up,2026-12-01
TM-01182,ACC-DLR-38,TUBE-DLX,4471,up,2026-10-01
TM-01183,ACC-DLR-5,TUBE-DLX,4471,up,2026-01-01
TM-01184,ACC-DLR-12,TUBE-DLX,4471,up,2025-08-01
TM-01185,ACC-DLR-19,TUBE-STD,4471,up,2025-05-01
TM-01186,ACC-DLR-26,TUBE-DLX,4471,up,2026-04-01
TM-01187,ACC-DLR-33,TUBE-DLX,4471,up,2025-09-01
TM-01188,ACC-DLR-40,TUBE-DLX,4471,up,2026-12-01
TM-01189,ACC-DLR-7,TUBE-DLX,4471,up,2025-08-01
TM-01190,ACC-DLR-14,TUBE-STD,4471,up,2025-09-01
TM-01191,ACC-DLR-21,TUBE-DLX,4471,up,2025-02-01
TM-01192,ACC-DLR-28,TUBE-DLX,4471,up,2025-01-01
TM-01193,ACC-DLR-35,TUBE-DLX,4471,up,2025-01-01
TM-01194,ACC-DLR-2,TUBE-DLX,4471,up,2026-04-01
TM-01195,ACC-DLR-9,TUBE-STD,4471,up,2026-09-01
TM-01196,ACC-DLR-16,TUBE-DLX,4471,up,2026-03-01
TM-01197,ACC-DLR-23,TUBE-DLX,4471,up,2025-03-01
TM-01198,ACC-DLR-30,TUBE-DLX,4471,up,2026-10-01
TM-01199,ACC-DLR-37,TUBE-DLX,4471,up,2026-08-01
TM-01200,ACC-DLR-4,TUBE-STD,4471,up,2025-02-01
TM-01201,ACC-DLR-11,TUBE-DLX,4471,up,2025-05-01
TM-01202,ACC-DLR-18,TUBE-DLX,4471,up,2026-10-01
TM-01203,ACC-DLR-25,TUBE-DLX,4471,up,2025-04-01
TM-01204,ACC-DLR-32,TUBE-DLX,4471,up,2025-06-01
TM-01205,ACC-DLR-39,TUBE-STD,4471,up,2026-07-01
TM-01206,ACC-DLR-6,TUBE-DLX,4471,up,2026-10-01
TM-01207,ACC-DLR-13,TUBE-DLX,4471,up,2025-01-01
TM-01208,ACC-DLR-20,TUBE-DLX,4471,up,2025-08-01
TM-01209,ACC-DLR-27,TUBE-DLX,4471,up,2026-07-01
TM-01210,ACC-DLR-34,TUBE-STD,4471,up,2025-09-01
TM-01211,ACC-DLR-1,TUBE-DLX,4471,up,2026-03-01
TM-01212,ACC-DLR-8,TUBE-DLX,4471,up,2026-02-01
TM-01213,ACC-DLR-15,TUBE-DLX,4471,up,2026-05-01
TM-01214,ACC-DLR-22,TUBE-DLX,4471,up,2026-09-01
TM-01215,ACC-DLR-29,TUBE-STD,4471,up,2025-09-01
TM-01216,ACC-DLR-36,TUBE-DLX,4471,up,2026-03-01
TM-01217,ACC-DLR-3,TUBE-DLX,4471,up,2025-09-01
TM-01218,ACC-DLR-10,TUBE-DLX,4471,up,2025-07-01
TM-01219,ACC-DLR-17,TUBE-DLX,4471,up,2026-01-01
TM-01220,ACC-DLR-24,TUBE-STD,4471,up,2026-07-01
TM-01221,ACC-DLR-31,TUBE-DLX,4471,up,2026-12-01
TM-01222,ACC-DLR-38,TUBE-DLX,4471,up,2026-01-01
TM-01223,ACC-DLR-5,TUBE-DLX,4471,up,2025-02-01
TM-01224,ACC-DLR-12,TUBE-DLX,4471,up,2026-08-01
TM-01225,ACC-DLR-19,TUBE-STD,4471,up,2026-04-01
TM-01226,ACC-DLR-26,TUBE-DLX,4471,up,2026-01-01
TM-01227,ACC-DLR-33,TUBE-DLX,4471,up,2025-05-01
TM-01228,ACC-DLR-40,TUBE-DLX,4471,up,2026-07-01
TM-01229,ACC-DLR-7,TUBE-DLX,4471,up,2025-03-01
TM-01230,ACC-DLR-14,TUBE-STD,4471,up,2025-11-01
TM-01231,ACC-DLR-21,TUBE-DLX,4471,up,2026-06-01
TM-01232,ACC-DLR-28,TUBE-DLX,4471,up,2026-10-01
TM-01233,ACC-DLR-35,TUBE-DLX,4471,up,2025-08-01
TM-01234,ACC-DLR-2,TUBE-DLX,4471,up,2025-07-01
TM-01235,ACC-DLR-9,TUBE-STD,4471,up,2026-11-01
TM-01236,ACC-DLR-16,TUBE-DLX,4471,up,2025-06-01
TM-01237,ACC-DLR-23,TUBE-DLX,4471,up,2025-05-01
TM-01238,ACC-DLR-30,TUBE-DLX,4471,up,2026-01-01
TM-01239,ACC-DLR-37,TUBE-DLX,4471,up,2026-10-01
TM-01240,ACC-DLR-4,TUBE-STD,4471,up,2026-11-01
TM-01241,ACC-DLR-11,TUBE-DLX,4471,up,2025-02-01
TM-01242,ACC-DLR-18,TUBE-DLX,4471,up,2026-11-01
TM-01243,ACC-DLR-25,TUBE-DLX,4471,up,2025-12-01
TM-01244,ACC-DLR-32,TUBE-DLX,4471,up,2026-06-01
TM-01245,ACC-DLR-39,TUBE-STD,4471,up,2025-01-01
TM-01246,ACC-DLR-6,TUBE-DLX,4471,up,2025-12-01
TM-01247,ACC-DLR-13,TUBE-DLX,4471,up,2026-05-01
TM-01248,ACC-DLR-20,TUBE-DLX,4471,up,2025-07-01
TM-01249,ACC-DLR-27,TUBE-DLX,4471,up,2025-06-01
TM-01250,ACC-DLR-34,TUBE-STD,4471,up,2026-06-01
TM-01251,ACC-DLR-1,TUBE-DLX,4471,up,2026-10-01
TM-01252,ACC-DLR-8,TUBE-DLX,4471,up,2026-06-01
TM-01253,ACC-DLR-15,TUBE-DLX,4471,up,2026-03-01
TM-01254,ACC-DLR-22,TUBE-DLX,4471,up,2026-12-01
TM-01255,ACC-DLR-29,TUBE-STD,4471,up,2026-10-01
TM-01256,ACC-DLR-36,TUBE-DLX,4471,up,2026-12-01
TM-01257,ACC-DLR-3,TUBE-DLX,4471,up,2025-05-01
TM-01258,ACC-DLR-10,TUBE-DLX,4471,up,2026-07-01
TM-01259,ACC-DLR-17,TUBE-DLX,4471,up,2025-07-01
TM-01260,ACC-DLR-24,TUBE-STD,4471,up,2026-12-01
TM-01261,ACC-DLR-31,TUBE-DLX,4471,up,2025-01-01
TM-01262,ACC-DLR-38,TUBE-DLX,4471,up,2026-06-01
TM-01263,ACC-DLR-5,TUBE-DLX,4471,up,2026-11-01
TM-01264,ACC-DLR-12,TUBE-DLX,4471,up,2025-04-01
TM-01265,ACC-DLR-19,TUBE-STD,4471,up,2025-02-01
TM-01266,ACC-DLR-26,TUBE-DLX,4471,up,2025-08-01
TM-01267,ACC-DLR-33,TUBE-DLX,4471,up,2026-08-01
TM-01268,ACC-DLR-40,TUBE-DLX,4471,up,2025-09-01
TM-01269,ACC-DLR-7,TUBE-DLX,4471,up,2025-08-01
TM-01270,ACC-DLR-14,TUBE-STD,4471,up,2025-04-01
TM-01271,ACC-DLR-21,TUBE-DLX,4471,up,2026-10-01
TM-01272,ACC-DLR-28,TUBE-DLX,4471,up,2026-07-01
TM-01273,ACC-DLR-35,TUBE-DLX,4471,up,2025-04-01
TM-01274,ACC-DLR-2,TUBE-DLX,4471,up,2025-10-01
TM-01275,ACC-DLR-9,TUBE-STD,4471,up,2026-04-01
TM-01276,ACC-DLR-16,TUBE-DLX,4471,up,2025-01-01
TM-01277,ACC-DLR-23,TUBE-DLX,4471,up,2025-09-01
TM-01278,ACC-DLR-30,TUBE-DLX,4471,up,2025-12-01
TM-01279,ACC-DLR-37,TUBE-DLX,4471,up,2026-06-01
TM-01280,ACC-DLR-4,TUBE-STD,4471,up,2026-09-01
TM-01281,ACC-DLR-11,TUBE-DLX,4471,up,2025-06-01
TM-01282,ACC-DLR-18,TUBE-DLX,4471,up,2026-11-01
TM-01283,ACC-DLR-25,TUBE-DLX,4471,up,2025-06-01
TM-01284,ACC-DLR-32,TUBE-DLX,4471,up,2025-12-01
TM-01285,ACC-DLR-39,TUBE-STD,4471,up,2025-11-01
TM-01286,ACC-DLR-6,TUBE-DLX,4471,up,2026-11-01
TM-01287,ACC-DLR-13,TUBE-DLX,4471,up,2025-03-01
TM-01288,ACC-DLR-20,TUBE-DLX,4471,up,2026-05-01
TM-01289,ACC-DLR-27,TUBE-DLX,4471,up,2025-10-01
TM-01290,ACC-DLR-34,TUBE-STD,4471,up,2026-01-01
TM-01291,ACC-DLR-1,TUBE-DLX,4471,up,2025-01-01
TM-01292,ACC-DLR-8,TUBE-DLX,4471,up,2026-01-01
TM-01293,ACC-DLR-15,TUBE-DLX,4471,up,2026-06-01
TM-01294,ACC-DLR-22,TUBE-DLX,4471,up,2025-10-01
TM-01295,ACC-DLR-29,TUBE-STD,4471,up,2025-11-01
TM-01296,ACC-DLR-36,TUBE-DLX,4471,up,2025-11-01
TM-01297,ACC-DLR-3,TUBE-DLX,4471,up,2026-12-01
TM-01298,ACC-DLR-10,TUBE-DLX,4471,up,2026-06-01
TM-01299,ACC-DLR-17,TUBE-DLX,4471,up,2026-11-01
TM-01300,ACC-DLR-24,TUBE-STD,4471,up,2026-03-01
TM-01301,ACC-DLR-31,TUBE-DLX,4471,up,2025-10-01
TM-01302,ACC-DLR-38,TUBE-DLX,4471,up,2026-04-01
TM-01303,ACC-DLR-5,TUBE-DLX,4471,up,2026-01-01
TM-01304,ACC-DLR-12,TUBE-DLX,4471,up,2026-01-01
TM-01305,ACC-DLR-19,TUBE-STD,4471,up,2026-06-01
TM-01306,ACC-DLR-26,TUBE-DLX,4471,up,2025-07-01
TM-01307,ACC-DLR-33,TUBE-DLX,4471,up,2025-07-01
TM-01308,ACC-DLR-40,TUBE-DLX,4471,up,2025-07-01
TM-01309,ACC-DLR-7,TUBE-DLX,4471,up,2025-11-01
TM-01310,ACC-DLR-14,TUBE-STD,4471,up,2026-04-01
TM-01311,ACC-DLR-21,TUBE-DLX,4471,up,2025-02-01
TM-01312,ACC-DLR-28,TUBE-DLX,4471,up,2026-06-01
TM-01313,ACC-DLR-35,TUBE-DLX,4471,up,2026-03-01
TM-01314,ACC-DLR-2,TUBE-DLX,4471,up,2026-12-01
TM-01315,ACC-DLR-9,TUBE-STD,4471,up,2026-03-01
TM-01316,ACC-DLR-16,TUBE-DLX,4471,up,2025-09-01
TM-01317,ACC-DLR-23,TUBE-DLX,4471,up,2026-09-01
TM-01318,ACC-DLR-30,TUBE-DLX,4471,up,2025-11-01
TM-01319,ACC-DLR-37,TUBE-DLX,4471,up,2025-05-01
TM-01320,ACC-DLR-4,TUBE-STD,4471,up,2026-12-01
TM-01321,ACC-DLR-11,TUBE-DLX,4471,up,2025-09-01
TM-01322,ACC-DLR-18,TUBE-DLX,4471,up,2025-11-01
TM-01323,ACC-DLR-25,TUBE-DLX,4471,up,2025-11-01
TM-01324,ACC-DLR-32,TUBE-DLX,4471,up,2025-05-01
TM-01325,ACC-DLR-39,TUBE-STD,4471,up,2026-01-01
TM-01326,ACC-DLR-6,TUBE-DLX,4471,up,2025-02-01
TM-01327,ACC-DLR-13,TUBE-DLX,4471,up,2026-12-01
TM-01328,ACC-DLR-20,TUBE-DLX,4471,up,2025-08-01
TM-01329,ACC-DLR-27,TUBE-DLX,4471,up,2025-06-01
TM-01330,ACC-DLR-34,TUBE-STD,4471,up,2026-10-01
TM-01331,ACC-DLR-1,TUBE-DLX,4471,up,2026-12-01
TM-01332,ACC-DLR-8,TUBE-DLX,4471,up,2025-10-01
TM-01333,ACC-DLR-15,TUBE-DLX,4471,up,2026-11-01
TM-01334,ACC-DLR-22,TUBE-DLX,4471,up,2026-05-01
TM-01335,ACC-DLR-29,TUBE-STD,4471,up,2026-05-01
TM-01336,ACC-DLR-36,TUBE-DLX,4471,up,2025-08-01
TM-01337,ACC-DLR-3,TUBE-DLX,4471,up,2025-01-01
TM-01338,ACC-DLR-10,TUBE-DLX,4471,up,2025-09-01
TM-01339,ACC-DLR-17,TUBE-DLX,4471,up,2025-10-01
TM-01340,ACC-DLR-24,TUBE-STD,4471,up,2025-11-01
TM-01341,ACC-DLR-31,TUBE-DLX,4471,up,2026-12-01
TM-01342,ACC-DLR-38,TUBE-DLX,4471,up,2025-08-01
TM-01343,ACC-DLR-5,TUBE-DLX,4471,up,2025-06-01
TM-01344,ACC-DLR-12,TUBE-DLX,4471,up,2025-06-01
TM-01345,ACC-DLR-19,TUBE-STD,4471,up,2025-05-01
TM-01346,ACC-DLR-26,TUBE-DLX,4471,up,2025-02-01
TM-01347,ACC-DLR-33,TUBE-DLX,4471,up,2025-12-01
TM-01348,ACC-DLR-40,TUBE-DLX,4471,up,2026-06-01
TM-01349,ACC-DLR-7,TUBE-DLX,4471,up,2026-11-01
TM-01350,ACC-DLR-14,TUBE-STD,4471,up,2025-12-01
TM-01351,ACC-DLR-21,TUBE-DLX,4471,up,2026-11-01
TM-01352,ACC-DLR-28,TUBE-DLX,4471,up,2026-02-01
TM-01353,ACC-DLR-35,TUBE-DLX,4471,up,2025-02-01
TM-01354,ACC-DLR-2,TUBE-DLX,4471,up,2026-01-01
TM-01355,ACC-DLR-9,TUBE-STD,4471,up,2025-08-01
TM-01356,ACC-DLR-16,TUBE-DLX,4471,up,2025-06-01
TM-01357,ACC-DLR-23,TUBE-DLX,4471,up,2026-03-01
TM-01358,ACC-DLR-30,TUBE-DLX,4471,up,2026-10-01
TM-01359,ACC-DLR-37,TUBE-DLX,4471,up,2025-04-01
TM-01360,ACC-DLR-4,TUBE-STD,4471,up,2025-07-01
TM-01361,ACC-DLR-11,TUBE-DLX,4471,up,2026-08-01
TM-01362,ACC-DLR-18,TUBE-DLX,4471,up,2025-08-01
TM-01363,ACC-DLR-25,TUBE-DLX,4471,up,2026-08-01
TM-01364,ACC-DLR-32,TUBE-DLX,4471,up,2025-07-01
TM-01365,ACC-DLR-39,TUBE-STD,4471,up,2025-07-01
TM-01366,ACC-DLR-6,TUBE-DLX,4471,up,2026-01-01
TM-01367,ACC-DLR-13,TUBE-DLX,4471,up,2025-07-01
TM-01368,ACC-DLR-20,TUBE-DLX,4471,up,2025-10-01
TM-01369,ACC-DLR-27,TUBE-DLX,4471,up,2025-06-01
TM-01370,ACC-DLR-34,TUBE-STD,4471,up,2025-03-01
TM-01371,ACC-DLR-1,TUBE-DLX,4471,up,2026-10-01
TM-01372,ACC-DLR-8,TUBE-DLX,4471,up,2025-12-01
TM-01373,ACC-DLR-15,TUBE-DLX,4471,up,2026-12-01
TM-01374,ACC-DLR-22,TUBE-DLX,4471,up,2025-03-01
TM-01375,ACC-DLR-29,TUBE-STD,4471,up,2026-06-01
TM-01376,ACC-DLR-36,TUBE-DLX,4471,up,2025-03-01
TM-01377,ACC-DLR-3,TUBE-DLX,4471,up,2025-12-01
TM-01378,ACC-DLR-10,TUBE-DLX,4471,up,2026-12-01
TM-01379,ACC-DLR-17,TUBE-DLX,4471,up,2026-07-01
TM-01380,ACC-DLR-24,TUBE-STD,4471,up,2026-01-01
TM-01381,ACC-DLR-31,TUBE-DLX,4471,up,2026-10-01
TM-01382,ACC-DLR-38,TUBE-DLX,4471,up,2025-03-01
TM-01383,ACC-DLR-5,TUBE-DLX,4471,up,2025-01-01
TM-01384,ACC-DLR-12,TUBE-DLX,4471,up,2025-04-01
TM-01385,ACC-DLR-19,TUBE-STD,4471,up,2026-04-01
TM-01386,ACC-DLR-26,TUBE-DLX,4471,up,2025-02-01
TM-01387,ACC-DLR-33,TUBE-DLX,4471,up,2025-04-01
TM-01388,ACC-DLR-40,TUBE-DLX,4471,up,2025-02-01
TM-01389,ACC-DLR-7,TUBE-DLX,4471,up,2025-08-01
TM-01390,ACC-DLR-14,TUBE-STD,4471,up,2026-03-01
TM-01391,ACC-DLR-21,TUBE-DLX,4471,up,2026-07-01
TM-01392,ACC-DLR-28,TUBE-DLX,4471,up,2025-12-01
TM-01393,ACC-DLR-35,TUBE-DLX,4471,up,2025-04-01
TM-01394,ACC-DLR-2,TUBE-DLX,4471,up,2025-01-01
TM-01395,ACC-DLR-9,TUBE-STD,4471,up,2025-09-01
TM-01396,ACC-DLR-16,TUBE-DLX,4471,up,2025-02-01
TM-01397,ACC-DLR-23,TUBE-DLX,4471,up,2025-08-01
TM-01398,ACC-DLR-30,TUBE-DLX,4471,up,2026-04-01
TM-01399,ACC-DLR-37,TUBE-DLX,4471,up,2025-02-01
TM-01400,ACC-DLR-4,TUBE-STD,4471,up,2025-04-01
TM-01401,ACC-DLR-11,TUBE-DLX,4471,up,2025-05-01
TM-01402,ACC-DLR-18,TUBE-DLX,4471,up,2025-12-01
TM-01403,ACC-DLR-25,TUBE-DLX,4471,up,2026-04-01
TM-01404,ACC-DLR-32,TUBE-DLX,4471,up,2026-02-01
TM-01405,ACC-DLR-39,TUBE-STD,4471,up,2025-02-01
TM-01406,ACC-DLR-6,TUBE-DLX,4471,up,2025-09-01
TM-01407,ACC-DLR-13,TUBE-DLX,4471,up,2026-02-01
TM-01408,ACC-DLR-20,TUBE-DLX,4471,up,2026-03-01
TM-01409,ACC-DLR-27,TUBE-DLX,4471,up,2026-05-01
TM-01410,ACC-DLR-34,TUBE-STD,4471,up,2026-11-01
TM-01411,ACC-DLR-1,TUBE-DLX,4471,up,2025-09-01
TM-01412,ACC-DLR-8,TUBE-DLX,4471,up,2026-04-01
TM-01413,ACC-DLR-15,TUBE-DLX,4471,up,2025-02-01
TM-01414,ACC-DLR-22,TUBE-DLX,4471,up,2025-09-01
TM-01415,ACC-DLR-29,TUBE-STD,4471,up,2025-11-01
TM-01416,ACC-DLR-36,TUBE-DLX,4471,up,2025-04-01
TM-01417,ACC-DLR-3,TUBE-DLX,4471,up,2026-12-01
TM-01418,ACC-DLR-10,TUBE-DLX,4471,up,2025-05-01
TM-01419,ACC-DLR-17,TUBE-DLX,4471,up,2026-05-01
TM-01420,ACC-DLR-24,TUBE-STD,4471,up,2025-09-01
TM-01421,ACC-DLR-31,TUBE-DLX,4471,up,2026-04-01
TM-01422,ACC-DLR-38,TUBE-DLX,4471,up,2025-01-01
TM-01423,ACC-DLR-5,TUBE-DLX,4471,up,2026-08-01
TM-01424,ACC-DLR-12,TUBE-DLX,4471,up,2026-11-01
TM-01425,ACC-DLR-19,TUBE-STD,4471,up,2025-09-01
TM-01426,ACC-DLR-26,TUBE-DLX,4471,up,2026-09-01
TM-01427,ACC-DLR-33,TUBE-DLX,4471,up,2026-06-01
TM-01428,ACC-DLR-40,TUBE-DLX,4471,up,2026-12-01
TM-01429,ACC-DLR-7,TUBE-DLX,4471,up,2026-03-01
TM-01430,ACC-DLR-14,TUBE-STD,4471,up,2025-02-01
TM-01431,ACC-DLR-21,TUBE-DLX,4471,up,2026-02-01
TM-01432,ACC-DLR-28,TUBE-DLX,4471,up,2026-07-01
TM-01433,ACC-DLR-35,TUBE-DLX,4471,up,2026-07-01
TM-01434,ACC-DLR-2,TUBE-DLX,4471,up,2025-06-01
TM-01435,ACC-DLR-9,TUBE-STD,4471,up,2025-12-01
TM-01436,ACC-DLR-16,TUBE-DLX,4471,up,2026-07-01
TM-01437,ACC-DLR-23,TUBE-DLX,4471,up,2026-03-01
TM-01438,ACC-DLR-30,TUBE-DLX,4471,up,2026-09-01
TM-01439,ACC-DLR-37,TUBE-DLX,4471,up,2026-04-01
TM-01440,ACC-DLR-4,TUBE-STD,4471,up,2025-11-01
TM-01441,ACC-DLR-11,TUBE-DLX,4471,up,2025-06-01
TM-01442,ACC-DLR-18,TUBE-DLX,4471,up,2026-08-01
TM-01443,ACC-DLR-25,TUBE-DLX,4471,up,2025-05-01
TM-01444,ACC-DLR-32,TUBE-DLX,4471,up,2025-10-01
TM-01445,ACC-DLR-39,TUBE-STD,4471,up,2026-01-01
TM-01446,ACC-DLR-6,TUBE-DLX,4471,up,2026-11-01
TM-01447,ACC-DLR-13,TUBE-DLX,4471,up,2025-01-01
TM-01448,ACC-DLR-20,TUBE-DLX,4471,up,2025-04-01
TM-01449,ACC-DLR-27,TUBE-DLX,4471,up,2025-02-01
TM-01450,ACC-DLR-34,TUBE-STD,4471,up,2025-04-01
TM-01451,ACC-DLR-1,TUBE-DLX,4471,up,2025-05-01
TM-01452,ACC-DLR-8,TUBE-DLX,4471,up,2026-11-01
TM-01453,ACC-DLR-15,TUBE-DLX,4471,up,2025-03-01
TM-01454,ACC-DLR-22,TUBE-DLX,4471,up,2026-06-01
TM-01455,ACC-DLR-29,TUBE-STD,4471,up,2025-11-01
TM-01456,ACC-DLR-36,TUBE-DLX,4471,up,2026-10-01
TM-01457,ACC-DLR-3,TUBE-DLX,4471,up,2026-08-01
TM-01458,ACC-DLR-10,TUBE-DLX,4471,up,2025-10-01
TM-01459,ACC-DLR-17,TUBE-DLX,4471,up,2026-08-01
TM-01460,ACC-DLR-24,TUBE-STD,4471,up,2025-11-01
TM-01461,ACC-DLR-31,TUBE-DLX,4471,up,2026-10-01
TM-01462,ACC-DLR-38,TUBE-DLX,4471,up,2025-04-01
TM-01463,ACC-DLR-5,TUBE-DLX,4471,up,2026-03-01
TM-01464,ACC-DLR-12,TUBE-DLX,4471,up,2026-12-01
TM-01465,ACC-DLR-19,TUBE-STD,4471,up,2025-02-01
TM-01466,ACC-DLR-26,TUBE-DLX,4471,up,2025-10-01
TM-01467,ACC-DLR-33,TUBE-DLX,4471,up,2026-03-01
TM-01468,ACC-DLR-40,TUBE-DLX,4471,up,2026-08-01
TM-01469,ACC-DLR-7,TUBE-DLX,4471,up,2026-12-01
TM-01470,ACC-DLR-14,TUBE-STD,4471,up,2026-02-01
TM-01471,ACC-DLR-21,TUBE-DLX,4471,up,2026-04-01
TM-01472,ACC-DLR-28,TUBE-DLX,4471,up,2025-08-01
TM-01473,ACC-DLR-35,TUBE-DLX,4471,up,2025-07-01
TM-01474,ACC-DLR-2,TUBE-DLX,4471,up,2025-03-01
TM-01475,ACC-DLR-9,TUBE-STD,4471,up,2026-06-01
TM-01476,ACC-DLR-16,TUBE-DLX,4471,up,2026-10-01
TM-01477,ACC-DLR-23,TUBE-DLX,4471,up,2026-02-01
TM-01478,ACC-DLR-30,TUBE-DLX,4471,up,2026-02-01
TM-01479,ACC-DLR-37,TUBE-DLX,4471,up,2026-07-01
TM-01480,ACC-DLR-4,TUBE-STD,4471,up,2026-12-01
TM-01481,ACC-DLR-11,TUBE-DLX,4471,up,2026-09-01
TM-01482,ACC-DLR-18,TUBE-DLX,4471,up,2026-09-01
TM-01483,ACC-DLR-25,TUBE-DLX,4471,up,2026-05-01
TM-01484,ACC-DLR-32,TUBE-DLX,4471,up,2025-07-01
TM-01485,ACC-DLR-39,TUBE-STD,4471,up,2026-01-01
TM-01486,ACC-DLR-6,TUBE-DLX,4471,up,2026-02-01
TM-01487,ACC-DLR-13,TUBE-DLX,4471,up,2026-06-01
TM-01488,ACC-DLR-20,TUBE-DLX,4471,up,2025-10-01
TM-01489,ACC-DLR-27,TUBE-DLX,4471,up,2025-11-01
TM-01490,ACC-DLR-34,TUBE-STD,4471,up,2025-01-01
TM-01491,ACC-DLR-1,TUBE-DLX,4471,up,2025-02-01
TM-01492,ACC-DLR-8,TUBE-DLX,4471,up,2025-05-01
TM-01493,ACC-DLR-15,TUBE-DLX,4471,up,2025-03-01
TM-01494,ACC-DLR-22,TUBE-DLX,4471,up,2026-11-01
TM-01495,ACC-DLR-29,TUBE-STD,4471,up,2026-07-01
TM-01496,ACC-DLR-36,TUBE-DLX,4471,up,2026-11-01
TM-01497,ACC-DLR-3,TUBE-DLX,4471,up,2026-11-01
TM-01498,ACC-DLR-10,TUBE-DLX,4471,up,2025-03-01
TM-01499,ACC-DLR-17,TUBE-DLX,4471,up,2026-07-01
TM-01500,ACC-DLR-24,TUBE-STD,4471,up,2026-01-01
TM-01501,ACC-DLR-31,TUBE-DLX,4471,up,2025-10-01
TM-01502,ACC-DLR-38,TUBE-DLX,4471,up,2025-02-01
TM-01503,ACC-DLR-5,TUBE-DLX,4471,up,2026-02-01
TM-01504,ACC-DLR-12,TUBE-DLX,4471,up,2025-04-01
TM-01505,ACC-DLR-19,TUBE-STD,4471,up,2026-09-01
TM-01506,ACC-DLR-26,TUBE-DLX,4471,up,2025-05-01
TM-01507,ACC-DLR-33,TUBE-DLX,4471,up,2025-11-01
TM-01508,ACC-DLR-40,TUBE-DLX,4471,up,2026-09-01
TM-01509,ACC-DLR-7,TUBE-DLX,4471,up,2026-09-01
TM-01510,ACC-DLR-14,TUBE-STD,4471,up,2026-01-01
TM-01511,ACC-DLR-21,TUBE-DLX,4471,up,2026-09-01
TM-01512,ACC-DLR-28,TUBE-DLX,4471,up,2025-12-01
TM-01513,ACC-DLR-35,TUBE-DLX,4471,up,2026-06-01
TM-01514,ACC-DLR-2,TUBE-DLX,4471,up,2025-04-01
TM-01515,ACC-DLR-9,TUBE-STD,4471,up,2026-12-01
TM-01516,ACC-DLR-16,TUBE-DLX,4471,up,2025-08-01
TM-01517,ACC-DLR-23,TUBE-DLX,4471,up,2026-08-01
TM-01518,ACC-DLR-30,TUBE-DLX,4471,up,2026-06-01
TM-01519,ACC-DLR-37,TUBE-DLX,4471,up,2025-09-01
TM-01520,ACC-DLR-4,TUBE-STD,4471,up,2025-08-01
TM-01521,ACC-DLR-11,TUBE-DLX,4471,up,2025-07-01
TM-01522,ACC-DLR-18,TUBE-DLX,4471,up,2026-12-01
TM-01523,ACC-DLR-25,TUBE-DLX,4471,up,2026-01-01
TM-01524,ACC-DLR-32,TUBE-DLX,4471,up,2026-07-01
TM-01525,ACC-DLR-39,TUBE-STD,4471,up,2025-10-01
TM-01526,ACC-DLR-6,TUBE-DLX,4471,up,2025-04-01
TM-01527,ACC-DLR-13,TUBE-DLX,4471,up,2025-11-01
TM-01528,ACC-DLR-20,TUBE-DLX,4471,up,2025-11-01
TM-01529,ACC-DLR-27,TUBE-DLX,4471,up,2025-06-01
TM-01530,ACC-DLR-34,TUBE-STD,4471,up,2026-04-01
TM-01531,ACC-DLR-1,TUBE-DLX,4471,up,2026-06-01
TM-01532,ACC-DLR-8,TUBE-DLX,4471,up,2026-06-01
TM-01533,ACC-DLR-15,TUBE-DLX,4471,up,2025-09-01
TM-01534,ACC-DLR-22,TUBE-DLX,4471,up,2025-03-01
TM-01535,ACC-DLR-29,TUBE-STD,4471,up,2026-09-01
TM-01536,ACC-DLR-36,TUBE-DLX,4471,up,2026-10-01
TM-01537,ACC-DLR-3,TUBE-DLX,4471,up,2026-04-01
TM-01538,ACC-DLR-10,TUBE-DLX,4471,up,2026-07-01
TM-01539,ACC-DLR-17,TUBE-DLX,4471,up,2026-01-01
TM-01540,ACC-DLR-24,TUBE-STD,4471,up,2025-12-01
TM-01541,ACC-DLR-31,TUBE-DLX,4471,up,2026-09-01
TM-01542,ACC-DLR-38,TUBE-DLX,4471,up,2026-03-01
TM-01543,ACC-DLR-5,TUBE-DLX,4471,up,2026-09-01
TM-01544,ACC-DLR-12,TUBE-DLX,4471,up,2025-11-01
TM-01545,ACC-DLR-19,TUBE-STD,4471,up,2025-04-01
TM-01546,ACC-DLR-26,TUBE-DLX,4471,up,2026-05-01
TM-01547,ACC-DLR-33,TUBE-DLX,4471,up,2026-06-01
TM-01548,ACC-DLR-40,TUBE-DLX,4471,up,2026-09-01
TM-01549,ACC-DLR-7,TUBE-DLX,4471,up,2025-03-01
TM-01550,ACC-DLR-14,TUBE-STD,4471,up,2026-01-01
TM-01551,ACC-DLR-21,TUBE-DLX,4471,up,2026-04-01
TM-01552,ACC-DLR-28,TUBE-DLX,4471,up,2025-04-01
TM-01553,ACC-DLR-35,TUBE-DLX,4471,up,2025-10-01
TM-01554,ACC-DLR-2,TUBE-DLX,4471,up,2026-01-01
TM-01555,ACC-DLR-9,TUBE-STD,4471,up,2025-03-01
TM-01556,ACC-DLR-16,TUBE-DLX,4471,up,2025-03-01
TM-01557,ACC-DLR-23,TUBE-DLX,4471,up,2026-05-01
TM-01558,ACC-DLR-30,TUBE-DLX,4471,up,2026-06-01
TM-01559,ACC-DLR-37,TUBE-DLX,4471,up,2025-01-01
TM-01560,ACC-DLR-4,TUBE-STD,4471,up,2025-04-01
TM-01561,ACC-DLR-11,TUBE-DLX,4471,up,2026-07-01
TM-01562,ACC-DLR-18,TUBE-DLX,4471,up,2026-07-01
TM-01563,ACC-DLR-25,TUBE-DLX,4471,up,2025-02-01
TM-01564,ACC-DLR-32,TUBE-DLX,4471,up,2025-01-01
TM-01565,ACC-DLR-39,TUBE-STD,4471,up,2025-09-01
TM-01566,ACC-DLR-6,TUBE-DLX,4471,up,2025-12-01
TM-01567,ACC-DLR-13,TUBE-DLX,4471,up,2025-11-01
TM-01568,ACC-DLR-20,TUBE-DLX,4471,up,2026-11-01
TM-01569,ACC-DLR-27,TUBE-DLX,4471,up,2026-02-01
TM-01570,ACC-DLR-34,TUBE-STD,4471,up,2026-01-01
TM-01571,ACC-DLR-1,TUBE-DLX,4471,up,2026-04-01
TM-01572,ACC-DLR-8,TUBE-DLX,4471,up,2026-02-01
TM-01573,ACC-DLR-15,TUBE-DLX,4471,up,2025-12-01
TM-01574,ACC-DLR-22,TUBE-DLX,4471,up,2026-05-01
TM-01575,ACC-DLR-29,TUBE-STD,4471,up,2025-04-01
TM-01576,ACC-DLR-36,TUBE-DLX,4471,up,2025-03-01
TM-01577,ACC-DLR-3,TUBE-DLX,4471,up,2025-04-01
TM-01578,ACC-DLR-10,TUBE-DLX,4471,up,2025-10-01
TM-01579,ACC-DLR-17,TUBE-DLX,4471,up,2025-07-01
TM-01580,ACC-DLR-24,TUBE-STD,4471,up,2026-05-01
TM-01581,ACC-DLR-31,TUBE-DLX,4471,up,2025-02-01
TM-01582,ACC-DLR-38,TUBE-DLX,4471,up,2025-04-01
TM-01583,ACC-DLR-5,TUBE-DLX,4471,up,2025-12-01
TM-01584,ACC-DLR-12,TUBE-DLX,4471,up,2025-04-01
TM-01585,ACC-DLR-19,TUBE-STD,4471,up,2025-02-01
TM-01586,ACC-DLR-26,TUBE-DLX,4471,up,2025-04-01
TM-01587,ACC-DLR-33,TUBE-DLX,4471,up,2025-02-01
TM-01588,ACC-DLR-40,TUBE-DLX,4471,up,2025-03-01
TM-01589,ACC-DLR-7,TUBE-DLX,4471,up,2025-07-01
TM-01590,ACC-DLR-14,TUBE-STD,4471,up,2026-03-01
TM-01591,ACC-DLR-21,TUBE-DLX,4471,up,2025-03-01
TM-01592,ACC-DLR-28,TUBE-DLX,4471,up,2026-02-01
TM-01593,ACC-DLR-35,TUBE-DLX,4471,up,2026-08-01
TM-01594,ACC-DLR-2,TUBE-DLX,4471,up,2026-05-01
TM-01595,ACC-DLR-9,TUBE-STD,4471,up,2026-02-01
TM-01596,ACC-DLR-16,TUBE-DLX,4471,up,2026-03-01
TM-01597,ACC-DLR-23,TUBE-DLX,4471,up,2025-06-01
TM-01598,ACC-DLR-30,TUBE-DLX,4471,up,2026-01-01
TM-01599,ACC-DLR-37,TUBE-DLX,4471,up,2025-06-01
TM-01600,ACC-DLR-4,TUBE-STD,4471,up,2025-02-01
TM-01601,ACC-DLR-11,TUBE-DLX,4471,up,2026-09-01
TM-01602,ACC-DLR-18,TUBE-DLX,4471,up,2025-07-01
TM-01603,ACC-DLR-25,TUBE-DLX,4471,up,2026-04-01
TM-01604,ACC-DLR-32,TUBE-DLX,4471,up,2026-10-01
TM-01605,ACC-DLR-39,TUBE-STD,4471,up,2025-08-01
TM-01606,ACC-DLR-6,TUBE-DLX,4471,up,2026-03-01
TM-01607,ACC-DLR-13,TUBE-DLX,4471,up,2025-04-01
TM-01608,ACC-DLR-20,TUBE-DLX,4471,up,2026-08-01
TM-01609,ACC-DLR-27,TUBE-DLX,4471,up,2026-02-01
TM-01610,ACC-DLR-34,TUBE-STD,4471,up,2025-04-01
TM-01611,ACC-DLR-1,TUBE-DLX,4471,up,2026-11-01
TM-01612,ACC-DLR-8,TUBE-DLX,4471,up,2026-03-01
TM-01613,ACC-DLR-15,TUBE-DLX,4471,up,2025-02-01
TM-01614,ACC-DLR-22,TUBE-DLX,4471,up,2025-09-01
TM-01615,ACC-DLR-29,TUBE-STD,4471,up,2025-12-01
TM-01616,ACC-DLR-36,TUBE-DLX,4471,up,2025-10-01
TM-01617,ACC-DLR-3,TUBE-DLX,4471,up,2025-05-01
TM-01618,ACC-DLR-10,TUBE-DLX,4471,up,2025-07-01
TM-01619,ACC-DLR-17,TUBE-DLX,4471,up,2025-09-01
TM-01620,ACC-DLR-24,TUBE-STD,4471,up,2025-03-01
TM-01621,ACC-DLR-31,TUBE-DLX,4471,up,2026-12-01
TM-01622,ACC-DLR-38,TUBE-DLX,4471,up,2026-10-01
TM-01623,ACC-DLR-5,TUBE-DLX,4471,up,2026-04-01
TM-01624,ACC-DLR-12,TUBE-DLX,4471,up,2026-05-01
TM-01625,ACC-DLR-19,TUBE-STD,4471,up,2025-02-01
TM-01626,ACC-DLR-26,TUBE-DLX,4471,up,2026-07-01
TM-01627,ACC-DLR-33,TUBE-DLX,4471,up,2025-12-01
TM-01628,ACC-DLR-40,TUBE-DLX,4471,up,2025-03-01
TM-01629,ACC-DLR-7,TUBE-DLX,4471,up,2025-01-01
TM-01630,ACC-DLR-14,TUBE-STD,4471,up,2025-10-01
TM-01631,ACC-DLR-21,TUBE-DLX,4471,up,2026-09-01
TM-01632,ACC-DLR-28,TUBE-DLX,4471,up,2026-08-01
TM-01633,ACC-DLR-35,TUBE-DLX,4471,up,2025-10-01
TM-01634,ACC-DLR-2,TUBE-DLX,4471,up,2026-10-01
TM-01635,ACC-DLR-9,TUBE-STD,4471,up,2026-06-01
TM-01636,ACC-DLR-16,TUBE-DLX,4471,up,2026-09-01
TM-01637,ACC-DLR-23,TUBE-DLX,4471,up,2026-02-01
TM-01638,ACC-DLR-30,TUBE-DLX,4471,up,2025-01-01
TM-01639,ACC-DLR-37,TUBE-DLX,4471,up,2025-04-01
TM-01640,ACC-DLR-4,TUBE-STD,4471,up,2026-08-01
TM-01641,ACC-DLR-11,TUBE-DLX,4471,up,2026-05-01
TM-01642,ACC-DLR-18,TUBE-DLX,4471,up,2025-02-01
TM-01643,ACC-DLR-25,TUBE-DLX,4471,up,2025-10-01
TM-01644,ACC-DLR-32,TUBE-DLX,4471,up,2026-10-01
TM-01645,ACC-DLR-39,TUBE-STD,4471,up,2025-08-01
TM-01646,ACC-DLR-6,TUBE-DLX,4471,up,2025-08-01
TM-01647,ACC-DLR-13,TUBE-DLX,4471,up,2025-08-01
TM-01648,ACC-DLR-20,TUBE-DLX,4471,up,2026-04-01
TM-01649,ACC-DLR-27,TUBE-DLX,4471,up,2026-03-01
TM-01650,ACC-DLR-34,TUBE-STD,4471,up,2026-10-01
TM-01651,ACC-DLR-1,TUBE-DLX,4471,up,2025-04-01
TM-01652,ACC-DLR-8,TUBE-DLX,4471,up,2025-10-01
TM-01653,ACC-DLR-15,TUBE-DLX,4471,up,2026-05-01
TM-01654,ACC-DLR-22,TUBE-DLX,4471,up,2026-11-01
TM-01655,ACC-DLR-29,TUBE-STD,4471,up,2026-10-01
TM-01656,ACC-DLR-36,TUBE-DLX,4471,up,2025-01-01
TM-01657,ACC-DLR-3,TUBE-DLX,4471,up,2026-04-01
TM-01658,ACC-DLR-10,TUBE-DLX,4471,up,2025-05-01
TM-01659,ACC-DLR-17,TUBE-DLX,4471,up,2026-10-01
TM-01660,ACC-DLR-24,TUBE-STD,4471,up,2026-01-01
TM-01661,ACC-DLR-31,TUBE-DLX,4471,up,2025-12-01
TM-01662,ACC-DLR-38,TUBE-DLX,4471,up,2025-06-01
TM-01663,ACC-DLR-5,TUBE-DLX,4471,up,2026-02-01
TM-01664,ACC-DLR-12,TUBE-DLX,4471,up,2026-05-01
TM-01665,ACC-DLR-19,TUBE-STD,4471,up,2026-11-01
TM-01666,ACC-DLR-26,TUBE-DLX,4471,up,2026-04-01
TM-01667,ACC-DLR-33,TUBE-DLX,4471,up,2026-01-01
TM-01668,ACC-DLR-40,TUBE-DLX,4471,up,2025-04-01
TM-01669,ACC-DLR-7,TUBE-DLX,4471,up,2026-04-01
TM-01670,ACC-DLR-14,TUBE-STD,4471,up,2026-02-01
TM-01671,ACC-DLR-21,TUBE-DLX,4471,up,2026-06-01
TM-01672,ACC-DLR-28,TUBE-DLX,4471,up,2025-07-01
TM-01673,ACC-DLR-35,TUBE-DLX,4471,up,2026-01-01
TM-01674,ACC-DLR-2,TUBE-DLX,4471,up,2025-01-01
TM-01675,ACC-DLR-9,TUBE-STD,4471,up,2025-02-01
TM-01676,ACC-DLR-16,TUBE-DLX,4471,up,2026-10-01
TM-01677,ACC-DLR-23,TUBE-DLX,4471,up,2025-05-01
TM-01678,ACC-DLR-30,TUBE-DLX,4471,up,2025-01-01
TM-01679,ACC-DLR-37,TUBE-DLX,4471,up,2025-09-01
TM-01680,ACC-DLR-4,TUBE-STD,4471,up,2026-10-01
TM-01681,ACC-DLR-11,TUBE-DLX,4471,up,2026-07-01
TM-01682,ACC-DLR-18,TUBE-DLX,4471,up,2025-02-01
TM-01683,ACC-DLR-25,TUBE-DLX,4471,up,2025-11-01
TM-01684,ACC-DLR-32,TUBE-DLX,4471,up,2026-03-01
TM-01685,ACC-DLR-39,TUBE-STD,4471,up,2025-04-01
TM-01686,ACC-DLR-6,TUBE-DLX,4471,up,2026-01-01
TM-01687,ACC-DLR-13,TUBE-DLX,4471,up,2026-11-01
TM-01688,ACC-DLR-20,TUBE-DLX,4471,up,2025-10-01
TM-01689,ACC-DLR-27,TUBE-DLX,4471,up,2026-08-01
TM-01690,ACC-DLR-34,TUBE-STD,4471,up,2025-07-01
TM-01691,ACC-DLR-1,TUBE-DLX,4471,up,2025-09-01
TM-01692,ACC-DLR-8,TUBE-DLX,4471,up,2025-01-01
TM-01693,ACC-DLR-15,TUBE-DLX,4471,up,2026-10-01
TM-01694,ACC-DLR-22,TUBE-DLX,4471,up,2026-06-01
TM-01695,ACC-DLR-29,TUBE-STD,4471,up,2025-03-01
TM-01696,ACC-DLR-36,TUBE-DLX,4471,up,2026-11-01
TM-01697,ACC-DLR-3,TUBE-DLX,4471,up,2025-05-01
TM-01698,ACC-DLR-10,TUBE-DLX,4471,up,2026-08-01
TM-01699,ACC-DLR-17,TUBE-DLX,4471,up,2026-07-01
TM-01700,ACC-DLR-24,TUBE-STD,4471,up,2026-12-01
TM-01701,ACC-DLR-31,TUBE-DLX,4471,up,2026-12-01
TM-01702,ACC-DLR-38,TUBE-DLX,4471,up,2025-07-01
TM-01703,ACC-DLR-5,TUBE-DLX,4471,up,2025-08-01
TM-01704,ACC-DLR-12,TUBE-DLX,4471,up,2026-10-01
TM-01705,ACC-DLR-19,TUBE-STD,4471,up,2026-07-01
TM-01706,ACC-DLR-26,TUBE-DLX,4471,up,2025-03-01
TM-01707,ACC-DLR-33,TUBE-DLX,4471,up,2025-06-01
TM-01708,ACC-DLR-40,TUBE-DLX,4471,up,2026-10-01
TM-01709,ACC-DLR-7,TUBE-DLX,4471,up,2025-12-01
TM-01710,ACC-DLR-14,TUBE-STD,4471,up,2026-10-01
TM-01711,ACC-DLR-21,TUBE-DLX,4471,up,2025-05-01
TM-01712,ACC-DLR-28,TUBE-DLX,4471,up,2025-04-01
TM-01713,ACC-DLR-35,TUBE-DLX,4471,up,2026-01-01
TM-01714,ACC-DLR-2,TUBE-DLX,4471,up,2025-06-01
TM-01715,ACC-DLR-9,TUBE-STD,4471,up,2026-01-01
TM-01716,ACC-DLR-16,TUBE-DLX,4471,up,2025-07-01
TM-01717,ACC-DLR-23,TUBE-DLX,4471,up,2025-02-01
TM-01718,ACC-DLR-30,TUBE-DLX,4471,up,2025-10-01
TM-01719,ACC-DLR-37,TUBE-DLX,4471,up,2026-11-01
TM-01720,ACC-DLR-4,TUBE-STD,4471,up,2026-11-01
TM-01721,ACC-DLR-11,TUBE-DLX,4471,up,2026-08-01
TM-01722,ACC-DLR-18,TUBE-DLX,4471,up,2026-05-01
TM-01723,ACC-DLR-25,TUBE-DLX,4471,up,2026-03-01
TM-01724,ACC-DLR-32,TUBE-DLX,4471,up,2025-04-01
TM-01725,ACC-DLR-39,TUBE-STD,4471,up,2026-01-01
TM-01726,ACC-DLR-6,TUBE-DLX,4471,up,2025-05-01
TM-01727,ACC-DLR-13,TUBE-DLX,4471,up,2025-06-01
TM-01728,ACC-DLR-20,TUBE-DLX,4471,up,2025-11-01
TM-01729,ACC-DLR-27,TUBE-DLX,4471,up,2025-10-01
TM-01730,ACC-DLR-34,TUBE-STD,4471,up,2025-02-01
TM-01731,ACC-DLR-1,TUBE-DLX,4471,up,2025-11-01
TM-01732,ACC-DLR-8,TUBE-DLX,4471,up,2026-07-01
TM-01733,ACC-DLR-15,TUBE-DLX,4471,up,2026-03-01
TM-01734,ACC-DLR-22,TUBE-DLX,4471,up,2026-07-01
TM-01735,ACC-DLR-29,TUBE-STD,4471,up,2026-02-01
TM-01736,ACC-DLR-36,TUBE-DLX,4471,up,2025-05-01
TM-01737,ACC-DLR-3,TUBE-DLX,4471,up,2026-03-01
TM-01738,ACC-DLR-10,TUBE-DLX,4471,up,2025-11-01
TM-01739,ACC-DLR-17,TUBE-DLX,4471,up,2026-02-01
TM-01740,ACC-DLR-24,TUBE-STD,4471,up,2025-01-01
TM-01741,ACC-DLR-31,TUBE-DLX,4471,up,2025-02-01
TM-01742,ACC-DLR-38,TUBE-DLX,4471,up,2026-03-01
TM-01743,ACC-DLR-5,TUBE-DLX,4471,up,2025-09-01
TM-01744,ACC-DLR-12,TUBE-DLX,4471,up,2025-01-01
TM-01745,ACC-DLR-19,TUBE-STD,4471,up,2026-10-01
TM-01746,ACC-DLR-26,TUBE-DLX,4471,up,2026-07-01
TM-01747,ACC-DLR-33,TUBE-DLX,4471,up,2026-04-01
TM-01748,ACC-DLR-40,TUBE-DLX,4471,up,2026-04-01
TM-01749,ACC-DLR-7,TUBE-DLX,4471,up,2025-10-01
TM-01750,ACC-DLR-14,TUBE-STD,4471,up,2026-07-01
TM-01751,ACC-DLR-21,TUBE-DLX,4471,up,2025-04-01
TM-01752,ACC-DLR-28,TUBE-DLX,4471,up,2026-08-01
TM-01753,ACC-DLR-35,TUBE-DLX,4471,up,2025-11-01
TM-01754,ACC-DLR-2,TUBE-DLX,4471,up,2026-11-01
TM-01755,ACC-DLR-9,TUBE-STD,4471,up,2026-04-01
TM-01756,ACC-DLR-16,TUBE-DLX,4471,up,2026-01-01
TM-01757,ACC-DLR-23,TUBE-DLX,4471,up,2025-06-01
TM-01758,ACC-DLR-30,TUBE-DLX,4471,up,2025-12-01
TM-01759,ACC-DLR-37,TUBE-DLX,4471,up,2025-11-01
TM-01760,ACC-DLR-4,TUBE-STD,4471,up,2026-07-01
TM-01761,ACC-DLR-11,TUBE-DLX,4471,up,2025-06-01
TM-01762,ACC-DLR-18,TUBE-DLX,4471,up,2026-07-01
TM-01763,ACC-DLR-25,TUBE-DLX,4471,up,2026-11-01
TM-01764,ACC-DLR-32,TUBE-DLX,4471,up,2025-11-01
TM-01765,ACC-DLR-39,TUBE-STD,4471,up,2026-11-01
TM-01766,ACC-DLR-6,TUBE-DLX,4471,up,2026-04-01
TM-01767,ACC-DLR-13,TUBE-DLX,4471,up,2026-10-01
TM-01768,ACC-DLR-20,TUBE-DLX,4471,up,2025-09-01
TM-01769,ACC-DLR-27,TUBE-DLX,4471,up,2025-10-01
TM-01770,ACC-DLR-34,TUBE-STD,4471,up,2025-01-01
TM-01771,ACC-DLR-1,TUBE-DLX,4471,up,2025-12-01
TM-01772,ACC-DLR-8,TUBE-DLX,4471,up,2025-07-01
TM-01773,ACC-DLR-15,TUBE-DLX,4471,up,2025-05-01
TM-01774,ACC-DLR-22,TUBE-DLX,4471,up,2025-12-01
TM-01775,ACC-DLR-29,TUBE-STD,4471,up,2026-03-01
TM-01776,ACC-DLR-36,TUBE-DLX,4471,up,2025-04-01
TM-01777,ACC-DLR-3,TUBE-DLX,4471,up,2025-04-01
TM-01778,ACC-DLR-10,TUBE-DLX,4471,up,2026-04-01
TM-01779,ACC-DLR-17,TUBE-DLX,4471,up,2026-12-01
TM-01780,ACC-DLR-24,TUBE-STD,4471,up,2025-10-01
TM-01781,ACC-DLR-31,TUBE-DLX,4471,up,2025-10-01
TM-01782,ACC-DLR-38,TUBE-DLX,4471,up,2025-07-01
TM-01783,ACC-DLR-5,TUBE-DLX,4471,up,2026-05-01
TM-01784,ACC-DLR-12,TUBE-DLX,4471,up,2026-04-01
TM-01785,ACC-DLR-19,TUBE-STD,4471,up,2026-08-01
TM-01786,ACC-DLR-26,TUBE-DLX,4471,up,2026-05-01
TM-01787,ACC-DLR-33,TUBE-DLX,4471,up,2026-05-01
TM-01788,ACC-DLR-40,TUBE-DLX,4471,up,2026-01-01
TM-01789,ACC-DLR-7,TUBE-DLX,4471,up,2025-04-01
TM-01790,ACC-DLR-14,TUBE-STD,4471,up,2025-06-01
TM-01791,ACC-DLR-21,TUBE-DLX,4471,up,2025-08-01
TM-01792,ACC-DLR-28,TUBE-DLX,4471,up,2026-02-01
TM-01793,ACC-DLR-35,TUBE-DLX,4471,up,2026-03-01
TM-01794,ACC-DLR-2,TUBE-DLX,4471,up,2026-09-01
TM-01795,ACC-DLR-9,TUBE-STD,4471,up,2025-12-01
TM-01796,ACC-DLR-16,TUBE-DLX,4471,up,2025-12-01
TM-01797,ACC-DLR-23,TUBE-DLX,4471,up,2026-09-01
TM-01798,ACC-DLR-30,TUBE-DLX,4471,up,2025-04-01
TM-01799,ACC-DLR-37,TUBE-DLX,4471,up,2025-04-01
TM-01800,ACC-DLR-4,TUBE-STD,4471,up,2026-07-01
TM-01801,ACC-DLR-11,TUBE-DLX,4471,up,2026-01-01
TM-01802,ACC-DLR-18,TUBE-DLX,4471,up,2026-10-01
TM-01803,ACC-DLR-25,TUBE-DLX,4471,up,2025-12-01
TM-01804,ACC-DLR-32,TUBE-DLX,4471,up,2026-06-01
TM-01805,ACC-DLR-39,TUBE-STD,4471,up,2025-08-01
TM-01806,ACC-DLR-6,TUBE-DLX,4471,up,2026-02-01
TM-01807,ACC-DLR-13,TUBE-DLX,4471,up,2025-02-01
TM-01808,ACC-DLR-20,TUBE-DLX,4471,up,2025-12-01
TM-01809,ACC-DLR-27,TUBE-DLX,4471,up,2026-04-01
TM-01810,ACC-DLR-34,TUBE-STD,4471,up,2025-11-01
TM-01811,ACC-DLR-1,TUBE-DLX,4471,up,2025-04-01
TM-01812,ACC-DLR-8,TUBE-DLX,4471,up,2025-04-01
TM-01813,ACC-DLR-15,TUBE-DLX,4471,up,2025-10-01
TM-01814,ACC-DLR-22,TUBE-DLX,4471,up,2026-07-01
TM-01815,ACC-DLR-29,TUBE-STD,4471,up,2025-03-01
TM-01816,ACC-DLR-36,TUBE-DLX,4471,up,2025-11-01
TM-01817,ACC-DLR-3,TUBE-DLX,4471,up,2026-08-01
TM-01818,ACC-DLR-10,TUBE-DLX,4471,up,2026-02-01
TM-01819,ACC-DLR-17,TUBE-DLX,4471,up,2025-12-01
TM-01820,ACC-DLR-24,TUBE-STD,4471,up,2025-02-01
TM-01821,ACC-DLR-31,TUBE-DLX,4471,up,2025-01-01
TM-01822,ACC-DLR-38,TUBE-DLX,4471,up,2025-12-01
TM-01823,ACC-DLR-5,TUBE-DLX,4471,up,2025-05-01
TM-01824,ACC-DLR-12,TUBE-DLX,4471,up,2025-10-01
TM-01825,ACC-DLR-19,TUBE-STD,4471,up,2025-06-01
TM-01826,ACC-DLR-26,TUBE-DLX,4471,up,2025-06-01
TM-01827,ACC-DLR-33,TUBE-DLX,4471,up,2025-04-01
TM-01828,ACC-DLR-40,TUBE-DLX,4471,up,2025-12-01
TM-01829,ACC-DLR-7,TUBE-DLX,4471,up,2025-02-01
TM-01830,ACC-DLR-14,TUBE-STD,4471,up,2025-11-01
TM-01831,ACC-DLR-21,TUBE-DLX,4471,up,2025-07-01
TM-01832,ACC-DLR-28,TUBE-DLX,4471,up,2025-01-01
TM-01833,ACC-DLR-35,TUBE-DLX,4471,up,2026-03-01
TM-01834,ACC-DLR-2,TUBE-DLX,4471,up,2025-04-01
TM-01835,ACC-DLR-9,TUBE-STD,4471,up,2026-03-01
TM-01836,ACC-DLR-16,TUBE-DLX,4471,up,2026-10-01
TM-01837,ACC-DLR-23,TUBE-DLX,4471,up,2025-07-01
TM-01838,ACC-DLR-30,TUBE-DLX,4471,up,2025-01-01
TM-01839,ACC-DLR-37,TUBE-DLX,4471,up,2025-06-01
TM-01840,ACC-DLR-4,TUBE-STD,4471,up,2026-11-01
TM-01841,ACC-DLR-11,TUBE-DLX,4471,up,2026-09-01
TM-01842,ACC-DLR-18,TUBE-DLX,4471,up,2026-03-01
TM-01843,ACC-DLR-25,TUBE-DLX,4471,up,2025-05-01
TM-01844,ACC-DLR-32,TUBE-DLX,4471,up,2025-02-01
TM-01845,ACC-DLR-39,TUBE-STD,4471,up,2025-07-01
TM-01846,ACC-DLR-6,TUBE-DLX,4471,up,2025-01-01
TM-01847,ACC-DLR-13,TUBE-DLX,4471,up,2025-03-01
TM-01848,ACC-DLR-20,TUBE-DLX,4471,up,2026-08-01
TM-01849,ACC-DLR-27,TUBE-DLX,4471,up,2026-01-01
TM-01850,ACC-DLR-34,TUBE-STD,4471,up,2026-02-01
TM-01851,ACC-DLR-38,TUBE-STD,4462,up,2019-02-01
TM-01852,ACC-DLR-5,TUBE-STD,4462,up,2019-01-01
TM-01853,ACC-DLR-12,TUBE-STD,4455,up,2023-07-01
TM-01854,ACC-DLR-19,TUBE-STD,4482,up,2019-03-01
TM-01855,ACC-DLR-26,TUBE-DLX,4462,up,2023-09-01
TM-01856,ACC-DLR-33,TUBE-DLX,4468,up,2019-04-01
TM-01857,ACC-DLR-40,TUBE-STD,4482,up,2025-05-01
TM-01858,ACC-DLR-7,TUBE-STD,4455,up,2021-05-01
TM-01859,ACC-DLR-14,TUBE-STD,4482,up,2020-01-01
TM-01860,ACC-DLR-21,TUBE-STD,4462,up,2022-03-01
TM-01861,ACC-DLR-28,TUBE-STD,4455,up,2019-05-01
TM-01862,ACC-DLR-35,TUBE-STD,4482,up,2019-08-01
TM-01863,ACC-DLR-2,TUBE-DLX,4462,up,2020-04-01
TM-01864,ACC-DLR-9,TUBE-STD,4482,up,2026-11-01
TM-01865,ACC-DLR-16,TUBE-DLX,4462,up,2025-05-01
TM-01866,ACC-DLR-23,TUBE-STD,4468,up,2019-11-01
TM-01867,ACC-DLR-30,TUBE-STD,4462,up,2022-12-01
TM-01868,ACC-DLR-37,TUBE-STD,4482,up,2019-05-01
TM-01869,ACC-DLR-4,TUBE-STD,4462,up,2026-02-01
TM-01870,ACC-DLR-11,TUBE-DLX,4482,up,2024-12-01
TM-01871,ACC-DLR-18,TUBE-STD,4462,up,2021-11-01
TM-01872,ACC-DLR-25,TUBE-STD,4482,up,2019-05-01
TM-01873,ACC-DLR-32,TUBE-STD,4482,up,2025-05-01
TM-01874,ACC-DLR-39,TUBE-DLX,4482,up,2025-12-01
TM-01875,ACC-DLR-6,TUBE-DLX,4462,up,2019-05-01
TM-01876,ACC-DLR-13,TUBE-STD,4455,up,2023-09-01
TM-01877,ACC-DLR-20,TUBE-STD,4455,up,2021-04-01
TM-01878,ACC-DLR-27,TUBE-STD,4462,up,2025-05-01
TM-01879,ACC-DLR-34,TUBE-STD,4455,up,2022-06-01
TM-01880,ACC-DLR-1,TUBE-STD,4468,up,2020-10-01
TM-01881,ACC-DLR-8,TUBE-STD,4468,up,2024-02-01
TM-01882,ACC-DLR-15,TUBE-STD,4468,up,2020-11-01
TM-01883,ACC-DLR-22,TUBE-DLX,4462,up,2023-07-01
TM-01884,ACC-DLR-29,TUBE-STD,4482,up,2025-12-01
TM-01885,ACC-DLR-36,TUBE-DLX,4482,up,2025-03-01
TM-01886,ACC-DLR-3,TUBE-STD,4455,up,2019-04-01
TM-01887,ACC-DLR-10,TUBE-STD,4462,up,2021-08-01
TM-01888,ACC-DLR-17,TUBE-STD,4462,up,2021-01-01
TM-01889,ACC-DLR-24,TUBE-DLX,4468,up,2019-12-01
TM-01890,ACC-DLR-31,TUBE-STD,4455,up,2020-01-01
TM-01891,ACC-DLR-38,TUBE-STD,4482,up,2021-07-01
TM-01892,ACC-DLR-5,TUBE-DLX,4468,up,2024-10-01
TM-01893,ACC-DLR-12,TUBE-STD,4468,up,2026-05-01
TM-01894,ACC-DLR-19,TUBE-STD,4462,up,2022-11-01
TM-01895,ACC-DLR-26,TUBE-STD,4455,up,2025-03-01
TM-01896,ACC-DLR-33,TUBE-STD,4462,up,2022-01-01
TM-01897,ACC-DLR-40,TUBE-DLX,4468,up,2024-10-01
TM-01898,ACC-DLR-7,TUBE-DLX,4462,up,2025-02-01
TM-01899,ACC-DLR-14,TUBE-STD,4455,up,2019-02-01
TM-01900,ACC-DLR-21,TUBE-DLX,4468,up,2023-10-01
TM-01901,ACC-DLR-28,TUBE-DLX,4462,up,2019-02-01
TM-01902,ACC-DLR-35,TUBE-STD,4468,up,2023-02-01
TM-01903,ACC-DLR-2,TUBE-DLX,4482,up,2024-12-01
TM-01904,ACC-DLR-9,TUBE-STD,4462,up,2020-12-01
TM-01905,ACC-DLR-16,TUBE-STD,4462,up,2022-10-01
TM-01906,ACC-DLR-23,TUBE-DLX,4482,up,2024-08-01
TM-01907,ACC-DLR-30,TUBE-DLX,4462,up,2019-12-01
TM-01908,ACC-DLR-37,TUBE-DLX,4462,up,2020-08-01
TM-01909,ACC-DLR-4,TUBE-STD,4462,up,2019-07-01
TM-01910,ACC-DLR-11,TUBE-DLX,4468,up,2025-08-01
TM-01911,ACC-DLR-18,TUBE-STD,4455,up,2020-03-01
TM-01912,ACC-DLR-25,TUBE-DLX,4482,up,2022-12-01
TM-01913,ACC-DLR-32,TUBE-STD,4455,up,2026-05-01
TM-01914,ACC-DLR-39,TUBE-STD,4455,up,2019-12-01
TM-01915,ACC-DLR-6,TUBE-STD,4468,up,2019-09-01
TM-01916,ACC-DLR-13,TUBE-STD,4462,up,2024-09-01
TM-01917,ACC-DLR-20,TUBE-DLX,4468,up,2021-08-01
TM-01918,ACC-DLR-27,TUBE-STD,4455,up,2023-03-01
TM-01919,ACC-DLR-34,TUBE-DLX,4482,up,2024-09-01
TM-01920,ACC-DLR-1,TUBE-DLX,4468,up,2022-05-01
TM-01921,ACC-DLR-8,TUBE-STD,4455,up,2023-04-01
TM-01922,ACC-DLR-15,TUBE-STD,4468,up,2024-06-01
TM-01923,ACC-DLR-22,TUBE-STD,4468,up,2023-06-01
TM-01924,ACC-DLR-29,TUBE-STD,4455,up,2020-05-01
TM-01925,ACC-DLR-36,TUBE-STD,4482,up,2024-09-01
TM-01926,ACC-DLR-3,TUBE-DLX,4455,up,2020-10-01
TM-01927,ACC-DLR-10,TUBE-STD,4455,up,2020-06-01
TM-01928,ACC-DLR-17,TUBE-STD,4468,up,2021-03-01
TM-01929,ACC-DLR-24,TUBE-STD,4482,up,2022-07-01
TM-01930,ACC-DLR-31,TUBE-STD,4468,up,2019-03-01
TM-01931,ACC-DLR-38,TUBE-STD,4455,up,2022-06-01
TM-01932,ACC-DLR-5,TUBE-STD,4482,up,2026-10-01
TM-01933,ACC-DLR-12,TUBE-DLX,4482,up,2022-04-01
TM-01934,ACC-DLR-19,TUBE-STD,4468,up,2020-01-01
TM-01935,ACC-DLR-26,TUBE-STD,4468,up,2022-12-01
TM-01936,ACC-DLR-33,TUBE-STD,4455,up,2026-04-01
TM-01937,ACC-DLR-40,TUBE-DLX,4462,up,2019-11-01
TM-01938,ACC-DLR-7,TUBE-DLX,4462,up,2021-04-01
TM-01939,ACC-DLR-14,TUBE-STD,4462,up,2023-04-01
TM-01940,ACC-DLR-21,TUBE-DLX,4462,up,2022-06-01
TM-01941,ACC-DLR-28,TUBE-STD,4455,up,2021-09-01
TM-01942,ACC-DLR-35,TUBE-STD,4468,up,2024-11-01
TM-01943,ACC-DLR-2,TUBE-STD,4482,up,2026-08-01
TM-01944,ACC-DLR-9,TUBE-STD,4455,up,2021-11-01
TM-01945,ACC-DLR-16,TUBE-STD,4462,up,2019-06-01
TM-01946,ACC-DLR-23,TUBE-STD,4482,up,2024-03-01
TM-01947,ACC-DLR-30,TUBE-DLX,4468,up,2026-05-01
TM-01948,ACC-DLR-37,TUBE-DLX,4462,up,2020-01-01
TM-01949,ACC-DLR-4,TUBE-DLX,4468,up,2026-04-01
TM-01950,ACC-DLR-11,TUBE-STD,4462,up,2020-12-01
TM-01951,ACC-DLR-18,TUBE-DLX,4482,up,2025-07-01
TM-01952,ACC-DLR-25,TUBE-STD,4455,up,2020-03-01
TM-01953,ACC-DLR-32,TUBE-DLX,4482,up,2021-07-01
TM-01954,ACC-DLR-39,TUBE-DLX,4482,up,2019-04-01
TM-01955,ACC-DLR-6,TUBE-DLX,4462,up,2026-11-01
TM-01956,ACC-DLR-13,TUBE-STD,4482,up,2026-04-01
TM-01957,ACC-DLR-20,TUBE-STD,4482,up,2025-02-01
TM-01958,ACC-DLR-27,TUBE-STD,4462,up,2024-09-01
TM-01959,ACC-DLR-34,TUBE-DLX,4462,up,2021-10-01
TM-01960,ACC-DLR-1,TUBE-DLX,4462,up,2019-05-01
TM-01961,ACC-DLR-8,TUBE-STD,4468,up,2019-02-01
TM-01962,ACC-DLR-15,TUBE-STD,4455,up,2022-04-01
TM-01963,ACC-DLR-22,TUBE-STD,4482,up,2026-07-01
TM-01964,ACC-DLR-29,TUBE-STD,4468,up,2019-05-01
TM-01965,ACC-DLR-36,TUBE-STD,4455,up,2022-05-01
TM-01966,ACC-DLR-3,TUBE-STD,4482,up,2025-10-01
TM-01967,ACC-DLR-10,TUBE-STD,4468,up,2019-03-01
TM-01968,ACC-DLR-17,TUBE-DLX,4482,up,2023-11-01
TM-01969,ACC-DLR-24,TUBE-STD,4482,up,2024-07-01
TM-01970,ACC-DLR-31,TUBE-STD,4468,up,2024-11-01
TM-01971,ACC-DLR-38,TUBE-STD,4462,up,2019-06-01
TM-01972,ACC-DLR-5,TUBE-STD,4455,up,2020-09-01
TM-01973,ACC-DLR-12,TUBE-STD,4462,up,2020-12-01
TM-01974,ACC-DLR-19,TUBE-STD,4462,up,2023-10-01
TM-01975,ACC-DLR-26,TUBE-STD,4455,up,2020-04-01
TM-01976,ACC-DLR-33,TUBE-STD,4482,up,2026-10-01
TM-01977,ACC-DLR-40,TUBE-DLX,4455,up,2026-08-01
TM-01978,ACC-DLR-7,TUBE-STD,4462,up,2023-01-01
TM-01979,ACC-DLR-14,TUBE-DLX,4482,up,2022-05-01
TM-01980,ACC-DLR-21,TUBE-DLX,4468,up,2025-03-01
TM-01981,ACC-DLR-28,TUBE-STD,4468,up,2026-10-01
TM-01982,ACC-DLR-35,TUBE-DLX,4468,up,2021-08-01
TM-01983,ACC-DLR-2,TUBE-STD,4455,up,2024-10-01
TM-01984,ACC-DLR-9,TUBE-STD,4455,up,2024-05-01
TM-01985,ACC-DLR-16,TUBE-DLX,4455,up,2022-09-01
TM-01986,ACC-DLR-23,TUBE-STD,4462,up,2025-11-01
TM-01987,ACC-DLR-30,TUBE-STD,4462,up,2023-01-01
TM-01988,ACC-DLR-37,TUBE-STD,4468,up,2020-11-01
TM-01989,ACC-DLR-4,TUBE-DLX,4462,up,2025-10-01
TM-01990,ACC-DLR-11,TUBE-STD,4482,up,2020-04-01
TM-01991,ACC-DLR-18,TUBE-STD,4462,up,2025-05-01
TM-01992,ACC-DLR-25,TUBE-STD,4482,up,2023-07-01
TM-01993,ACC-DLR-32,TUBE-STD,4482,up,2020-03-01
TM-01994,ACC-DLR-39,TUBE-STD,4482,up,2019-07-01
TM-01995,ACC-DLR-6,TUBE-STD,4462,up,2024-09-01
TM-01996,ACC-DLR-13,TUBE-STD,4468,up,2023-01-01
TM-01997,ACC-DLR-20,TUBE-DLX,4468,up,2025-05-01
TM-01998,ACC-DLR-27,TUBE-STD,4468,up,2022-08-01
TM-01999,ACC-DLR-34,TUBE-STD,4468,up,2022-08-01
TM-02000,ACC-DLR-1,TUBE-STD,4462,up,2024-07-01
TM-02001,ACC-DLR-8,TUBE-DLX,4468,up,2025-07-01
TM-02002,ACC-DLR-15,TUBE-DLX,4482,up,2024-11-01
TM-02003,ACC-DLR-22,TUBE-DLX,4482,up,2022-02-01
TM-02004,ACC-DLR-29,TUBE-STD,4482,up,2024-02-01
TM-02005,ACC-DLR-36,TUBE-DLX,4462,up,2025-02-01
TM-02006,ACC-DLR-3,TUBE-STD,4462,up,2020-09-01
TM-02007,ACC-DLR-10,TUBE-STD,4482,up,2024-04-01
TM-02008,ACC-DLR-17,TUBE-DLX,4462,up,2026-03-01
TM-02009,ACC-DLR-24,TUBE-STD,4455,up,2023-09-01
TM-02010,ACC-DLR-31,TUBE-STD,4462,up,2022-07-01
TM-02011,ACC-DLR-38,TUBE-DLX,4455,up,2021-09-01
TM-02012,ACC-DLR-5,TUBE-STD,4462,up,2024-07-01
TM-02013,ACC-DLR-12,TUBE-STD,4455,up,2023-08-01
TM-02014,ACC-DLR-19,TUBE-STD,4482,up,2024-03-01
TM-02015,ACC-DLR-26,TUBE-DLX,4455,up,2020-10-01
TM-02016,ACC-DLR-33,TUBE-STD,4455,up,2025-06-01
TM-02017,ACC-DLR-40,TUBE-STD,4462,up,2019-06-01
TM-02018,ACC-DLR-7,TUBE-DLX,4462,up,2023-12-01
TM-02019,ACC-DLR-14,TUBE-DLX,4462,up,2021-06-01
TM-02020,ACC-DLR-21,TUBE-STD,4462,up,2022-09-01
TM-02021,ACC-DLR-28,TUBE-STD,4455,up,2026-03-01
TM-02022,ACC-DLR-35,TUBE-STD,4455,up,2025-11-01
TM-02023,ACC-DLR-2,TUBE-DLX,4482,up,2024-06-01
TM-02024,ACC-DLR-9,TUBE-STD,4455,up,2025-04-01
TM-02025,ACC-DLR-16,TUBE-STD,4462,up,2022-08-01
TM-02026,ACC-DLR-23,TUBE-STD,4462,up,2021-01-01
TM-02027,ACC-DLR-30,TUBE-STD,4455,up,2026-08-01
TM-02028,ACC-DLR-37,TUBE-STD,4482,up,2021-09-01
TM-02029,ACC-DLR-4,TUBE-DLX,4462,up,2020-02-01
TM-02030,ACC-DLR-11,TUBE-STD,4455,up,2022-07-01
TM-02031,ACC-DLR-18,TUBE-STD,4482,up,2021-06-01
TM-02032,ACC-DLR-25,TUBE-STD,4482,up,2021-04-01
TM-02033,ACC-DLR-32,TUBE-STD,4462,up,2024-11-01
TM-02034,ACC-DLR-39,TUBE-DLX,4468,up,2026-04-01
TM-02035,ACC-DLR-6,TUBE-STD,4468,up,2024-08-01
TM-02036,ACC-DLR-13,TUBE-STD,4482,up,2020-02-01
TM-02037,ACC-DLR-20,TUBE-STD,4455,up,2023-11-01
TM-02038,ACC-DLR-27,TUBE-DLX,4455,up,2019-06-01
TM-02039,ACC-DLR-34,TUBE-STD,4462,up,2022-10-01
TM-02040,ACC-DLR-1,TUBE-DLX,4455,up,2020-11-01
TM-02041,ACC-DLR-8,TUBE-STD,4468,up,2026-11-01
TM-02042,ACC-DLR-15,TUBE-DLX,4482,up,2026-02-01
TM-02043,ACC-DLR-22,TUBE-STD,4455,up,2021-04-01
TM-02044,ACC-DLR-29,TUBE-DLX,4482,up,2022-01-01
TM-02045,ACC-DLR-36,TUBE-DLX,4455,up,2021-06-01
TM-02046,ACC-DLR-3,TUBE-STD,4482,up,2022-11-01
TM-02047,ACC-DLR-10,TUBE-STD,4482,up,2020-04-01
TM-02048,ACC-DLR-17,TUBE-STD,4462,up,2019-10-01
TM-02049,ACC-DLR-24,TUBE-STD,4462,up,2021-01-01
TM-02050,ACC-DLR-31,TUBE-STD,4468,up,2019-02-01
TM-02051,ACC-DLR-38,TUBE-DLX,4482,up,2026-08-01
TM-02052,ACC-DLR-5,TUBE-DLX,4468,up,2024-04-01
TM-02053,ACC-DLR-12,TUBE-DLX,4468,up,2020-01-01
TM-02054,ACC-DLR-19,TUBE-STD,4482,up,2020-08-01
TM-02055,ACC-DLR-26,TUBE-STD,4468,up,2019-04-01
TM-02056,ACC-DLR-33,TUBE-DLX,4455,up,2023-08-01
TM-02057,ACC-DLR-40,TUBE-DLX,4468,up,2021-03-01
TM-02058,ACC-DLR-7,TUBE-DLX,4462,up,2023-10-01
TM-02059,ACC-DLR-14,TUBE-STD,4455,up,2026-01-01
TM-02060,ACC-DLR-21,TUBE-DLX,4482,up,2020-01-01
TM-02061,ACC-DLR-28,TUBE-STD,4462,up,2024-05-01
TM-02062,ACC-DLR-35,TUBE-DLX,4455,up,2026-12-01
TM-02063,ACC-DLR-2,TUBE-STD,4455,up,2024-12-01
TM-02064,ACC-DLR-9,TUBE-STD,4468,up,2019-05-01
TM-02065,ACC-DLR-16,TUBE-STD,4455,up,2019-06-01
TM-02066,ACC-DLR-23,TUBE-STD,4462,up,2021-04-01
TM-02067,ACC-DLR-30,TUBE-DLX,4455,up,2022-02-01
TM-02068,ACC-DLR-37,TUBE-STD,4468,up,2021-02-01
TM-02069,ACC-DLR-4,TUBE-DLX,4482,up,2019-09-01
TM-02070,ACC-DLR-11,TUBE-DLX,4468,up,2020-09-01
TM-02071,ACC-DLR-18,TUBE-DLX,4455,up,2020-12-01
TM-02072,ACC-DLR-25,TUBE-STD,4462,up,2024-06-01
TM-02073,ACC-DLR-32,TUBE-DLX,4462,up,2024-05-01
TM-02074,ACC-DLR-39,TUBE-STD,4455,up,2026-11-01
TM-02075,ACC-DLR-6,TUBE-STD,4462,up,2024-10-01
TM-02076,ACC-DLR-13,TUBE-STD,4455,up,2025-12-01
TM-02077,ACC-DLR-20,TUBE-STD,4462,up,2021-08-01
TM-02078,ACC-DLR-27,TUBE-STD,4462,up,2025-03-01
TM-02079,ACC-DLR-34,TUBE-DLX,4468,up,2023-12-01
TM-02080,ACC-DLR-1,TUBE-STD,4468,up,2019-04-01
TM-02081,ACC-DLR-8,TUBE-STD,4455,up,2019-02-01
TM-02082,ACC-DLR-15,TUBE-DLX,4462,up,2021-12-01
TM-02083,ACC-DLR-22,TUBE-DLX,4482,up,2026-02-01
TM-02084,ACC-DLR-29,TUBE-DLX,4462,up,2019-02-01
TM-02085,ACC-DLR-36,TUBE-STD,4455,up,2025-04-01
TM-02086,ACC-DLR-3,TUBE-STD,4455,up,2023-04-01
TM-02087,ACC-DLR-10,TUBE-STD,4462,up,2022-01-01
TM-02088,ACC-DLR-17,TUBE-STD,4482,up,2024-09-01
TM-02089,ACC-DLR-24,TUBE-DLX,4462,up,2021-02-01
TM-02090,ACC-DLR-31,TUBE-DLX,4462,up,2026-01-01
TM-02091,ACC-DLR-38,TUBE-DLX,4455,up,2021-01-01
TM-02092,ACC-DLR-5,TUBE-STD,4455,up,2020-10-01
TM-02093,ACC-DLR-12,TUBE-STD,4468,up,2022-05-01
TM-02094,ACC-DLR-19,TUBE-DLX,4468,up,2024-06-01
TM-02095,ACC-DLR-26,TUBE-DLX,4468,up,2020-12-01
TM-02096,ACC-DLR-33,TUBE-DLX,4462,up,2021-05-01
TM-02097,ACC-DLR-40,TUBE-STD,4468,up,2025-10-01
TM-02098,ACC-DLR-7,TUBE-STD,4482,up,2020-03-01
TM-02099,ACC-DLR-14,TUBE-DLX,4462,up,2021-12-01
TM-02100,ACC-DLR-21,TUBE-STD,4482,up,2019-05-01
TM-02101,ACC-DLR-28,TUBE-STD,4468,up,2025-07-01
TM-02102,ACC-DLR-35,TUBE-STD,4482,up,2024-07-01
TM-02103,ACC-DLR-2,TUBE-STD,4482,up,2025-01-01
TM-02104,ACC-DLR-9,TUBE-STD,4468,up,2023-05-01
TM-02105,ACC-DLR-16,TUBE-DLX,4468,up,2021-07-01
TM-02106,ACC-DLR-23,TUBE-STD,4468,up,2023-12-01
TM-02107,ACC-DLR-30,TUBE-STD,4455,up,2025-04-01
TM-02108,ACC-DLR-37,TUBE-DLX,4482,up,2021-10-01
TM-02109,ACC-DLR-4,TUBE-DLX,4468,up,2021-06-01
TM-02110,ACC-DLR-11,TUBE-STD,4482,up,2022-09-01
TM-02111,ACC-DLR-18,TUBE-DLX,4482,up,2024-04-01
TM-02112,ACC-DLR-25,TUBE-STD,4462,up,2025-04-01
TM-02113,ACC-DLR-32,TUBE-STD,4462,up,2024-05-01
TM-02114,ACC-DLR-39,TUBE-STD,4462,up,2026-08-01
TM-02115,ACC-DLR-6,TUBE-STD,4482,up,2022-01-01
TM-02116,ACC-DLR-13,TUBE-DLX,4482,up,2025-08-01
TM-02117,ACC-DLR-20,TUBE-DLX,4482,up,2020-01-01
TM-02118,ACC-DLR-27,TUBE-DLX,4462,up,2025-05-01
TM-02119,ACC-DLR-34,TUBE-STD,4468,up,2019-09-01
TM-02120,ACC-DLR-1,TUBE-DLX,4468,up,2023-01-01
TM-02121,ACC-DLR-8,TUBE-STD,4468,up,2022-01-01
TM-02122,ACC-DLR-15,TUBE-DLX,4468,up,2021-10-01
TM-02123,ACC-DLR-22,TUBE-DLX,4468,up,2025-02-01
TM-02124,ACC-DLR-29,TUBE-STD,4462,up,2024-09-01
TM-02125,ACC-DLR-36,TUBE-STD,4455,up,2025-06-01
TM-02126,ACC-DLR-3,TUBE-DLX,4482,up,2025-01-01
TM-02127,ACC-DLR-10,TUBE-STD,4462,up,2025-12-01
TM-02128,ACC-DLR-17,TUBE-STD,4455,up,2025-11-01
TM-02129,ACC-DLR-24,TUBE-STD,4455,up,2021-08-01
TM-02130,ACC-DLR-31,TUBE-DLX,4482,up,2019-11-01
TM-02131,ACC-DLR-38,TUBE-STD,4455,up,2019-06-01
TM-02132,ACC-DLR-5,TUBE-DLX,4455,up,2022-01-01
TM-02133,ACC-DLR-12,TUBE-STD,4468,up,2022-12-01
TM-02134,ACC-DLR-19,TUBE-STD,4455,up,2019-08-01
TM-02135,ACC-DLR-26,TUBE-DLX,4455,up,2019-02-01
TM-02136,ACC-DLR-33,TUBE-STD,4455,up,2025-03-01
TM-02137,ACC-DLR-40,TUBE-STD,4462,up,2025-12-01
TM-02138,ACC-DLR-7,TUBE-DLX,4455,up,2019-06-01
TM-02139,ACC-DLR-14,TUBE-DLX,4482,up,2026-12-01
TM-02140,ACC-DLR-21,TUBE-STD,4455,up,2022-01-01
TM-02141,ACC-DLR-28,TUBE-STD,4482,up,2021-06-01
TM-02142,ACC-DLR-35,TUBE-STD,4462,up,2022-03-01
TM-02143,ACC-DLR-2,TUBE-STD,4455,up,2025-11-01
TM-02144,ACC-DLR-9,TUBE-DLX,4462,up,2019-09-01
TM-02145,ACC-DLR-16,TUBE-DLX,4468,up,2020-05-01
TM-02146,ACC-DLR-23,TUBE-DLX,4455,up,2019-12-01
TM-02147,ACC-DLR-30,TUBE-STD,4468,up,2019-12-01
TM-02148,ACC-DLR-37,TUBE-STD,4482,up,2023-08-01
TM-02149,ACC-DLR-4,TUBE-STD,4482,up,2021-05-01
TM-02150,ACC-DLR-11,TUBE-STD,4462,up,2022-08-01
TM-02151,ACC-DLR-18,TUBE-STD,4482,up,2020-06-01
TM-02152,ACC-DLR-25,TUBE-DLX,4455,up,2022-02-01
TM-02153,ACC-DLR-32,TUBE-STD,4455,up,2022-01-01
TM-02154,ACC-DLR-39,TUBE-DLX,4462,up,2023-06-01
TM-02155,ACC-DLR-6,TUBE-DLX,4482,up,2024-01-01
TM-02156,ACC-DLR-13,TUBE-STD,4482,up,2021-12-01
TM-02157,ACC-DLR-20,TUBE-STD,4482,up,2021-03-01
TM-02158,ACC-DLR-27,TUBE-STD,4482,up,2021-11-01
TM-02159,ACC-DLR-34,TUBE-STD,4468,up,2026-07-01
TM-02160,ACC-DLR-1,TUBE-STD,4462,up,2023-07-01
TM-02161,ACC-DLR-8,TUBE-STD,4455,up,2026-11-01
TM-02162,ACC-DLR-15,TUBE-STD,4482,up,2026-03-01
TM-02163,ACC-DLR-22,TUBE-STD,4462,up,2019-02-01
TM-02164,ACC-DLR-29,TUBE-DLX,4462,up,2020-06-01
TM-02165,ACC-DLR-36,TUBE-DLX,4462,up,2021-08-01
TM-02166,ACC-DLR-3,TUBE-DLX,4462,up,2025-02-01
TM-02167,ACC-DLR-10,TUBE-STD,4462,up,2026-01-01
TM-02168,ACC-DLR-17,TUBE-DLX,4455,up,2025-03-01
TM-02169,ACC-DLR-24,TUBE-STD,4462,up,2025-06-01
TM-02170,ACC-DLR-31,TUBE-DLX,4455,up,2023-03-01
TM-02171,ACC-DLR-38,TUBE-DLX,4462,up,2021-12-01
TM-02172,ACC-DLR-5,TUBE-DLX,4482,up,2019-07-01
TM-02173,ACC-DLR-12,TUBE-DLX,4482,up,2019-10-01
TM-02174,ACC-DLR-19,TUBE-STD,4468,up,2023-01-01
TM-02175,ACC-DLR-26,TUBE-DLX,4468,up,2025-05-01
TM-02176,ACC-DLR-33,TUBE-STD,4455,up,2023-08-01
TM-02177,ACC-DLR-40,TUBE-STD,4462,up,2026-12-01
TM-02178,ACC-DLR-7,TUBE-DLX,4462,up,2026-11-01
TM-02179,ACC-DLR-14,TUBE-STD,4455,up,2021-06-01
TM-02180,ACC-DLR-21,TUBE-STD,4468,up,2025-06-01
TM-02181,ACC-DLR-28,TUBE-STD,4468,up,2024-09-01
TM-02182,ACC-DLR-35,TUBE-DLX,4482,up,2019-01-01
TM-02183,ACC-DLR-2,TUBE-DLX,4462,up,2023-01-01
TM-02184,ACC-DLR-9,TUBE-STD,4455,up,2025-09-01
TM-02185,ACC-DLR-16,TUBE-STD,4468,up,2025-05-01
TM-02186,ACC-DLR-23,TUBE-STD,4455,up,2022-03-01
TM-02187,ACC-DLR-30,TUBE-STD,4482,up,2023-12-01
TM-02188,ACC-DLR-37,TUBE-DLX,4468,up,2025-03-01
TM-02189,ACC-DLR-4,TUBE-STD,4482,up,2022-01-01
TM-02190,ACC-DLR-11,TUBE-STD,4462,up,2020-09-01
TM-02191,ACC-DLR-18,TUBE-STD,4482,up,2021-01-01
TM-02192,ACC-DLR-25,TUBE-STD,4482,up,2022-07-01
TM-02193,ACC-DLR-32,TUBE-STD,4468,up,2024-08-01
TM-02194,ACC-DLR-39,TUBE-DLX,4482,up,2020-01-01
TM-02195,ACC-DLR-6,TUBE-STD,4462,up,2021-10-01
TM-02196,ACC-DLR-13,TUBE-STD,4468,up,2026-11-01
TM-02197,ACC-DLR-20,TUBE-DLX,4468,up,2021-07-01
TM-02198,ACC-DLR-27,TUBE-DLX,4482,up,2021-12-01
TM-02199,ACC-DLR-34,TUBE-STD,4462,up,2023-11-01
TM-02200,ACC-DLR-1,TUBE-STD,4468,up,2025-02-01
TM-02201,ACC-DLR-8,TUBE-DLX,4455,up,2024-02-01
TM-02202,ACC-DLR-15,TUBE-DLX,4482,up,2020-09-01
TM-02203,ACC-DLR-22,TUBE-DLX,4455,up,2020-11-01
TM-02204,ACC-DLR-29,TUBE-STD,4468,up,2022-11-01
TM-02205,ACC-DLR-36,TUBE-STD,4468,up,2019-07-01
TM-02206,ACC-DLR-3,TUBE-STD,4468,up,2026-12-01
TM-02207,ACC-DLR-10,TUBE-DLX,4468,up,2021-01-01
TM-02208,ACC-DLR-17,TUBE-STD,4482,up,2025-07-01
TM-02209,ACC-DLR-24,TUBE-STD,4462,up,2025-10-01
TM-02210,ACC-DLR-31,TUBE-STD,4462,up,2019-10-01
TM-02211,ACC-DLR-38,TUBE-STD,4482,up,2022-04-01
TM-02212,ACC-DLR-5,TUBE-DLX,4482,up,2025-01-01
TM-02213,ACC-DLR-12,TUBE-STD,4455,up,2023-11-01
TM-02214,ACC-DLR-19,TUBE-DLX,4482,up,2026-05-01
TM-02215,ACC-DLR-26,TUBE-STD,4455,up,2024-06-01
TM-02216,ACC-DLR-33,TUBE-STD,4468,up,2022-07-01
TM-02217,ACC-DLR-40,TUBE-STD,4482,up,2021-09-01
TM-02218,ACC-DLR-7,TUBE-STD,4462,up,2024-12-01
TM-02219,ACC-DLR-14,TUBE-DLX,4468,up,2023-08-01
TM-02220,ACC-DLR-21,TUBE-STD,4462,up,2019-11-01
TM-02221,ACC-DLR-28,TUBE-STD,4455,up,2026-10-01
TM-02222,ACC-DLR-35,TUBE-STD,4468,up,2026-12-01
TM-02223,ACC-DLR-2,TUBE-STD,4468,up,2023-08-01
TM-02224,ACC-DLR-9,TUBE-STD,4455,up,2023-03-01
TM-02225,ACC-DLR-16,TUBE-STD,4468,up,2022-09-01
TM-02226,ACC-DLR-23,TUBE-DLX,4455,up,2022-12-01
TM-02227,ACC-DLR-30,TUBE-STD,4462,up,2026-06-01
TM-02228,ACC-DLR-37,TUBE-DLX,4462,up,2022-10-01
TM-02229,ACC-DLR-4,TUBE-STD,4468,up,2019-10-01
TM-02230,ACC-DLR-11,TUBE-STD,4482,up,2022-03-01
TM-02231,ACC-DLR-18,TUBE-DLX,4462,up,2022-01-01
TM-02232,ACC-DLR-25,TUBE-STD,4462,up,2025-01-01
TM-02233,ACC-DLR-32,TUBE-DLX,4462,up,2024-05-01
TM-02234,ACC-DLR-39,TUBE-STD,4468,up,2020-03-01
TM-02235,ACC-DLR-6,TUBE-DLX,4462,up,2020-10-01
TM-02236,ACC-DLR-13,TUBE-STD,4468,up,2022-11-01
TM-02237,ACC-DLR-20,TUBE-STD,4455,up,2023-12-01
TM-02238,ACC-DLR-27,TUBE-STD,4468,up,2022-11-01
TM-02239,ACC-DLR-34,TUBE-DLX,4482,up,2021-05-01
TM-02240,ACC-DLR-1,TUBE-STD,4482,up,2019-02-01
TM-02241,ACC-DLR-8,TUBE-STD,4482,up,2019-10-01
TM-02242,ACC-DLR-15,TUBE-DLX,4468,up,2024-07-01
TM-02243,ACC-DLR-22,TUBE-STD,4462,up,2025-03-01
TM-02244,ACC-DLR-29,TUBE-STD,4455,up,2024-04-01
TM-02245,ACC-DLR-36,TUBE-STD,4455,up,2020-11-01
TM-02246,ACC-DLR-3,TUBE-STD,4462,up,2020-12-01
TM-02247,ACC-DLR-10,TUBE-DLX,4482,up,2019-01-01
TM-02248,ACC-DLR-17,TUBE-DLX,4455,up,2023-08-01
TM-02249,ACC-DLR-24,TUBE-STD,4468,up,2020-07-01
TM-02250,ACC-DLR-31,TUBE-STD,4455,up,2026-03-01
TM-02251,ACC-DLR-38,TUBE-STD,4482,up,2024-05-01
TM-02252,ACC-DLR-5,TUBE-STD,4482,up,2026-06-01
TM-02253,ACC-DLR-12,TUBE-STD,4455,up,2021-10-01
TM-02254,ACC-DLR-19,TUBE-STD,4455,up,2025-08-01
TM-02255,ACC-DLR-26,TUBE-STD,4468,up,2019-02-01
TM-02256,ACC-DLR-33,TUBE-STD,4482,up,2020-01-01
TM-02257,ACC-DLR-40,TUBE-STD,4468,up,2019-02-01
TM-02258,ACC-DLR-7,TUBE-DLX,4462,up,2019-09-01
TM-02259,ACC-DLR-14,TUBE-DLX,4462,up,2022-02-01
TM-02260,ACC-DLR-21,TUBE-STD,4482,up,2023-04-01
TM-02261,ACC-DLR-28,TUBE-DLX,4468,up,2021-07-01
TM-02262,ACC-DLR-35,TUBE-STD,4468,up,2020-12-01
TM-02263,ACC-DLR-2,TUBE-DLX,4455,up,2024-09-01
TM-02264,ACC-DLR-9,TUBE-STD,4482,up,2022-11-01
TM-02265,ACC-DLR-16,TUBE-STD,4455,up,2023-03-01
TM-02266,ACC-DLR-23,TUBE-STD,4462,up,2019-01-01
TM-02267,ACC-DLR-30,TUBE-DLX,4468,up,2019-07-01
TM-02268,ACC-DLR-37,TUBE-STD,4482,up,2025-09-01
TM-02269,ACC-DLR-4,TUBE-DLX,4482,up,2024-11-01
TM-02270,ACC-DLR-11,TUBE-DLX,4482,up,2019-12-01
TM-02271,ACC-DLR-18,TUBE-STD,4455,up,2025-10-01
TM-02272,ACC-DLR-25,TUBE-STD,4482,up,2023-05-01
TM-02273,ACC-DLR-32,TUBE-STD,4462,up,2022-07-01
TM-02274,ACC-DLR-39,TUBE-DLX,4455,up,2021-10-01
TM-02275,ACC-DLR-6,TUBE-STD,4455,up,2026-01-01
TM-02276,ACC-DLR-13,TUBE-STD,4462,up,2020-03-01
TM-02277,ACC-DLR-20,TUBE-STD,4462,up,2025-04-01
TM-02278,ACC-DLR-27,TUBE-STD,4462,up,2019-05-01
TM-02279,ACC-DLR-34,TUBE-DLX,4468,up,2023-06-01
TM-02280,ACC-DLR-1,TUBE-STD,4468,up,2023-04-01
TM-02281,ACC-DLR-8,TUBE-STD,4455,up,2024-05-01
TM-02282,ACC-DLR-15,TUBE-STD,4468,up,2023-08-01
TM-02283,ACC-DLR-22,TUBE-STD,4455,up,2023-05-01
TM-02284,ACC-DLR-29,TUBE-STD,4468,up,2025-02-01
TM-02285,ACC-DLR-36,TUBE-STD,4455,up,2020-12-01
TM-02286,ACC-DLR-3,TUBE-STD,4455,up,2021-03-01
TM-02287,ACC-DLR-10,TUBE-DLX,4455,up,2022-04-01
TM-02288,ACC-DLR-17,TUBE-DLX,4455,up,2022-11-01
TM-02289,ACC-DLR-24,TUBE-DLX,4462,up,2022-12-01
TM-02290,ACC-DLR-31,TUBE-DLX,4468,up,2019-08-01
TM-02291,ACC-DLR-38,TUBE-STD,4462,up,2025-06-01
TM-02292,ACC-DLR-5,TUBE-DLX,4455,up,2024-11-01
TM-02293,ACC-DLR-12,TUBE-STD,4482,up,2023-01-01
TM-02294,ACC-DLR-19,TUBE-STD,4462,up,2020-03-01
TM-02295,ACC-DLR-26,TUBE-DLX,4462,up,2022-07-01
TM-02296,ACC-DLR-33,TUBE-DLX,4455,up,2022-05-01
TM-02297,ACC-DLR-40,TUBE-STD,4482,up,2022-03-01
TM-02298,ACC-DLR-7,TUBE-DLX,4468,up,2026-07-01
TM-02299,ACC-DLR-14,TUBE-DLX,4482,up,2020-12-01
TM-02300,ACC-DLR-21,TUBE-STD,4482,up,2022-07-01
TM-02301,ACC-DLR-28,TUBE-STD,4468,up,2019-02-01
TM-02302,ACC-DLR-35,TUBE-DLX,4468,up,2022-03-01
TM-02303,ACC-DLR-2,TUBE-DLX,4468,up,2021-03-01
TM-02304,ACC-DLR-9,TUBE-STD,4468,up,2022-06-01
TM-02305,ACC-DLR-16,TUBE-STD,4482,up,2019-01-01
TM-02306,ACC-DLR-23,TUBE-STD,4468,up,2022-12-01
TM-02307,ACC-DLR-30,TUBE-DLX,4468,up,2020-06-01
TM-02308,ACC-DLR-37,TUBE-DLX,4455,up,2023-11-01
TM-02309,ACC-DLR-4,TUBE-STD,4468,up,2021-02-01
TM-02310,ACC-DLR-11,TUBE-STD,4468,up,2020-08-01
TM-02311,ACC-DLR-18,TUBE-STD,4468,up,2021-05-01
TM-02312,ACC-DLR-25,TUBE-DLX,4482,up,2019-03-01
TM-02313,ACC-DLR-32,TUBE-DLX,4455,up,2024-05-01
TM-02314,ACC-DLR-39,TUBE-DLX,4462,up,2022-09-01
TM-02315,ACC-DLR-6,TUBE-STD,4462,up,2019-11-01
TM-02316,ACC-DLR-13,TUBE-DLX,4468,up,2024-02-01
TM-02317,ACC-DLR-20,TUBE-DLX,4482,up,2025-04-01
TM-02318,ACC-DLR-27,TUBE-STD,4455,up,2024-06-01
TM-02319,ACC-DLR-34,TUBE-STD,4482,up,2019-12-01
TM-02320,ACC-DLR-1,TUBE-DLX,4455,up,2024-10-01
TM-02321,ACC-DLR-8,TUBE-STD,4482,up,2019-12-01
TM-02322,ACC-DLR-15,TUBE-STD,4462,up,2023-05-01
TM-02323,ACC-DLR-22,TUBE-STD,4455,up,2020-06-01
TM-02324,ACC-DLR-29,TUBE-STD,4482,up,2020-09-01
TM-02325,ACC-DLR-36,TUBE-DLX,4462,up,2019-04-01
TM-02326,ACC-DLR-3,TUBE-STD,4468,up,2026-02-01
TM-02327,ACC-DLR-10,TUBE-STD,4468,up,2020-10-01
TM-02328,ACC-DLR-17,TUBE-DLX,4462,up,2026-03-01
TM-02329,ACC-DLR-24,TUBE-STD,4462,up,2023-05-01
TM-02330,ACC-DLR-31,TUBE-STD,4468,up,2024-06-01
TM-02331,ACC-DLR-38,TUBE-STD,4468,up,2020-09-01
TM-02332,ACC-DLR-5,TUBE-STD,4455,up,2025-12-01
TM-02333,ACC-DLR-12,TUBE-STD,4462,up,2024-10-01
TM-02334,ACC-DLR-19,TUBE-STD,4482,up,2020-07-01
TM-02335,ACC-DLR-26,TUBE-STD,4462,up,2020-08-01
TM-02336,ACC-DLR-33,TUBE-DLX,4468,up,2019-03-01
TM-02337,ACC-DLR-40,TUBE-STD,4455,up,2020-06-01
TM-02338,ACC-DLR-7,TUBE-STD,4455,up,2022-06-01
TM-02339,ACC-DLR-14,TUBE-STD,4455,up,2024-09-01
TM-02340,ACC-DLR-21,TUBE-STD,4462,up,2023-01-01
TM-02341,ACC-DLR-28,TUBE-STD,4482,up,2022-09-01
TM-02342,ACC-DLR-35,TUBE-DLX,4455,up,2019-07-01
TM-02343,ACC-DLR-2,TUBE-DLX,4468,up,2026-06-01
TM-02344,ACC-DLR-9,TUBE-STD,4482,up,2026-04-01
TM-02345,ACC-DLR-16,TUBE-STD,4482,up,2022-01-01
TM-02346,ACC-DLR-23,TUBE-STD,4482,up,2025-03-01
TM-02347,ACC-DLR-30,TUBE-DLX,4462,up,2025-09-01
TM-02348,ACC-DLR-37,TUBE-STD,4482,up,2022-10-01
TM-02349,ACC-DLR-4,TUBE-DLX,4468,up,2026-04-01
TM-02350,ACC-DLR-11,TUBE-STD,4462,up,2024-06-01
TM-02351,ACC-DLR-18,TUBE-STD,4462,up,2019-04-01
TM-02352,ACC-DLR-25,TUBE-STD,4462,up,2022-06-01
TM-02353,ACC-DLR-32,TUBE-DLX,4455,up,2021-01-01
TM-02354,ACC-DLR-39,TUBE-STD,4462,up,2025-11-01
TM-02355,ACC-DLR-6,TUBE-STD,4462,up,2019-06-01
TM-02356,ACC-DLR-13,TUBE-DLX,4455,up,2025-11-01
TM-02357,ACC-DLR-20,TUBE-DLX,4482,up,2026-12-01
TM-02358,ACC-DLR-27,TUBE-STD,4455,up,2023-07-01
TM-02359,ACC-DLR-34,TUBE-STD,4462,up,2026-05-01
TM-02360,ACC-DLR-1,TUBE-DLX,4462,up,2026-01-01
TM-02361,ACC-DLR-8,TUBE-STD,4482,up,2023-10-01
TM-02362,ACC-DLR-15,TUBE-STD,4482,up,2020-06-01
TM-02363,ACC-DLR-22,TUBE-STD,4468,up,2023-02-01
TM-02364,ACC-DLR-29,TUBE-DLX,4455,up,2020-05-01
TM-02365,ACC-DLR-36,TUBE-STD,4468,up,2026-01-01
TM-02366,ACC-DLR-3,TUBE-STD,4455,up,2022-03-01
TM-02367,ACC-DLR-10,TUBE-DLX,4462,up,2023-06-01
TM-02368,ACC-DLR-17,TUBE-DLX,4455,up,2025-11-01
TM-02369,ACC-DLR-24,TUBE-STD,4468,up,2026-06-01
TM-02370,ACC-DLR-31,TUBE-STD,4462,up,2019-05-01
TM-02371,ACC-DLR-38,TUBE-DLX,4462,up,2025-04-01
TM-02372,ACC-DLR-5,TUBE-DLX,4468,up,2022-06-01
TM-02373,ACC-DLR-12,TUBE-STD,4455,up,2025-06-01
TM-02374,ACC-DLR-19,TUBE-STD,4482,up,2026-11-01
TM-02375,ACC-DLR-26,TUBE-DLX,4482,up,2023-08-01
TM-02376,ACC-DLR-33,TUBE-STD,4462,up,2023-10-01
TM-02377,ACC-DLR-40,TUBE-STD,4468,up,2024-05-01
TM-02378,ACC-DLR-7,TUBE-STD,4462,up,2026-08-01
TM-02379,ACC-DLR-14,TUBE-STD,4468,up,2019-06-01
TM-02380,ACC-DLR-21,TUBE-STD,4455,up,2019-03-01
TM-02381,ACC-DLR-28,TUBE-STD,4482,up,2026-07-01
TM-02382,ACC-DLR-35,TUBE-STD,4482,up,2020-04-01
TM-02383,ACC-DLR-2,TUBE-DLX,4462,up,2020-04-01
TM-02384,ACC-DLR-9,TUBE-STD,4462,up,2023-11-01
TM-02385,ACC-DLR-16,TUBE-STD,4482,up,2020-01-01
TM-02386,ACC-DLR-23,TUBE-STD,4468,up,2025-06-01
TM-02387,ACC-DLR-30,TUBE-STD,4482,up,2022-02-01
TM-02388,ACC-DLR-37,TUBE-STD,4455,up,2023-05-01
TM-02389,ACC-DLR-4,TUBE-DLX,4482,up,2021-04-01
TM-02390,ACC-DLR-11,TUBE-STD,4462,up,2025-02-01
TM-02391,ACC-DLR-18,TUBE-DLX,4482,up,2025-12-01
TM-02392,ACC-DLR-25,TUBE-STD,4468,up,2023-06-01
TM-02393,ACC-DLR-32,TUBE-DLX,4455,up,2021-04-01
TM-02394,ACC-DLR-39,TUBE-STD,4462,up,2025-04-01
TM-02395,ACC-DLR-6,TUBE-STD,4482,up,2021-02-01
TM-02396,ACC-DLR-13,TUBE-STD,4482,up,2024-04-01
TM-02397,ACC-DLR-20,TUBE-DLX,4462,up,2023-07-01
TM-02398,ACC-DLR-27,TUBE-DLX,4482,up,2020-04-01
TM-02399,ACC-DLR-34,TUBE-STD,4462,up,2025-04-01
TM-02400,ACC-DLR-1,TUBE-DLX,4455,up,2022-02-01
TM-02401,ACC-DLR-8,TUBE-DLX,4455,up,2023-03-01
TM-02402,ACC-DLR-15,TUBE-STD,4482,up,2022-12-01
TM-02403,ACC-DLR-22,TUBE-STD,4482,up,2023-06-01
TM-02404,ACC-DLR-29,TUBE-STD,4455,up,2024-08-01
TM-02405,ACC-DLR-36,TUBE-STD,4455,up,2023-04-01
TM-02406,ACC-DLR-3,TUBE-STD,4482,up,2024-01-01
TM-02407,ACC-DLR-10,TUBE-STD,4468,up,2020-03-01
TM-02408,ACC-DLR-17,TUBE-STD,4482,up,2023-12-01
TM-02409,ACC-DLR-24,TUBE-DLX,4455,up,2020-09-01
TM-02410,ACC-DLR-31,TUBE-STD,4482,up,2019-01-01
TM-02411,ACC-DLR-38,TUBE-STD,4462,up,2023-10-01
TM-02412,ACC-DLR-5,TUBE-STD,4462,up,2026-03-01
TM-02413,ACC-DLR-12,TUBE-STD,4462,up,2026-04-01
TM-02414,ACC-DLR-19,TUBE-STD,4482,up,2021-05-01
TM-02415,ACC-DLR-26,TUBE-STD,4455,up,2025-11-01
TM-02416,ACC-DLR-33,TUBE-STD,4462,up,2026-03-01
TM-02417,ACC-DLR-40,TUBE-STD,4462,up,2023-05-01
TM-02418,ACC-DLR-7,TUBE-DLX,4455,up,2023-10-01
TM-02419,ACC-DLR-14,TUBE-STD,4482,up,2021-08-01
TM-02420,ACC-DLR-21,TUBE-STD,4455,up,2021-04-01
TM-02421,ACC-DLR-28,TUBE-DLX,4455,up,2020-12-01
TM-02422,ACC-DLR-35,TUBE-STD,4468,up,2021-12-01
TM-02423,ACC-DLR-2,TUBE-STD,4462,up,2020-03-01
TM-02424,ACC-DLR-9,TUBE-STD,4455,up,2019-05-01
TM-02425,ACC-DLR-16,TUBE-STD,4482,up,2019-09-01
TM-02426,ACC-DLR-23,TUBE-STD,4455,up,2025-08-01
TM-02427,ACC-DLR-30,TUBE-STD,4482,up,2023-11-01
TM-02428,ACC-DLR-37,TUBE-STD,4482,up,2025-07-01
TM-02429,ACC-DLR-4,TUBE-STD,4455,up,2025-05-01
TM-02430,ACC-DLR-11,TUBE-STD,4462,up,2019-04-01
TM-02431,ACC-DLR-18,TUBE-DLX,4462,up,2020-11-01
TM-02432,ACC-DLR-25,TUBE-STD,4482,up,2023-08-01
TM-02433,ACC-DLR-32,TUBE-DLX,4482,up,2025-08-01
TM-02434,ACC-DLR-39,TUBE-DLX,4462,up,2025-11-01
TM-02435,ACC-DLR-6,TUBE-DLX,4462,up,2026-10-01
TM-02436,ACC-DLR-13,TUBE-DLX,4455,up,2026-07-01
TM-02437,ACC-DLR-20,TUBE-STD,4482,up,2019-11-01
TM-02438,ACC-DLR-27,TUBE-STD,4455,up,2026-03-01
TM-02439,ACC-DLR-34,TUBE-STD,4462,up,2021-10-01
TM-02440,ACC-DLR-1,TUBE-DLX,4462,up,2022-09-01
TM-02441,ACC-DLR-8,TUBE-STD,4462,up,2022-08-01
TM-02442,ACC-DLR-15,TUBE-STD,4482,up,2019-08-01
TM-02443,ACC-DLR-22,TUBE-DLX,4455,up,2025-01-01
TM-02444,ACC-DLR-29,TUBE-STD,4462,up,2021-04-01
TM-02445,ACC-DLR-36,TUBE-DLX,4482,up,2023-07-01
TM-02446,ACC-DLR-3,TUBE-DLX,4462,up,2022-01-01
TM-02447,ACC-DLR-10,TUBE-STD,4462,up,2025-08-01
TM-02448,ACC-DLR-17,TUBE-DLX,4482,up,2022-11-01
TM-02449,ACC-DLR-24,TUBE-DLX,4455,up,2024-05-01
TM-02450,ACC-DLR-31,TUBE-DLX,4468,up,2019-07-01
TM-02451,ACC-DLR-38,TUBE-STD,4468,up,2021-03-01
TM-02452,ACC-DLR-5,TUBE-STD,4482,up,2022-02-01
TM-02453,ACC-DLR-12,TUBE-STD,4468,up,2019-04-01
TM-02454,ACC-DLR-19,TUBE-DLX,4462,up,2022-07-01
TM-02455,ACC-DLR-26,TUBE-DLX,4455,up,2025-06-01
TM-02456,ACC-DLR-33,TUBE-STD,4468,up,2022-10-01
TM-02457,ACC-DLR-40,TUBE-STD,4455,up,2023-04-01
TM-02458,ACC-DLR-7,TUBE-STD,4482,up,2025-07-01
TM-02459,ACC-DLR-14,TUBE-STD,4468,up,2025-09-01
TM-02460,ACC-DLR-21,TUBE-STD,4468,up,2026-03-01
TM-02461,ACC-DLR-28,TUBE-STD,4468,up,2019-12-01
TM-02462,ACC-DLR-35,TUBE-STD,4455,up,2023-04-01
TM-02463,ACC-DLR-2,TUBE-STD,4462,up,2023-10-01
TM-02464,ACC-DLR-9,TUBE-STD,4462,up,2026-11-01
TM-02465,ACC-DLR-16,TUBE-STD,4468,up,2020-02-01
TM-02466,ACC-DLR-23,TUBE-DLX,4482,up,2026-08-01
TM-02467,ACC-DLR-30,TUBE-STD,4455,up,2024-06-01
TM-02468,ACC-DLR-37,TUBE-STD,4482,up,2023-12-01
TM-02469,ACC-DLR-4,TUBE-STD,4462,up,2020-02-01
TM-02470,ACC-DLR-11,TUBE-STD,4468,up,2026-12-01
TM-02471,ACC-DLR-18,TUBE-DLX,4462,up,2023-04-01
TM-02472,ACC-DLR-25,TUBE-STD,4482,up,2026-01-01
TM-02473,ACC-DLR-32,TUBE-STD,4468,up,2025-10-01
TM-02474,ACC-DLR-39,TUBE-STD,4482,up,2019-12-01
TM-02475,ACC-DLR-6,TUBE-DLX,4482,up,2024-11-01
TM-02476,ACC-DLR-13,TUBE-STD,4462,up,2021-06-01
TM-02477,ACC-DLR-20,TUBE-STD,4468,up,2020-03-01
TM-02478,ACC-DLR-27,TUBE-DLX,4482,up,2023-03-01
TM-02479,ACC-DLR-34,TUBE-STD,4455,up,2019-06-01
TM-02480,ACC-DLR-1,TUBE-DLX,4455,up,2021-08-01
TM-02481,ACC-DLR-8,TUBE-STD,4482,up,2023-07-01
TM-02482,ACC-DLR-15,TUBE-STD,4482,up,2025-03-01
TM-02483,ACC-DLR-22,TUBE-STD,4468,up,2020-03-01
TM-02484,ACC-DLR-29,TUBE-STD,4462,up,2020-07-01
TM-02485,ACC-DLR-36,TUBE-DLX,4482,up,2024-05-01
TM-02486,ACC-DLR-3,TUBE-STD,4462,up,2025-07-01
TM-02487,ACC-DLR-10,TUBE-STD,4455,up,2021-08-01
TM-02488,ACC-DLR-17,TUBE-DLX,4462,up,2025-06-01
TM-02489,ACC-DLR-24,TUBE-STD,4455,up,2024-12-01
TM-02490,ACC-DLR-31,TUBE-STD,4455,up,2024-02-01
TM-02491,ACC-DLR-38,TUBE-STD,4468,up,2019-06-01
TM-02492,ACC-DLR-5,TUBE-STD,4462,up,2020-03-01
TM-02493,ACC-DLR-12,TUBE-DLX,4468,up,2021-09-01
TM-02494,ACC-DLR-19,TUBE-STD,4482,up,2019-12-01
TM-02495,ACC-DLR-26,TUBE-STD,4462,up,2024-02-01
TM-02496,ACC-DLR-33,TUBE-DLX,4482,up,2025-02-01
TM-02497,ACC-DLR-40,TUBE-STD,4468,up,2019-03-01
TM-02498,ACC-DLR-7,TUBE-DLX,4462,up,2025-06-01
TM-02499,ACC-DLR-14,TUBE-STD,4482,up,2022-10-01
TM-02500,ACC-DLR-21,TUBE-STD,4462,up,2020-10-01
TM-02501,ACC-DLR-28,TUBE-STD,4482,up,2026-02-01
TM-02502,ACC-DLR-35,TUBE-STD,4455,up,2026-09-01
TM-02503,ACC-DLR-2,TUBE-STD,4468,up,2019-07-01
TM-02504,ACC-DLR-9,TUBE-STD,4462,up,2024-01-01
TM-02505,ACC-DLR-16,TUBE-STD,4462,up,2024-07-01
TM-02506,ACC-DLR-23,TUBE-STD,4482,up,2022-05-01
TM-02507,ACC-DLR-30,TUBE-STD,4462,up,2026-01-01
TM-02508,ACC-DLR-37,TUBE-STD,4455,up,2022-09-01
TM-02509,ACC-DLR-4,TUBE-STD,4468,up,2021-03-01
TM-02510,ACC-DLR-11,TUBE-STD,4462,up,2022-07-01
TM-02511,ACC-DLR-18,TUBE-STD,4482,up,2019-01-01
TM-02512,ACC-DLR-25,TUBE-STD,4455,up,2020-10-01
TM-02513,ACC-DLR-32,TUBE-DLX,4455,up,2020-11-01
TM-02514,ACC-DLR-39,TUBE-STD,4455,up,2025-03-01
TM-02515,ACC-DLR-6,TUBE-STD,4482,up,2023-03-01
TM-02516,ACC-DLR-13,TUBE-STD,4468,up,2025-12-01
TM-02517,ACC-DLR-20,TUBE-STD,4462,up,2025-01-01
TM-02518,ACC-DLR-27,TUBE-STD,4462,up,2024-05-01
TM-02519,ACC-DLR-34,TUBE-STD,4462,up,2020-01-01
TM-02520,ACC-DLR-1,TUBE-DLX,4482,up,2023-01-01
TM-02521,ACC-DLR-8,TUBE-STD,4468,up,2024-07-01
TM-02522,ACC-DLR-15,TUBE-STD,4462,up,2022-10-01
TM-02523,ACC-DLR-22,TUBE-DLX,4482,up,2022-06-01
TM-02524,ACC-DLR-29,TUBE-STD,4468,up,2023-03-01
TM-02525,ACC-DLR-36,TUBE-DLX,4468,up,2023-02-01
TM-02526,ACC-DLR-3,TUBE-STD,4462,up,2024-09-01
TM-02527,ACC-DLR-10,TUBE-DLX,4482,up,2024-09-01
TM-02528,ACC-DLR-17,TUBE-DLX,4462,up,2026-09-01
TM-02529,ACC-DLR-24,TUBE-STD,4455,up,2020-04-01
TM-02530,ACC-DLR-31,TUBE-STD,4482,up,2020-03-01
TM-02531,ACC-DLR-38,TUBE-STD,4482,up,2019-11-01
TM-02532,ACC-DLR-5,TUBE-STD,4482,up,2023-04-01
TM-02533,ACC-DLR-12,TUBE-STD,4468,up,2022-11-01
TM-02534,ACC-DLR-19,TUBE-DLX,4455,up,2021-02-01
TM-02535,ACC-DLR-26,TUBE-STD,4482,up,2022-10-01
TM-02536,ACC-DLR-33,TUBE-STD,4482,up,2020-02-01
TM-02537,ACC-DLR-40,TUBE-STD,4455,up,2023-05-01
TM-02538,ACC-DLR-7,TUBE-STD,4482,up,2023-12-01
TM-02539,ACC-DLR-14,TUBE-STD,4455,up,2023-07-01
TM-02540,ACC-DLR-21,TUBE-STD,4462,up,2026-10-01
TM-02541,ACC-DLR-28,TUBE-STD,4468,up,2021-07-01
TM-02542,ACC-DLR-35,TUBE-STD,4482,up,2025-01-01
TM-02543,ACC-DLR-2,TUBE-STD,4482,up,2020-02-01
TM-02544,ACC-DLR-9,TUBE-DLX,4468,up,2025-02-01
TM-02545,ACC-DLR-16,TUBE-STD,4482,up,2022-03-01
TM-02546,ACC-DLR-23,TUBE-STD,4462,up,2023-11-01
TM-02547,ACC-DLR-30,TUBE-STD,4455,up,2023-01-01
TM-02548,ACC-DLR-37,TUBE-STD,4455,up,2025-07-01
TM-02549,ACC-DLR-4,TUBE-STD,4482,up,2025-11-01
TM-02550,ACC-DLR-11,TUBE-STD,4482,up,2022-06-01
TM-02551,ACC-DLR-18,TUBE-DLX,4462,up,2021-11-01
TM-02552,ACC-DLR-25,TUBE-STD,4482,up,2019-02-01
TM-02553,ACC-DLR-32,TUBE-STD,4455,up,2026-11-01
TM-02554,ACC-DLR-39,TUBE-STD,4468,up,2019-12-01
TM-02555,ACC-DLR-6,TUBE-DLX,4482,up,2021-08-01
TM-02556,ACC-DLR-13,TUBE-DLX,4482,up,2020-10-01
TM-02557,ACC-DLR-20,TUBE-STD,4455,up,2022-10-01
TM-02558,ACC-DLR-27,TUBE-STD,4468,up,2024-03-01
TM-02559,ACC-DLR-34,TUBE-STD,4462,up,2019-08-01
TM-02560,ACC-DLR-1,TUBE-DLX,4455,up,2023-03-01
TM-02561,ACC-DLR-8,TUBE-DLX,4462,up,2026-05-01
TM-02562,ACC-DLR-15,TUBE-DLX,4482,up,2025-04-01
TM-02563,ACC-DLR-22,TUBE-STD,4468,up,2019-05-01
TM-02564,ACC-DLR-29,TUBE-STD,4482,up,2021-08-01
TM-02565,ACC-DLR-36,TUBE-DLX,4455,up,2026-04-01
TM-02566,ACC-DLR-3,TUBE-DLX,4468,up,2025-02-01
TM-02567,ACC-DLR-10,TUBE-STD,4462,up,2023-01-01
TM-02568,ACC-DLR-17,TUBE-STD,4455,up,2022-03-01
TM-02569,ACC-DLR-24,TUBE-DLX,4462,up,2019-02-01
TM-02570,ACC-DLR-31,TUBE-STD,4455,up,2020-03-01
TM-02571,ACC-DLR-38,TUBE-STD,4462,up,2024-12-01
TM-02572,ACC-DLR-5,TUBE-STD,4462,up,2020-06-01
TM-02573,ACC-DLR-12,TUBE-STD,4482,up,2024-06-01
TM-02574,ACC-DLR-19,TUBE-STD,4455,up,2023-09-01
TM-02575,ACC-DLR-26,TUBE-STD,4462,up,2022-07-01
TM-02576,ACC-DLR-33,TUBE-STD,4462,up,2022-06-01
TM-02577,ACC-DLR-40,TUBE-STD,4455,up,2020-04-01
TM-02578,ACC-DLR-7,TUBE-DLX,4455,up,2020-12-01
TM-02579,ACC-DLR-14,TUBE-DLX,4468,up,2019-07-01
TM-02580,ACC-DLR-21,TUBE-STD,4462,up,2019-11-01
TM-02581,ACC-DLR-28,TUBE-STD,4462,up,2022-01-01
TM-02582,ACC-DLR-35,TUBE-STD,4455,up,2022-01-01
TM-02583,ACC-DLR-2,TUBE-STD,4468,up,2023-05-01
TM-02584,ACC-DLR-9,TUBE-STD,4468,up,2024-04-01
TM-02585,ACC-DLR-16,TUBE-STD,4455,up,2023-04-01
TM-02586,ACC-DLR-23,TUBE-STD,4482,up,2025-03-01
TM-02587,ACC-DLR-30,TUBE-STD,4482,up,2023-08-01
TM-02588,ACC-DLR-37,TUBE-DLX,4468,up,2019-09-01
TM-02589,ACC-DLR-4,TUBE-STD,4455,up,2019-01-01
TM-02590,ACC-DLR-11,TUBE-STD,4468,up,2026-02-01
TM-02591,ACC-DLR-18,TUBE-STD,4482,up,2025-09-01
TM-02592,ACC-DLR-25,TUBE-STD,4455,up,2026-12-01
TM-02593,ACC-DLR-32,TUBE-DLX,4482,up,2021-10-01
TM-02594,ACC-DLR-39,TUBE-DLX,4462,up,2026-11-01
TM-02595,ACC-DLR-6,TUBE-DLX,4462,up,2020-09-01
TM-02596,ACC-DLR-13,TUBE-STD,4455,up,2024-09-01
TM-02597,ACC-DLR-20,TUBE-STD,4455,up,2022-08-01
TM-02598,ACC-DLR-27,TUBE-STD,4455,up,2023-07-01
TM-02599,ACC-DLR-34,TUBE-STD,4455,up,2022-01-01
TM-02600,ACC-DLR-1,TUBE-STD,4482,up,2024-02-01
TM-02601,ACC-DLR-8,TUBE-STD,4482,up,2023-05-01
TM-02602,ACC-DLR-15,TUBE-STD,4468,up,2026-01-01
TM-02603,ACC-DLR-22,TUBE-DLX,4455,up,2021-02-01
TM-02604,ACC-DLR-29,TUBE-STD,4462,up,2024-09-01
TM-02605,ACC-DLR-36,TUBE-STD,4482,up,2019-01-01
TM-02606,ACC-DLR-3,TUBE-STD,4468,up,2020-08-01
TM-02607,ACC-DLR-10,TUBE-STD,4462,up,2022-11-01
TM-02608,ACC-DLR-17,TUBE-STD,4482,up,2023-11-01
TM-02609,ACC-DLR-24,TUBE-STD,4462,up,2019-05-01
TM-02610,ACC-DLR-31,TUBE-STD,4468,up,2021-08-01
TM-02611,ACC-DLR-38,TUBE-STD,4462,up,2020-09-01
TM-02612,ACC-DLR-5,TUBE-DLX,4482,up,2026-08-01
TM-02613,ACC-DLR-12,TUBE-STD,4462,up,2026-06-01
TM-02614,ACC-DLR-19,TUBE-STD,4455,up,2025-07-01
TM-02615,ACC-DLR-26,TUBE-STD,4455,up,2021-09-01
TM-02616,ACC-DLR-33,TUBE-DLX,4462,up,2019-01-01
TM-02617,ACC-DLR-40,TUBE-STD,4482,up,2020-11-01
TM-02618,ACC-DLR-7,TUBE-STD,4462,up,2019-02-01
TM-02619,ACC-DLR-14,TUBE-STD,4462,up,2020-11-01
TM-02620,ACC-DLR-21,TUBE-STD,4462,up,2026-08-01
TM-02621,ACC-DLR-28,TUBE-STD,4462,up,2023-10-01
TM-02622,ACC-DLR-35,TUBE-STD,4455,up,2022-07-01
TM-02623,ACC-DLR-2,TUBE-STD,4462,up,2019-08-01
TM-02624,ACC-DLR-9,TUBE-STD,4455,up,2026-07-01
TM-02625,ACC-DLR-16,TUBE-STD,4462,up,2020-10-01
TM-02626,ACC-DLR-23,TUBE-DLX,4468,up,2020-07-01
TM-02627,ACC-DLR-30,TUBE-STD,4462,up,2020-06-01
TM-02628,ACC-DLR-37,TUBE-DLX,4468,up,2026-02-01
TM-02629,ACC-DLR-4,TUBE-DLX,4462,up,2026-04-01
TM-02630,ACC-DLR-11,TUBE-STD,4482,up,2019-12-01
TM-02631,ACC-DLR-18,TUBE-STD,4482,up,2020-09-01
TM-02632,ACC-DLR-25,TUBE-STD,4455,up,2026-07-01
TM-02633,ACC-DLR-32,TUBE-STD,4482,up,2022-08-01
TM-02634,ACC-DLR-39,TUBE-DLX,4468,up,2020-05-01
TM-02635,ACC-DLR-6,TUBE-STD,4462,up,2023-01-01
TM-02636,ACC-DLR-13,TUBE-STD,4468,up,2021-03-01
TM-02637,ACC-DLR-20,TUBE-STD,4455,up,2025-02-01
TM-02638,ACC-DLR-27,TUBE-DLX,4482,up,2020-08-01
TM-02639,ACC-DLR-34,TUBE-STD,4482,up,2020-03-01
TM-02640,ACC-DLR-1,TUBE-STD,4468,up,2026-06-01
TM-02641,ACC-DLR-8,TUBE-DLX,4462,up,2024-04-01
TM-02642,ACC-DLR-15,TUBE-DLX,4455,up,2026-06-01
TM-02643,ACC-DLR-22,TUBE-STD,4455,up,2020-01-01
TM-02644,ACC-DLR-29,TUBE-STD,4482,up,2026-07-01
TM-02645,ACC-DLR-36,TUBE-DLX,4462,up,2023-07-01
TM-02646,ACC-DLR-3,TUBE-STD,4482,up,2023-01-01
TM-02647,ACC-DLR-10,TUBE-DLX,4462,up,2019-08-01
TM-02648,ACC-DLR-17,TUBE-STD,4455,up,2026-08-01
TM-02649,ACC-DLR-24,TUBE-STD,4482,up,2023-02-01
TM-02650,ACC-DLR-31,TUBE-DLX,4468,up,2022-05-01
TM-02651,ACC-DLR-38,TUBE-STD,4482,up,2021-09-01
TM-02652,ACC-DLR-5,TUBE-DLX,4468,up,2021-10-01
TM-02653,ACC-DLR-12,TUBE-DLX,4455,up,2022-11-01
TM-02654,ACC-DLR-19,TUBE-STD,4462,up,2025-10-01
TM-02655,ACC-DLR-26,TUBE-STD,4468,up,2025-08-01
TM-02656,ACC-DLR-33,TUBE-STD,4455,up,2022-11-01
TM-02657,ACC-DLR-40,TUBE-STD,4468,up,2024-09-01
TM-02658,ACC-DLR-7,TUBE-DLX,4462,up,2023-09-01
TM-02659,ACC-DLR-14,TUBE-DLX,4455,up,2026-09-01
TM-02660,ACC-DLR-21,TUBE-DLX,4468,up,2025-05-01
TM-02661,ACC-DLR-28,TUBE-DLX,4468,up,2020-11-01
TM-02662,ACC-DLR-35,TUBE-STD,4468,up,2025-06-01
TM-02663,ACC-DLR-2,TUBE-STD,4482,up,2023-03-01
TM-02664,ACC-DLR-9,TUBE-DLX,4455,up,2022-05-01
TM-02665,ACC-DLR-16,TUBE-STD,4462,up,2023-04-01
TM-02666,ACC-DLR-23,TUBE-STD,4455,up,2026-11-01
TM-02667,ACC-DLR-30,TUBE-STD,4455,up,2026-10-01
TM-02668,ACC-DLR-37,TUBE-STD,4455,up,2022-06-01
TM-02669,ACC-DLR-4,TUBE-DLX,4468,up,2019-08-01
TM-02670,ACC-DLR-11,TUBE-DLX,4468,up,2023-12-01
TM-02671,ACC-DLR-18,TUBE-DLX,4455,up,2024-08-01
TM-02672,ACC-DLR-25,TUBE-STD,4462,up,2024-05-01
TM-02673,ACC-DLR-32,TUBE-STD,4455,up,2022-11-01
TM-02674,ACC-DLR-39,TUBE-STD,4482,up,2022-05-01
TM-02675,ACC-DLR-6,TUBE-STD,4455,up,2019-10-01
TM-02676,ACC-DLR-13,TUBE-STD,4455,up,2025-12-01
TM-02677,ACC-DLR-20,TUBE-STD,4462,up,2020-09-01
TM-02678,ACC-DLR-27,TUBE-STD,4468,up,2023-04-01
TM-02679,ACC-DLR-34,TUBE-STD,4482,up,2021-09-01
TM-02680,ACC-DLR-1,TUBE-STD,4462,up,2025-03-01
TM-02681,ACC-DLR-8,TUBE-STD,4468,up,2020-07-01
TM-02682,ACC-DLR-15,TUBE-STD,4462,up,2023-03-01
TM-02683,ACC-DLR-22,TUBE-STD,4462,up,2019-06-01
TM-02684,ACC-DLR-29,TUBE-STD,4482,up,2019-12-01
TM-02685,ACC-DLR-36,TUBE-STD,4468,up,2023-03-01
TM-02686,ACC-DLR-3,TUBE-DLX,4468,up,2026-06-01
TM-02687,ACC-DLR-10,TUBE-STD,4468,up,2026-04-01
TM-02688,ACC-DLR-17,TUBE-STD,4455,up,2019-12-01
TM-02689,ACC-DLR-24,TUBE-STD,4468,up,2019-05-01
TM-02690,ACC-DLR-31,TUBE-DLX,4482,up,2026-02-01
TM-02691,ACC-DLR-38,TUBE-DLX,4455,up,2020-03-01
TM-02692,ACC-DLR-5,TUBE-DLX,4468,up,2020-11-01
TM-02693,ACC-DLR-12,TUBE-DLX,4455,up,2026-06-01
TM-02694,ACC-DLR-19,TUBE-STD,4455,up,2019-07-01
TM-02695,ACC-DLR-26,TUBE-DLX,4462,up,2025-01-01
TM-02696,ACC-DLR-33,TUBE-STD,4482,up,2019-12-01
TM-02697,ACC-DLR-40,TUBE-STD,4462,up,2019-08-01
TM-02698,ACC-DLR-7,TUBE-DLX,4468,up,2026-05-01
TM-02699,ACC-DLR-14,TUBE-STD,4482,up,2020-03-01
TM-02700,ACC-DLR-21,TUBE-DLX,4462,up,2022-09-01
TM-02701,ACC-DLR-28,TUBE-STD,4482,up,2021-05-01
TM-02702,ACC-DLR-35,TUBE-STD,4482,up,2021-09-01
TM-02703,ACC-DLR-2,TUBE-STD,4455,up,2025-07-01
TM-02704,ACC-DLR-9,TUBE-STD,4482,up,2025-01-01
TM-02705,ACC-DLR-16,TUBE-STD,4462,up,2026-08-01
TM-02706,ACC-DLR-23,TUBE-STD,4455,up,2021-05-01
TM-02707,ACC-DLR-30,TUBE-STD,4482,up,2021-04-01
TM-02708,ACC-DLR-37,TUBE-STD,4482,up,2025-01-01
TM-02709,ACC-DLR-4,TUBE-STD,4455,up,2024-07-01
TM-02710,ACC-DLR-11,TUBE-STD,4462,up,2023-05-01
TM-02711,ACC-DLR-18,TUBE-STD,4482,up,2019-03-01
TM-02712,ACC-DLR-25,TUBE-STD,4468,up,2021-07-01
TM-02713,ACC-DLR-32,TUBE-STD,4468,up,2019-09-01
TM-02714,ACC-DLR-39,TUBE-STD,4462,up,2023-06-01
TM-02715,ACC-DLR-6,TUBE-DLX,4462,up,2019-04-01
TM-02716,ACC-DLR-13,TUBE-STD,4462,up,2021-10-01
TM-02717,ACC-DLR-20,TUBE-DLX,4455,up,2022-05-01
TM-02718,ACC-DLR-27,TUBE-STD,4468,up,2025-08-01
TM-02719,ACC-DLR-34,TUBE-STD,4482,up,2019-09-01
TM-02720,ACC-DLR-1,TUBE-STD,4482,up,2020-11-01
TM-02721,ACC-DLR-8,TUBE-STD,4462,up,2019-10-01
TM-02722,ACC-DLR-15,TUBE-DLX,4482,up,2019-06-01
TM-02723,ACC-DLR-22,TUBE-STD,4462,up,2020-10-01
TM-02724,ACC-DLR-29,TUBE-STD,4468,up,2026-11-01
TM-02725,ACC-DLR-36,TUBE-DLX,4455,up,2025-08-01
TM-02726,ACC-DLR-3,TUBE-STD,4455,up,2024-05-01
TM-02727,ACC-DLR-10,TUBE-DLX,4468,up,2026-05-01
TM-02728,ACC-DLR-17,TUBE-DLX,4468,up,2019-04-01
TM-02729,ACC-DLR-24,TUBE-DLX,4462,up,2025-07-01
TM-02730,ACC-DLR-31,TUBE-STD,4482,up,2021-08-01
TM-02731,ACC-DLR-38,TUBE-STD,4455,up,2020-07-01
TM-02732,ACC-DLR-5,TUBE-STD,4468,up,2021-03-01
TM-02733,ACC-DLR-12,TUBE-STD,4455,up,2022-03-01
TM-02734,ACC-DLR-19,TUBE-STD,4468,up,2021-08-01
TM-02735,ACC-DLR-26,TUBE-STD,4482,up,2024-06-01
TM-02736,ACC-DLR-33,TUBE-STD,4468,up,2023-02-01
TM-02737,ACC-DLR-40,TUBE-DLX,4468,up,2023-12-01
TM-02738,ACC-DLR-7,TUBE-STD,4462,up,2023-11-01
TM-02739,ACC-DLR-14,TUBE-STD,4468,up,2019-05-01
TM-02740,ACC-DLR-21,TUBE-STD,4455,up,2024-06-01
TM-02741,ACC-DLR-28,TUBE-DLX,4462,up,2022-06-01
TM-02742,ACC-DLR-35,TUBE-STD,4455,up,2026-08-01
TM-02743,ACC-DLR-2,TUBE-STD,4468,up,2025-12-01
TM-02744,ACC-DLR-9,TUBE-STD,4482,up,2026-10-01
TM-02745,ACC-DLR-16,TUBE-STD,4482,up,2021-12-01
TM-02746,ACC-DLR-23,TUBE-DLX,4455,up,2024-12-01
TM-02747,ACC-DLR-30,TUBE-STD,4462,up,2022-11-01
TM-02748,ACC-DLR-37,TUBE-STD,4455,up,2019-06-01
TM-02749,ACC-DLR-4,TUBE-STD,4468,up,2025-10-01
TM-02750,ACC-DLR-11,TUBE-DLX,4462,up,2026-05-01
TM-02751,ACC-DLR-18,TUBE-DLX,4455,up,2023-03-01
TM-02752,ACC-DLR-25,TUBE-STD,4482,up,2024-06-01
TM-02753,ACC-DLR-32,TUBE-STD,4455,up,2025-05-01
TM-02754,ACC-DLR-39,TUBE-DLX,4468,up,2020-10-01
TM-02755,ACC-DLR-6,TUBE-STD,4455,up,2024-04-01
TM-02756,ACC-DLR-13,TUBE-STD,4482,up,2020-07-01
TM-02757,ACC-DLR-20,TUBE-STD,4468,up,2025-10-01
TM-02758,ACC-DLR-27,TUBE-STD,4482,up,2020-03-01
TM-02759,ACC-DLR-34,TUBE-STD,4462,up,2023-03-01
TM-02760,ACC-DLR-1,TUBE-STD,4462,up,2022-07-01
TM-02761,ACC-DLR-8,TUBE-STD,4462,up,2022-08-01
TM-02762,ACC-DLR-15,TUBE-DLX,4455,up,2021-08-01
TM-02763,ACC-DLR-22,TUBE-DLX,4468,up,2026-05-01
TM-02764,ACC-DLR-29,TUBE-STD,4455,up,2019-11-01
TM-02765,ACC-DLR-36,TUBE-STD,4455,up,2020-06-01
TM-02766,ACC-DLR-3,TUBE-STD,4468,up,2022-09-01
TM-02767,ACC-DLR-10,TUBE-STD,4482,up,2019-02-01
TM-02768,ACC-DLR-17,TUBE-STD,4462,up,2023-10-01
TM-02769,ACC-DLR-24,TUBE-STD,4482,up,2022-11-01
TM-02770,ACC-DLR-31,TUBE-STD,4462,up,2023-01-01
TM-02771,ACC-DLR-38,TUBE-DLX,4468,up,2019-12-01
TM-02772,ACC-DLR-5,TUBE-STD,4482,up,2021-02-01
TM-02773,ACC-DLR-12,TUBE-DLX,4468,up,2026-05-01
TM-02774,ACC-DLR-19,TUBE-STD,4455,up,2025-10-01
TM-02775,ACC-DLR-26,TUBE-STD,4455,up,2020-09-01
TM-02776,ACC-DLR-33,TUBE-STD,4482,up,2024-12-01
TM-02777,ACC-DLR-40,TUBE-STD,4455,up,2024-05-01
TM-02778,ACC-DLR-7,TUBE-STD,4455,up,2021-09-01
TM-02779,ACC-DLR-14,TUBE-DLX,4455,up,2021-03-01
TM-02780,ACC-DLR-21,TUBE-STD,4462,up,2024-08-01
TM-02781,ACC-DLR-28,TUBE-DLX,4468,up,2022-07-01
TM-02782,ACC-DLR-35,TUBE-STD,4462,up,2019-10-01
TM-02783,ACC-DLR-2,TUBE-DLX,4482,up,2026-08-01
TM-02784,ACC-DLR-9,TUBE-STD,4455,up,2020-09-01
TM-02785,ACC-DLR-16,TUBE-STD,4462,up,2021-10-01
TM-02786,ACC-DLR-23,TUBE-STD,4468,up,2023-04-01
TM-02787,ACC-DLR-30,TUBE-STD,4462,up,2025-05-01
TM-02788,ACC-DLR-37,TUBE-STD,4455,up,2019-07-01
TM-02789,ACC-DLR-4,TUBE-STD,4462,up,2020-01-01
TM-02790,ACC-DLR-11,TUBE-STD,4482,up,2026-07-01
TM-02791,ACC-DLR-18,TUBE-STD,4462,up,2019-11-01
TM-02792,ACC-DLR-25,TUBE-DLX,4482,up,2020-07-01
TM-02793,ACC-DLR-32,TUBE-STD,4462,up,2024-09-01
TM-02794,ACC-DLR-39,TUBE-STD,4482,up,2022-03-01
TM-02795,ACC-DLR-6,TUBE-STD,4462,up,2023-06-01
TM-02796,ACC-DLR-13,TUBE-STD,4455,up,2023-10-01
TM-02797,ACC-DLR-20,TUBE-DLX,4455,up,2021-03-01
TM-02798,ACC-DLR-27,TUBE-STD,4468,up,2026-04-01
TM-02799,ACC-DLR-34,TUBE-STD,4482,up,2019-01-01
TM-02800,ACC-DLR-1,TUBE-DLX,4462,up,2024-11-01
TM-02801,ACC-DLR-8,TUBE-DLX,4455,up,2025-03-01
TM-02802,ACC-DLR-15,TUBE-DLX,4468,up,2023-01-01
TM-02803,ACC-DLR-22,TUBE-STD,4468,up,2026-01-01
TM-02804,ACC-DLR-29,TUBE-STD,4482,up,2021-08-01
TM-02805,ACC-DLR-36,TUBE-STD,4462,up,2024-10-01
TM-02806,ACC-DLR-3,TUBE-STD,4482,up,2021-09-01
TM-02807,ACC-DLR-10,TUBE-STD,4462,up,2026-04-01
TM-02808,ACC-DLR-17,TUBE-STD,4468,up,2025-07-01
TM-02809,ACC-DLR-24,TUBE-STD,4468,up,2025-04-01
TM-02810,ACC-DLR-31,TUBE-STD,4468,up,2024-01-01
TM-02811,ACC-DLR-38,TUBE-DLX,4482,up,2020-01-01
TM-02812,ACC-DLR-5,TUBE-STD,4455,up,2025-08-01
TM-02813,ACC-DLR-12,TUBE-STD,4462,up,2023-01-01
TM-02814,ACC-DLR-19,TUBE-STD,4482,up,2021-02-01
TM-02815,ACC-DLR-26,TUBE-STD,4468,up,2025-07-01
TM-02816,ACC-DLR-33,TUBE-DLX,4462,up,2023-06-01
TM-02817,ACC-DLR-40,TUBE-STD,4462,up,2019-12-01
TM-02818,ACC-DLR-7,TUBE-STD,4455,up,2024-07-01
TM-02819,ACC-DLR-14,TUBE-STD,4468,up,2024-05-01
TM-02820,ACC-DLR-21,TUBE-DLX,4462,up,2022-08-01
TM-02821,ACC-DLR-28,TUBE-STD,4482,up,2020-04-01
TM-02822,ACC-DLR-35,TUBE-STD,4468,up,2023-09-01
TM-02823,ACC-DLR-2,TUBE-STD,4482,up,2024-05-01
TM-02824,ACC-DLR-9,TUBE-STD,4455,up,2021-06-01
TM-02825,ACC-DLR-16,TUBE-DLX,4462,up,2025-07-01
TM-02826,ACC-DLR-23,TUBE-DLX,4462,up,2026-05-01
TM-02827,ACC-DLR-30,TUBE-DLX,4462,up,2020-04-01
TM-02828,ACC-DLR-37,TUBE-STD,4462,up,2026-03-01
TM-02829,ACC-DLR-4,TUBE-STD,4462,up,2025-11-01
TM-02830,ACC-DLR-11,TUBE-STD,4455,up,2019-09-01
TM-02831,ACC-DLR-18,TUBE-STD,4468,up,2020-03-01
TM-02832,ACC-DLR-25,TUBE-DLX,4482,up,2020-09-01
TM-02833,ACC-DLR-32,TUBE-STD,4462,up,2026-12-01
TM-02834,ACC-DLR-39,TUBE-STD,4455,up,2023-03-01
TM-02835,ACC-DLR-6,TUBE-DLX,4468,up,2025-12-01
TM-02836,ACC-DLR-13,TUBE-STD,4468,up,2026-09-01
TM-02837,ACC-DLR-20,TUBE-STD,4468,up,2025-03-01
TM-02838,ACC-DLR-27,TUBE-DLX,4455,up,2025-04-01
TM-02839,ACC-DLR-34,TUBE-DLX,4462,up,2023-12-01
TM-02840,ACC-DLR-1,TUBE-DLX,4462,up,2025-08-01
TM-02841,ACC-DLR-8,TUBE-STD,4455,up,2026-05-01
TM-02842,ACC-DLR-15,TUBE-DLX,4468,up,2026-07-01
TM-02843,ACC-DLR-22,TUBE-DLX,4482,up,2026-03-01
TM-02844,ACC-DLR-29,TUBE-STD,4468,up,2019-01-01
TM-02845,ACC-DLR-36,TUBE-DLX,4468,up,2025-03-01
TM-02846,ACC-DLR-3,TUBE-STD,4482,up,2019-12-01
TM-02847,ACC-DLR-10,TUBE-DLX,4468,up,2024-09-01
TM-02848,ACC-DLR-17,TUBE-DLX,4462,up,2025-12-01
TM-02849,ACC-DLR-24,TUBE-STD,4462,up,2025-11-01
TM-02850,ACC-DLR-31,TUBE-STD,4462,up,2024-12-01
TM-02851,ACC-DLR-38,TUBE-STD,4468,up,2023-04-01
TM-02852,ACC-DLR-5,TUBE-DLX,4462,up,2020-08-01
TM-02853,ACC-DLR-12,TUBE-STD,4482,up,2023-06-01
TM-02854,ACC-DLR-19,TUBE-DLX,4462,up,2024-09-01
TM-02855,ACC-DLR-26,TUBE-STD,4455,up,2020-02-01
TM-02856,ACC-DLR-33,TUBE-STD,4455,up,2023-06-01
TM-02857,ACC-DLR-40,TUBE-STD,4468,up,2019-10-01
TM-02858,ACC-DLR-7,TUBE-STD,4468,up,2023-07-01
TM-02859,ACC-DLR-14,TUBE-STD,4482,up,2024-05-01
TM-02860,ACC-DLR-21,TUBE-STD,4455,up,2021-07-01
TM-02861,ACC-DLR-28,TUBE-DLX,4468,up,2019-02-01
TM-02862,ACC-DLR-35,TUBE-STD,4455,up,2025-02-01
TM-02863,ACC-DLR-2,TUBE-DLX,4468,up,2019-02-01
TM-02864,ACC-DLR-9,TUBE-STD,4482,up,2020-06-01
TM-02865,ACC-DLR-16,TUBE-DLX,4468,up,2021-04-01
TM-02866,ACC-DLR-23,TUBE-DLX,4468,up,2024-06-01
TM-02867,ACC-DLR-30,TUBE-DLX,4468,up,2023-12-01
TM-02868,ACC-DLR-37,TUBE-STD,4455,up,2020-03-01
TM-02869,ACC-DLR-4,TUBE-STD,4462,up,2025-04-01
TM-02870,ACC-DLR-11,TUBE-STD,4482,up,2023-01-01
TM-02871,ACC-DLR-18,TUBE-STD,4482,up,2025-11-01
TM-02872,ACC-DLR-25,TUBE-STD,4462,up,2022-04-01
TM-02873,ACC-DLR-32,TUBE-DLX,4482,up,2019-06-01
TM-02874,ACC-DLR-39,TUBE-DLX,4455,up,2026-09-01
TM-02875,ACC-DLR-6,TUBE-STD,4462,up,2025-08-01
TM-02876,ACC-DLR-13,TUBE-STD,4455,up,2023-01-01
TM-02877,ACC-DLR-20,TUBE-STD,4455,up,2019-01-01
TM-02878,ACC-DLR-27,TUBE-STD,4468,up,2021-11-01
TM-02879,ACC-DLR-34,TUBE-DLX,4468,up,2024-03-01
TM-02880,ACC-DLR-1,TUBE-STD,4462,up,2019-04-01
TM-02881,ACC-DLR-8,TUBE-STD,4482,up,2020-11-01
TM-02882,ACC-DLR-15,TUBE-DLX,4482,up,2019-08-01
TM-02883,ACC-DLR-22,TUBE-DLX,4455,up,2020-03-01
TM-02884,ACC-DLR-29,TUBE-DLX,4482,up,2021-04-01
TM-02885,ACC-DLR-36,TUBE-DLX,4462,up,2021-06-01
TM-02886,ACC-DLR-3,TUBE-STD,4482,up,2025-10-01
TM-02887,ACC-DLR-10,TUBE-STD,4468,up,2023-09-01
TM-02888,ACC-DLR-17,TUBE-STD,4462,up,2025-02-01
TM-02889,ACC-DLR-24,TUBE-STD,4468,up,2025-01-01
TM-02890,ACC-DLR-31,TUBE-STD,4468,up,2021-11-01
TM-02891,ACC-DLR-38,TUBE-DLX,4482,up,2025-03-01
TM-02892,ACC-DLR-5,TUBE-STD,4455,up,2019-06-01
TM-02893,ACC-DLR-12,TUBE-STD,4462,up,2025-02-01
TM-02894,ACC-DLR-19,TUBE-STD,4482,up,2020-06-01
TM-02895,ACC-DLR-26,TUBE-STD,4468,up,2024-01-01
TM-02896,ACC-DLR-33,TUBE-STD,4455,up,2022-01-01
TM-02897,ACC-DLR-40,TUBE-DLX,4482,up,2025-06-01
TM-02898,ACC-DLR-7,TUBE-DLX,4468,up,2019-11-01
TM-02899,ACC-DLR-14,TUBE-DLX,4468,up,2025-03-01
TM-02900,ACC-DLR-21,TUBE-DLX,4462,up,2021-02-01
TM-02901,ACC-DLR-28,TUBE-STD,4455,up,2019-01-01
TM-02902,ACC-DLR-35,TUBE-STD,4482,up,2024-03-01
TM-02903,ACC-DLR-2,TUBE-DLX,4482,up,2021-03-01
TM-02904,ACC-DLR-9,TUBE-DLX,4455,up,2024-05-01
TM-02905,ACC-DLR-16,TUBE-STD,4462,up,2021-11-01
TM-02906,ACC-DLR-23,TUBE-STD,4468,up,2026-07-01
TM-02907,ACC-DLR-30,TUBE-STD,4482,up,2026-02-01
TM-02908,ACC-DLR-37,TUBE-STD,4455,up,2020-07-01
TM-02909,ACC-DLR-4,TUBE-STD,4462,up,2024-11-01
TM-02910,ACC-DLR-11,TUBE-STD,4455,up,2021-08-01
TM-02911,ACC-DLR-18,TUBE-STD,4462,up,2020-11-01
TM-02912,ACC-DLR-25,TUBE-STD,4482,up,2024-10-01
TM-02913,ACC-DLR-32,TUBE-STD,4482,up,2021-10-01
TM-02914,ACC-DLR-39,TUBE-STD,4482,up,2019-06-01
TM-02915,ACC-DLR-6,TUBE-DLX,4482,up,2025-06-01
TM-02916,ACC-DLR-13,TUBE-STD,4462,up,2026-07-01
TM-02917,ACC-DLR-20,TUBE-STD,4462,up,2019-10-01
TM-02918,ACC-DLR-27,TUBE-STD,4482,up,2020-11-01
TM-02919,ACC-DLR-34,TUBE-DLX,4455,up,2022-04-01
TM-02920,ACC-DLR-1,TUBE-STD,4455,up,2026-01-01
TM-02921,ACC-DLR-8,TUBE-STD,4468,up,2023-05-01
TM-02922,ACC-DLR-15,TUBE-DLX,4455,up,2019-03-01
TM-02923,ACC-DLR-22,TUBE-STD,4455,up,2026-07-01
TM-02924,ACC-DLR-29,TUBE-STD,4468,up,2025-01-01
TM-02925,ACC-DLR-36,TUBE-DLX,4482,up,2025-12-01
TM-02926,ACC-DLR-3,TUBE-STD,4482,up,2023-05-01
TM-02927,ACC-DLR-10,TUBE-STD,4462,up,2025-02-01
TM-02928,ACC-DLR-17,TUBE-STD,4462,up,2026-09-01
TM-02929,ACC-DLR-24,TUBE-STD,4468,up,2024-12-01
TM-02930,ACC-DLR-31,TUBE-STD,4455,up,2026-10-01
TM-02931,ACC-DLR-38,TUBE-DLX,4468,up,2026-08-01
TM-02932,ACC-DLR-5,TUBE-DLX,4468,up,2021-08-01
TM-02933,ACC-DLR-12,TUBE-STD,4482,up,2024-06-01
TM-02934,ACC-DLR-19,TUBE-DLX,4482,up,2020-02-01
TM-02935,ACC-DLR-26,TUBE-STD,4468,up,2022-10-01
TM-02936,ACC-DLR-33,TUBE-STD,4455,up,2022-09-01
TM-02937,ACC-DLR-40,TUBE-STD,4455,up,2019-06-01
TM-02938,ACC-DLR-7,TUBE-STD,4455,up,2025-11-01
TM-02939,ACC-DLR-14,TUBE-STD,4462,up,2023-07-01
TM-02940,ACC-DLR-21,TUBE-DLX,4468,up,2019-02-01
TM-02941,ACC-DLR-28,TUBE-STD,4482,up,2026-09-01
TM-02942,ACC-DLR-35,TUBE-DLX,4482,up,2021-11-01
TM-02943,ACC-DLR-2,TUBE-DLX,4462,up,2025-04-01
TM-02944,ACC-DLR-9,TUBE-DLX,4482,up,2024-06-01
TM-02945,ACC-DLR-16,TUBE-STD,4462,up,2020-06-01
TM-02946,ACC-DLR-23,TUBE-DLX,4482,up,2020-03-01
TM-02947,ACC-DLR-30,TUBE-STD,4482,up,2021-10-01
TM-02948,ACC-DLR-37,TUBE-STD,4462,up,2023-05-01
TM-02949,ACC-DLR-4,TUBE-STD,4482,up,2026-06-01
TM-02950,ACC-DLR-11,TUBE-STD,4468,up,2020-04-01
TM-02951,ACC-DLR-18,TUBE-DLX,4468,up,2025-07-01
TM-02952,ACC-DLR-25,TUBE-DLX,4455,up,2024-06-01
TM-02953,ACC-DLR-32,TUBE-STD,4462,up,2021-05-01
TM-02954,ACC-DLR-39,TUBE-STD,4482,up,2022-06-01
TM-02955,ACC-DLR-6,TUBE-DLX,4482,up,2024-07-01
TM-02956,ACC-DLR-13,TUBE-STD,4462,up,2026-07-01
TM-02957,ACC-DLR-20,TUBE-DLX,4482,up,2020-10-01
TM-02958,ACC-DLR-27,TUBE-STD,4482,up,2020-02-01
TM-02959,ACC-DLR-34,TUBE-DLX,4468,up,2022-12-01
TM-02960,ACC-DLR-1,TUBE-STD,4455,up,2020-04-01
TM-02961,ACC-DLR-8,TUBE-STD,4455,up,2026-10-01
TM-02962,ACC-DLR-15,TUBE-DLX,4455,up,2023-07-01
TM-02963,ACC-DLR-22,TUBE-DLX,4455,up,2021-01-01
TM-02964,ACC-DLR-29,TUBE-STD,4462,up,2026-07-01
TM-02965,ACC-DLR-36,TUBE-STD,4482,up,2026-10-01
TM-02966,ACC-DLR-3,TUBE-DLX,4482,up,2026-09-01
TM-02967,ACC-DLR-10,TUBE-STD,4468,up,2019-08-01
TM-02968,ACC-DLR-17,TUBE-STD,4455,up,2022-03-01
TM-02969,ACC-DLR-24,TUBE-DLX,4455,up,2019-02-01
TM-02970,ACC-DLR-31,TUBE-STD,4482,up,2026-11-01
TM-02971,ACC-DLR-38,TUBE-STD,4455,up,2021-10-01
TM-02972,ACC-DLR-5,TUBE-STD,4455,up,2022-08-01
TM-02973,ACC-DLR-12,TUBE-DLX,4482,up,2023-09-01
TM-02974,ACC-DLR-19,TUBE-STD,4482,up,2023-09-01
TM-02975,ACC-DLR-26,TUBE-DLX,4482,up,2024-01-01
TM-02976,ACC-DLR-33,TUBE-DLX,4462,up,2022-11-01
TM-02977,ACC-DLR-40,TUBE-STD,4462,up,2025-12-01
TM-02978,ACC-DLR-7,TUBE-STD,4468,up,2026-05-01
TM-02979,ACC-DLR-14,TUBE-STD,4468,up,2026-03-01
TM-02980,ACC-DLR-21,TUBE-DLX,4482,up,2019-05-01
TM-02981,ACC-DLR-28,TUBE-STD,4455,up,2024-07-01
TM-02982,ACC-DLR-35,TUBE-STD,4455,up,2025-10-01
TM-02983,ACC-DLR-2,TUBE-STD,4468,up,2026-08-01
TM-02984,ACC-DLR-9,TUBE-STD,4482,up,2024-07-01
TM-02985,ACC-DLR-16,TUBE-STD,4455,up,2021-10-01
TM-02986,ACC-DLR-23,TUBE-STD,4468,up,2020-09-01
TM-02987,ACC-DLR-30,TUBE-STD,4468,up,2024-06-01
TM-02988,ACC-DLR-37,TUBE-STD,4468,up,2026-03-01
TM-02989,ACC-DLR-4,TUBE-DLX,4468,up,2019-06-01
TM-02990,ACC-DLR-11,TUBE-STD,4468,up,2025-05-01
TM-02991,ACC-DLR-18,TUBE-STD,4468,up,2021-11-01
TM-02992,ACC-DLR-25,TUBE-DLX,4455,up,2019-08-01
TM-02993,ACC-DLR-32,TUBE-STD,4455,up,2020-06-01
TM-02994,ACC-DLR-39,TUBE-STD,4482,up,2019-10-01
TM-02995,ACC-DLR-6,TUBE-STD,4455,up,2021-04-01
TM-02996,ACC-DLR-13,TUBE-DLX,4482,up,2026-03-01
TM-02997,ACC-DLR-20,TUBE-STD,4455,up,2026-06-01
TM-02998,ACC-DLR-27,TUBE-DLX,4462,up,2026-01-01
TM-02999,ACC-DLR-34,TUBE-DLX,4482,up,2020-01-01
TM-03000,ACC-DLR-1,TUBE-DLX,4462,up,2023-02-01
TM-03001,ACC-DLR-8,TUBE-STD,4462,up,2025-06-01
TM-03002,ACC-DLR-15,TUBE-STD,4482,up,2023-05-01
TM-03003,ACC-DLR-22,TUBE-STD,4462,up,2020-03-01
TM-03004,ACC-DLR-29,TUBE-DLX,4482,up,2022-04-01
TM-03005,ACC-DLR-36,TUBE-STD,4468,up,2024-10-01
TM-03006,ACC-DLR-3,TUBE-STD,4482,up,2021-10-01
TM-03007,ACC-DLR-10,TUBE-STD,4462,up,2019-02-01
TM-03008,ACC-DLR-17,TUBE-STD,4482,up,2023-08-01
TM-03009,ACC-DLR-24,TUBE-STD,4468,up,2020-11-01
TM-03010,ACC-DLR-31,TUBE-DLX,4482,up,2023-10-01
TM-03011,ACC-DLR-38,TUBE-DLX,4482,up,2025-04-01
TM-03012,ACC-DLR-5,TUBE-STD,4455,up,2020-03-01
TM-03013,ACC-DLR-12,TUBE-DLX,4468,up,2019-02-01
TM-03014,ACC-DLR-19,TUBE-STD,4468,up,2022-06-01
TM-03015,ACC-DLR-26,TUBE-DLX,4468,up,2019-09-01
TM-03016,ACC-DLR-33,TUBE-DLX,4462,up,2024-08-01
TM-03017,ACC-DLR-40,TUBE-DLX,4462,up,2020-05-01
TM-03018,ACC-DLR-7,TUBE-STD,4482,up,2023-05-01
TM-03019,ACC-DLR-14,TUBE-STD,4455,up,2020-09-01
TM-03020,ACC-DLR-21,TUBE-STD,4482,up,2021-12-01
TM-03021,ACC-DLR-28,TUBE-STD,4462,up,2020-06-01
TM-03022,ACC-DLR-35,TUBE-STD,4468,up,2024-10-01
TM-03023,ACC-DLR-2,TUBE-STD,4462,up,2026-04-01
TM-03024,ACC-DLR-9,TUBE-STD,4462,up,2024-09-01
TM-03025,ACC-DLR-16,TUBE-STD,4455,up,2025-12-01
TM-03026,ACC-DLR-23,TUBE-STD,4455,up,2025-04-01
TM-03027,ACC-DLR-30,TUBE-STD,4455,up,2025-06-01
TM-03028,ACC-DLR-37,TUBE-STD,4468,up,2019-08-01
TM-03029,ACC-DLR-4,TUBE-STD,4462,up,2025-10-01
TM-03030,ACC-DLR-11,TUBE-STD,4468,up,2020-09-01
TM-03031,ACC-DLR-18,TUBE-DLX,4455,up,2026-05-01
TM-03032,ACC-DLR-25,TUBE-STD,4482,up,2020-01-01
TM-03033,ACC-DLR-32,TUBE-DLX,4482,up,2022-11-01
TM-03034,ACC-DLR-39,TUBE-STD,4482,up,2022-03-01
TM-03035,ACC-DLR-6,TUBE-DLX,4455,up,2021-11-01
TM-03036,ACC-DLR-13,TUBE-STD,4462,up,2020-03-01
TM-03037,ACC-DLR-20,TUBE-STD,4462,up,2023-04-01
TM-03038,ACC-DLR-27,TUBE-STD,4455,up,2020-05-01
TM-03039,ACC-DLR-34,TUBE-STD,4482,up,2022-02-01
TM-03040,ACC-DLR-1,TUBE-STD,4455,up,2021-02-01
TM-03041,ACC-DLR-8,TUBE-STD,4462,up,2026-09-01
TM-03042,ACC-DLR-15,TUBE-STD,4462,up,2026-09-01
TM-03043,ACC-DLR-22,TUBE-STD,4482,up,2021-10-01
TM-03044,ACC-DLR-29,TUBE-DLX,4455,up,2025-04-01
TM-03045,ACC-DLR-36,TUBE-STD,4468,up,2019-04-01
TM-03046,ACC-DLR-3,TUBE-DLX,4482,up,2025-02-01
TM-03047,ACC-DLR-10,TUBE-STD,4468,up,2024-04-01
TM-03048,ACC-DLR-17,TUBE-DLX,4482,up,2024-10-01
TM-03049,ACC-DLR-24,TUBE-STD,4462,up,2022-04-01
TM-03050,ACC-DLR-31,TUBE-STD,4455,up,2019-10-01
TM-03051,ACC-DLR-38,TUBE-STD,4468,up,2019-03-01
TM-03052,ACC-DLR-5,TUBE-STD,4455,up,2020-10-01
TM-03053,ACC-DLR-12,TUBE-STD,4462,up,2024-05-01
TM-03054,ACC-DLR-19,TUBE-STD,4455,up,2026-03-01
TM-03055,ACC-DLR-26,TUBE-STD,4482,up,2023-01-01
TM-03056,ACC-DLR-33,TUBE-STD,4482,up,2021-03-01
TM-03057,ACC-DLR-40,TUBE-DLX,4462,up,2022-12-01
TM-03058,ACC-DLR-7,TUBE-STD,4482,up,2020-05-01
TM-03059,ACC-DLR-14,TUBE-DLX,4455,up,2023-06-01
TM-03060,ACC-DLR-21,TUBE-STD,4482,up,2020-12-01
TM-03061,ACC-DLR-28,TUBE-STD,4482,up,2023-05-01
TM-03062,ACC-DLR-35,TUBE-STD,4455,up,2019-01-01
TM-03063,ACC-DLR-2,TUBE-STD,4482,up,2021-09-01
TM-03064,ACC-DLR-9,TUBE-DLX,4468,up,2022-03-01
TM-03065,ACC-DLR-16,TUBE-STD,4482,up,2026-01-01
TM-03066,ACC-DLR-23,TUBE-STD,4455,up,2025-06-01
TM-03067,ACC-DLR-30,TUBE-DLX,4468,up,2026-10-01
TM-03068,ACC-DLR-37,TUBE-STD,4455,up,2020-01-01
TM-03069,ACC-DLR-4,TUBE-DLX,4455,up,2024-08-01
TM-03070,ACC-DLR-11,TUBE-STD,4455,up,2026-12-01
TM-03071,ACC-DLR-18,TUBE-STD,4462,up,2026-11-01
TM-03072,ACC-DLR-25,TUBE-DLX,4455,up,2022-02-01
TM-03073,ACC-DLR-32,TUBE-STD,4455,up,2020-11-01
TM-03074,ACC-DLR-39,TUBE-DLX,4455,up,2022-05-01
TM-03075,ACC-DLR-6,TUBE-STD,4462,up,2023-10-01
TM-03076,ACC-DLR-13,TUBE-STD,4455,up,2025-07-01
TM-03077,ACC-DLR-20,TUBE-STD,4468,up,2025-04-01
TM-03078,ACC-DLR-27,TUBE-STD,4462,up,2026-12-01
TM-03079,ACC-DLR-34,TUBE-STD,4482,up,2022-02-01
TM-03080,ACC-DLR-1,TUBE-STD,4468,up,2019-08-01
TM-03081,ACC-DLR-8,TUBE-DLX,4462,up,2025-02-01
TM-03082,ACC-DLR-15,TUBE-DLX,4462,up,2023-01-01
TM-03083,ACC-DLR-22,TUBE-STD,4468,up,2023-05-01
TM-03084,ACC-DLR-29,TUBE-STD,4468,up,2026-09-01
TM-03085,ACC-DLR-36,TUBE-STD,4462,up,2023-11-01
TM-03086,ACC-DLR-3,TUBE-STD,4482,up,2022-09-01
TM-03087,ACC-DLR-10,TUBE-STD,4468,up,2026-07-01
TM-03088,ACC-DLR-17,TUBE-STD,4455,up,2025-09-01
TM-03089,ACC-DLR-24,TUBE-STD,4482,up,2025-03-01
TM-03090,ACC-DLR-31,TUBE-DLX,4468,up,2022-01-01
TM-03091,ACC-DLR-38,TUBE-STD,4455,up,2026-12-01
TM-03092,ACC-DLR-5,TUBE-STD,4455,up,2019-03-01
TM-03093,ACC-DLR-12,TUBE-STD,4462,up,2025-09-01
TM-03094,ACC-DLR-19,TUBE-STD,4482,up,2019-07-01
TM-03095,ACC-DLR-26,TUBE-DLX,4455,up,2019-01-01
TM-03096,ACC-DLR-33,TUBE-STD,4462,up,2020-08-01
TM-03097,ACC-DLR-40,TUBE-STD,4468,up,2026-05-01
TM-03098,ACC-DLR-7,TUBE-STD,4455,up,2025-06-01
TM-03099,ACC-DLR-14,TUBE-STD,4468,up,2026-06-01
TM-03100,ACC-DLR-21,TUBE-STD,4462,up,2025-08-01
TM-03101,ACC-DLR-28,TUBE-STD,4455,up,2024-04-01
TM-03102,ACC-DLR-35,TUBE-STD,4482,up,2022-04-01
TM-03103,ACC-DLR-2,TUBE-STD,4468,up,2024-04-01
TM-03104,ACC-DLR-9,TUBE-STD,4455,up,2019-01-01
TM-03105,ACC-DLR-16,TUBE-STD,4462,up,2025-10-01
TM-03106,ACC-DLR-23,TUBE-STD,4462,up,2025-02-01
TM-03107,ACC-DLR-30,TUBE-STD,4482,up,2024-09-01
TM-03108,ACC-DLR-37,TUBE-DLX,4468,up,2026-01-01
TM-03109,ACC-DLR-4,TUBE-STD,4468,up,2022-09-01
TM-03110,ACC-DLR-11,TUBE-STD,4468,up,2019-02-01
TM-03111,ACC-DLR-18,TUBE-STD,4455,up,2021-08-01
TM-03112,ACC-DLR-25,TUBE-DLX,4455,up,2023-01-01
TM-03113,ACC-DLR-32,TUBE-DLX,4482,up,2024-10-01
TM-03114,ACC-DLR-39,TUBE-STD,4482,up,2022-09-01
TM-03115,ACC-DLR-6,TUBE-DLX,4462,up,2021-09-01
TM-03116,ACC-DLR-13,TUBE-STD,4455,up,2020-04-01
TM-03117,ACC-DLR-20,TUBE-STD,4455,up,2023-05-01
TM-03118,ACC-DLR-27,TUBE-STD,4462,up,2019-11-01
TM-03119,ACC-DLR-34,TUBE-DLX,4455,up,2026-07-01
TM-03120,ACC-DLR-1,TUBE-DLX,4455,up,2024-08-01
TM-03121,ACC-DLR-8,TUBE-STD,4482,up,2019-12-01
TM-03122,ACC-DLR-15,TUBE-DLX,4455,up,2025-04-01
TM-03123,ACC-DLR-22,TUBE-DLX,4468,up,2024-03-01
TM-03124,ACC-DLR-29,TUBE-DLX,4455,up,2023-08-01
TM-03125,ACC-DLR-36,TUBE-STD,4482,up,2025-03-01
TM-03126,ACC-DLR-3,TUBE-STD,4462,up,2021-06-01
TM-03127,ACC-DLR-10,TUBE-DLX,4482,up,2022-10-01
TM-03128,ACC-DLR-17,TUBE-DLX,4482,up,2023-07-01
TM-03129,ACC-DLR-24,TUBE-STD,4468,up,2020-09-01
TM-03130,ACC-DLR-31,TUBE-STD,4462,up,2019-04-01
TM-03131,ACC-DLR-38,TUBE-DLX,4455,up,2022-10-01
TM-03132,ACC-DLR-5,TUBE-DLX,4455,up,2019-01-01
TM-03133,ACC-DLR-12,TUBE-STD,4462,up,2023-02-01
TM-03134,ACC-DLR-19,TUBE-STD,4482,up,2023-06-01
TM-03135,ACC-DLR-26,TUBE-STD,4482,up,2025-08-01
TM-03136,ACC-DLR-33,TUBE-STD,4462,up,2023-07-01
TM-03137,ACC-DLR-40,TUBE-STD,4455,up,2025-08-01
TM-03138,ACC-DLR-7,TUBE-STD,4468,up,2026-12-01
TM-03139,ACC-DLR-14,TUBE-STD,4455,up,2022-07-01
TM-03140,ACC-DLR-21,TUBE-STD,4455,up,2022-01-01
TM-03141,ACC-DLR-28,TUBE-DLX,4468,up,2024-05-01
TM-03142,ACC-DLR-35,TUBE-STD,4482,up,2024-04-01
TM-03143,ACC-DLR-2,TUBE-STD,4468,up,2021-06-01
TM-03144,ACC-DLR-9,TUBE-DLX,4468,up,2024-04-01
TM-03145,ACC-DLR-16,TUBE-STD,4468,up,2020-02-01
TM-03146,ACC-DLR-23,TUBE-STD,4468,up,2025-10-01
TM-03147,ACC-DLR-30,TUBE-STD,4455,up,2025-12-01
TM-03148,ACC-DLR-37,TUBE-DLX,4462,up,2019-09-01
TM-03149,ACC-DLR-4,TUBE-DLX,4482,up,2024-02-01
TM-03150,ACC-DLR-11,TUBE-STD,4462,up,2019-04-01
TM-03151,ACC-DLR-18,TUBE-STD,4482,up,2019-08-01
TM-03152,ACC-DLR-25,TUBE-DLX,4462,up,2019-06-01
TM-03153,ACC-DLR-32,TUBE-DLX,4462,up,2019-03-01
TM-03154,ACC-DLR-39,TUBE-STD,4455,up,2022-07-01
TM-03155,ACC-DLR-6,TUBE-STD,4482,up,2025-06-01
TM-03156,ACC-DLR-13,TUBE-STD,4482,up,2022-02-01
TM-03157,ACC-DLR-20,TUBE-STD,4468,up,2026-02-01
TM-03158,ACC-DLR-27,TUBE-STD,4462,up,2022-07-01
TM-03159,ACC-DLR-34,TUBE-STD,4455,up,2024-02-01
TM-03160,ACC-DLR-1,TUBE-DLX,4468,up,2025-05-01
TM-03161,ACC-DLR-8,TUBE-STD,4468,up,2025-01-01
TM-03162,ACC-DLR-15,TUBE-DLX,4468,up,2023-09-01
TM-03163,ACC-DLR-22,TUBE-STD,4462,up,2020-06-01
TM-03164,ACC-DLR-29,TUBE-STD,4455,up,2023-03-01
TM-03165,ACC-DLR-36,TUBE-STD,4462,up,2026-01-01
TM-03166,ACC-DLR-3,TUBE-STD,4468,up,2020-08-01
TM-03167,ACC-DLR-10,TUBE-STD,4462,up,2019-06-01
TM-03168,ACC-DLR-17,TUBE-STD,4462,up,2023-12-01
TM-03169,ACC-DLR-24,TUBE-STD,4482,up,2020-11-01
TM-03170,ACC-DLR-31,TUBE-STD,4482,up,2023-10-01
TM-03171,ACC-DLR-38,TUBE-STD,4468,up,2025-12-01
TM-03172,ACC-DLR-5,TUBE-STD,4462,up,2022-04-01
TM-03173,ACC-DLR-12,TUBE-DLX,4462,up,2026-03-01
TM-03174,ACC-DLR-19,TUBE-DLX,4468,up,2022-11-01
TM-03175,ACC-DLR-26,TUBE-STD,4468,up,2026-10-01
TM-03176,ACC-DLR-33,TUBE-STD,4468,up,2026-02-01
TM-03177,ACC-DLR-40,TUBE-STD,4468,up,2021-06-01
TM-03178,ACC-DLR-7,TUBE-STD,4462,up,2020-07-01
TM-03179,ACC-DLR-14,TUBE-DLX,4455,up,2021-06-01
TM-03180,ACC-DLR-21,TUBE-STD,4482,up,2024-11-01
TM-03181,ACC-DLR-28,TUBE-STD,4455,up,2025-06-01
TM-03182,ACC-DLR-35,TUBE-STD,4482,up,2022-07-01
TM-03183,ACC-DLR-2,TUBE-DLX,4482,up,2024-04-01
TM-03184,ACC-DLR-9,TUBE-DLX,4468,up,2021-02-01
TM-03185,ACC-DLR-16,TUBE-DLX,4482,up,2026-03-01
TM-03186,ACC-DLR-23,TUBE-STD,4462,up,2023-11-01
TM-03187,ACC-DLR-30,TUBE-DLX,4482,up,2021-11-01
TM-03188,ACC-DLR-37,TUBE-STD,4482,up,2026-09-01
TM-03189,ACC-DLR-4,TUBE-STD,4462,up,2025-05-01
TM-03190,ACC-DLR-11,TUBE-DLX,4462,up,2026-02-01
TM-03191,ACC-DLR-18,TUBE-DLX,4468,up,2025-12-01
TM-03192,ACC-DLR-25,TUBE-STD,4468,up,2024-09-01
TM-03193,ACC-DLR-32,TUBE-STD,4462,up,2022-06-01
TM-03194,ACC-DLR-39,TUBE-STD,4462,up,2023-04-01
TM-03195,ACC-DLR-6,TUBE-DLX,4482,up,2026-07-01
TM-03196,ACC-DLR-13,TUBE-STD,4462,up,2025-08-01
TM-03197,ACC-DLR-20,TUBE-STD,4462,up,2025-01-01
TM-03198,ACC-DLR-27,TUBE-STD,4462,up,2024-10-01
TM-03199,ACC-DLR-34,TUBE-DLX,4482,up,2020-05-01
TM-03200,ACC-DLR-1,TUBE-DLX,4455,up,2021-11-01
TM-03201,ACC-DLR-8,TUBE-STD,4462,up,2019-05-01
TM-03202,ACC-DLR-15,TUBE-STD,4455,up,2019-04-01
TM-03203,ACC-DLR-22,TUBE-DLX,4455,up,2020-06-01
TM-03204,ACC-DLR-29,TUBE-STD,4482,up,2022-04-01
TM-03205,ACC-DLR-36,TUBE-STD,4455,up,2022-02-01
TM-03206,ACC-DLR-3,TUBE-STD,4455,up,2019-06-01
TM-03207,ACC-DLR-10,TUBE-DLX,4462,up,2023-09-01
TM-03208,ACC-DLR-17,TUBE-DLX,4482,up,2019-03-01
TM-03209,ACC-DLR-24,TUBE-STD,4455,up,2021-12-01
TM-03210,ACC-DLR-31,TUBE-STD,4468,up,2025-02-01
TM-03211,ACC-DLR-38,TUBE-DLX,4455,up,2024-03-01
TM-03212,ACC-DLR-5,TUBE-STD,4462,up,2025-06-01
TM-03213,ACC-DLR-12,TUBE-DLX,4468,up,2026-12-01
TM-03214,ACC-DLR-19,TUBE-STD,4468,up,2020-01-01
TM-03215,ACC-DLR-26,TUBE-DLX,4455,up,2020-09-01
TM-03216,ACC-DLR-33,TUBE-STD,4468,up,2025-01-01
TM-03217,ACC-DLR-40,TUBE-DLX,4482,up,2025-05-01
TM-03218,ACC-DLR-7,TUBE-STD,4468,up,2021-02-01
TM-03219,ACC-DLR-14,TUBE-STD,4482,up,2021-10-01
TM-03220,ACC-DLR-21,TUBE-STD,4468,up,2025-07-01
TM-03221,ACC-DLR-28,TUBE-STD,4462,up,2021-12-01
TM-03222,ACC-DLR-35,TUBE-STD,4462,up,2022-06-01
TM-03223,ACC-DLR-2,TUBE-STD,4482,up,2020-01-01
TM-03224,ACC-DLR-9,TUBE-STD,4468,up,2026-11-01
TM-03225,ACC-DLR-16,TUBE-STD,4455,up,2026-12-01
TM-03226,ACC-DLR-23,TUBE-DLX,4482,up,2023-02-01
TM-03227,ACC-DLR-30,TUBE-STD,4462,up,2024-06-01
TM-03228,ACC-DLR-37,TUBE-DLX,4482,up,2026-02-01
TM-03229,ACC-DLR-4,TUBE-DLX,4455,up,2020-04-01
TM-03230,ACC-DLR-11,TUBE-DLX,4455,up,2024-11-01
TM-03231,ACC-DLR-18,TUBE-DLX,4455,up,2023-07-01
TM-03232,ACC-DLR-25,TUBE-STD,4455,up,2019-10-01
TM-03233,ACC-DLR-32,TUBE-STD,4468,up,2026-10-01
TM-03234,ACC-DLR-39,TUBE-DLX,4482,up,2021-06-01
TM-03235,ACC-DLR-6,TUBE-DLX,4468,up,2024-07-01
TM-03236,ACC-DLR-13,TUBE-STD,4462,up,2025-03-01
TM-03237,ACC-DLR-20,TUBE-DLX,4482,up,2026-07-01
TM-03238,ACC-DLR-27,TUBE-DLX,4468,up,2021-08-01
TM-03239,ACC-DLR-34,TUBE-DLX,4468,up,2019-02-01
TM-03240,ACC-DLR-1,TUBE-DLX,4468,up,2025-10-01
TM-03241,ACC-DLR-8,TUBE-STD,4462,up,2024-02-01
TM-03242,ACC-DLR-15,TUBE-STD,4462,up,2021-02-01
TM-03243,ACC-DLR-22,TUBE-STD,4482,up,2023-09-01
TM-03244,ACC-DLR-29,TUBE-STD,4468,up,2024-01-01
TM-03245,ACC-DLR-36,TUBE-STD,4482,up,2019-07-01
TM-03246,ACC-DLR-3,TUBE-STD,4455,up,2024-10-01
TM-03247,ACC-DLR-10,TUBE-STD,4468,up,2025-06-01
TM-03248,ACC-DLR-17,TUBE-STD,4468,up,2025-01-01
TM-03249,ACC-DLR-24,TUBE-STD,4455,up,2020-10-01
TM-03250,ACC-DLR-31,TUBE-STD,4455,up,2023-12-01
TM-03251,ACC-DLR-38,TUBE-STD,4462,up,2020-12-01
TM-03252,ACC-DLR-5,TUBE-DLX,4462,up,2025-12-01
TM-03253,ACC-DLR-12,TUBE-STD,4468,up,2026-01-01
TM-03254,ACC-DLR-19,TUBE-DLX,4462,up,2025-04-01
TM-03255,ACC-DLR-26,TUBE-STD,4455,up,2021-03-01
TM-03256,ACC-DLR-33,TUBE-STD,4482,up,2026-05-01
TM-03257,ACC-DLR-40,TUBE-DLX,4482,up,2021-05-01
TM-03258,ACC-DLR-7,TUBE-STD,4462,up,2025-07-01
TM-03259,ACC-DLR-14,TUBE-STD,4482,up,2020-04-01
TM-03260,ACC-DLR-21,TUBE-STD,4482,up,2023-05-01
TM-03261,ACC-DLR-28,TUBE-STD,4455,up,2025-12-01
TM-03262,ACC-DLR-35,TUBE-STD,4462,up,2019-10-01
TM-03263,ACC-DLR-2,TUBE-DLX,4482,up,2025-01-01
TM-03264,ACC-DLR-9,TUBE-STD,4482,up,2026-01-01
TM-03265,ACC-DLR-16,TUBE-DLX,4468,up,2024-04-01
TM-03266,ACC-DLR-23,TUBE-STD,4468,up,2024-06-01
TM-03267,ACC-DLR-30,TUBE-STD,4482,up,2021-01-01
TM-03268,ACC-DLR-37,TUBE-DLX,4482,up,2019-08-01
TM-03269,ACC-DLR-4,TUBE-STD,4455,up,2019-01-01
TM-03270,ACC-DLR-11,TUBE-DLX,4462,up,2019-11-01
TM-03271,ACC-DLR-18,TUBE-STD,4455,up,2021-11-01
TM-03272,ACC-DLR-25,TUBE-DLX,4455,up,2025-07-01
TM-03273,ACC-DLR-32,TUBE-DLX,4462,up,2021-04-01
TM-03274,ACC-DLR-39,TUBE-STD,4455,up,2020-12-01
TM-03275,ACC-DLR-6,TUBE-STD,4455,up,2022-07-01
TM-03276,ACC-DLR-13,TUBE-STD,4468,up,2022-10-01
TM-03277,ACC-DLR-20,TUBE-STD,4455,up,2024-05-01
TM-03278,ACC-DLR-27,TUBE-DLX,4462,up,2021-04-01
TM-03279,ACC-DLR-34,TUBE-STD,4462,up,2020-05-01
TM-03280,ACC-DLR-1,TUBE-STD,4482,up,2019-10-01
TM-03281,ACC-DLR-8,TUBE-STD,4468,up,2019-11-01
TM-03282,ACC-DLR-15,TUBE-STD,4455,up,2024-11-01
TM-03283,ACC-DLR-22,TUBE-DLX,4482,up,2023-12-01
TM-03284,ACC-DLR-29,TUBE-STD,4462,up,2023-04-01
TM-03285,ACC-DLR-36,TUBE-DLX,4455,up,2022-05-01
TM-03286,ACC-DLR-3,TUBE-STD,4455,up,2026-03-01
TM-03287,ACC-DLR-10,TUBE-DLX,4462,up,2021-06-01
TM-03288,ACC-DLR-17,TUBE-STD,4482,up,2025-11-01
TM-03289,ACC-DLR-24,TUBE-DLX,4462,up,2023-06-01
TM-03290,ACC-DLR-31,TUBE-DLX,4468,up,2022-06-01
TM-03291,ACC-DLR-38,TUBE-STD,4455,up,2019-02-01
TM-03292,ACC-DLR-5,TUBE-STD,4462,up,2023-08-01
TM-03293,ACC-DLR-12,TUBE-STD,4482,up,2022-07-01
TM-03294,ACC-DLR-19,TUBE-STD,4482,up,2024-12-01
TM-03295,ACC-DLR-26,TUBE-DLX,4482,up,2024-10-01
TM-03296,ACC-DLR-33,TUBE-STD,4462,up,2019-12-01
TM-03297,ACC-DLR-40,TUBE-DLX,4455,up,2021-08-01
TM-03298,ACC-DLR-7,TUBE-DLX,4455,up,2019-01-01
TM-03299,ACC-DLR-14,TUBE-STD,4462,up,2019-11-01
TM-03300,ACC-DLR-21,TUBE-STD,4468,up,2025-09-01
TM-03301,ACC-DLR-28,TUBE-DLX,4482,up,2022-11-01
TM-03302,ACC-DLR-35,TUBE-STD,4468,up,2022-05-01
TM-03303,ACC-DLR-2,TUBE-STD,4468,up,2022-10-01
TM-03304,ACC-DLR-9,TUBE-STD,4482,up,2021-07-01
TM-03305,ACC-DLR-16,TUBE-STD,4462,up,2020-11-01
TM-03306,ACC-DLR-23,TUBE-DLX,4468,up,2022-04-01
TM-03307,ACC-DLR-30,TUBE-STD,4468,up,2026-02-01
TM-03308,ACC-DLR-37,TUBE-DLX,4462,up,2019-09-01
TM-03309,ACC-DLR-4,TUBE-DLX,4482,up,2020-10-01
TM-03310,ACC-DLR-11,TUBE-STD,4468,up,2025-06-01
TM-03311,ACC-DLR-18,TUBE-STD,4482,up,2023-01-01
TM-03312,ACC-DLR-25,TUBE-STD,4468,up,2026-08-01
TM-03313,ACC-DLR-32,TUBE-DLX,4482,up,2026-12-01
TM-03314,ACC-DLR-39,TUBE-STD,4482,up,2025-03-01
TM-03315,ACC-DLR-6,TUBE-DLX,4482,up,2019-03-01
TM-03316,ACC-DLR-13,TUBE-STD,4468,up,2024-04-01
TM-03317,ACC-DLR-20,TUBE-STD,4455,up,2022-07-01
TM-03318,ACC-DLR-27,TUBE-STD,4468,up,2023-04-01
TM-03319,ACC-DLR-34,TUBE-STD,4468,up,2023-09-01
TM-03320,ACC-DLR-1,TUBE-STD,4468,up,2022-10-01
TM-03321,ACC-DLR-8,TUBE-DLX,4455,up,2024-06-01
TM-03322,ACC-DLR-15,TUBE-DLX,4468,up,2025-08-01
TM-03323,ACC-DLR-22,TUBE-STD,4468,up,2020-06-01
TM-03324,ACC-DLR-29,TUBE-DLX,4455,up,2019-08-01
TM-03325,ACC-DLR-36,TUBE-STD,4482,up,2023-05-01
TM-03326,ACC-DLR-3,TUBE-STD,4468,up,2019-01-01
TM-03327,ACC-DLR-10,TUBE-STD,4462,up,2019-09-01
TM-03328,ACC-DLR-17,TUBE-STD,4455,up,2024-06-01
TM-03329,ACC-DLR-24,TUBE-STD,4468,up,2023-01-01
TM-03330,ACC-DLR-31,TUBE-DLX,4455,up,2020-08-01
TM-03331,ACC-DLR-38,TUBE-STD,4462,up,2019-05-01
TM-03332,ACC-DLR-5,TUBE-STD,4462,up,2026-06-01
TM-03333,ACC-DLR-12,TUBE-STD,4468,up,2019-03-01
TM-03334,ACC-DLR-19,TUBE-STD,4482,up,2021-06-01
TM-03335,ACC-DLR-26,TUBE-STD,4455,up,2021-12-01
TM-03336,ACC-DLR-33,TUBE-STD,4482,up,2023-03-01
TM-03337,ACC-DLR-40,TUBE-STD,4462,up,2020-04-01
TM-03338,ACC-DLR-7,TUBE-STD,4468,up,2019-06-01
TM-03339,ACC-DLR-14,TUBE-STD,4468,up,2019-06-01
TM-03340,ACC-DLR-21,TUBE-STD,4482,up,2022-12-01
TM-03341,ACC-DLR-28,TUBE-DLX,4468,up,2024-04-01
TM-03342,ACC-DLR-35,TUBE-DLX,4462,up,2019-09-01
TM-03343,ACC-DLR-2,TUBE-STD,4462,up,2025-04-01
TM-03344,ACC-DLR-9,TUBE-DLX,4482,up,2024-01-01
TM-03345,ACC-DLR-16,TUBE-STD,4462,up,2024-11-01
TM-03346,ACC-DLR-23,TUBE-STD,4482,up,2025-02-01
TM-03347,ACC-DLR-30,TUBE-STD,4468,up,2023-10-01
TM-03348,ACC-DLR-37,TUBE-STD,4455,up,2020-11-01
TM-03349,ACC-DLR-4,TUBE-DLX,4455,up,2024-09-01
TM-03350,ACC-DLR-11,TUBE-STD,4455,up,2021-12-01
TM-03351,ACC-DLR-18,TUBE-STD,4482,up,2021-07-01
TM-03352,ACC-DLR-25,TUBE-DLX,4482,up,2020-06-01
TM-03353,ACC-DLR-32,TUBE-STD,4482,up,2024-08-01
TM-03354,ACC-DLR-39,TUBE-STD,4468,up,2024-01-01
TM-03355,ACC-DLR-6,TUBE-DLX,4468,up,2024-01-01
TM-03356,ACC-DLR-13,TUBE-DLX,4482,up,2022-02-01
TM-03357,ACC-DLR-20,TUBE-STD,4482,up,2025-06-01
TM-03358,ACC-DLR-27,TUBE-DLX,4455,up,2023-10-01
TM-03359,ACC-DLR-34,TUBE-DLX,4482,up,2024-03-01
TM-03360,ACC-DLR-1,TUBE-STD,4462,up,2022-02-01
TM-03361,ACC-DLR-8,TUBE-STD,4462,up,2024-12-01
TM-03362,ACC-DLR-15,TUBE-STD,4462,up,2021-11-01
TM-03363,ACC-DLR-22,TUBE-DLX,4455,up,2019-07-01
TM-03364,ACC-DLR-29,TUBE-DLX,4462,up,2020-12-01
TM-03365,ACC-DLR-36,TUBE-DLX,4455,up,2021-02-01
TM-03366,ACC-DLR-3,TUBE-DLX,4482,up,2022-09-01
TM-03367,ACC-DLR-10,TUBE-DLX,4468,up,2023-05-01
TM-03368,ACC-DLR-17,TUBE-DLX,4468,up,2021-07-01
TM-03369,ACC-DLR-24,TUBE-STD,4462,up,2019-02-01
TM-03370,ACC-DLR-31,TUBE-DLX,4482,up,2026-06-01
TM-03371,ACC-DLR-38,TUBE-STD,4482,up,2024-06-01
TM-03372,ACC-DLR-5,TUBE-STD,4482,up,2019-03-01
TM-03373,ACC-DLR-12,TUBE-STD,4482,up,2020-10-01
TM-03374,ACC-DLR-19,TUBE-STD,4462,up,2025-04-01
TM-03375,ACC-DLR-26,TUBE-STD,4462,up,2025-01-01
TM-03376,ACC-DLR-33,TUBE-STD,4462,up,2024-02-01
TM-03377,ACC-DLR-40,TUBE-DLX,4482,up,2026-11-01
TM-03378,ACC-DLR-7,TUBE-STD,4462,up,2022-02-01
TM-03379,ACC-DLR-14,TUBE-DLX,4468,up,2019-04-01
TM-03380,ACC-DLR-21,TUBE-STD,4455,up,2019-12-01
TM-03381,ACC-DLR-28,TUBE-STD,4462,up,2023-07-01
TM-03382,ACC-DLR-35,TUBE-STD,4462,up,2020-01-01
TM-03383,ACC-DLR-2,TUBE-STD,4455,up,2023-04-01
TM-03384,ACC-DLR-9,TUBE-DLX,4462,up,2020-12-01
TM-03385,ACC-DLR-16,TUBE-STD,4482,up,2019-01-01
TM-03386,ACC-DLR-23,TUBE-STD,4462,up,2026-09-01
TM-03387,ACC-DLR-30,TUBE-DLX,4455,up,2021-09-01
TM-03388,ACC-DLR-37,TUBE-STD,4482,up,2022-12-01
TM-03389,ACC-DLR-4,TUBE-STD,4462,up,2021-02-01
TM-03390,ACC-DLR-11,TUBE-STD,4462,up,2026-07-01
TM-03391,ACC-DLR-18,TUBE-STD,4455,up,2022-04-01
TM-03392,ACC-DLR-25,TUBE-STD,4462,up,2025-04-01
TM-03393,ACC-DLR-32,TUBE-STD,4455,up,2026-02-01
TM-03394,ACC-DLR-39,TUBE-DLX,4462,up,2022-06-01
TM-03395,ACC-DLR-6,TUBE-STD,4468,up,2024-06-01
TM-03396,ACC-DLR-13,TUBE-DLX,4482,up,2023-10-01
TM-03397,ACC-DLR-20,TUBE-STD,4462,up,2020-05-01
TM-03398,ACC-DLR-27,TUBE-DLX,4462,up,2026-04-01
TM-03399,ACC-DLR-34,TUBE-STD,4462,up,2019-09-01
TM-03400,ACC-DLR-1,TUBE-STD,4455,up,2019-11-01
TM-03401,ACC-DLR-8,TUBE-STD,4482,up,2021-04-01
TM-03402,ACC-DLR-15,TUBE-STD,4468,up,2023-12-01
TM-03403,ACC-DLR-22,TUBE-STD,4455,up,2024-05-01
TM-03404,ACC-DLR-29,TUBE-STD,4462,up,2022-05-01
TM-03405,ACC-DLR-36,TUBE-DLX,4455,up,2026-07-01
TM-03406,ACC-DLR-3,TUBE-DLX,4455,up,2024-02-01
TM-03407,ACC-DLR-10,TUBE-STD,4482,up,2022-09-01
TM-03408,ACC-DLR-17,TUBE-STD,4462,up,2020-03-01
TM-03409,ACC-DLR-24,TUBE-STD,4455,up,2021-10-01
TM-03410,ACC-DLR-31,TUBE-STD,4482,up,2024-05-01
TM-03411,ACC-DLR-38,TUBE-STD,4455,up,2025-06-01
TM-03412,ACC-DLR-5,TUBE-STD,4482,up,2025-06-01
TM-03413,ACC-DLR-12,TUBE-STD,4468,up,2022-11-01
TM-03414,ACC-DLR-19,TUBE-STD,4462,up,2023-11-01
TM-03415,ACC-DLR-26,TUBE-STD,4468,up,2021-04-01
TM-03416,ACC-DLR-33,TUBE-DLX,4455,up,2022-02-01
TM-03417,ACC-DLR-40,TUBE-STD,4468,up,2023-02-01
TM-03418,ACC-DLR-7,TUBE-DLX,4482,up,2025-05-01
TM-03419,ACC-DLR-14,TUBE-STD,4468,up,2019-07-01
TM-03420,ACC-DLR-21,TUBE-STD,4482,up,2020-07-01
TM-03421,ACC-DLR-28,TUBE-DLX,4455,up,2023-01-01
TM-03422,ACC-DLR-35,TUBE-STD,4468,up,2026-06-01
TM-03423,ACC-DLR-2,TUBE-STD,4462,up,2024-02-01
TM-03424,ACC-DLR-9,TUBE-STD,4468,up,2025-10-01
TM-03425,ACC-DLR-16,TUBE-STD,4468,up,2026-11-01
TM-03426,ACC-DLR-23,TUBE-STD,4482,up,2019-06-01
TM-03427,ACC-DLR-30,TUBE-STD,4455,up,2022-02-01
TM-03428,ACC-DLR-37,TUBE-DLX,4468,up,2025-01-01
TM-03429,ACC-DLR-4,TUBE-STD,4462,up,2020-05-01
TM-03430,ACC-DLR-11,TUBE-DLX,4482,up,2022-09-01
TM-03431,ACC-DLR-18,TUBE-STD,4482,up,2019-06-01
TM-03432,ACC-DLR-25,TUBE-STD,4482,up,2020-03-01
TM-03433,ACC-DLR-32,TUBE-STD,4482,up,2022-07-01
TM-03434,ACC-DLR-39,TUBE-STD,4462,up,2020-10-01
TM-03435,ACC-DLR-6,TUBE-DLX,4468,up,2020-07-01
TM-03436,ACC-DLR-13,TUBE-DLX,4462,up,2019-06-01
TM-03437,ACC-DLR-20,TUBE-STD,4462,up,2020-08-01
TM-03438,ACC-DLR-27,TUBE-STD,4462,up,2021-06-01
TM-03439,ACC-DLR-34,TUBE-DLX,4468,up,2022-01-01
TM-03440,ACC-DLR-1,TUBE-STD,4462,up,2022-04-01
TM-03441,ACC-DLR-8,TUBE-DLX,4455,up,2025-03-01
TM-03442,ACC-DLR-15,TUBE-DLX,4468,up,2022-04-01
TM-03443,ACC-DLR-22,TUBE-DLX,4455,up,2023-02-01
TM-03444,ACC-DLR-29,TUBE-STD,4482,up,2020-01-01
TM-03445,ACC-DLR-36,TUBE-DLX,4482,up,2022-06-01
TM-03446,ACC-DLR-3,TUBE-STD,4482,up,2023-09-01
TM-03447,ACC-DLR-10,TUBE-DLX,4462,up,2026-03-01
TM-03448,ACC-DLR-17,TUBE-STD,4455,up,2021-04-01
TM-03449,ACC-DLR-24,TUBE-STD,4462,up,2020-03-01
TM-03450,ACC-DLR-31,TUBE-STD,4468,up,2021-06-01
TM-03451,ACC-DLR-38,TUBE-DLX,4455,up,2025-08-01
TM-03452,ACC-DLR-5,TUBE-STD,4482,up,2024-07-01
TM-03453,ACC-DLR-12,TUBE-STD,4455,up,2019-01-01
TM-03454,ACC-DLR-19,TUBE-DLX,4468,up,2026-01-01
TM-03455,ACC-DLR-26,TUBE-STD,4482,up,2023-02-01
TM-03456,ACC-DLR-33,TUBE-DLX,4462,up,2024-08-01
TM-03457,ACC-DLR-40,TUBE-STD,4455,up,2026-01-01
TM-03458,ACC-DLR-7,TUBE-STD,4468,up,2021-05-01
TM-03459,ACC-DLR-14,TUBE-STD,4462,up,2026-06-01
TM-03460,ACC-DLR-21,TUBE-STD,4462,up,2026-01-01
TM-03461,ACC-DLR-28,TUBE-STD,4482,up,2021-04-01
TM-03462,ACC-DLR-35,TUBE-DLX,4455,up,2024-06-01
TM-03463,ACC-DLR-2,TUBE-STD,4462,up,2019-07-01
TM-03464,ACC-DLR-9,TUBE-DLX,4482,up,2020-02-01
TM-03465,ACC-DLR-16,TUBE-STD,4468,up,2021-04-01
TM-03466,ACC-DLR-23,TUBE-DLX,4482,up,2020-01-01
TM-03467,ACC-DLR-30,TUBE-STD,4482,up,2023-02-01
TM-03468,ACC-DLR-37,TUBE-STD,4455,up,2021-03-01
TM-03469,ACC-DLR-4,TUBE-DLX,4482,up,2023-07-01
TM-03470,ACC-DLR-11,TUBE-STD,4468,up,2022-05-01
TM-03471,ACC-DLR-18,TUBE-STD,4468,up,2025-06-01
TM-03472,ACC-DLR-25,TUBE-DLX,4482,up,2020-04-01
TM-03473,ACC-DLR-32,TUBE-DLX,4455,up,2024-10-01
TM-03474,ACC-DLR-39,TUBE-DLX,4455,up,2020-01-01
TM-03475,ACC-DLR-6,TUBE-STD,4482,up,2023-09-01
TM-03476,ACC-DLR-13,TUBE-STD,4455,up,2024-05-01
TM-03477,ACC-DLR-20,TUBE-DLX,4482,up,2023-11-01
TM-03478,ACC-DLR-27,TUBE-DLX,4462,up,2022-06-01
TM-03479,ACC-DLR-34,TUBE-STD,4468,up,2021-11-01
TM-03480,ACC-DLR-1,TUBE-STD,4462,up,2022-11-01
TM-03481,ACC-DLR-8,TUBE-DLX,4462,up,2025-06-01
TM-03482,ACC-DLR-15,TUBE-STD,4468,up,2026-07-01
TM-03483,ACC-DLR-22,TUBE-STD,4468,up,2023-11-01
TM-03484,ACC-DLR-29,TUBE-STD,4455,up,2023-10-01
TM-03485,ACC-DLR-36,TUBE-STD,4482,up,2019-04-01
TM-03486,ACC-DLR-3,TUBE-STD,4482,up,2024-01-01
TM-03487,ACC-DLR-10,TUBE-STD,4462,up,2023-03-01
TM-03488,ACC-DLR-17,TUBE-STD,4468,up,2023-01-01
TM-03489,ACC-DLR-24,TUBE-DLX,4462,up,2019-09-01
TM-03490,ACC-DLR-31,TUBE-STD,4468,up,2019-05-01
TM-03491,ACC-DLR-38,TUBE-DLX,4482,up,2023-07-01
TM-03492,ACC-DLR-5,TUBE-STD,4462,up,2020-08-01
TM-03493,ACC-DLR-12,TUBE-STD,4482,up,2023-12-01
TM-03494,ACC-DLR-19,TUBE-STD,4455,up,2020-02-01
TM-03495,ACC-DLR-26,TUBE-DLX,4482,up,2019-08-01
TM-03496,ACC-DLR-33,TUBE-STD,4468,up,2021-08-01
TM-03497,ACC-DLR-40,TUBE-DLX,4462,up,2024-12-01
TM-03498,ACC-DLR-7,TUBE-STD,4482,up,2019-01-01
TM-03499,ACC-DLR-14,TUBE-STD,4462,up,2019-01-01
TM-03500,ACC-DLR-21,TUBE-STD,4455,up,2020-11-01
TM-03501,ACC-DLR-28,TUBE-DLX,4482,up,2023-02-01
TM-03502,ACC-DLR-35,TUBE-DLX,4462,up,2020-11-01
TM-03503,ACC-DLR-2,TUBE-STD,4468,up,2020-12-01
TM-03504,ACC-DLR-9,TUBE-STD,4482,up,2020-02-01
TM-03505,ACC-DLR-16,TUBE-STD,4462,up,2022-12-01
TM-03506,ACC-DLR-23,TUBE-DLX,4455,up,2021-02-01
TM-03507,ACC-DLR-30,TUBE-DLX,4462,up,2024-07-01
TM-03508,ACC-DLR-37,TUBE-STD,4462,up,2025-10-01
TM-03509,ACC-DLR-4,TUBE-STD,4462,up,2020-06-01
TM-03510,ACC-DLR-11,TUBE-STD,4482,up,2026-01-01
TM-03511,ACC-DLR-18,TUBE-DLX,4462,up,2025-06-01
TM-03512,ACC-DLR-25,TUBE-STD,4468,up,2025-06-01
TM-03513,ACC-DLR-32,TUBE-STD,4468,up,2022-12-01
TM-03514,ACC-DLR-39,TUBE-STD,4468,up,2023-01-01
TM-03515,ACC-DLR-6,TUBE-STD,4468,up,2025-11-01
TM-03516,ACC-DLR-13,TUBE-STD,4482,up,2020-03-01
TM-03517,ACC-DLR-20,TUBE-STD,4468,up,2019-04-01
TM-03518,ACC-DLR-27,TUBE-STD,4455,up,2026-02-01
TM-03519,ACC-DLR-34,TUBE-DLX,4482,up,2024-06-01
TM-03520,ACC-DLR-1,TUBE-STD,4468,up,2019-03-01
TM-03521,ACC-DLR-8,TUBE-DLX,4455,up,2020-04-01
TM-03522,ACC-DLR-15,TUBE-STD,4462,up,2020-01-01
TM-03523,ACC-DLR-22,TUBE-DLX,4482,up,2019-10-01
TM-03524,ACC-DLR-29,TUBE-STD,4468,up,2023-04-01
TM-03525,ACC-DLR-36,TUBE-DLX,4462,up,2024-06-01
TM-03526,ACC-DLR-3,TUBE-DLX,4462,up,2021-05-01
TM-03527,ACC-DLR-10,TUBE-STD,4462,up,2023-08-01
TM-03528,ACC-DLR-17,TUBE-STD,4468,up,2023-04-01
TM-03529,ACC-DLR-24,TUBE-STD,4468,up,2022-11-01
TM-03530,ACC-DLR-31,TUBE-STD,4468,up,2023-04-01
TM-03531,ACC-DLR-38,TUBE-STD,4482,up,2024-12-01
TM-03532,ACC-DLR-5,TUBE-DLX,4482,up,2026-12-01
TM-03533,ACC-DLR-12,TUBE-STD,4455,up,2025-09-01
TM-03534,ACC-DLR-19,TUBE-STD,4455,up,2020-12-01
TM-03535,ACC-DLR-26,TUBE-STD,4462,up,2024-07-01
TM-03536,ACC-DLR-33,TUBE-STD,4455,up,2025-05-01
TM-03537,ACC-DLR-40,TUBE-DLX,4455,up,2024-07-01
TM-03538,ACC-DLR-7,TUBE-STD,4462,up,2024-10-01
TM-03539,ACC-DLR-14,TUBE-STD,4462,up,2025-11-01
TM-03540,ACC-DLR-21,TUBE-STD,4455,up,2025-05-01
TM-03541,ACC-DLR-28,TUBE-STD,4482,up,2019-12-01
TM-03542,ACC-DLR-35,TUBE-STD,4462,up,2020-11-01
TM-03543,ACC-DLR-2,TUBE-STD,4455,up,2024-04-01
TM-03544,ACC-DLR-9,TUBE-STD,4462,up,2019-11-01
TM-03545,ACC-DLR-16,TUBE-STD,4468,up,2026-11-01
TM-03546,ACC-DLR-23,TUBE-STD,4455,up,2026-08-01
TM-03547,ACC-DLR-30,TUBE-STD,4462,up,2024-02-01
TM-03548,ACC-DLR-37,TUBE-STD,4462,up,2025-02-01
TM-03549,ACC-DLR-4,TUBE-STD,4482,up,2020-09-01
TM-03550,ACC-DLR-11,TUBE-STD,4455,up,2023-06-01
TM-03551,ACC-DLR-18,TUBE-STD,4482,up,2021-09-01
TM-03552,ACC-DLR-25,TUBE-STD,4468,up,2023-11-01
TM-03553,ACC-DLR-32,TUBE-DLX,4482,up,2022-07-01
TM-03554,ACC-DLR-39,TUBE-STD,4468,up,2026-11-01
TM-03555,ACC-DLR-6,TUBE-STD,4455,up,2023-04-01
TM-03556,ACC-DLR-13,TUBE-STD,4455,up,2019-11-01
TM-03557,ACC-DLR-20,TUBE-STD,4455,up,2026-11-01
TM-03558,ACC-DLR-27,TUBE-STD,4468,up,2019-07-01
TM-03559,ACC-DLR-34,TUBE-STD,4468,up,2023-02-01
TM-03560,ACC-DLR-1,TUBE-DLX,4462,up,2024-11-01
TM-03561,ACC-DLR-8,TUBE-DLX,4482,up,2021-04-01
TM-03562,ACC-DLR-15,TUBE-DLX,4482,up,2020-03-01
TM-03563,ACC-DLR-22,TUBE-STD,4462,up,2026-07-01
TM-03564,ACC-DLR-29,TUBE-STD,4462,up,2024-07-01
TM-03565,ACC-DLR-36,TUBE-STD,4468,up,2024-12-01
TM-03566,ACC-DLR-3,TUBE-STD,4468,up,2023-03-01
TM-03567,ACC-DLR-10,TUBE-STD,4482,up,2023-12-01
TM-03568,ACC-DLR-17,TUBE-DLX,4468,up,2022-12-01
TM-03569,ACC-DLR-24,TUBE-STD,4455,up,2020-08-01
TM-03570,ACC-DLR-31,TUBE-STD,4462,up,2019-10-01
TM-03571,ACC-DLR-38,TUBE-STD,4468,up,2020-02-01
TM-03572,ACC-DLR-5,TUBE-STD,4482,up,2026-01-01
TM-03573,ACC-DLR-12,TUBE-STD,4482,up,2022-05-01
TM-03574,ACC-DLR-19,TUBE-STD,4462,up,2026-05-01
TM-03575,ACC-DLR-26,TUBE-STD,4462,up,2024-02-01
TM-03576,ACC-DLR-33,TUBE-STD,4462,up,2019-01-01
TM-03577,ACC-DLR-40,TUBE-STD,4482,up,2022-06-01
TM-03578,ACC-DLR-7,TUBE-DLX,4468,up,2021-10-01
TM-03579,ACC-DLR-14,TUBE-STD,4455,up,2025-01-01
TM-03580,ACC-DLR-21,TUBE-STD,4482,up,2021-04-01
TM-03581,ACC-DLR-28,TUBE-DLX,4455,up,2023-08-01
TM-03582,ACC-DLR-35,TUBE-STD,4462,up,2026-10-01
TM-03583,ACC-DLR-2,TUBE-DLX,4468,up,2020-02-01
TM-03584,ACC-DLR-9,TUBE-STD,4482,up,2022-04-01
TM-03585,ACC-DLR-16,TUBE-DLX,4468,up,2023-02-01
TM-03586,ACC-DLR-23,TUBE-STD,4455,up,2019-08-01
TM-03587,ACC-DLR-30,TUBE-STD,4468,up,2019-10-01
TM-03588,ACC-DLR-37,TUBE-STD,4462,up,2022-01-01
TM-03589,ACC-DLR-4,TUBE-STD,4482,up,2020-10-01
TM-03590,ACC-DLR-11,TUBE-STD,4462,up,2021-11-01
TM-03591,ACC-DLR-18,TUBE-DLX,4482,up,2019-10-01
TM-03592,ACC-DLR-25,TUBE-STD,4462,up,2023-05-01
TM-03593,ACC-DLR-32,TUBE-STD,4468,up,2023-01-01
TM-03594,ACC-DLR-39,TUBE-DLX,4462,up,2026-11-01
TM-03595,ACC-DLR-6,TUBE-STD,4455,up,2021-02-01
TM-03596,ACC-DLR-13,TUBE-STD,4468,up,2026-09-01
TM-03597,ACC-DLR-20,TUBE-STD,4462,up,2021-09-01
TM-03598,ACC-DLR-27,TUBE-STD,4468,up,2024-01-01
TM-03599,ACC-DLR-34,TUBE-DLX,4468,up,2026-04-01
TM-03600,ACC-DLR-1,TUBE-STD,4462,up,2024-08-01
TM-03601,ACC-DLR-8,TUBE-DLX,4468,up,2019-05-01
TM-03602,ACC-DLR-15,TUBE-STD,4462,up,2023-09-01
TM-03603,ACC-DLR-22,TUBE-STD,4482,up,2019-03-01
TM-03604,ACC-DLR-29,TUBE-STD,4455,up,2020-09-01
TM-03605,ACC-DLR-36,TUBE-STD,4455,up,2024-03-01
TM-03606,ACC-DLR-3,TUBE-STD,4468,up,2024-01-01
TM-03607,ACC-DLR-10,TUBE-STD,4482,up,2022-10-01
TM-03608,ACC-DLR-17,TUBE-STD,4468,up,2024-06-01
TM-03609,ACC-DLR-24,TUBE-STD,4482,up,2026-09-01
TM-03610,ACC-DLR-31,TUBE-DLX,4455,up,2020-04-01
TM-03611,ACC-DLR-38,TUBE-STD,4468,up,2025-05-01
TM-03612,ACC-DLR-5,TUBE-STD,4482,up,2024-04-01
TM-03613,ACC-DLR-12,TUBE-DLX,4482,up,2021-04-01
TM-03614,ACC-DLR-19,TUBE-DLX,4455,up,2022-05-01
TM-03615,ACC-DLR-26,TUBE-STD,4468,up,2021-02-01
TM-03616,ACC-DLR-33,TUBE-STD,4468,up,2024-04-01
TM-03617,ACC-DLR-40,TUBE-DLX,4462,up,2025-03-01
TM-03618,ACC-DLR-7,TUBE-DLX,4482,up,2022-05-01
TM-03619,ACC-DLR-14,TUBE-STD,4468,up,2025-02-01
TM-03620,ACC-DLR-21,TUBE-STD,4482,up,2024-07-01
TM-03621,ACC-DLR-28,TUBE-STD,4482,up,2023-02-01
TM-03622,ACC-DLR-35,TUBE-DLX,4468,up,2022-03-01
TM-03623,ACC-DLR-2,TUBE-DLX,4482,up,2021-01-01
TM-03624,ACC-DLR-9,TUBE-STD,4468,up,2021-08-01
TM-03625,ACC-DLR-16,TUBE-STD,4482,up,2021-02-01
TM-03626,ACC-DLR-23,TUBE-STD,4455,up,2020-08-01
TM-03627,ACC-DLR-30,TUBE-DLX,4462,up,2022-05-01
TM-03628,ACC-DLR-37,TUBE-STD,4455,up,2025-09-01
TM-03629,ACC-DLR-4,TUBE-STD,4468,up,2024-09-01
TM-03630,ACC-DLR-11,TUBE-STD,4455,up,2026-04-01
TM-03631,ACC-DLR-18,TUBE-STD,4455,up,2022-03-01
TM-03632,ACC-DLR-25,TUBE-STD,4462,up,2024-12-01
TM-03633,ACC-DLR-32,TUBE-DLX,4462,up,2019-03-01
TM-03634,ACC-DLR-39,TUBE-STD,4468,up,2019-08-01
TM-03635,ACC-DLR-6,TUBE-STD,4455,up,2025-01-01
TM-03636,ACC-DLR-13,TUBE-DLX,4455,up,2026-04-01
TM-03637,ACC-DLR-20,TUBE-DLX,4482,up,2021-06-01
TM-03638,ACC-DLR-27,TUBE-STD,4482,up,2020-01-01
TM-03639,ACC-DLR-34,TUBE-STD,4455,up,2022-07-01
TM-03640,ACC-DLR-1,TUBE-STD,4462,up,2022-08-01
TM-03641,ACC-DLR-8,TUBE-DLX,4462,up,2020-07-01
TM-03642,ACC-DLR-15,TUBE-STD,4468,up,2024-03-01
TM-03643,ACC-DLR-22,TUBE-STD,4462,up,2021-05-01
TM-03644,ACC-DLR-29,TUBE-STD,4482,up,2020-04-01
TM-03645,ACC-DLR-36,TUBE-STD,4462,up,2023-12-01
TM-03646,ACC-DLR-3,TUBE-DLX,4482,up,2019-08-01
TM-03647,ACC-DLR-10,TUBE-STD,4468,up,2026-03-01
TM-03648,ACC-DLR-17,TUBE-STD,4468,up,2024-03-01
TM-03649,ACC-DLR-24,TUBE-STD,4468,up,2021-04-01
TM-03650,ACC-DLR-31,TUBE-STD,4462,up,2026-12-01
TM-03651,ACC-DLR-38,TUBE-STD,4468,up,2022-03-01
TM-03652,ACC-DLR-5,TUBE-DLX,4462,up,2020-01-01
TM-03653,ACC-DLR-12,TUBE-STD,4455,up,2025-07-01
TM-03654,ACC-DLR-19,TUBE-STD,4468,up,2026-05-01
TM-03655,ACC-DLR-26,TUBE-STD,4482,up,2023-09-01
TM-03656,ACC-DLR-33,TUBE-STD,4482,up,2021-02-01
TM-03657,ACC-DLR-40,TUBE-STD,4455,up,2026-06-01
TM-03658,ACC-DLR-7,TUBE-DLX,4468,up,2019-09-01
TM-03659,ACC-DLR-14,TUBE-DLX,4455,up,2024-07-01
TM-03660,ACC-DLR-21,TUBE-STD,4468,up,2025-07-01
TM-03661,ACC-DLR-28,TUBE-DLX,4482,up,2022-04-01
TM-03662,ACC-DLR-35,TUBE-STD,4482,up,2026-03-01
TM-03663,ACC-DLR-2,TUBE-STD,4455,up,2022-10-01
TM-03664,ACC-DLR-9,TUBE-STD,4462,up,2023-09-01
TM-03665,ACC-DLR-16,TUBE-DLX,4455,up,2021-04-01
TM-03666,ACC-DLR-23,TUBE-STD,4482,up,2026-03-01
TM-03667,ACC-DLR-30,TUBE-STD,4482,up,2026-04-01
TM-03668,ACC-DLR-37,TUBE-STD,4462,up,2022-08-01
TM-03669,ACC-DLR-4,TUBE-STD,4455,up,2021-12-01
TM-03670,ACC-DLR-11,TUBE-STD,4482,up,2022-10-01
TM-03671,ACC-DLR-18,TUBE-STD,4462,up,2026-08-01
TM-03672,ACC-DLR-25,TUBE-STD,4468,up,2021-05-01
TM-03673,ACC-DLR-32,TUBE-DLX,4455,up,2024-04-01
TM-03674,ACC-DLR-39,TUBE-STD,4462,up,2019-03-01
TM-03675,ACC-DLR-6,TUBE-DLX,4462,up,2021-09-01
TM-03676,ACC-DLR-13,TUBE-STD,4468,up,2020-10-01
TM-03677,ACC-DLR-20,TUBE-STD,4462,up,2022-12-01
TM-03678,ACC-DLR-27,TUBE-DLX,4468,up,2025-03-01
TM-03679,ACC-DLR-34,TUBE-STD,4482,up,2023-03-01
TM-03680,ACC-DLR-1,TUBE-STD,4455,up,2019-04-01
TM-03681,ACC-DLR-8,TUBE-STD,4468,up,2021-03-01
TM-03682,ACC-DLR-15,TUBE-DLX,4462,up,2019-05-01
TM-03683,ACC-DLR-22,TUBE-STD,4468,up,2019-08-01
TM-03684,ACC-DLR-29,TUBE-STD,4455,up,2026-05-01
TM-03685,ACC-DLR-36,TUBE-STD,4455,up,2019-05-01
TM-03686,ACC-DLR-3,TUBE-STD,4482,up,2021-09-01
TM-03687,ACC-DLR-10,TUBE-STD,4468,up,2021-11-01
TM-03688,ACC-DLR-17,TUBE-DLX,4455,up,2023-02-01
TM-03689,ACC-DLR-24,TUBE-DLX,4462,up,2019-09-01
TM-03690,ACC-DLR-31,TUBE-DLX,4462,up,2022-12-01
TM-03691,ACC-DLR-38,TUBE-STD,4482,up,2022-06-01
TM-03692,ACC-DLR-5,TUBE-STD,4462,up,2023-11-01
TM-03693,ACC-DLR-12,TUBE-STD,4455,up,2024-02-01
TM-03694,ACC-DLR-19,TUBE-DLX,4468,up,2026-11-01
TM-03695,ACC-DLR-26,TUBE-DLX,4482,up,2019-03-01
TM-03696,ACC-DLR-33,TUBE-STD,4462,up,2023-07-01
TM-03697,ACC-DLR-40,TUBE-STD,4455,up,2023-09-01
TM-03698,ACC-DLR-7,TUBE-STD,4468,up,2019-08-01
TM-03699,ACC-DLR-14,TUBE-STD,4462,up,2022-08-01
TM-03700,ACC-DLR-21,TUBE-DLX,4455,up,2022-03-01
TM-03701,ACC-DLR-28,TUBE-STD,4455,up,2019-12-01
TM-03702,ACC-DLR-35,TUBE-STD,4468,up,2019-02-01
TM-03703,ACC-DLR-2,TUBE-STD,4468,up,2023-05-01
TM-03704,ACC-DLR-9,TUBE-DLX,4455,up,2024-12-01
TM-03705,ACC-DLR-16,TUBE-STD,4482,up,2023-01-01
TM-03706,ACC-DLR-23,TUBE-DLX,4482,up,2023-07-01
TM-03707,ACC-DLR-30,TUBE-DLX,4455,up,2020-09-01
TM-03708,ACC-DLR-37,TUBE-DLX,4468,up,2024-04-01
TM-03709,ACC-DLR-4,TUBE-STD,4462,up,2022-03-01
TM-03710,ACC-DLR-11,TUBE-STD,4482,up,2020-06-01
TM-03711,ACC-DLR-18,TUBE-STD,4455,up,2024-06-01
TM-03712,ACC-DLR-25,TUBE-STD,4455,up,2022-12-01
TM-03713,ACC-DLR-32,TUBE-DLX,4455,up,2022-11-01
TM-03714,ACC-DLR-39,TUBE-DLX,4455,up,2020-05-01
TM-03715,ACC-DLR-6,TUBE-STD,4482,up,2022-07-01
TM-03716,ACC-DLR-13,TUBE-STD,4455,up,2022-01-01
TM-03717,ACC-DLR-20,TUBE-STD,4468,up,2022-07-01
TM-03718,ACC-DLR-27,TUBE-STD,4468,up,2025-03-01
TM-03719,ACC-DLR-34,TUBE-STD,4482,up,2026-08-01
TM-03720,ACC-DLR-1,TUBE-STD,4455,up,2019-05-01
TM-03721,ACC-DLR-8,TUBE-STD,4468,up,2021-08-01
TM-03722,ACC-DLR-15,TUBE-STD,4462,up,2023-02-01
TM-03723,ACC-DLR-22,TUBE-STD,4468,up,2024-02-01
TM-03724,ACC-DLR-29,TUBE-STD,4468,up,2023-12-01
TM-03725,ACC-DLR-36,TUBE-STD,4455,up,2025-11-01
TM-03726,ACC-DLR-3,TUBE-DLX,4468,up,2024-03-01
TM-03727,ACC-DLR-10,TUBE-DLX,4455,up,2024-08-01
TM-03728,ACC-DLR-17,TUBE-STD,4462,up,2022-05-01
TM-03729,ACC-DLR-24,TUBE-DLX,4482,up,2026-07-01
TM-03730,ACC-DLR-31,TUBE-STD,4468,up,2022-08-01
TM-03731,ACC-DLR-38,TUBE-DLX,4468,up,2021-04-01
TM-03732,ACC-DLR-5,TUBE-DLX,4455,up,2022-02-01
TM-03733,ACC-DLR-12,TUBE-STD,4462,up,2025-12-01
TM-03734,ACC-DLR-19,TUBE-STD,4482,up,2026-04-01
TM-03735,ACC-DLR-26,TUBE-STD,4468,up,2019-11-01
TM-03736,ACC-DLR-33,TUBE-STD,4455,up,2026-09-01
TM-03737,ACC-DLR-40,TUBE-DLX,4455,up,2022-03-01
TM-03738,ACC-DLR-7,TUBE-STD,4482,up,2026-01-01
TM-03739,ACC-DLR-14,TUBE-STD,4482,up,2026-10-01
TM-03740,ACC-DLR-21,TUBE-STD,4462,up,2025-04-01
TM-03741,ACC-DLR-28,TUBE-STD,4462,up,2023-01-01
TM-03742,ACC-DLR-35,TUBE-STD,4455,up,2026-10-01
TM-03743,ACC-DLR-2,TUBE-DLX,4468,up,2026-10-01
TM-03744,ACC-DLR-9,TUBE-STD,4455,up,2022-08-01
TM-03745,ACC-DLR-16,TUBE-STD,4455,up,2019-06-01
TM-03746,ACC-DLR-23,TUBE-STD,4482,up,2026-05-01
TM-03747,ACC-DLR-30,TUBE-STD,4482,up,2025-06-01
TM-03748,ACC-DLR-37,TUBE-DLX,4455,up,2025-02-01
TM-03749,ACC-DLR-4,TUBE-STD,4468,up,2025-12-01
TM-03750,ACC-DLR-11,TUBE-STD,4482,up,2026-03-01
TM-03751,ACC-DLR-18,TUBE-STD,4455,up,2025-05-01
TM-03752,ACC-DLR-25,TUBE-STD,4468,up,2025-06-01
TM-03753,ACC-DLR-32,TUBE-STD,4455,up,2021-03-01
TM-03754,ACC-DLR-39,TUBE-STD,4462,up,2022-12-01
TM-03755,ACC-DLR-6,TUBE-DLX,4462,up,2020-07-01
TM-03756,ACC-DLR-13,TUBE-STD,4462,up,2021-05-01
TM-03757,ACC-DLR-20,TUBE-STD,4462,up,2023-07-01
TM-03758,ACC-DLR-27,TUBE-DLX,4455,up,2023-02-01
TM-03759,ACC-DLR-34,TUBE-DLX,4462,up,2026-12-01
TM-03760,ACC-DLR-1,TUBE-DLX,4482,up,2020-03-01
TM-03761,ACC-DLR-8,TUBE-STD,4455,up,2025-10-01
TM-03762,ACC-DLR-15,TUBE-DLX,4468,up,2024-04-01
TM-03763,ACC-DLR-22,TUBE-STD,4468,up,2025-06-01
TM-03764,ACC-DLR-29,TUBE-STD,4482,up,2022-05-01
TM-03765,ACC-DLR-36,TUBE-STD,4462,up,2026-01-01
TM-03766,ACC-DLR-3,TUBE-STD,4482,up,2021-10-01
TM-03767,ACC-DLR-10,TUBE-STD,4462,up,2021-01-01
TM-03768,ACC-DLR-17,TUBE-STD,4468,up,2026-09-01
TM-03769,ACC-DLR-24,TUBE-STD,4482,up,2021-05-01
TM-03770,ACC-DLR-31,TUBE-DLX,4462,up,2022-05-01
TM-03771,ACC-DLR-38,TUBE-STD,4455,up,2021-08-01
TM-03772,ACC-DLR-5,TUBE-STD,4455,up,2019-07-01
TM-03773,ACC-DLR-12,TUBE-STD,4468,up,2021-10-01
TM-03774,ACC-DLR-19,TUBE-DLX,4468,up,2019-03-01
TM-03775,ACC-DLR-26,TUBE-STD,4482,up,2021-06-01
TM-03776,ACC-DLR-33,TUBE-DLX,4482,up,2019-11-01
TM-03777,ACC-DLR-40,TUBE-STD,4468,up,2023-12-01
TM-03778,ACC-DLR-7,TUBE-STD,4455,up,2026-11-01
TM-03779,ACC-DLR-14,TUBE-DLX,4482,up,2026-04-01
TM-03780,ACC-DLR-21,TUBE-STD,4468,up,2026-07-01
TM-03781,ACC-DLR-28,TUBE-STD,4455,up,2023-12-01
TM-03782,ACC-DLR-35,TUBE-DLX,4455,up,2019-03-01
TM-03783,ACC-DLR-2,TUBE-STD,4455,up,2020-12-01
TM-03784,ACC-DLR-9,TUBE-STD,4468,up,2021-10-01
TM-03785,ACC-DLR-16,TUBE-STD,4455,up,2023-01-01
TM-03786,ACC-DLR-23,TUBE-STD,4455,up,2025-04-01
TM-03787,ACC-DLR-30,TUBE-STD,4468,up,2021-08-01
TM-03788,ACC-DLR-37,TUBE-DLX,4482,up,2024-06-01
TM-03789,ACC-DLR-4,TUBE-STD,4468,up,2019-06-01
TM-03790,ACC-DLR-11,TUBE-STD,4455,up,2026-11-01
TM-03791,ACC-DLR-18,TUBE-DLX,4482,up,2021-09-01
TM-03792,ACC-DLR-25,TUBE-STD,4468,up,2025-06-01
TM-03793,ACC-DLR-32,TUBE-DLX,4462,up,2026-10-01
TM-03794,ACC-DLR-39,TUBE-DLX,4482,up,2024-12-01
TM-03795,ACC-DLR-6,TUBE-DLX,4455,up,2026-11-01
TM-03796,ACC-DLR-13,TUBE-DLX,4455,up,2019-12-01
TM-03797,ACC-DLR-20,TUBE-DLX,4482,up,2025-02-01
TM-03798,ACC-DLR-27,TUBE-STD,4468,up,2020-07-01
TM-03799,ACC-DLR-34,TUBE-STD,4462,up,2020-04-01
TM-03800,ACC-DLR-1,TUBE-STD,4482,up,2022-02-01
TM-03801,ACC-DLR-8,TUBE-DLX,4462,up,2023-06-01
TM-03802,ACC-DLR-15,TUBE-STD,4462,up,2019-01-01
TM-03803,ACC-DLR-22,TUBE-STD,4482,up,2026-05-01
TM-03804,ACC-DLR-29,TUBE-STD,4468,up,2020-02-01
TM-03805,ACC-DLR-36,TUBE-STD,4468,up,2022-10-01
TM-03806,ACC-DLR-3,TUBE-DLX,4455,up,2026-11-01
TM-03807,ACC-DLR-10,TUBE-STD,4455,up,2020-10-01
TM-03808,ACC-DLR-17,TUBE-STD,4455,up,2021-12-01
TM-03809,ACC-DLR-24,TUBE-STD,4455,up,2026-12-01
TM-03810,ACC-DLR-31,TUBE-STD,4462,up,2020-01-01
TM-03811,ACC-DLR-38,TUBE-STD,4482,up,2019-07-01
TM-03812,ACC-DLR-5,TUBE-STD,4455,up,2026-03-01
TM-03813,ACC-DLR-12,TUBE-STD,4468,up,2024-01-01
TM-03814,ACC-DLR-19,TUBE-STD,4468,up,2025-12-01
TM-03815,ACC-DLR-26,TUBE-STD,4462,up,2026-12-01
TM-03816,ACC-DLR-33,TUBE-STD,4482,up,2026-11-01
TM-03817,ACC-DLR-40,TUBE-STD,4462,up,2026-04-01
TM-03818,ACC-DLR-7,TUBE-STD,4455,up,2025-01-01
TM-03819,ACC-DLR-14,TUBE-STD,4482,up,2025-03-01
TM-03820,ACC-DLR-21,TUBE-STD,4482,up,2023-10-01
TM-03821,ACC-DLR-28,TUBE-STD,4482,up,2019-06-01
TM-03822,ACC-DLR-35,TUBE-DLX,4482,up,2025-03-01
TM-03823,ACC-DLR-2,TUBE-DLX,4482,up,2026-01-01
TM-03824,ACC-DLR-9,TUBE-STD,4468,up,2025-01-01
TM-03825,ACC-DLR-16,TUBE-DLX,4462,up,2026-01-01
TM-03826,ACC-DLR-23,TUBE-DLX,4455,up,2024-09-01
TM-03827,ACC-DLR-30,TUBE-STD,4482,up,2026-05-01
TM-03828,ACC-DLR-37,TUBE-STD,4455,up,2024-06-01
TM-03829,ACC-DLR-4,TUBE-DLX,4482,up,2019-03-01
TM-03830,ACC-DLR-11,TUBE-STD,4468,up,2026-05-01
TM-03831,ACC-DLR-18,TUBE-STD,4455,up,2022-09-01
TM-03832,ACC-DLR-25,TUBE-STD,4468,up,2019-10-01
TM-03833,ACC-DLR-32,TUBE-DLX,4482,up,2025-08-01
TM-03834,ACC-DLR-39,TUBE-STD,4462,up,2025-12-01
TM-03835,ACC-DLR-6,TUBE-STD,4482,up,2023-02-01
TM-03836,ACC-DLR-13,TUBE-STD,4462,up,2022-10-01
TM-03837,ACC-DLR-20,TUBE-STD,4455,up,2024-09-01
TM-03838,ACC-DLR-27,TUBE-STD,4462,up,2020-04-01
TM-03839,ACC-DLR-34,TUBE-STD,4468,up,2026-05-01
TM-03840,ACC-DLR-1,TUBE-DLX,4468,up,2025-03-01
TM-03841,ACC-DLR-8,TUBE-STD,4462,up,2020-09-01
TM-03842,ACC-DLR-15,TUBE-STD,4468,up,2024-09-01
TM-03843,ACC-DLR-22,TUBE-STD,4482,up,2021-09-01
TM-03844,ACC-DLR-29,TUBE-DLX,4482,up,2023-02-01
TM-03845,ACC-DLR-36,TUBE-STD,4455,up,2022-11-01
TM-03846,ACC-DLR-3,TUBE-STD,4468,up,2026-12-01
TM-03847,ACC-DLR-10,TUBE-DLX,4468,up,2025-07-01
TM-03848,ACC-DLR-17,TUBE-DLX,4462,up,2022-06-01
TM-03849,ACC-DLR-24,TUBE-STD,4482,up,2024-05-01
TM-03850,ACC-DLR-31,TUBE-STD,4455,up,2025-03-01
TM-03851,ACC-DLR-38,TUBE-DLX,4462,up,2022-03-01
TM-03852,ACC-DLR-5,TUBE-STD,4462,up,2023-09-01
TM-03853,ACC-DLR-12,TUBE-STD,4455,up,2026-02-01
TM-03854,ACC-DLR-19,TUBE-DLX,4482,up,2023-09-01
TM-03855,ACC-DLR-26,TUBE-STD,4482,up,2020-09-01
TM-03856,ACC-DLR-33,TUBE-DLX,4482,up,2026-09-01
TM-03857,ACC-DLR-40,TUBE-STD,4468,up,2025-10-01
TM-03858,ACC-DLR-7,TUBE-DLX,4462,up,2020-07-01
TM-03859,ACC-DLR-14,TUBE-STD,4462,up,2024-11-01
TM-03860,ACC-DLR-21,TUBE-STD,4462,up,2024-12-01
TM-03861,ACC-DLR-28,TUBE-DLX,4455,up,2023-07-01
TM-03862,ACC-DLR-35,TUBE-DLX,4455,up,2021-03-01
TM-03863,ACC-DLR-2,TUBE-DLX,4482,up,2026-06-01
TM-03864,ACC-DLR-9,TUBE-STD,4482,up,2021-10-01
TM-03865,ACC-DLR-16,TUBE-DLX,4455,up,2024-10-01
TM-03866,ACC-DLR-23,TUBE-STD,4482,up,2022-09-01
TM-03867,ACC-DLR-30,TUBE-STD,4462,up,2026-07-01
TM-03868,ACC-DLR-37,TUBE-STD,4462,up,2024-09-01
TM-03869,ACC-DLR-4,TUBE-STD,4462,up,2019-05-01
TM-03870,ACC-DLR-11,TUBE-STD,4468,up,2025-09-01
TM-03871,ACC-DLR-18,TUBE-STD,4482,up,2024-12-01
TM-03872,ACC-DLR-25,TUBE-STD,4482,up,2021-03-01
TM-03873,ACC-DLR-32,TUBE-STD,4462,up,2019-04-01
TM-03874,ACC-DLR-39,TUBE-STD,4468,up,2021-01-01
TM-03875,ACC-DLR-6,TUBE-STD,4455,up,2022-05-01
TM-03876,ACC-DLR-13,TUBE-DLX,4482,up,2022-10-01
TM-03877,ACC-DLR-20,TUBE-STD,4468,up,2023-08-01
TM-03878,ACC-DLR-27,TUBE-DLX,4455,up,2025-04-01
TM-03879,ACC-DLR-34,TUBE-DLX,4468,up,2024-06-01
TM-03880,ACC-DLR-1,TUBE-STD,4455,up,2022-06-01
TM-03881,ACC-DLR-8,TUBE-STD,4468,up,2021-02-01
TM-03882,ACC-DLR-15,TUBE-STD,4455,up,2022-03-01
TM-03883,ACC-DLR-22,TUBE-STD,4455,up,2023-01-01
TM-03884,ACC-DLR-29,TUBE-DLX,4455,up,2026-04-01
TM-03885,ACC-DLR-36,TUBE-STD,4482,up,2022-02-01
TM-03886,ACC-DLR-3,TUBE-DLX,4482,up,2022-07-01
TM-03887,ACC-DLR-10,TUBE-STD,4468,up,2021-06-01
TM-03888,ACC-DLR-17,TUBE-STD,4455,up,2022-06-01
TM-03889,ACC-DLR-24,TUBE-STD,4455,up,2020-06-01
TM-03890,ACC-DLR-31,TUBE-DLX,4455,up,2023-09-01
TM-03891,ACC-DLR-38,TUBE-DLX,4482,up,2021-02-01
TM-03892,ACC-DLR-5,TUBE-STD,4482,up,2024-11-01
TM-03893,ACC-DLR-12,TUBE-STD,4455,up,2023-10-01
TM-03894,ACC-DLR-19,TUBE-DLX,4468,up,2025-04-01
TM-03895,ACC-DLR-26,TUBE-DLX,4482,up,2026-05-01
TM-03896,ACC-DLR-33,TUBE-STD,4468,up,2022-08-01
TM-03897,ACC-DLR-40,TUBE-DLX,4455,up,2021-01-01
TM-03898,ACC-DLR-7,TUBE-STD,4455,up,2024-03-01
TM-03899,ACC-DLR-14,TUBE-STD,4462,up,2023-12-01
TM-03900,ACC-DLR-21,TUBE-STD,4455,up,2020-01-01
TM-03901,ACC-DLR-28,TUBE-STD,4468,up,2025-03-01
TM-03902,ACC-DLR-35,TUBE-STD,4455,up,2026-07-01
TM-03903,ACC-DLR-2,TUBE-STD,4468,up,2026-05-01
TM-03904,ACC-DLR-9,TUBE-STD,4468,up,2021-01-01
TM-03905,ACC-DLR-16,TUBE-STD,4455,up,2026-08-01
TM-03906,ACC-DLR-23,TUBE-STD,4462,up,2022-08-01
TM-03907,ACC-DLR-30,TUBE-STD,4468,up,2021-12-01
TM-03908,ACC-DLR-37,TUBE-STD,4482,up,2025-01-01
TM-03909,ACC-DLR-4,TUBE-STD,4462,up,2021-08-01
TM-03910,ACC-DLR-11,TUBE-STD,4482,up,2020-05-01
TM-03911,ACC-DLR-18,TUBE-STD,4455,up,2025-03-01
TM-03912,ACC-DLR-25,TUBE-STD,4462,up,2020-04-01
TM-03913,ACC-DLR-32,TUBE-STD,4482,up,2023-06-01
TM-03914,ACC-DLR-39,TUBE-STD,4468,up,2026-12-01
TM-03915,ACC-DLR-6,TUBE-STD,4455,up,2026-11-01
TM-03916,ACC-DLR-13,TUBE-STD,4482,up,2020-07-01
TM-03917,ACC-DLR-20,TUBE-STD,4482,up,2024-11-01
TM-03918,ACC-DLR-27,TUBE-STD,4462,up,2026-02-01
TM-03919,ACC-DLR-34,TUBE-STD,4468,up,2019-03-01
TM-03920,ACC-DLR-1,TUBE-STD,4455,up,2021-04-01
TM-03921,ACC-DLR-8,TUBE-STD,4462,up,2022-07-01
TM-03922,ACC-DLR-15,TUBE-STD,4462,up,2019-04-01
TM-03923,ACC-DLR-22,TUBE-DLX,4462,up,2019-04-01
TM-03924,ACC-DLR-29,TUBE-DLX,4482,up,2025-08-01
TM-03925,ACC-DLR-36,TUBE-STD,4482,up,2021-07-01
TM-03926,ACC-DLR-3,TUBE-STD,4455,up,2022-11-01
TM-03927,ACC-DLR-10,TUBE-DLX,4455,up,2025-03-01
TM-03928,ACC-DLR-17,TUBE-STD,4455,up,2020-11-01
TM-03929,ACC-DLR-24,TUBE-STD,4482,up,2023-06-01
TM-03930,ACC-DLR-31,TUBE-STD,4462,up,2026-10-01
TM-03931,ACC-DLR-38,TUBE-DLX,4468,up,2021-05-01
TM-03932,ACC-DLR-5,TUBE-STD,4455,up,2023-05-01
TM-03933,ACC-DLR-12,TUBE-STD,4455,up,2019-06-01
TM-03934,ACC-DLR-19,TUBE-STD,4455,up,2022-02-01
TM-03935,ACC-DLR-26,TUBE-DLX,4462,up,2023-02-01
TM-03936,ACC-DLR-33,TUBE-DLX,4468,up,2026-03-01
TM-03937,ACC-DLR-40,TUBE-DLX,4482,up,2024-07-01
TM-03938,ACC-DLR-7,TUBE-STD,4468,up,2024-06-01
TM-03939,ACC-DLR-14,TUBE-DLX,4455,up,2023-06-01
TM-03940,ACC-DLR-21,TUBE-DLX,4455,up,2020-02-01
TM-03941,ACC-DLR-28,TUBE-STD,4455,up,2025-01-01
TM-03942,ACC-DLR-35,TUBE-STD,4455,up,2021-02-01
TM-03943,ACC-DLR-2,TUBE-STD,4462,up,2021-10-01
TM-03944,ACC-DLR-9,TUBE-STD,4462,up,2020-03-01
TM-03945,ACC-DLR-16,TUBE-STD,4455,up,2021-04-01
TM-03946,ACC-DLR-23,TUBE-STD,4468,up,2019-03-01
TM-03947,ACC-DLR-30,TUBE-STD,4455,up,2023-01-01
TM-03948,ACC-DLR-37,TUBE-STD,4455,up,2023-08-01
TM-03949,ACC-DLR-4,TUBE-DLX,4482,up,2026-07-01
TM-03950,ACC-DLR-11,TUBE-DLX,4482,up,2024-07-01
TM-03951,ACC-DLR-18,TUBE-STD,4455,up,2021-01-01
TM-03952,ACC-DLR-25,TUBE-STD,4482,up,2024-05-01
TM-03953,ACC-DLR-32,TUBE-DLX,4455,up,2021-09-01
TM-03954,ACC-DLR-39,TUBE-STD,4462,up,2022-12-01
TM-03955,ACC-DLR-6,TUBE-STD,4482,up,2025-01-01
TM-03956,ACC-DLR-13,TUBE-DLX,4455,up,2022-06-01
TM-03957,ACC-DLR-20,TUBE-DLX,4455,up,2025-10-01
TM-03958,ACC-DLR-27,TUBE-DLX,4462,up,2022-09-01
TM-03959,ACC-DLR-34,TUBE-DLX,4455,up,2025-02-01
TM-03960,ACC-DLR-1,TUBE-STD,4482,up,2022-06-01
TM-03961,ACC-DLR-8,TUBE-DLX,4462,up,2020-06-01
TM-03962,ACC-DLR-15,TUBE-STD,4462,up,2026-02-01
TM-03963,ACC-DLR-22,TUBE-STD,4462,up,2025-04-01
TM-03964,ACC-DLR-29,TUBE-DLX,4482,up,2026-07-01
TM-03965,ACC-DLR-36,TUBE-STD,4482,up,2020-06-01
TM-03966,ACC-DLR-3,TUBE-STD,4468,up,2020-08-01
TM-03967,ACC-DLR-10,TUBE-STD,4462,up,2019-03-01
TM-03968,ACC-DLR-17,TUBE-DLX,4482,up,2026-02-01
TM-03969,ACC-DLR-24,TUBE-STD,4482,up,2024-06-01
TM-03970,ACC-DLR-31,TUBE-DLX,4482,up,2020-02-01
TM-03971,ACC-DLR-38,TUBE-DLX,4455,up,2022-03-01
TM-03972,ACC-DLR-5,TUBE-DLX,4455,up,2025-06-01
TM-03973,ACC-DLR-12,TUBE-DLX,4468,up,2024-08-01
TM-03974,ACC-DLR-19,TUBE-STD,4468,up,2022-02-01
TM-03975,ACC-DLR-26,TUBE-STD,4455,up,2025-12-01
TM-03976,ACC-DLR-33,TUBE-DLX,4462,up,2026-03-01
TM-03977,ACC-DLR-40,TUBE-DLX,4482,up,2025-03-01
TM-03978,ACC-DLR-7,TUBE-DLX,4455,up,2024-10-01
TM-03979,ACC-DLR-14,TUBE-STD,4455,up,2025-08-01
TM-03980,ACC-DLR-21,TUBE-STD,4482,up,2021-09-01
TM-03981,ACC-DLR-28,TUBE-DLX,4462,up,2020-08-01
TM-03982,ACC-DLR-35,TUBE-STD,4482,up,2022-03-01
TM-03983,ACC-DLR-2,TUBE-STD,4468,up,2024-10-01
TM-03984,ACC-DLR-9,TUBE-DLX,4468,up,2021-10-01
TM-03985,ACC-DLR-16,TUBE-STD,4482,up,2019-12-01
TM-03986,ACC-DLR-23,TUBE-STD,4462,up,2025-05-01
TM-03987,ACC-DLR-30,TUBE-STD,4468,up,2021-12-01
TM-03988,ACC-DLR-37,TUBE-DLX,4462,up,2019-07-01
TM-03989,ACC-DLR-4,TUBE-STD,4462,up,2021-09-01
TM-03990,ACC-DLR-11,TUBE-STD,4455,up,2023-06-01
TM-03991,ACC-DLR-18,TUBE-STD,4462,up,2024-07-01
TM-03992,ACC-DLR-25,TUBE-DLX,4462,up,2026-03-01
TM-03993,ACC-DLR-32,TUBE-DLX,4455,up,2025-03-01
TM-03994,ACC-DLR-39,TUBE-STD,4468,up,2022-06-01
TM-03995,ACC-DLR-6,TUBE-STD,4468,up,2022-03-01
TM-03996,ACC-DLR-13,TUBE-STD,4482,up,2020-02-01
TM-03997,ACC-DLR-20,TUBE-DLX,4462,up,2025-06-01
TM-03998,ACC-DLR-27,TUBE-STD,4468,up,2026-04-01
TM-03999,ACC-DLR-34,TUBE-STD,4462,up,2022-10-01
TM-04000,ACC-DLR-1,TUBE-STD,4462,up,2022-07-01
TM-04001,ACC-DLR-8,TUBE-STD,4482,up,2025-10-01
TM-04002,ACC-DLR-15,TUBE-STD,4482,up,2022-08-01
TM-04003,ACC-DLR-22,TUBE-STD,4455,up,2025-11-01
TM-04004,ACC-DLR-29,TUBE-STD,4482,up,2026-08-01
TM-04005,ACC-DLR-36,TUBE-DLX,4482,up,2021-01-01
TM-04006,ACC-DLR-3,TUBE-STD,4462,up,2023-12-01
TM-04007,ACC-DLR-10,TUBE-STD,4482,up,2025-09-01
TM-04008,ACC-DLR-17,TUBE-STD,4468,up,2022-01-01
TM-04009,ACC-DLR-24,TUBE-DLX,4455,up,2021-02-01
TM-04010,ACC-DLR-31,TUBE-STD,4468,up,2024-11-01
TM-04011,ACC-DLR-38,TUBE-STD,4482,up,2024-03-01
TM-04012,ACC-DLR-5,TUBE-STD,4482,up,2019-04-01
TM-04013,ACC-DLR-12,TUBE-DLX,4462,up,2020-11-01
TM-04014,ACC-DLR-19,TUBE-STD,4482,up,2020-04-01
TM-04015,ACC-DLR-26,TUBE-STD,4468,up,2024-05-01
TM-04016,ACC-DLR-33,TUBE-DLX,4462,up,2024-01-01
TM-04017,ACC-DLR-40,TUBE-STD,4482,up,2025-06-01
TM-04018,ACC-DLR-7,TUBE-STD,4462,up,2019-03-01
TM-04019,ACC-DLR-14,TUBE-DLX,4468,up,2023-02-01
TM-04020,ACC-DLR-21,TUBE-STD,4455,up,2021-08-01
TM-04021,ACC-DLR-28,TUBE-STD,4455,up,2023-09-01
TM-04022,ACC-DLR-35,TUBE-DLX,4468,up,2020-07-01
TM-04023,ACC-DLR-2,TUBE-STD,4468,up,2024-11-01
TM-04024,ACC-DLR-9,TUBE-STD,4468,up,2026-01-01
TM-04025,ACC-DLR-16,TUBE-STD,4482,up,2025-09-01
TM-04026,ACC-DLR-23,TUBE-STD,4482,up,2023-03-01
TM-04027,ACC-DLR-30,TUBE-STD,4462,up,2020-09-01
TM-04028,ACC-DLR-37,TUBE-STD,4455,up,2022-10-01
TM-04029,ACC-DLR-4,TUBE-DLX,4468,up,2023-01-01
TM-04030,ACC-DLR-11,TUBE-STD,4462,up,2023-07-01
TM-04031,ACC-DLR-18,TUBE-STD,4455,up,2026-11-01
TM-04032,ACC-DLR-25,TUBE-STD,4482,up,2020-01-01
TM-04033,ACC-DLR-32,TUBE-STD,4468,up,2026-12-01
TM-04034,ACC-DLR-39,TUBE-STD,4468,up,2020-07-01
TM-04035,ACC-DLR-6,TUBE-STD,4455,up,2021-09-01
TM-04036,ACC-DLR-13,TUBE-STD,4468,up,2020-07-01
TM-04037,ACC-DLR-20,TUBE-STD,4468,up,2025-05-01
TM-04038,ACC-DLR-27,TUBE-DLX,4462,up,2025-04-01
TM-04039,ACC-DLR-34,TUBE-STD,4482,up,2023-11-01
TM-04040,ACC-DLR-1,TUBE-DLX,4482,up,2021-06-01
TM-04041,ACC-DLR-8,TUBE-STD,4482,up,2024-02-01
TM-04042,ACC-DLR-15,TUBE-STD,4468,up,2019-06-01
TM-04043,ACC-DLR-22,TUBE-DLX,4468,up,2026-11-01
TM-04044,ACC-DLR-29,TUBE-STD,4462,up,2026-02-01
TM-04045,ACC-DLR-36,TUBE-STD,4462,up,2022-05-01
TM-04046,ACC-DLR-3,TUBE-STD,4455,up,2019-08-01
TM-04047,ACC-DLR-10,TUBE-DLX,4468,up,2024-12-01
TM-04048,ACC-DLR-17,TUBE-DLX,4462,up,2019-03-01
TM-04049,ACC-DLR-24,TUBE-STD,4455,up,2021-03-01
TM-04050,ACC-DLR-31,TUBE-STD,4455,up,2024-05-01
TM-04051,ACC-DLR-38,TUBE-STD,4468,up,2022-06-01
TM-04052,ACC-DLR-5,TUBE-STD,4482,up,2020-06-01
TM-04053,ACC-DLR-12,TUBE-DLX,4462,up,2019-07-01
TM-04054,ACC-DLR-19,TUBE-STD,4462,up,2024-05-01
TM-04055,ACC-DLR-26,TUBE-DLX,4462,up,2019-09-01
TM-04056,ACC-DLR-33,TUBE-DLX,4462,up,2026-06-01
TM-04057,ACC-DLR-40,TUBE-STD,4455,up,2021-02-01
TM-04058,ACC-DLR-7,TUBE-STD,4455,up,2026-10-01
TM-04059,ACC-DLR-14,TUBE-STD,4462,up,2026-12-01
TM-04060,ACC-DLR-21,TUBE-STD,4462,up,2021-08-01
TM-04061,ACC-DLR-28,TUBE-STD,4482,up,2022-07-01
TM-04062,ACC-DLR-35,TUBE-DLX,4455,up,2022-12-01
TM-04063,ACC-DLR-2,TUBE-STD,4482,up,2019-10-01
TM-04064,ACC-DLR-9,TUBE-STD,4462,up,2026-10-01
TM-04065,ACC-DLR-16,TUBE-STD,4455,up,2022-08-01
TM-04066,ACC-DLR-23,TUBE-STD,4468,up,2026-10-01
TM-04067,ACC-DLR-30,TUBE-STD,4468,up,2022-11-01
TM-04068,ACC-DLR-37,TUBE-STD,4462,up,2022-05-01
TM-04069,ACC-DLR-4,TUBE-STD,4455,up,2022-01-01
TM-04070,ACC-DLR-11,TUBE-STD,4482,up,2026-05-01
TM-04071,ACC-DLR-18,TUBE-STD,4455,up,2022-10-01
TM-04072,ACC-DLR-25,TUBE-STD,4468,up,2023-05-01
TM-04073,ACC-DLR-32,TUBE-STD,4482,up,2025-11-01
TM-04074,ACC-DLR-39,TUBE-DLX,4468,up,2024-07-01
TM-04075,ACC-DLR-6,TUBE-STD,4482,up,2019-04-01
TM-04076,ACC-DLR-13,TUBE-STD,4468,up,2022-05-01
TM-04077,ACC-DLR-20,TUBE-STD,4455,up,2019-03-01
TM-04078,ACC-DLR-27,TUBE-STD,4455,up,2026-12-01
TM-04079,ACC-DLR-34,TUBE-STD,4455,up,2022-01-01
TM-04080,ACC-DLR-1,TUBE-STD,4462,up,2021-02-01
TM-04081,ACC-DLR-8,TUBE-STD,4455,up,2023-12-01
TM-04082,ACC-DLR-15,TUBE-STD,4455,up,2024-12-01
TM-04083,ACC-DLR-22,TUBE-STD,4468,up,2026-03-01
TM-04084,ACC-DLR-29,TUBE-STD,4482,up,2026-02-01
TM-04085,ACC-DLR-36,TUBE-STD,4462,up,2026-12-01
TM-04086,ACC-DLR-3,TUBE-STD,4482,up,2022-09-01
TM-04087,ACC-DLR-10,TUBE-STD,4468,up,2022-08-01
TM-04088,ACC-DLR-17,TUBE-DLX,4468,up,2024-01-01
TM-04089,ACC-DLR-24,TUBE-STD,4468,up,2021-01-01
TM-04090,ACC-DLR-31,TUBE-STD,4462,up,2019-06-01
TM-04091,ACC-DLR-38,TUBE-STD,4455,up,2019-07-01
TM-04092,ACC-DLR-5,TUBE-STD,4455,up,2020-12-01
TM-04093,ACC-DLR-12,TUBE-DLX,4468,up,2022-03-01
TM-04094,ACC-DLR-19,TUBE-DLX,4468,up,2019-08-01
TM-04095,ACC-DLR-26,TUBE-STD,4468,up,2025-07-01
TM-04096,ACC-DLR-33,TUBE-DLX,4462,up,2020-05-01
TM-04097,ACC-DLR-40,TUBE-STD,4482,up,2020-11-01
TM-04098,ACC-DLR-7,TUBE-STD,4482,up,2019-05-01
TM-04099,ACC-DLR-14,TUBE-DLX,4462,up,2019-05-01
TM-04100,ACC-DLR-21,TUBE-STD,4482,up,2026-06-01
TM-04101,ACC-DLR-28,TUBE-STD,4482,up,2022-07-01
TM-04102,ACC-DLR-35,TUBE-DLX,4468,up,2026-10-01
TM-04103,ACC-DLR-2,TUBE-STD,4468,up,2023-04-01
TM-04104,ACC-DLR-9,TUBE-STD,4482,up,2026-08-01
TM-04105,ACC-DLR-16,TUBE-DLX,4455,up,2023-10-01
TM-04106,ACC-DLR-23,TUBE-STD,4455,up,2026-06-01
TM-04107,ACC-DLR-30,TUBE-STD,4462,up,2025-12-01
TM-04108,ACC-DLR-37,TUBE-DLX,4462,up,2025-08-01
TM-04109,ACC-DLR-4,TUBE-DLX,4462,up,2020-09-01
TM-04110,ACC-DLR-11,TUBE-STD,4455,up,2026-12-01
TM-04111,ACC-DLR-18,TUBE-STD,4482,up,2024-02-01
TM-04112,ACC-DLR-25,TUBE-STD,4462,up,2019-12-01
TM-04113,ACC-DLR-32,TUBE-STD,4455,up,2026-03-01
TM-04114,ACC-DLR-39,TUBE-STD,4468,up,2020-11-01
TM-04115,ACC-DLR-6,TUBE-STD,4462,up,2020-03-01
TM-04116,ACC-DLR-13,TUBE-STD,4462,up,2025-06-01
TM-04117,ACC-DLR-20,TUBE-STD,4482,up,2022-02-01
TM-04118,ACC-DLR-27,TUBE-STD,4455,up,2024-08-01
TM-04119,ACC-DLR-34,TUBE-DLX,4455,up,2025-07-01
TM-04120,ACC-DLR-1,TUBE-STD,4468,up,2019-04-01
TM-04121,ACC-DLR-8,TUBE-STD,4455,up,2022-01-01
TM-04122,ACC-DLR-15,TUBE-STD,4455,up,2020-02-01
TM-04123,ACC-DLR-22,TUBE-STD,4455,up,2020-11-01
TM-04124,ACC-DLR-29,TUBE-STD,4482,up,2025-12-01
TM-04125,ACC-DLR-36,TUBE-STD,4455,up,2024-09-01
TM-04126,ACC-DLR-3,TUBE-STD,4468,up,2025-01-01
TM-04127,ACC-DLR-10,TUBE-STD,4468,up,2023-07-01
TM-04128,ACC-DLR-17,TUBE-DLX,4482,up,2021-09-01
TM-04129,ACC-DLR-24,TUBE-DLX,4455,up,2024-03-01
TM-04130,ACC-DLR-31,TUBE-DLX,4455,up,2025-06-01
TM-04131,ACC-DLR-38,TUBE-DLX,4482,up,2026-01-01
TM-04132,ACC-DLR-5,TUBE-STD,4482,up,2026-09-01
TM-04133,ACC-DLR-12,TUBE-STD,4455,up,2023-02-01
TM-04134,ACC-DLR-19,TUBE-STD,4468,up,2022-10-01
TM-04135,ACC-DLR-26,TUBE-STD,4462,up,2022-01-01
TM-04136,ACC-DLR-33,TUBE-STD,4455,up,2023-02-01
TM-04137,ACC-DLR-40,TUBE-STD,4482,up,2023-03-01
TM-04138,ACC-DLR-7,TUBE-STD,4482,up,2023-09-01
TM-04139,ACC-DLR-14,TUBE-STD,4468,up,2025-04-01
TM-04140,ACC-DLR-21,TUBE-STD,4468,up,2024-02-01
TM-04141,ACC-DLR-28,TUBE-STD,4468,up,2021-09-01
TM-04142,ACC-DLR-35,TUBE-STD,4468,up,2024-12-01
TM-04143,ACC-DLR-2,TUBE-DLX,4482,up,2025-10-01
TM-04144,ACC-DLR-9,TUBE-STD,4482,up,2026-06-01
TM-04145,ACC-DLR-16,TUBE-STD,4462,up,2023-11-01
TM-04146,ACC-DLR-23,TUBE-DLX,4468,up,2021-08-01
TM-04147,ACC-DLR-30,TUBE-STD,4482,up,2026-08-01
TM-04148,ACC-DLR-37,TUBE-DLX,4482,up,2026-04-01
TM-04149,ACC-DLR-4,TUBE-STD,4455,up,2025-10-01
TM-04150,ACC-DLR-11,TUBE-DLX,4455,up,2023-06-01
TM-04151,ACC-DLR-18,TUBE-STD,4482,up,2026-03-01
TM-04152,ACC-DLR-25,TUBE-STD,4462,up,2020-08-01
TM-04153,ACC-DLR-32,TUBE-STD,4468,up,2021-08-01
TM-04154,ACC-DLR-39,TUBE-DLX,4468,up,2020-12-01
TM-04155,ACC-DLR-6,TUBE-DLX,4455,up,2026-12-01
TM-04156,ACC-DLR-13,TUBE-STD,4468,up,2026-10-01
TM-04157,ACC-DLR-20,TUBE-STD,4455,up,2021-01-01
TM-04158,ACC-DLR-27,TUBE-DLX,4455,up,2025-03-01
TM-04159,ACC-DLR-34,TUBE-STD,4455,up,2024-10-01
TM-04160,ACC-DLR-1,TUBE-STD,4455,up,2020-08-01
TM-04161,ACC-DLR-8,TUBE-DLX,4462,up,2024-05-01
TM-04162,ACC-DLR-15,TUBE-STD,4455,up,2022-04-01
TM-04163,ACC-DLR-22,TUBE-DLX,4482,up,2024-11-01
TM-04164,ACC-DLR-29,TUBE-STD,4462,up,2026-09-01
TM-04165,ACC-DLR-36,TUBE-DLX,4482,up,2026-11-01
TM-04166,ACC-DLR-3,TUBE-DLX,4468,up,2025-12-01
TM-04167,ACC-DLR-10,TUBE-STD,4468,up,2019-03-01
TM-04168,ACC-DLR-17,TUBE-STD,4455,up,2024-01-01
TM-04169,ACC-DLR-24,TUBE-DLX,4455,up,2023-01-01
TM-04170,ACC-DLR-31,TUBE-DLX,4468,up,2019-10-01
TM-04171,ACC-DLR-38,TUBE-STD,4462,up,2026-12-01
TM-04172,ACC-DLR-5,TUBE-STD,4468,up,2026-02-01
TM-04173,ACC-DLR-12,TUBE-DLX,4455,up,2021-01-01
TM-04174,ACC-DLR-19,TUBE-STD,4482,up,2023-12-01
TM-04175,ACC-DLR-26,TUBE-DLX,4455,up,2022-04-01
TM-04176,ACC-DLR-33,TUBE-STD,4462,up,2023-10-01
TM-04177,ACC-DLR-40,TUBE-DLX,4455,up,2026-05-01
TM-04178,ACC-DLR-7,TUBE-DLX,4462,up,2024-08-01
TM-04179,ACC-DLR-14,TUBE-STD,4468,up,2026-11-01
TM-04180,ACC-DLR-21,TUBE-STD,4468,up,2023-08-01
TM-04181,ACC-DLR-28,TUBE-STD,4482,up,2023-05-01
TM-04182,ACC-DLR-35,TUBE-DLX,4455,up,2026-12-01
TM-04183,ACC-DLR-2,TUBE-DLX,4468,up,2025-02-01
TM-04184,ACC-DLR-9,TUBE-STD,4455,up,2026-04-01
TM-04185,ACC-DLR-16,TUBE-STD,4462,up,2022-10-01
TM-04186,ACC-DLR-23,TUBE-STD,4482,up,2025-04-01
TM-04187,ACC-DLR-30,TUBE-STD,4455,up,2020-10-01
TM-04188,ACC-DLR-37,TUBE-STD,4455,up,2023-08-01
TM-04189,ACC-DLR-4,TUBE-STD,4468,up,2019-09-01
TM-04190,ACC-DLR-11,TUBE-DLX,4455,up,2026-06-01
TM-04191,ACC-DLR-18,TUBE-STD,4455,up,2019-07-01
TM-04192,ACC-DLR-25,TUBE-STD,4468,up,2019-09-01
TM-04193,ACC-DLR-32,TUBE-STD,4468,up,2025-01-01
TM-04194,ACC-DLR-39,TUBE-STD,4482,up,2021-07-01
TM-04195,ACC-DLR-6,TUBE-STD,4455,up,2025-09-01
TM-04196,ACC-DLR-13,TUBE-STD,4468,up,2020-03-01
TM-04197,ACC-DLR-20,TUBE-DLX,4462,up,2026-01-01
TM-04198,ACC-DLR-27,TUBE-STD,4462,up,2020-03-01
TM-04199,ACC-DLR-34,TUBE-STD,4468,up,2024-06-01
TM-04200,ACC-DLR-1,TUBE-STD,4462,up,2023-12-01
TM-04201,ACC-DLR-8,TUBE-DLX,4482,up,2026-08-01
TM-04202,ACC-DLR-15,TUBE-STD,4462,up,2020-01-01
TM-04203,ACC-DLR-22,TUBE-STD,4462,up,2019-06-01
TM-04204,ACC-DLR-29,TUBE-STD,4468,up,2019-11-01
TM-04205,ACC-DLR-36,TUBE-DLX,4455,up,2026-11-01
TM-04206,ACC-DLR-3,TUBE-STD,4462,up,2025-11-01
TM-04207,ACC-DLR-10,TUBE-STD,4455,up,2024-11-01
TM-04208,ACC-DLR-17,TUBE-STD,4482,up,2019-09-01
TM-04209,ACC-DLR-24,TUBE-STD,4462,up,2022-10-01
TM-04210,ACC-DLR-31,TUBE-STD,4462,up,2020-11-01
TM-04211,ACC-DLR-38,TUBE-STD,4462,up,2026-05-01
TM-04212,ACC-DLR-5,TUBE-DLX,4468,up,2025-03-01
TM-04213,ACC-DLR-12,TUBE-STD,4462,up,2023-03-01
TM-04214,ACC-DLR-19,TUBE-STD,4482,up,2025-05-01
TM-04215,ACC-DLR-26,TUBE-STD,4462,up,2025-08-01
TM-04216,ACC-DLR-33,TUBE-DLX,4482,up,2021-08-01
TM-04217,ACC-DLR-40,TUBE-STD,4482,up,2020-05-01
TM-04218,ACC-DLR-7,TUBE-DLX,4462,up,2023-08-01
TM-04219,ACC-DLR-14,TUBE-STD,4455,up,2019-02-01
TM-04220,ACC-DLR-21,TUBE-STD,4468,up,2021-05-01
TM-04221,ACC-DLR-28,TUBE-DLX,4468,up,2025-06-01
TM-04222,ACC-DLR-35,TUBE-STD,4468,up,2021-08-01
TM-04223,ACC-DLR-2,TUBE-DLX,4462,up,2026-07-01
TM-04224,ACC-DLR-9,TUBE-STD,4455,up,2026-11-01
TM-04225,ACC-DLR-16,TUBE-DLX,4455,up,2021-03-01
TM-04226,ACC-DLR-23,TUBE-STD,4462,up,2020-06-01
TM-04227,ACC-DLR-30,TUBE-DLX,4468,up,2025-05-01
TM-04228,ACC-DLR-37,TUBE-STD,4462,up,2026-07-01
TM-04229,ACC-DLR-4,TUBE-STD,4468,up,2021-03-01
TM-04230,ACC-DLR-11,TUBE-DLX,4482,up,2026-07-01
TM-04231,ACC-DLR-18,TUBE-STD,4468,up,2026-06-01
TM-04232,ACC-DLR-25,TUBE-STD,4468,up,2024-01-01
TM-04233,ACC-DLR-32,TUBE-STD,4462,up,2025-05-01
TM-04234,ACC-DLR-39,TUBE-STD,4455,up,2023-07-01
TM-04235,ACC-DLR-6,TUBE-STD,4455,up,2019-03-01
TM-04236,ACC-DLR-13,TUBE-DLX,4468,up,2024-01-01
TM-04237,ACC-DLR-20,TUBE-STD,4462,up,2026-02-01
TM-04238,ACC-DLR-27,TUBE-STD,4468,up,2026-09-01
TM-04239,ACC-DLR-34,TUBE-STD,4462,up,2019-01-01
TM-04240,ACC-DLR-1,TUBE-DLX,4482,up,2024-03-01
TM-04241,ACC-DLR-8,TUBE-DLX,4468,up,2023-02-01
TM-04242,ACC-DLR-15,TUBE-STD,4482,up,2020-02-01
TM-04243,ACC-DLR-22,TUBE-STD,4462,up,2023-01-01
TM-04244,ACC-DLR-29,TUBE-STD,4468,up,2022-04-01
TM-04245,ACC-DLR-36,TUBE-STD,4455,up,2019-01-01
TM-04246,ACC-DLR-3,TUBE-STD,4482,up,2021-07-01
TM-04247,ACC-DLR-10,TUBE-STD,4482,up,2025-01-01
TM-04248,ACC-DLR-17,TUBE-STD,4482,up,2026-07-01
TM-04249,ACC-DLR-24,TUBE-STD,4482,up,2023-05-01
TM-04250,ACC-DLR-31,TUBE-STD,4462,up,2025-06-01
TM-04251,ACC-DLR-38,TUBE-DLX,4455,up,2025-03-01
TM-04252,ACC-DLR-5,TUBE-DLX,4468,up,2025-05-01
TM-04253,ACC-DLR-12,TUBE-DLX,4462,up,2023-01-01
TM-04254,ACC-DLR-19,TUBE-STD,4468,up,2023-10-01
TM-04255,ACC-DLR-26,TUBE-DLX,4455,up,2019-06-01
TM-04256,ACC-DLR-33,TUBE-DLX,4455,up,2020-07-01
TM-04257,ACC-DLR-40,TUBE-STD,4468,up,2024-04-01
TM-04258,ACC-DLR-7,TUBE-STD,4455,up,2020-04-01
TM-04259,ACC-DLR-14,TUBE-STD,4462,up,2023-11-01
TM-04260,ACC-DLR-21,TUBE-STD,4482,up,2020-09-01
TM-04261,ACC-DLR-28,TUBE-STD,4482,up,2024-10-01
TM-04262,ACC-DLR-35,TUBE-DLX,4482,up,2024-09-01
TM-04263,ACC-DLR-2,TUBE-STD,4455,up,2020-01-01
TM-04264,ACC-DLR-9,TUBE-STD,4455,up,2019-05-01
TM-04265,ACC-DLR-16,TUBE-DLX,4482,up,2023-12-01
TM-04266,ACC-DLR-23,TUBE-STD,4462,up,2026-10-01
TM-04267,ACC-DLR-30,TUBE-DLX,4462,up,2025-04-01
TM-04268,ACC-DLR-37,TUBE-DLX,4455,up,2023-07-01
TM-04269,ACC-DLR-4,TUBE-STD,4482,up,2020-06-01
TM-04270,ACC-DLR-11,TUBE-STD,4482,up,2021-11-01
TM-04271,ACC-DLR-18,TUBE-STD,4482,up,2019-11-01
TM-04272,ACC-DLR-25,TUBE-DLX,4468,up,2023-01-01
TM-04273,ACC-DLR-32,TUBE-STD,4482,up,2019-03-01
TM-04274,ACC-DLR-39,TUBE-DLX,4455,up,2022-06-01
TM-04275,ACC-DLR-6,TUBE-DLX,4455,up,2022-04-01
TM-04276,ACC-DLR-13,TUBE-STD,4482,up,2025-11-01
TM-04277,ACC-DLR-20,TUBE-STD,4455,up,2024-03-01
TM-04278,ACC-DLR-27,TUBE-STD,4462,up,2020-02-01
TM-04279,ACC-DLR-34,TUBE-STD,4455,up,2021-05-01
TM-04280,ACC-DLR-1,TUBE-STD,4455,up,2023-03-01
TM-04281,ACC-DLR-8,TUBE-STD,4462,up,2024-06-01
TM-04282,ACC-DLR-15,TUBE-DLX,4455,up,2020-07-01
TM-04283,ACC-DLR-22,TUBE-STD,4482,up,2019-04-01
TM-04284,ACC-DLR-29,TUBE-STD,4455,up,2025-12-01
TM-04285,ACC-DLR-36,TUBE-STD,4468,up,2023-05-01
TM-04286,ACC-DLR-3,TUBE-STD,4462,up,2021-05-01
TM-04287,ACC-DLR-10,TUBE-STD,4462,up,2025-03-01
TM-04288,ACC-DLR-17,TUBE-STD,4455,up,2022-10-01
TM-04289,ACC-DLR-24,TUBE-STD,4455,up,2026-01-01
TM-04290,ACC-DLR-31,TUBE-DLX,4468,up,2023-09-01
TM-04291,ACC-DLR-38,TUBE-STD,4468,up,2025-12-01
TM-04292,ACC-DLR-5,TUBE-STD,4482,up,2019-09-01
TM-04293,ACC-DLR-12,TUBE-STD,4482,up,2026-03-01
TM-04294,ACC-DLR-19,TUBE-STD,4468,up,2020-12-01
TM-04295,ACC-DLR-26,TUBE-STD,4468,up,2023-06-01
TM-04296,ACC-DLR-33,TUBE-STD,4482,up,2024-01-01
TM-04297,ACC-DLR-40,TUBE-STD,4455,up,2020-07-01
TM-04298,ACC-DLR-7,TUBE-STD,4468,up,2020-02-01
TM-04299,ACC-DLR-14,TUBE-DLX,4455,up,2023-03-01
TM-04300,ACC-DLR-21,TUBE-DLX,4482,up,2024-01-01
TM-04301,ACC-DLR-28,TUBE-STD,4455,up,2019-10-01
TM-04302,ACC-DLR-35,TUBE-DLX,4455,up,2024-05-01
TM-04303,ACC-DLR-2,TUBE-STD,4482,up,2019-02-01
TM-04304,ACC-DLR-9,TUBE-DLX,4482,up,2024-06-01
TM-04305,ACC-DLR-16,TUBE-DLX,4462,up,2023-08-01
TM-04306,ACC-DLR-23,TUBE-STD,4455,up,2025-12-01
TM-04307,ACC-DLR-30,TUBE-STD,4455,up,2021-03-01
TM-04308,ACC-DLR-37,TUBE-STD,4462,up,2021-01-01
TM-04309,ACC-DLR-4,TUBE-DLX,4455,up,2021-03-01
TM-04310,ACC-DLR-11,TUBE-DLX,4462,up,2026-02-01
TM-04311,ACC-DLR-18,TUBE-STD,4468,up,2022-06-01
TM-04312,ACC-DLR-25,TUBE-STD,4462,up,2019-08-01
TM-04313,ACC-DLR-32,TUBE-DLX,4482,up,2021-12-01
TM-04314,ACC-DLR-39,TUBE-STD,4468,up,2020-07-01
TM-04315,ACC-DLR-6,TUBE-DLX,4468,up,2019-07-01
TM-04316,ACC-DLR-13,TUBE-STD,4462,up,2022-01-01
TM-04317,ACC-DLR-20,TUBE-STD,4455,up,2025-03-01
TM-04318,ACC-DLR-27,TUBE-STD,4462,up,2021-12-01
TM-04319,ACC-DLR-34,TUBE-DLX,4455,up,2025-12-01
TM-04320,ACC-DLR-1,TUBE-STD,4468,up,2022-01-01
TM-04321,ACC-DLR-8,TUBE-DLX,4462,up,2026-06-01
TM-04322,ACC-DLR-15,TUBE-DLX,4462,up,2021-11-01
TM-04323,ACC-DLR-22,TUBE-STD,4482,up,2026-01-01
TM-04324,ACC-DLR-29,TUBE-STD,4482,up,2023-05-01
TM-04325,ACC-DLR-36,TUBE-STD,4468,up,2023-12-01
TM-04326,ACC-DLR-3,TUBE-STD,4482,up,2021-10-01
TM-04327,ACC-DLR-10,TUBE-STD,4455,up,2024-11-01
TM-04328,ACC-DLR-17,TUBE-STD,4468,up,2023-10-01
TM-04329,ACC-DLR-24,TUBE-STD,4462,up,2021-06-01
TM-04330,ACC-DLR-31,TUBE-DLX,4468,up,2025-01-01
TM-04331,ACC-DLR-38,TUBE-DLX,4482,up,2019-09-01
TM-04332,ACC-DLR-5,TUBE-STD,4462,up,2023-01-01
TM-04333,ACC-DLR-12,TUBE-STD,4468,up,2020-10-01
TM-04334,ACC-DLR-19,TUBE-STD,4482,up,2019-04-01
TM-04335,ACC-DLR-26,TUBE-STD,4482,up,2022-06-01
TM-04336,ACC-DLR-33,TUBE-STD,4482,up,2019-08-01
TM-04337,ACC-DLR-40,TUBE-STD,4455,up,2020-02-01
TM-04338,ACC-DLR-7,TUBE-DLX,4482,up,2023-06-01
TM-04339,ACC-DLR-14,TUBE-STD,4482,up,2022-04-01
TM-04340,ACC-DLR-21,TUBE-DLX,4462,up,2023-12-01
TM-04341,ACC-DLR-28,TUBE-STD,4468,up,2024-01-01
TM-04342,ACC-DLR-35,TUBE-STD,4468,up,2021-12-01
TM-04343,ACC-DLR-2,TUBE-DLX,4455,up,2026-12-01
TM-04344,ACC-DLR-9,TUBE-DLX,4482,up,2022-01-01
TM-04345,ACC-DLR-16,TUBE-STD,4455,up,2020-06-01
TM-04346,ACC-DLR-23,TUBE-STD,4468,up,2023-02-01
TM-04347,ACC-DLR-30,TUBE-STD,4468,up,2019-10-01
TM-04348,ACC-DLR-37,TUBE-STD,4482,up,2022-12-01
TM-04349,ACC-DLR-4,TUBE-STD,4482,up,2026-11-01
TM-04350,ACC-DLR-11,TUBE-STD,4482,up,2022-04-01
TM-04351,ACC-DLR-18,TUBE-STD,4468,up,2026-02-01
TM-04352,ACC-DLR-25,TUBE-DLX,4482,up,2024-02-01
TM-04353,ACC-DLR-32,TUBE-STD,4455,up,2020-11-01
TM-04354,ACC-DLR-39,TUBE-STD,4455,up,2019-06-01
TM-04355,ACC-DLR-6,TUBE-STD,4462,up,2020-10-01
TM-04356,ACC-DLR-13,TUBE-STD,4462,up,2023-03-01
TM-04357,ACC-DLR-20,TUBE-STD,4482,up,2022-06-01
TM-04358,ACC-DLR-27,TUBE-DLX,4462,up,2019-05-01
TM-04359,ACC-DLR-34,TUBE-DLX,4462,up,2022-05-01
TM-04360,ACC-DLR-1,TUBE-STD,4462,up,2025-05-01
TM-04361,ACC-DLR-8,TUBE-STD,4455,up,2020-06-01
TM-04362,ACC-DLR-15,TUBE-STD,4462,up,2025-04-01
TM-04363,ACC-DLR-22,TUBE-STD,4462,up,2025-11-01
TM-04364,ACC-DLR-29,TUBE-STD,4455,up,2024-12-01
TM-04365,ACC-DLR-36,TUBE-DLX,4462,up,2026-01-01
TM-04366,ACC-DLR-3,TUBE-STD,4482,up,2021-07-01
TM-04367,ACC-DLR-10,TUBE-STD,4482,up,2026-05-01
TM-04368,ACC-DLR-17,TUBE-STD,4468,up,2021-08-01
TM-04369,ACC-DLR-24,TUBE-STD,4482,up,2026-03-01
TM-04370,ACC-DLR-31,TUBE-STD,4482,up,2022-02-01
TM-04371,ACC-DLR-38,TUBE-DLX,4462,up,2020-07-01
TM-04372,ACC-DLR-5,TUBE-STD,4468,up,2021-12-01
TM-04373,ACC-DLR-12,TUBE-STD,4482,up,2019-03-01
TM-04374,ACC-DLR-19,TUBE-STD,4462,up,2024-06-01
TM-04375,ACC-DLR-26,TUBE-STD,4468,up,2023-12-01
TM-04376,ACC-DLR-33,TUBE-DLX,4455,up,2022-08-01
TM-04377,ACC-DLR-40,TUBE-STD,4455,up,2023-03-01
TM-04378,ACC-DLR-7,TUBE-STD,4482,up,2022-04-01
TM-04379,ACC-DLR-14,TUBE-STD,4468,up,2023-04-01
TM-04380,ACC-DLR-21,TUBE-STD,4462,up,2023-10-01
TM-04381,ACC-DLR-28,TUBE-DLX,4455,up,2019-05-01
TM-04382,ACC-DLR-35,TUBE-DLX,4468,up,2025-09-01
TM-04383,ACC-DLR-2,TUBE-STD,4462,up,2019-11-01
TM-04384,ACC-DLR-9,TUBE-STD,4468,up,2026-02-01
TM-04385,ACC-DLR-16,TUBE-DLX,4468,up,2020-04-01
TM-04386,ACC-DLR-23,TUBE-DLX,4455,up,2025-07-01
TM-04387,ACC-DLR-30,TUBE-STD,4455,up,2026-09-01
TM-04388,ACC-DLR-37,TUBE-STD,4455,up,2019-05-01
TM-04389,ACC-DLR-4,TUBE-STD,4462,up,2023-04-01
TM-04390,ACC-DLR-11,TUBE-STD,4455,up,2021-09-01
TM-04391,ACC-DLR-18,TUBE-STD,4468,up,2019-02-01
TM-04392,ACC-DLR-25,TUBE-STD,4468,up,2019-08-01
TM-04393,ACC-DLR-32,TUBE-STD,4462,up,2026-01-01
TM-04394,ACC-DLR-39,TUBE-STD,4455,up,2026-01-01
TM-04395,ACC-DLR-6,TUBE-STD,4468,up,2023-01-01
TM-04396,ACC-DLR-13,TUBE-STD,4462,up,2022-05-01
TM-04397,ACC-DLR-20,TUBE-DLX,4462,up,2019-10-01
TM-04398,ACC-DLR-27,TUBE-STD,4455,up,2019-05-01
TM-04399,ACC-DLR-34,TUBE-STD,4462,up,2026-12-01
TM-04400,ACC-DLR-1,TUBE-STD,4462,up,2026-05-01
TM-04401,ACC-DLR-8,TUBE-STD,4455,up,2026-07-01
TM-04402,ACC-DLR-15,TUBE-STD,4468,up,2026-08-01
TM-04403,ACC-DLR-22,TUBE-STD,4462,up,2025-01-01
TM-04404,ACC-DLR-29,TUBE-STD,4455,up,2019-06-01
TM-04405,ACC-DLR-36,TUBE-STD,4455,up,2019-06-01
TM-04406,ACC-DLR-3,TUBE-DLX,4482,up,2021-06-01
TM-04407,ACC-DLR-10,TUBE-STD,4462,up,2026-04-01
TM-04408,ACC-DLR-17,TUBE-STD,4482,up,2024-12-01
TM-04409,ACC-DLR-24,TUBE-DLX,4482,up,2024-05-01
TM-04410,ACC-DLR-31,TUBE-STD,4468,up,2026-09-01
TM-04411,ACC-DLR-38,TUBE-STD,4468,up,2024-06-01
TM-04412,ACC-DLR-5,TUBE-STD,4468,up,2026-04-01
TM-04413,ACC-DLR-12,TUBE-DLX,4455,up,2025-10-01
TM-04414,ACC-DLR-19,TUBE-STD,4468,up,2025-05-01
TM-04415,ACC-DLR-26,TUBE-DLX,4462,up,2021-04-01
TM-04416,ACC-DLR-33,TUBE-STD,4468,up,2024-06-01
TM-04417,ACC-DLR-40,TUBE-DLX,4468,up,2021-11-01
TM-04418,ACC-DLR-7,TUBE-STD,4468,up,2021-11-01
TM-04419,ACC-DLR-14,TUBE-STD,4462,up,2024-11-01
TM-04420,ACC-DLR-21,TUBE-DLX,4462,up,2022-11-01
TM-04421,ACC-DLR-28,TUBE-STD,4455,up,2021-11-01
TM-04422,ACC-DLR-35,TUBE-STD,4468,up,2021-09-01
TM-04423,ACC-DLR-2,TUBE-STD,4455,up,2024-11-01
TM-04424,ACC-DLR-9,TUBE-STD,4482,up,2024-02-01
TM-04425,ACC-DLR-16,TUBE-DLX,4455,up,2022-12-01
TM-04426,ACC-DLR-23,TUBE-DLX,4468,up,2019-11-01
TM-04427,ACC-DLR-30,TUBE-STD,4468,up,2019-04-01
TM-04428,ACC-DLR-37,TUBE-STD,4462,up,2024-02-01
TM-04429,ACC-DLR-4,TUBE-STD,4455,up,2026-09-01
TM-04430,ACC-DLR-11,TUBE-STD,4462,up,2019-03-01
TM-04431,ACC-DLR-18,TUBE-STD,4462,up,2019-12-01
TM-04432,ACC-DLR-25,TUBE-STD,4462,up,2024-08-01
TM-04433,ACC-DLR-32,TUBE-STD,4482,up,2021-09-01
TM-04434,ACC-DLR-39,TUBE-DLX,4462,up,2020-07-01
TM-04435,ACC-DLR-6,TUBE-DLX,4468,up,2021-04-01
TM-04436,ACC-DLR-13,TUBE-STD,4455,up,2025-11-01
TM-04437,ACC-DLR-20,TUBE-STD,4482,up,2019-12-01
TM-04438,ACC-DLR-27,TUBE-DLX,4468,up,2025-01-01
TM-04439,ACC-DLR-34,TUBE-STD,4462,up,2022-10-01
TM-04440,ACC-DLR-1,TUBE-DLX,4462,up,2022-06-01
TM-04441,ACC-DLR-8,TUBE-DLX,4455,up,2022-04-01
TM-04442,ACC-DLR-15,TUBE-STD,4482,up,2019-08-01
TM-04443,ACC-DLR-22,TUBE-STD,4482,up,2019-11-01
TM-04444,ACC-DLR-29,TUBE-STD,4462,up,2026-11-01
TM-04445,ACC-DLR-36,TUBE-DLX,4482,up,2021-09-01
TM-04446,ACC-DLR-3,TUBE-DLX,4455,up,2026-03-01
TM-04447,ACC-DLR-10,TUBE-STD,4455,up,2026-09-01
TM-04448,ACC-DLR-17,TUBE-DLX,4462,up,2023-07-01
TM-04449,ACC-DLR-24,TUBE-STD,4462,up,2025-09-01
TM-04450,ACC-DLR-31,TUBE-STD,4468,up,2021-04-01
TM-04451,ACC-DLR-38,TUBE-STD,4455,up,2024-10-01
TM-04452,ACC-DLR-5,TUBE-STD,4482,up,2021-05-01
TM-04453,ACC-DLR-12,TUBE-DLX,4462,up,2026-01-01
TM-04454,ACC-DLR-19,TUBE-STD,4482,up,2024-02-01
TM-04455,ACC-DLR-26,TUBE-STD,4455,up,2021-12-01
TM-04456,ACC-DLR-33,TUBE-DLX,4468,up,2025-11-01
TM-04457,ACC-DLR-40,TUBE-STD,4455,up,2024-07-01
TM-04458,ACC-DLR-7,TUBE-STD,4462,up,2021-04-01
TM-04459,ACC-DLR-14,TUBE-STD,4462,up,2020-03-01
TM-04460,ACC-DLR-21,TUBE-DLX,4482,up,2023-07-01
TM-04461,ACC-DLR-28,TUBE-DLX,4462,up,2021-05-01
TM-04462,ACC-DLR-35,TUBE-DLX,4462,up,2025-12-01
TM-04463,ACC-DLR-2,TUBE-STD,4482,up,2020-01-01
TM-04464,ACC-DLR-9,TUBE-STD,4468,up,2019-03-01
TM-04465,ACC-DLR-16,TUBE-STD,4462,up,2025-01-01
TM-04466,ACC-DLR-23,TUBE-STD,4482,up,2023-06-01
TM-04467,ACC-DLR-30,TUBE-DLX,4482,up,2023-10-01
TM-04468,ACC-DLR-37,TUBE-STD,4482,up,2019-12-01
TM-04469,ACC-DLR-4,TUBE-STD,4482,up,2019-05-01
TM-04470,ACC-DLR-11,TUBE-STD,4468,up,2023-12-01
TM-04471,ACC-DLR-18,TUBE-DLX,4462,up,2026-06-01
TM-04472,ACC-DLR-25,TUBE-DLX,4468,up,2024-04-01
TM-04473,ACC-DLR-32,TUBE-STD,4455,up,2023-04-01
TM-04474,ACC-DLR-39,TUBE-STD,4482,up,2026-10-01
TM-04475,ACC-DLR-6,TUBE-STD,4462,up,2023-08-01
TM-04476,ACC-DLR-13,TUBE-DLX,4482,up,2019-11-01
TM-04477,ACC-DLR-20,TUBE-STD,4482,up,2025-01-01
TM-04478,ACC-DLR-27,TUBE-STD,4482,up,2026-11-01
TM-04479,ACC-DLR-34,TUBE-STD,4462,up,2019-09-01
TM-04480,ACC-DLR-1,TUBE-STD,4462,up,2022-07-01
TM-04481,ACC-DLR-8,TUBE-DLX,4468,up,2024-04-01
TM-04482,ACC-DLR-15,TUBE-DLX,4468,up,2020-02-01
TM-04483,ACC-DLR-22,TUBE-STD,4468,up,2026-07-01
TM-04484,ACC-DLR-29,TUBE-STD,4455,up,2022-08-01
TM-04485,ACC-DLR-36,TUBE-DLX,4462,up,2023-01-01
TM-04486,ACC-DLR-3,TUBE-DLX,4468,up,2019-07-01
TM-04487,ACC-DLR-10,TUBE-STD,4455,up,2022-02-01
TM-04488,ACC-DLR-17,TUBE-DLX,4455,up,2019-05-01
TM-04489,ACC-DLR-24,TUBE-STD,4462,up,2022-08-01
TM-04490,ACC-DLR-31,TUBE-STD,4462,up,2025-03-01
TM-04491,ACC-DLR-38,TUBE-DLX,4468,up,2022-11-01
TM-04492,ACC-DLR-5,TUBE-STD,4468,up,2024-12-01
TM-04493,ACC-DLR-12,TUBE-STD,4462,up,2023-09-01
TM-04494,ACC-DLR-19,TUBE-STD,4482,up,2025-03-01
TM-04495,ACC-DLR-26,TUBE-DLX,4482,up,2019-05-01
TM-04496,ACC-DLR-33,TUBE-STD,4462,up,2021-10-01
TM-04497,ACC-DLR-40,TUBE-STD,4455,up,2023-08-01
TM-04498,ACC-DLR-7,TUBE-DLX,4455,up,2021-09-01
TM-04499,ACC-DLR-14,TUBE-STD,4482,up,2026-01-01
TM-04500,ACC-DLR-21,TUBE-STD,4455,up,2019-07-01
TM-04501,ACC-DLR-28,TUBE-STD,4468,up,2024-04-01
TM-04502,ACC-DLR-35,TUBE-DLX,4455,up,2019-12-01
TM-04503,ACC-DLR-2,TUBE-STD,4462,up,2025-07-01
TM-04504,ACC-DLR-9,TUBE-DLX,4462,up,2022-02-01
TM-04505,ACC-DLR-16,TUBE-STD,4462,up,2025-12-01
TM-04506,ACC-DLR-23,TUBE-DLX,4468,up,2023-08-01
TM-04507,ACC-DLR-30,TUBE-DLX,4482,up,2022-03-01
TM-04508,ACC-DLR-37,TUBE-DLX,4462,up,2024-10-01
TM-04509,ACC-DLR-4,TUBE-STD,4468,up,2026-05-01
TM-04510,ACC-DLR-11,TUBE-STD,4455,up,2022-07-01
TM-04511,ACC-DLR-18,TUBE-DLX,4455,up,2023-08-01
TM-04512,ACC-DLR-25,TUBE-DLX,4468,up,2025-09-01
TM-04513,ACC-DLR-32,TUBE-STD,4455,up,2026-10-01
TM-04514,ACC-DLR-39,TUBE-STD,4482,up,2025-04-01
TM-04515,ACC-DLR-6,TUBE-DLX,4455,up,2021-12-01
TM-04516,ACC-DLR-13,TUBE-STD,4455,up,2020-12-01
TM-04517,ACC-DLR-20,TUBE-STD,4455,up,2026-02-01
TM-04518,ACC-DLR-27,TUBE-STD,4482,up,2021-11-01
TM-04519,ACC-DLR-34,TUBE-STD,4455,up,2024-05-01
TM-04520,ACC-DLR-1,TUBE-DLX,4482,up,2020-09-01
TM-04521,ACC-DLR-8,TUBE-STD,4482,up,2023-02-01
TM-04522,ACC-DLR-15,TUBE-STD,4482,up,2026-11-01
TM-04523,ACC-DLR-22,TUBE-STD,4455,up,2020-11-01
TM-04524,ACC-DLR-29,TUBE-STD,4482,up,2025-06-01
TM-04525,ACC-DLR-36,TUBE-DLX,4482,up,2019-01-01
TM-04526,ACC-DLR-3,TUBE-STD,4455,up,2023-03-01
TM-04527,ACC-DLR-10,TUBE-STD,4455,up,2025-02-01
TM-04528,ACC-DLR-17,TUBE-DLX,4462,up,2020-12-01
TM-04529,ACC-DLR-24,TUBE-STD,4455,up,2020-10-01
TM-04530,ACC-DLR-31,TUBE-STD,4462,up,2023-01-01
TM-04531,ACC-DLR-38,TUBE-STD,4455,up,2026-11-01
TM-04532,ACC-DLR-5,TUBE-STD,4468,up,2021-01-01
TM-04533,ACC-DLR-12,TUBE-STD,4455,up,2023-03-01
TM-04534,ACC-DLR-19,TUBE-STD,4462,up,2023-07-01
TM-04535,ACC-DLR-26,TUBE-STD,4455,up,2021-07-01
TM-04536,ACC-DLR-33,TUBE-STD,4462,up,2024-04-01
TM-04537,ACC-DLR-40,TUBE-STD,4482,up,2026-02-01
TM-04538,ACC-DLR-7,TUBE-STD,4462,up,2023-12-01
TM-04539,ACC-DLR-14,TUBE-STD,4462,up,2026-10-01
TM-04540,ACC-DLR-21,TUBE-DLX,4462,up,2021-10-01
TM-04541,ACC-DLR-28,TUBE-DLX,4455,up,2019-07-01
TM-04542,ACC-DLR-35,TUBE-DLX,4468,up,2022-03-01
TM-04543,ACC-DLR-2,TUBE-STD,4455,up,2022-02-01
TM-04544,ACC-DLR-9,TUBE-STD,4468,up,2020-12-01
TM-04545,ACC-DLR-16,TUBE-STD,4455,up,2025-03-01
TM-04546,ACC-DLR-23,TUBE-STD,4462,up,2020-11-01
TM-04547,ACC-DLR-30,TUBE-STD,4482,up,2021-09-01
TM-04548,ACC-DLR-37,TUBE-STD,4462,up,2025-03-01
TM-04549,ACC-DLR-4,TUBE-STD,4455,up,2026-08-01
TM-04550,ACC-DLR-11,TUBE-DLX,4462,up,2025-11-01
TM-04551,ACC-DLR-18,TUBE-STD,4455,up,2026-12-01
TM-04552,ACC-DLR-25,TUBE-STD,4482,up,2021-03-01
TM-04553,ACC-DLR-32,TUBE-DLX,4482,up,2020-09-01
TM-04554,ACC-DLR-39,TUBE-DLX,4462,up,2021-12-01
TM-04555,ACC-DLR-6,TUBE-STD,4455,up,2026-02-01
TM-04556,ACC-DLR-13,TUBE-STD,4462,up,2021-02-01
TM-04557,ACC-DLR-20,TUBE-STD,4455,up,2026-10-01
TM-04558,ACC-DLR-27,TUBE-STD,4462,up,2022-03-01
TM-04559,ACC-DLR-34,TUBE-STD,4468,up,2020-08-01
TM-04560,ACC-DLR-1,TUBE-DLX,4462,up,2022-07-01
TM-04561,ACC-DLR-8,TUBE-STD,4455,up,2020-04-01
TM-04562,ACC-DLR-15,TUBE-STD,4468,up,2024-01-01
TM-04563,ACC-DLR-22,TUBE-STD,4455,up,2020-06-01
TM-04564,ACC-DLR-29,TUBE-STD,4462,up,2023-07-01
TM-04565,ACC-DLR-36,TUBE-STD,4468,up,2020-12-01
TM-04566,ACC-DLR-3,TUBE-STD,4462,up,2019-09-01
TM-04567,ACC-DLR-10,TUBE-STD,4462,up,2026-05-01
TM-04568,ACC-DLR-17,TUBE-STD,4468,up,2022-05-01
TM-04569,ACC-DLR-24,TUBE-DLX,4468,up,2026-11-01
TM-04570,ACC-DLR-31,TUBE-DLX,4462,up,2020-03-01
TM-04571,ACC-DLR-38,TUBE-STD,4468,up,2023-03-01
TM-04572,ACC-DLR-5,TUBE-STD,4482,up,2023-11-01
TM-04573,ACC-DLR-12,TUBE-STD,4482,up,2021-10-01
TM-04574,ACC-DLR-19,TUBE-STD,4482,up,2022-12-01
TM-04575,ACC-DLR-26,TUBE-STD,4482,up,2024-08-01
TM-04576,ACC-DLR-33,TUBE-STD,4462,up,2019-01-01
TM-04577,ACC-DLR-40,TUBE-STD,4455,up,2021-08-01
TM-04578,ACC-DLR-7,TUBE-DLX,4455,up,2022-11-01
TM-04579,ACC-DLR-14,TUBE-STD,4462,up,2023-12-01
TM-04580,ACC-DLR-21,TUBE-STD,4482,up,2019-04-01
TM-04581,ACC-DLR-28,TUBE-STD,4462,up,2026-09-01
TM-04582,ACC-DLR-35,TUBE-STD,4455,up,2025-02-01
TM-04583,ACC-DLR-2,TUBE-STD,4468,up,2022-05-01
TM-04584,ACC-DLR-9,TUBE-STD,4468,up,2026-10-01
TM-04585,ACC-DLR-16,TUBE-STD,4482,up,2022-05-01
TM-04586,ACC-DLR-23,TUBE-STD,4462,up,2019-09-01
TM-04587,ACC-DLR-30,TUBE-DLX,4455,up,2026-09-01
TM-04588,ACC-DLR-37,TUBE-DLX,4482,up,2019-06-01
TM-04589,ACC-DLR-4,TUBE-STD,4455,up,2023-10-01
TM-04590,ACC-DLR-11,TUBE-STD,4482,up,2025-03-01
TM-04591,ACC-DLR-18,TUBE-DLX,4462,up,2023-11-01
TM-04592,ACC-DLR-25,TUBE-STD,4468,up,2023-12-01
TM-04593,ACC-DLR-32,TUBE-STD,4455,up,2026-03-01
TM-04594,ACC-DLR-39,TUBE-STD,4462,up,2022-12-01
TM-04595,ACC-DLR-6,TUBE-DLX,4468,up,2023-05-01
TM-04596,ACC-DLR-13,TUBE-STD,4468,up,2026-04-01
TM-04597,ACC-DLR-20,TUBE-STD,4482,up,2022-09-01
TM-04598,ACC-DLR-27,TUBE-STD,4462,up,2026-07-01
TM-04599,ACC-DLR-34,TUBE-STD,4482,up,2020-08-01
TM-04600,ACC-DLR-1,TUBE-STD,4482,up,2025-04-01
TM-04601,ACC-DLR-8,TUBE-STD,4482,up,2023-04-01
TM-04602,ACC-DLR-15,TUBE-STD,4455,up,2021-06-01
TM-04603,ACC-DLR-22,TUBE-STD,4482,up,2021-10-01
TM-04604,ACC-DLR-29,TUBE-STD,4468,up,2026-04-01
TM-04605,ACC-DLR-36,TUBE-STD,4455,up,2026-12-01
TM-04606,ACC-DLR-3,TUBE-DLX,4462,up,2026-04-01
TM-04607,ACC-DLR-10,TUBE-STD,4482,up,2019-10-01
TM-04608,ACC-DLR-17,TUBE-STD,4482,up,2023-05-01
TM-04609,ACC-DLR-24,TUBE-STD,4462,up,2020-06-01
TM-04610,ACC-DLR-31,TUBE-STD,4455,up,2024-03-01
TM-04611,ACC-DLR-38,TUBE-STD,4455,up,2020-04-01
TM-04612,ACC-DLR-5,TUBE-STD,4455,up,2025-07-01
TM-04613,ACC-DLR-12,TUBE-STD,4482,up,2023-01-01
TM-04614,ACC-DLR-19,TUBE-DLX,4462,up,2019-08-01
TM-04615,ACC-DLR-26,TUBE-DLX,4462,up,2023-02-01
TM-04616,ACC-DLR-33,TUBE-STD,4455,up,2024-04-01
TM-04617,ACC-DLR-40,TUBE-STD,4482,up,2020-03-01
TM-04618,ACC-DLR-7,TUBE-STD,4468,up,2021-05-01
TM-04619,ACC-DLR-14,TUBE-STD,4455,up,2025-05-01
TM-04620,ACC-DLR-21,TUBE-STD,4462,up,2025-06-01
TM-04621,ACC-DLR-28,TUBE-STD,4468,up,2025-03-01
TM-04622,ACC-DLR-35,TUBE-STD,4468,up,2026-04-01
TM-04623,ACC-DLR-2,TUBE-STD,4462,up,2022-12-01
TM-04624,ACC-DLR-9,TUBE-STD,4462,up,2023-06-01
TM-04625,ACC-DLR-16,TUBE-STD,4468,up,2020-11-01
TM-04626,ACC-DLR-23,TUBE-DLX,4468,up,2022-10-01
TM-04627,ACC-DLR-30,TUBE-STD,4482,up,2022-03-01
TM-04628,ACC-DLR-37,TUBE-STD,4455,up,2026-04-01
TM-04629,ACC-DLR-4,TUBE-STD,4482,up,2025-03-01
TM-04630,ACC-DLR-11,TUBE-STD,4468,up,2024-05-01
TM-04631,ACC-DLR-18,TUBE-STD,4462,up,2019-12-01
TM-04632,ACC-DLR-25,TUBE-STD,4468,up,2025-07-01
TM-04633,ACC-DLR-32,TUBE-STD,4468,up,2024-02-01
TM-04634,ACC-DLR-39,TUBE-DLX,4455,up,2021-08-01
TM-04635,ACC-DLR-6,TUBE-STD,4462,up,2025-06-01
TM-04636,ACC-DLR-13,TUBE-STD,4455,up,2022-02-01
TM-04637,ACC-DLR-20,TUBE-STD,4482,up,2023-05-01
TM-04638,ACC-DLR-27,TUBE-STD,4462,up,2022-03-01
TM-04639,ACC-DLR-34,TUBE-STD,4462,up,2024-07-01
TM-04640,ACC-DLR-1,TUBE-STD,4482,up,2024-01-01
TM-04641,ACC-DLR-8,TUBE-STD,4462,up,2024-12-01
TM-04642,ACC-DLR-15,TUBE-STD,4468,up,2021-09-01
TM-04643,ACC-DLR-22,TUBE-STD,4482,up,2019-12-01
TM-04644,ACC-DLR-29,TUBE-STD,4455,up,2025-10-01
TM-04645,ACC-DLR-36,TUBE-DLX,4468,up,2026-07-01
TM-04646,ACC-DLR-3,TUBE-DLX,4462,up,2026-08-01
TM-04647,ACC-DLR-10,TUBE-DLX,4482,up,2021-10-01
TM-04648,ACC-DLR-17,TUBE-STD,4482,up,2022-06-01
TM-04649,ACC-DLR-24,TUBE-STD,4468,up,2022-12-01
TM-04650,ACC-DLR-31,TUBE-DLX,4455,up,2021-01-01
TM-04651,ACC-DLR-38,TUBE-STD,4482,up,2024-11-01
TM-04652,ACC-DLR-5,TUBE-STD,4455,up,2022-05-01
TM-04653,ACC-DLR-12,TUBE-STD,4455,up,2022-09-01
TM-04654,ACC-DLR-19,TUBE-STD,4482,up,2021-07-01
TM-04655,ACC-DLR-26,TUBE-STD,4468,up,2022-08-01
TM-04656,ACC-DLR-33,TUBE-STD,4462,up,2020-08-01
TM-04657,ACC-DLR-40,TUBE-STD,4482,up,2022-07-01
TM-04658,ACC-DLR-7,TUBE-DLX,4462,up,2021-01-01
TM-04659,ACC-DLR-14,TUBE-STD,4462,up,2024-03-01
TM-04660,ACC-DLR-21,TUBE-STD,4482,up,2024-09-01
TM-04661,ACC-DLR-28,TUBE-STD,4468,up,2022-07-01
TM-04662,ACC-DLR-35,TUBE-DLX,4462,up,2025-09-01
TM-04663,ACC-DLR-2,TUBE-STD,4482,up,2025-01-01
TM-04664,ACC-DLR-9,TUBE-STD,4468,up,2026-12-01
TM-04665,ACC-DLR-16,TUBE-STD,4455,up,2022-10-01
TM-04666,ACC-DLR-23,TUBE-STD,4462,up,2019-04-01
TM-04667,ACC-DLR-30,TUBE-STD,4482,up,2024-06-01
TM-04668,ACC-DLR-37,TUBE-STD,4482,up,2021-05-01
TM-04669,ACC-DLR-4,TUBE-STD,4468,up,2020-01-01
TM-04670,ACC-DLR-11,TUBE-STD,4462,up,2022-10-01
TM-04671,ACC-DLR-18,TUBE-DLX,4482,up,2021-11-01
TM-04672,ACC-DLR-25,TUBE-STD,4482,up,2025-12-01
TM-04673,ACC-DLR-32,TUBE-STD,4482,up,2020-11-01
TM-04674,ACC-DLR-39,TUBE-STD,4482,up,2019-03-01
TM-04675,ACC-DLR-6,TUBE-STD,4462,up,2023-12-01
TM-04676,ACC-DLR-13,TUBE-STD,4482,up,2024-12-01
TM-04677,ACC-DLR-20,TUBE-STD,4462,up,2021-03-01
TM-04678,ACC-DLR-27,TUBE-STD,4462,up,2024-11-01
TM-04679,ACC-DLR-34,TUBE-DLX,4482,up,2022-05-01
TM-04680,ACC-DLR-1,TUBE-DLX,4462,up,2025-02-01
TM-04681,ACC-DLR-8,TUBE-STD,4455,up,2026-06-01
TM-04682,ACC-DLR-15,TUBE-STD,4468,up,2026-07-01
TM-04683,ACC-DLR-22,TUBE-STD,4468,up,2022-01-01
TM-04684,ACC-DLR-29,TUBE-DLX,4468,up,2026-08-01
TM-04685,ACC-DLR-36,TUBE-STD,4462,up,2026-08-01
TM-04686,ACC-DLR-3,TUBE-STD,4455,up,2026-08-01
TM-04687,ACC-DLR-10,TUBE-STD,4468,up,2023-12-01
TM-04688,ACC-DLR-17,TUBE-DLX,4462,up,2024-09-01
TM-04689,ACC-DLR-24,TUBE-STD,4462,up,2022-07-01
TM-04690,ACC-DLR-31,TUBE-STD,4462,up,2019-10-01
TM-04691,ACC-DLR-38,TUBE-DLX,4482,up,2019-10-01
TM-04692,ACC-DLR-5,TUBE-DLX,4462,up,2023-02-01
TM-04693,ACC-DLR-12,TUBE-DLX,4482,up,2019-12-01
TM-04694,ACC-DLR-19,TUBE-STD,4455,up,2025-07-01
TM-04695,ACC-DLR-26,TUBE-DLX,4468,up,2019-09-01
TM-04696,ACC-DLR-33,TUBE-DLX,4455,up,2022-09-01
TM-04697,ACC-DLR-40,TUBE-STD,4462,up,2021-02-01
TM-04698,ACC-DLR-7,TUBE-STD,4455,up,2024-07-01
TM-04699,ACC-DLR-14,TUBE-STD,4468,up,2026-02-01
TM-04700,ACC-DLR-21,TUBE-DLX,4462,up,2025-02-01
TM-04701,ACC-DLR-28,TUBE-STD,4468,up,2025-08-01
TM-04702,ACC-DLR-35,TUBE-DLX,4455,up,2019-11-01
TM-04703,ACC-DLR-2,TUBE-STD,4468,up,2021-05-01
TM-04704,ACC-DLR-9,TUBE-STD,4468,up,2021-01-01
TM-04705,ACC-DLR-16,TUBE-STD,4482,up,2023-07-01
TM-04706,ACC-DLR-23,TUBE-DLX,4468,up,2025-06-01
TM-04707,ACC-DLR-30,TUBE-STD,4455,up,2023-09-01
TM-04708,ACC-DLR-37,TUBE-DLX,4468,up,2023-02-01
TM-04709,ACC-DLR-4,TUBE-STD,4455,up,2026-10-01
TM-04710,ACC-DLR-11,TUBE-STD,4482,up,2020-01-01
TM-04711,ACC-DLR-18,TUBE-STD,4455,up,2025-07-01
TM-04712,ACC-DLR-25,TUBE-STD,4468,up,2023-03-01
TM-04713,ACC-DLR-32,TUBE-STD,4455,up,2025-12-01
TM-04714,ACC-DLR-39,TUBE-DLX,4455,up,2019-07-01
TM-04715,ACC-DLR-6,TUBE-DLX,4482,up,2022-09-01
TM-04716,ACC-DLR-13,TUBE-STD,4462,up,2026-02-01
TM-04717,ACC-DLR-20,TUBE-STD,4468,up,2024-12-01
TM-04718,ACC-DLR-27,TUBE-DLX,4468,up,2021-01-01
TM-04719,ACC-DLR-34,TUBE-STD,4468,up,2025-12-01
TM-04720,ACC-DLR-1,TUBE-STD,4468,up,2020-10-01
TM-04721,ACC-DLR-8,TUBE-STD,4462,up,2023-10-01
TM-04722,ACC-DLR-15,TUBE-STD,4482,up,2023-02-01
TM-04723,ACC-DLR-22,TUBE-DLX,4482,up,2026-09-01
TM-04724,ACC-DLR-29,TUBE-DLX,4455,up,2022-08-01
TM-04725,ACC-DLR-36,TUBE-STD,4455,up,2022-03-01
TM-04726,ACC-DLR-3,TUBE-STD,4468,up,2020-08-01
TM-04727,ACC-DLR-10,TUBE-STD,4462,up,2026-08-01
TM-04728,ACC-DLR-17,TUBE-DLX,4468,up,2023-06-01
TM-04729,ACC-DLR-24,TUBE-DLX,4462,up,2022-12-01
TM-04730,ACC-DLR-31,TUBE-STD,4462,up,2020-03-01
TM-04731,ACC-DLR-38,TUBE-STD,4482,up,2022-06-01
TM-04732,ACC-DLR-5,TUBE-DLX,4468,up,2025-07-01
TM-04733,ACC-DLR-12,TUBE-STD,4455,up,2019-03-01
TM-04734,ACC-DLR-19,TUBE-STD,4462,up,2019-11-01
TM-04735,ACC-DLR-26,TUBE-DLX,4482,up,2026-12-01
TM-04736,ACC-DLR-33,TUBE-DLX,4455,up,2022-01-01
TM-04737,ACC-DLR-40,TUBE-STD,4468,up,2019-11-01
TM-04738,ACC-DLR-7,TUBE-STD,4482,up,2019-10-01
TM-04739,ACC-DLR-14,TUBE-DLX,4468,up,2026-02-01
TM-04740,ACC-DLR-21,TUBE-STD,4482,up,2020-06-01
TM-04741,ACC-DLR-28,TUBE-DLX,4482,up,2020-12-01
TM-04742,ACC-DLR-35,TUBE-DLX,4482,up,2024-09-01
TM-04743,ACC-DLR-2,TUBE-DLX,4482,up,2021-07-01
TM-04744,ACC-DLR-9,TUBE-STD,4462,up,2020-03-01
TM-04745,ACC-DLR-16,TUBE-STD,4455,up,2020-05-01
TM-04746,ACC-DLR-23,TUBE-DLX,4455,up,2022-05-01
TM-04747,ACC-DLR-30,TUBE-DLX,4468,up,2026-03-01
TM-04748,ACC-DLR-37,TUBE-DLX,4455,up,2022-03-01
TM-04749,ACC-DLR-4,TUBE-STD,4462,up,2023-09-01
TM-04750,ACC-DLR-11,TUBE-DLX,4455,up,2020-05-01
TM-04751,ACC-DLR-18,TUBE-STD,4482,up,2022-04-01
TM-04752,ACC-DLR-25,TUBE-DLX,4462,up,2020-02-01
TM-04753,ACC-DLR-32,TUBE-STD,4468,up,2024-11-01
TM-04754,ACC-DLR-39,TUBE-STD,4482,up,2021-12-01
TM-04755,ACC-DLR-6,TUBE-DLX,4462,up,2026-10-01
TM-04756,ACC-DLR-13,TUBE-DLX,4468,up,2021-05-01
TM-04757,ACC-DLR-20,TUBE-DLX,4482,up,2022-05-01
TM-04758,ACC-DLR-27,TUBE-STD,4462,up,2019-06-01
TM-04759,ACC-DLR-34,TUBE-STD,4468,up,2020-03-01
TM-04760,ACC-DLR-1,TUBE-DLX,4455,up,2024-04-01
TM-04761,ACC-DLR-8,TUBE-STD,4455,up,2019-10-01
TM-04762,ACC-DLR-15,TUBE-DLX,4455,up,2021-04-01
TM-04763,ACC-DLR-22,TUBE-STD,4455,up,2026-03-01
TM-04764,ACC-DLR-29,TUBE-STD,4482,up,2020-11-01
TM-04765,ACC-DLR-36,TUBE-STD,4462,up,2022-08-01
TM-04766,ACC-DLR-3,TUBE-STD,4455,up,2025-03-01
TM-04767,ACC-DLR-10,TUBE-STD,4482,up,2026-02-01
TM-04768,ACC-DLR-17,TUBE-STD,4462,up,2025-05-01
TM-04769,ACC-DLR-24,TUBE-STD,4455,up,2026-11-01
TM-04770,ACC-DLR-31,TUBE-STD,4462,up,2025-12-01
TM-04771,ACC-DLR-38,TUBE-STD,4468,up,2022-04-01
TM-04772,ACC-DLR-5,TUBE-STD,4462,up,2023-02-01
TM-04773,ACC-DLR-12,TUBE-STD,4455,up,2022-07-01
TM-04774,ACC-DLR-19,TUBE-DLX,4468,up,2026-03-01
TM-04775,ACC-DLR-26,TUBE-DLX,4482,up,2019-11-01
TM-04776,ACC-DLR-33,TUBE-DLX,4462,up,2022-01-01
TM-04777,ACC-DLR-40,TUBE-DLX,4482,up,2022-07-01
TM-04778,ACC-DLR-7,TUBE-STD,4462,up,2021-02-01
TM-04779,ACC-DLR-14,TUBE-STD,4468,up,2025-04-01
TM-04780,ACC-DLR-21,TUBE-STD,4455,up,2024-11-01
TM-04781,ACC-DLR-28,TUBE-DLX,4468,up,2020-01-01
TM-04782,ACC-DLR-35,TUBE-STD,4468,up,2026-12-01
TM-04783,ACC-DLR-2,TUBE-STD,4482,up,2026-07-01
TM-04784,ACC-DLR-9,TUBE-STD,4468,up,2019-11-01
TM-04785,ACC-DLR-16,TUBE-STD,4482,up,2020-03-01
TM-04786,ACC-DLR-23,TUBE-STD,4468,up,2026-06-01
TM-04787,ACC-DLR-30,TUBE-DLX,4482,up,2020-12-01
TM-04788,ACC-DLR-37,TUBE-STD,4468,up,2022-07-01
TM-04789,ACC-DLR-4,TUBE-STD,4455,up,2025-04-01
TM-04790,ACC-DLR-11,TUBE-STD,4468,up,2020-10-01
TM-04791,ACC-DLR-18,TUBE-STD,4462,up,2025-03-01
TM-04792,ACC-DLR-25,TUBE-DLX,4455,up,2019-04-01
TM-04793,ACC-DLR-32,TUBE-DLX,4468,up,2020-11-01
TM-04794,ACC-DLR-39,TUBE-DLX,4468,up,2022-07-01
TM-04795,ACC-DLR-6,TUBE-STD,4482,up,2022-11-01
TM-04796,ACC-DLR-13,TUBE-STD,4462,up,2023-06-01
TM-04797,ACC-DLR-20,TUBE-STD,4468,up,2023-01-01
TM-04798,ACC-DLR-27,TUBE-STD,4468,up,2026-09-01
TM-04799,ACC-DLR-34,TUBE-STD,4482,up,2022-07-01
TM-04800,ACC-DLR-1,TUBE-STD,4455,up,2025-04-01
TM-04801,ACC-DLR-8,TUBE-STD,4468,up,2026-10-01
TM-04802,ACC-DLR-15,TUBE-DLX,4462,up,2025-12-01
TM-04803,ACC-DLR-22,TUBE-STD,4482,up,2019-10-01
TM-04804,ACC-DLR-29,TUBE-STD,4455,up,2025-04-01
TM-04805,ACC-DLR-36,TUBE-STD,4482,up,2024-01-01
TM-04806,ACC-DLR-3,TUBE-STD,4468,up,2025-03-01
TM-04807,ACC-DLR-10,TUBE-STD,4468,up,2026-12-01
TM-04808,ACC-DLR-17,TUBE-STD,4482,up,2024-12-01
TM-04809,ACC-DLR-24,TUBE-STD,4462,up,2021-06-01
TM-04810,ACC-DLR-31,TUBE-DLX,4455,up,2023-07-01
TM-04811,ACC-DLR-38,TUBE-STD,4468,up,2023-10-01
TM-04812,ACC-DLR-5,TUBE-STD,4482,up,2019-10-01
TM-04813,ACC-DLR-12,TUBE-STD,4468,up,2021-11-01
TM-04814,ACC-DLR-19,TUBE-STD,4482,up,2020-12-01
TM-04815,ACC-DLR-26,TUBE-DLX,4455,up,2019-03-01
TM-04816,ACC-DLR-33,TUBE-DLX,4468,up,2020-12-01
TM-04817,ACC-DLR-40,TUBE-STD,4462,up,2020-12-01
TM-04818,ACC-DLR-7,TUBE-STD,4455,up,2020-07-01
TM-04819,ACC-DLR-14,TUBE-DLX,4468,up,2024-01-01
TM-04820,ACC-DLR-21,TUBE-STD,4482,up,2024-10-01
TM-04821,ACC-DLR-28,TUBE-STD,4468,up,2023-10-01
TM-04822,ACC-DLR-35,TUBE-STD,4462,up,2022-03-01
TM-04823,ACC-DLR-2,TUBE-STD,4462,up,2025-11-01
TM-04824,ACC-DLR-9,TUBE-STD,4482,up,2024-10-01
TM-04825,ACC-DLR-16,TUBE-STD,4482,up,2026-04-01
TM-04826,ACC-DLR-23,TUBE-STD,4482,up,2026-01-01
TM-04827,ACC-DLR-30,TUBE-STD,4455,up,2019-03-01
TM-04828,ACC-DLR-37,TUBE-STD,4462,up,2021-02-01
TM-04829,ACC-DLR-4,TUBE-STD,4482,up,2025-08-01
TM-04830,ACC-DLR-11,TUBE-DLX,4468,up,2019-01-01
TM-04831,ACC-DLR-18,TUBE-DLX,4482,up,2021-10-01
TM-04832,ACC-DLR-25,TUBE-STD,4468,up,2025-06-01
TM-04833,ACC-DLR-32,TUBE-STD,4482,up,2020-01-01
TM-04834,ACC-DLR-39,TUBE-DLX,4482,up,2023-10-01
TM-04835,ACC-DLR-6,TUBE-DLX,4482,up,2021-04-01
TM-04836,ACC-DLR-13,TUBE-STD,4455,up,2025-02-01
TM-04837,ACC-DLR-20,TUBE-STD,4455,up,2023-08-01
TM-04838,ACC-DLR-27,TUBE-DLX,4468,up,2024-03-01
TM-04839,ACC-DLR-34,TUBE-DLX,4455,up,2025-04-01
TM-04840,ACC-DLR-1,TUBE-STD,4455,up,2025-08-01
TM-04841,ACC-DLR-8,TUBE-DLX,4482,up,2021-08-01
TM-04842,ACC-DLR-15,TUBE-STD,4455,up,2023-03-01
TM-04843,ACC-DLR-22,TUBE-DLX,4482,up,2026-03-01
TM-04844,ACC-DLR-29,TUBE-DLX,4462,up,2024-05-01
TM-04845,ACC-DLR-36,TUBE-STD,4455,up,2022-03-01
TM-04846,ACC-DLR-3,TUBE-STD,4462,up,2023-09-01
TM-04847,ACC-DLR-10,TUBE-STD,4468,up,2025-08-01
TM-04848,ACC-DLR-17,TUBE-STD,4468,up,2022-06-01
TM-04849,ACC-DLR-24,TUBE-DLX,4455,up,2021-03-01
TM-04850,ACC-DLR-31,TUBE-STD,4482,up,2019-03-01
TM-04851,ACC-DLR-38,TUBE-STD,4482,up,2025-06-01
TM-04852,ACC-DLR-5,TUBE-STD,4468,up,2025-06-01
TM-04853,ACC-DLR-12,TUBE-DLX,4482,up,2019-02-01
TM-04854,ACC-DLR-19,TUBE-STD,4482,up,2021-08-01
TM-04855,ACC-DLR-26,TUBE-STD,4468,up,2025-02-01
TM-04856,ACC-DLR-33,TUBE-DLX,4462,up,2020-09-01
TM-04857,ACC-DLR-40,TUBE-DLX,4455,up,2020-11-01
TM-04858,ACC-DLR-7,TUBE-DLX,4455,up,2020-04-01
TM-04859,ACC-DLR-14,TUBE-STD,4482,up,2024-03-01
TM-04860,ACC-DLR-21,TUBE-STD,4462,up,2020-09-01
TM-04861,ACC-DLR-28,TUBE-DLX,4462,up,2025-03-01
TM-04862,ACC-DLR-35,TUBE-STD,4482,up,2023-06-01
TM-04863,ACC-DLR-2,TUBE-STD,4482,up,2020-05-01
TM-04864,ACC-DLR-9,TUBE-STD,4468,up,2022-11-01
TM-04865,ACC-DLR-16,TUBE-STD,4482,up,2025-08-01
TM-04866,ACC-DLR-23,TUBE-DLX,4468,up,2025-12-01
TM-04867,ACC-DLR-30,TUBE-STD,4462,up,2023-10-01
TM-04868,ACC-DLR-37,TUBE-STD,4468,up,2026-03-01
TM-04869,ACC-DLR-4,TUBE-DLX,4455,up,2019-07-01
TM-04870,ACC-DLR-11,TUBE-STD,4455,up,2026-02-01
TM-04871,ACC-DLR-18,TUBE-STD,4482,up,2020-03-01
TM-04872,ACC-DLR-25,TUBE-STD,4468,up,2024-10-01
TM-04873,ACC-DLR-32,TUBE-STD,4482,up,2022-12-01
TM-04874,ACC-DLR-39,TUBE-DLX,4468,up,2024-06-01
TM-04875,ACC-DLR-6,TUBE-STD,4468,up,2024-09-01
TM-04876,ACC-DLR-13,TUBE-STD,4482,up,2023-11-01
TM-04877,ACC-DLR-20,TUBE-STD,4462,up,2023-02-01
TM-04878,ACC-DLR-27,TUBE-STD,4455,up,2023-12-01
TM-04879,ACC-DLR-34,TUBE-STD,4482,up,2025-01-01
TM-04880,ACC-DLR-1,TUBE-STD,4455,up,2023-05-01
TM-04881,ACC-DLR-8,TUBE-STD,4462,up,2021-02-01
TM-04882,ACC-DLR-15,TUBE-STD,4462,up,2024-06-01
TM-04883,ACC-DLR-22,TUBE-STD,4455,up,2026-07-01
TM-04884,ACC-DLR-29,TUBE-STD,4462,up,2026-03-01
TM-04885,ACC-DLR-36,TUBE-STD,4468,up,2025-07-01
TM-04886,ACC-DLR-3,TUBE-STD,4462,up,2021-11-01
TM-04887,ACC-DLR-10,TUBE-STD,4468,up,2026-10-01
TM-04888,ACC-DLR-17,TUBE-STD,4468,up,2020-01-01
TM-04889,ACC-DLR-24,TUBE-DLX,4468,up,2020-06-01
TM-04890,ACC-DLR-31,TUBE-DLX,4455,up,2024-03-01
TM-04891,ACC-DLR-38,TUBE-STD,4462,up,2023-11-01
TM-04892,ACC-DLR-5,TUBE-STD,4455,up,2025-01-01
TM-04893,ACC-DLR-12,TUBE-STD,4462,up,2023-05-01
TM-04894,ACC-DLR-19,TUBE-STD,4455,up,2024-04-01
TM-04895,ACC-DLR-26,TUBE-DLX,4455,up,2021-08-01
TM-04896,ACC-DLR-33,TUBE-STD,4468,up,2026-02-01
TM-04897,ACC-DLR-40,TUBE-STD,4462,up,2025-09-01
TM-04898,ACC-DLR-7,TUBE-STD,4462,up,2023-03-01
TM-04899,ACC-DLR-14,TUBE-STD,4482,up,2024-12-01
TM-04900,ACC-DLR-21,TUBE-STD,4455,up,2022-04-01
TM-04901,ACC-DLR-28,TUBE-DLX,4468,up,2021-07-01
TM-04902,ACC-DLR-35,TUBE-STD,4482,up,2021-11-01
TM-04903,ACC-DLR-2,TUBE-STD,4482,up,2025-05-01
TM-04904,ACC-DLR-9,TUBE-STD,4462,up,2020-10-01
TM-04905,ACC-DLR-16,TUBE-DLX,4482,up,2021-11-01
TM-04906,ACC-DLR-23,TUBE-DLX,4462,up,2025-05-01
TM-04907,ACC-DLR-30,TUBE-STD,4462,up,2019-11-01
TM-04908,ACC-DLR-37,TUBE-DLX,4482,up,2026-04-01
TM-04909,ACC-DLR-4,TUBE-STD,4455,up,2019-06-01
TM-04910,ACC-DLR-11,TUBE-STD,4462,up,2020-01-01
TM-04911,ACC-DLR-18,TUBE-STD,4455,up,2026-01-01
TM-04912,ACC-DLR-25,TUBE-DLX,4468,up,2020-01-01
TM-04913,ACC-DLR-32,TUBE-STD,4468,up,2023-02-01
TM-04914,ACC-DLR-39,TUBE-DLX,4455,up,2026-02-01
TM-04915,ACC-DLR-6,TUBE-DLX,4482,up,2021-02-01
TM-04916,ACC-DLR-13,TUBE-DLX,4468,up,2023-09-01
TM-04917,ACC-DLR-20,TUBE-DLX,4455,up,2025-04-01
TM-04918,ACC-DLR-27,TUBE-STD,4468,up,2020-02-01
TM-04919,ACC-DLR-34,TUBE-DLX,4462,up,2026-08-01
TM-04920,ACC-DLR-1,TUBE-STD,4482,up,2020-10-01
TM-04921,ACC-DLR-8,TUBE-DLX,4462,up,2022-03-01
TM-04922,ACC-DLR-15,TUBE-STD,4468,up,2021-05-01
TM-04923,ACC-DLR-22,TUBE-DLX,4462,up,2024-03-01
TM-04924,ACC-DLR-29,TUBE-STD,4482,up,2020-11-01
TM-04925,ACC-DLR-36,TUBE-STD,4455,up,2023-10-01
TM-04926,ACC-DLR-3,TUBE-DLX,4462,up,2023-03-01
TM-04927,ACC-DLR-10,TUBE-DLX,4455,up,2019-02-01
TM-04928,ACC-DLR-17,TUBE-STD,4468,up,2020-09-01
TM-04929,ACC-DLR-24,TUBE-STD,4482,up,2020-10-01
TM-04930,ACC-DLR-31,TUBE-STD,4482,up,2020-07-01
TM-04931,ACC-DLR-38,TUBE-STD,4462,up,2024-07-01
TM-04932,ACC-DLR-5,TUBE-DLX,4468,up,2020-02-01
TM-04933,ACC-DLR-12,TUBE-DLX,4468,up,2021-10-01
TM-04934,ACC-DLR-19,TUBE-STD,4482,up,2024-10-01
TM-04935,ACC-DLR-26,TUBE-STD,4482,up,2022-11-01
TM-04936,ACC-DLR-33,TUBE-STD,4468,up,2026-09-01
TM-04937,ACC-DLR-40,TUBE-STD,4462,up,2025-11-01
TM-04938,ACC-DLR-7,TUBE-DLX,4455,up,2024-10-01
TM-04939,ACC-DLR-14,TUBE-STD,4482,up,2023-06-01
TM-04940,ACC-DLR-21,TUBE-STD,4455,up,2025-04-01
TM-04941,ACC-DLR-28,TUBE-STD,4468,up,2024-05-01
TM-04942,ACC-DLR-35,TUBE-STD,4455,up,2024-05-01
TM-04943,ACC-DLR-2,TUBE-STD,4482,up,2021-06-01
TM-04944,ACC-DLR-9,TUBE-STD,4455,up,2025-02-01
TM-04945,ACC-DLR-16,TUBE-STD,4468,up,2025-07-01
TM-04946,ACC-DLR-23,TUBE-STD,4482,up,2026-02-01
TM-04947,ACC-DLR-30,TUBE-STD,4468,up,2025-09-01
TM-04948,ACC-DLR-37,TUBE-STD,4455,up,2024-09-01
TM-04949,ACC-DLR-4,TUBE-STD,4468,up,2019-09-01
TM-04950,ACC-DLR-11,TUBE-STD,4468,up,2019-05-01
TM-04951,ACC-DLR-18,TUBE-DLX,4482,up,2022-11-01
TM-04952,ACC-DLR-25,TUBE-STD,4468,up,2024-06-01
TM-04953,ACC-DLR-32,TUBE-DLX,4455,up,2023-04-01
TM-04954,ACC-DLR-39,TUBE-STD,4482,up,2022-06-01
TM-04955,ACC-DLR-6,TUBE-STD,4455,up,2019-08-01
TM-04956,ACC-DLR-13,TUBE-STD,4482,up,2022-01-01
TM-04957,ACC-DLR-20,TUBE-STD,4468,up,2026-05-01
TM-04958,ACC-DLR-27,TUBE-STD,4482,up,2026-11-01
TM-04959,ACC-DLR-34,TUBE-DLX,4482,up,2024-11-01
TM-04960,ACC-DLR-1,TUBE-DLX,4455,up,2021-06-01
TM-04961,ACC-DLR-8,TUBE-STD,4482,up,2023-07-01
TM-04962,ACC-DLR-15,TUBE-DLX,4482,up,2026-08-01
TM-04963,ACC-DLR-22,TUBE-DLX,4468,up,2024-06-01
TM-04964,ACC-DLR-29,TUBE-DLX,4462,up,2026-08-01
TM-04965,ACC-DLR-36,TUBE-DLX,4468,up,2019-04-01
TM-04966,ACC-DLR-3,TUBE-STD,4455,up,2019-03-01
TM-04967,ACC-DLR-10,TUBE-STD,4462,up,2024-03-01
TM-04968,ACC-DLR-17,TUBE-DLX,4482,up,2020-05-01
TM-04969,ACC-DLR-24,TUBE-STD,4455,up,2022-03-01
TM-04970,ACC-DLR-31,TUBE-STD,4462,up,2024-04-01
TM-04971,ACC-DLR-38,TUBE-STD,4482,up,2023-03-01
TM-04972,ACC-DLR-5,TUBE-DLX,4468,up,2026-08-01
TM-04973,ACC-DLR-12,TUBE-STD,4462,up,2024-06-01
TM-04974,ACC-DLR-19,TUBE-STD,4462,up,2020-02-01
TM-04975,ACC-DLR-26,TUBE-DLX,4468,up,2025-03-01
TM-04976,ACC-DLR-33,TUBE-STD,4468,up,2022-05-01
TM-04977,ACC-DLR-40,TUBE-STD,4468,up,2020-07-01
TM-04978,ACC-DLR-7,TUBE-STD,4462,up,2022-05-01
TM-04979,ACC-DLR-14,TUBE-STD,4455,up,2021-03-01
TM-04980,ACC-DLR-21,TUBE-STD,4455,up,2024-07-01
TM-04981,ACC-DLR-28,TUBE-STD,4468,up,2023-11-01
TM-04982,ACC-DLR-35,TUBE-DLX,4482,up,2026-01-01
TM-04983,ACC-DLR-2,TUBE-STD,4455,up,2024-10-01
TM-04984,ACC-DLR-9,TUBE-STD,4462,up,2024-01-01
TM-04985,ACC-DLR-16,TUBE-STD,4482,up,2019-12-01
TM-04986,ACC-DLR-23,TUBE-DLX,4468,up,2020-10-01
TM-04987,ACC-DLR-30,TUBE-STD,4455,up,2020-10-01
TM-04988,ACC-DLR-37,TUBE-STD,4468,up,2023-12-01
TM-04989,ACC-DLR-4,TUBE-STD,4455,up,2022-01-01
TM-04990,ACC-DLR-11,TUBE-STD,4468,up,2026-12-01
TM-04991,ACC-DLR-18,TUBE-STD,4462,up,2021-08-01
TM-04992,ACC-DLR-25,TUBE-DLX,4455,up,2020-10-01
TM-04993,ACC-DLR-32,TUBE-STD,4455,up,2021-02-01
TM-04994,ACC-DLR-39,TUBE-STD,4455,up,2026-12-01
TM-04995,ACC-DLR-6,TUBE-STD,4455,up,2026-01-01
TM-04996,ACC-DLR-13,TUBE-STD,4455,up,2022-04-01
TM-04997,ACC-DLR-20,TUBE-STD,4482,up,2026-12-01
TM-04998,ACC-DLR-27,TUBE-STD,4455,up,2023-04-01
TM-04999,ACC-DLR-34,TUBE-STD,4462,up,2022-06-01
TM-05000,ACC-DLR-1,TUBE-STD,4462,up,2023-09-01
TM-05001,ACC-DLR-8,TUBE-STD,4462,up,2023-06-01
TM-05002,ACC-DLR-15,TUBE-STD,4462,up,2022-01-01
TM-05003,ACC-DLR-22,TUBE-STD,4468,up,2019-12-01
TM-05004,ACC-DLR-29,TUBE-STD,4482,up,2023-09-01
TM-05005,ACC-DLR-36,TUBE-DLX,4462,up,2023-10-01
TM-05006,ACC-DLR-3,TUBE-STD,4462,up,2020-03-01
TM-05007,ACC-DLR-10,TUBE-STD,4462,up,2024-07-01
TM-05008,ACC-DLR-17,TUBE-STD,4468,up,2026-03-01
TM-05009,ACC-DLR-24,TUBE-DLX,4482,up,2019-04-01
TM-05010,ACC-DLR-31,TUBE-STD,4482,up,2020-03-01
TM-05011,ACC-DLR-38,TUBE-DLX,4455,up,2023-11-01
TM-05012,ACC-DLR-5,TUBE-STD,4462,up,2020-08-01
TM-05013,ACC-DLR-12,TUBE-STD,4482,up,2026-10-01
TM-05014,ACC-DLR-19,TUBE-DLX,4455,up,2019-12-01
TM-05015,ACC-DLR-26,TUBE-STD,4482,up,2025-08-01
TM-05016,ACC-DLR-33,TUBE-DLX,4462,up,2021-02-01
TM-05017,ACC-DLR-40,TUBE-STD,4482,up,2026-05-01
TM-05018,ACC-DLR-7,TUBE-DLX,4462,up,2022-08-01
TM-05019,ACC-DLR-14,TUBE-DLX,4455,up,2023-01-01
TM-05020,ACC-DLR-21,TUBE-STD,4455,up,2020-08-01
TM-05021,ACC-DLR-28,TUBE-STD,4462,up,2020-08-01
TM-05022,ACC-DLR-35,TUBE-STD,4482,up,2021-07-01
TM-05023,ACC-DLR-2,TUBE-DLX,4468,up,2026-10-01
TM-05024,ACC-DLR-9,TUBE-DLX,4455,up,2021-02-01
TM-05025,ACC-DLR-16,TUBE-DLX,4462,up,2022-03-01
TM-05026,ACC-DLR-23,TUBE-STD,4482,up,2021-01-01
TM-05027,ACC-DLR-30,TUBE-DLX,4482,up,2024-08-01
TM-05028,ACC-DLR-37,TUBE-STD,4455,up,2022-10-01
TM-05029,ACC-DLR-4,TUBE-DLX,4455,up,2021-08-01
TM-05030,ACC-DLR-11,TUBE-STD,4482,up,2024-05-01
TM-05031,ACC-DLR-18,TUBE-DLX,4468,up,2024-10-01
TM-05032,ACC-DLR-25,TUBE-STD,4482,up,2023-06-01
TM-05033,ACC-DLR-32,TUBE-STD,4462,up,2025-02-01
TM-05034,ACC-DLR-39,TUBE-STD,4468,up,2024-11-01
TM-05035,ACC-DLR-6,TUBE-STD,4455,up,2019-02-01
TM-05036,ACC-DLR-13,TUBE-DLX,4462,up,2021-06-01
TM-05037,ACC-DLR-20,TUBE-STD,4482,up,2026-07-01
TM-05038,ACC-DLR-27,TUBE-STD,4468,up,2026-01-01
TM-05039,ACC-DLR-34,TUBE-STD,4462,up,2021-10-01
TM-05040,ACC-DLR-1,TUBE-STD,4455,up,2025-05-01
TM-05041,ACC-DLR-8,TUBE-STD,4462,up,2026-08-01
TM-05042,ACC-DLR-15,TUBE-STD,4455,up,2022-01-01
TM-05043,ACC-DLR-22,TUBE-DLX,4468,up,2020-12-01
TM-05044,ACC-DLR-29,TUBE-STD,4468,up,2025-11-01
TM-05045,ACC-DLR-36,TUBE-STD,4455,up,2019-08-01
TM-05046,ACC-DLR-3,TUBE-DLX,4468,up,2020-10-01
TM-05047,ACC-DLR-10,TUBE-DLX,4468,up,2025-03-01
TM-05048,ACC-DLR-17,TUBE-STD,4455,up,2026-01-01
TM-05049,ACC-DLR-24,TUBE-DLX,4468,up,2023-05-01
TM-05050,ACC-DLR-31,TUBE-STD,4468,up,2021-04-01
TM-05051,ACC-DLR-38,TUBE-STD,4482,up,2019-02-01
TM-05052,ACC-DLR-5,TUBE-STD,4455,up,2024-11-01
TM-05053,ACC-DLR-12,TUBE-STD,4468,up,2026-04-01
TM-05054,ACC-DLR-19,TUBE-DLX,4468,up,2025-12-01
TM-05055,ACC-DLR-26,TUBE-STD,4455,up,2025-07-01
TM-05056,ACC-DLR-33,TUBE-STD,4462,up,2026-12-01
TM-05057,ACC-DLR-40,TUBE-STD,4455,up,2023-12-01
TM-05058,ACC-DLR-7,TUBE-DLX,4468,up,2022-02-01
TM-05059,ACC-DLR-14,TUBE-STD,4482,up,2024-07-01
TM-05060,ACC-DLR-21,TUBE-STD,4468,up,2023-03-01
TM-05061,ACC-DLR-28,TUBE-STD,4482,up,2026-04-01
TM-05062,ACC-DLR-35,TUBE-STD,4462,up,2026-02-01
TM-05063,ACC-DLR-2,TUBE-STD,4455,up,2020-07-01
TM-05064,ACC-DLR-9,TUBE-STD,4455,up,2021-03-01
TM-05065,ACC-DLR-16,TUBE-STD,4468,up,2022-06-01
TM-05066,ACC-DLR-23,TUBE-STD,4455,up,2022-10-01
TM-05067,ACC-DLR-30,TUBE-STD,4455,up,2021-12-01
TM-05068,ACC-DLR-37,TUBE-STD,4462,up,2019-08-01
TM-05069,ACC-DLR-4,TUBE-STD,4455,up,2020-07-01
TM-05070,ACC-DLR-11,TUBE-DLX,4482,up,2019-05-01
TM-05071,ACC-DLR-18,TUBE-DLX,4468,up,2024-08-01
TM-05072,ACC-DLR-25,TUBE-DLX,4462,up,2021-10-01
TM-05073,ACC-DLR-32,TUBE-STD,4462,up,2020-09-01
TM-05074,ACC-DLR-39,TUBE-STD,4462,up,2020-12-01
TM-05075,ACC-DLR-6,TUBE-DLX,4455,up,2020-02-01
TM-05076,ACC-DLR-13,TUBE-STD,4482,up,2020-05-01
TM-05077,ACC-DLR-20,TUBE-STD,4482,up,2020-06-01
TM-05078,ACC-DLR-27,TUBE-STD,4482,up,2024-06-01
TM-05079,ACC-DLR-34,TUBE-STD,4455,up,2025-12-01
TM-05080,ACC-DLR-1,TUBE-STD,4455,up,2024-04-01
TM-05081,ACC-DLR-8,TUBE-DLX,4455,up,2023-10-01
TM-05082,ACC-DLR-15,TUBE-STD,4482,up,2021-02-01
TM-05083,ACC-DLR-22,TUBE-STD,4468,up,2019-01-01
TM-05084,ACC-DLR-29,TUBE-STD,4482,up,2025-08-01
TM-05085,ACC-DLR-36,TUBE-STD,4468,up,2024-04-01
TM-05086,ACC-DLR-3,TUBE-DLX,4455,up,2026-10-01
TM-05087,ACC-DLR-10,TUBE-STD,4468,up,2019-09-01
TM-05088,ACC-DLR-17,TUBE-STD,4455,up,2025-12-01
TM-05089,ACC-DLR-24,TUBE-STD,4482,up,2021-01-01
TM-05090,ACC-DLR-31,TUBE-STD,4468,up,2026-09-01
TM-05091,ACC-DLR-38,TUBE-STD,4455,up,2024-10-01
TM-05092,ACC-DLR-5,TUBE-STD,4482,up,2024-12-01
TM-05093,ACC-DLR-12,TUBE-STD,4482,up,2021-08-01
TM-05094,ACC-DLR-19,TUBE-STD,4482,up,2019-03-01
TM-05095,ACC-DLR-26,TUBE-DLX,4468,up,2025-04-01
TM-05096,ACC-DLR-33,TUBE-STD,4482,up,2022-08-01
TM-05097,ACC-DLR-40,TUBE-STD,4468,up,2020-07-01
TM-05098,ACC-DLR-7,TUBE-STD,4455,up,2025-04-01
TM-05099,ACC-DLR-14,TUBE-STD,4462,up,2025-06-01
TM-05100,ACC-DLR-21,TUBE-STD,4482,up,2025-06-01
TM-05101,ACC-DLR-28,TUBE-DLX,4455,up,2020-12-01
TM-05102,ACC-DLR-35,TUBE-STD,4468,up,2024-09-01
TM-05103,ACC-DLR-2,TUBE-STD,4455,up,2022-07-01
TM-05104,ACC-DLR-9,TUBE-DLX,4462,up,2026-02-01
TM-05105,ACC-DLR-16,TUBE-STD,4462,up,2019-06-01
TM-05106,ACC-DLR-23,TUBE-STD,4455,up,2024-05-01
TM-05107,ACC-DLR-30,TUBE-DLX,4455,up,2025-04-01
TM-05108,ACC-DLR-37,TUBE-STD,4482,up,2023-05-01
TM-05109,ACC-DLR-4,TUBE-STD,4482,up,2026-10-01
TM-05110,ACC-DLR-11,TUBE-DLX,4468,up,2019-12-01
TM-05111,ACC-DLR-18,TUBE-STD,4482,up,2026-07-01
TM-05112,ACC-DLR-25,TUBE-DLX,4468,up,2021-01-01
TM-05113,ACC-DLR-32,TUBE-STD,4462,up,2025-05-01
TM-05114,ACC-DLR-39,TUBE-STD,4468,up,2020-09-01
TM-05115,ACC-DLR-6,TUBE-STD,4468,up,2019-11-01
TM-05116,ACC-DLR-13,TUBE-DLX,4482,up,2024-01-01
TM-05117,ACC-DLR-20,TUBE-STD,4482,up,2021-04-01
TM-05118,ACC-DLR-27,TUBE-DLX,4468,up,2020-11-01
TM-05119,ACC-DLR-34,TUBE-STD,4462,up,2022-10-01
TM-05120,ACC-DLR-1,TUBE-STD,4482,up,2024-08-01
TM-05121,ACC-DLR-8,TUBE-DLX,4455,up,2024-03-01
TM-05122,ACC-DLR-15,TUBE-STD,4482,up,2024-08-01
TM-05123,ACC-DLR-22,TUBE-STD,4455,up,2025-02-01
TM-05124,ACC-DLR-29,TUBE-STD,4482,up,2022-10-01
TM-05125,ACC-DLR-36,TUBE-STD,4455,up,2023-05-01
TM-05126,ACC-DLR-3,TUBE-DLX,4468,up,2021-05-01
TM-05127,ACC-DLR-10,TUBE-STD,4468,up,2024-05-01
TM-05128,ACC-DLR-17,TUBE-STD,4482,up,2025-08-01
TM-05129,ACC-DLR-24,TUBE-DLX,4455,up,2024-04-01
TM-05130,ACC-DLR-31,TUBE-STD,4455,up,2019-07-01
TM-05131,ACC-DLR-38,TUBE-DLX,4455,up,2022-01-01
TM-05132,ACC-DLR-5,TUBE-STD,4468,up,2026-03-01
TM-05133,ACC-DLR-12,TUBE-STD,4482,up,2025-10-01
TM-05134,ACC-DLR-19,TUBE-STD,4482,up,2026-05-01
TM-05135,ACC-DLR-26,TUBE-DLX,4482,up,2026-07-01
TM-05136,ACC-DLR-33,TUBE-STD,4462,up,2023-08-01
TM-05137,ACC-DLR-40,TUBE-DLX,4482,up,2022-07-01
TM-05138,ACC-DLR-7,TUBE-STD,4468,up,2025-06-01
TM-05139,ACC-DLR-14,TUBE-DLX,4468,up,2023-05-01
TM-05140,ACC-DLR-21,TUBE-STD,4482,up,2024-08-01
TM-05141,ACC-DLR-28,TUBE-DLX,4468,up,2019-01-01
TM-05142,ACC-DLR-35,TUBE-STD,4468,up,2025-10-01
TM-05143,ACC-DLR-2,TUBE-STD,4462,up,2019-08-01
TM-05144,ACC-DLR-9,TUBE-STD,4482,up,2023-02-01
TM-05145,ACC-DLR-16,TUBE-STD,4462,up,2019-03-01
TM-05146,ACC-DLR-23,TUBE-DLX,4455,up,2022-10-01
TM-05147,ACC-DLR-30,TUBE-DLX,4462,up,2021-06-01
TM-05148,ACC-DLR-37,TUBE-STD,4462,up,2025-11-01
TM-05149,ACC-DLR-4,TUBE-STD,4455,up,2025-12-01
TM-05150,ACC-DLR-11,TUBE-STD,4482,up,2024-02-01
TM-05151,ACC-DLR-18,TUBE-STD,4462,up,2025-01-01
TM-05152,ACC-DLR-25,TUBE-STD,4482,up,2023-02-01
TM-05153,ACC-DLR-32,TUBE-STD,4455,up,2024-05-01
TM-05154,ACC-DLR-39,TUBE-STD,4482,up,2025-07-01
TM-05155,ACC-DLR-6,TUBE-DLX,4455,up,2021-07-01
TM-05156,ACC-DLR-13,TUBE-STD,4455,up,2026-03-01
TM-05157,ACC-DLR-20,TUBE-STD,4455,up,2019-04-01
TM-05158,ACC-DLR-27,TUBE-STD,4468,up,2019-01-01
TM-05159,ACC-DLR-34,TUBE-STD,4462,up,2026-07-01
TM-05160,ACC-DLR-1,TUBE-DLX,4455,up,2023-09-01
TM-05161,ACC-DLR-8,TUBE-DLX,4468,up,2021-02-01
TM-05162,ACC-DLR-15,TUBE-DLX,4455,up,2020-12-01
TM-05163,ACC-DLR-22,TUBE-STD,4468,up,2023-03-01
TM-05164,ACC-DLR-29,TUBE-STD,4455,up,2024-08-01
TM-05165,ACC-DLR-36,TUBE-STD,4482,up,2021-03-01
TM-05166,ACC-DLR-3,TUBE-STD,4482,up,2026-05-01
TM-05167,ACC-DLR-10,TUBE-STD,4462,up,2021-07-01
TM-05168,ACC-DLR-17,TUBE-STD,4482,up,2025-01-01
TM-05169,ACC-DLR-24,TUBE-STD,4482,up,2025-04-01
TM-05170,ACC-DLR-31,TUBE-STD,4468,up,2025-02-01
TM-05171,ACC-DLR-38,TUBE-DLX,4462,up,2019-10-01
TM-05172,ACC-DLR-5,TUBE-DLX,4462,up,2019-01-01
TM-05173,ACC-DLR-12,TUBE-DLX,4462,up,2026-05-01
TM-05174,ACC-DLR-19,TUBE-DLX,4462,up,2019-11-01
TM-05175,ACC-DLR-26,TUBE-STD,4468,up,2022-03-01
TM-05176,ACC-DLR-33,TUBE-STD,4455,up,2026-12-01
TM-05177,ACC-DLR-40,TUBE-STD,4462,up,2020-05-01
TM-05178,ACC-DLR-7,TUBE-DLX,4468,up,2023-09-01
TM-05179,ACC-DLR-14,TUBE-STD,4455,up,2019-12-01
TM-05180,ACC-DLR-21,TUBE-STD,4468,up,2026-01-01
TM-05181,ACC-DLR-28,TUBE-DLX,4482,up,2021-11-01
TM-05182,ACC-DLR-35,TUBE-STD,4482,up,2020-11-01
TM-05183,ACC-DLR-2,TUBE-STD,4455,up,2023-10-01
TM-05184,ACC-DLR-9,TUBE-STD,4482,up,2020-11-01
TM-05185,ACC-DLR-16,TUBE-STD,4462,up,2024-12-01
TM-05186,ACC-DLR-23,TUBE-STD,4462,up,2022-01-01
TM-05187,ACC-DLR-30,TUBE-DLX,4468,up,2025-05-01
TM-05188,ACC-DLR-37,TUBE-STD,4482,up,2020-12-01
TM-05189,ACC-DLR-4,TUBE-DLX,4482,up,2020-02-01
TM-05190,ACC-DLR-11,TUBE-STD,4462,up,2019-07-01
TM-05191,ACC-DLR-18,TUBE-STD,4455,up,2021-02-01
TM-05192,ACC-DLR-25,TUBE-STD,4455,up,2025-02-01
TM-05193,ACC-DLR-32,TUBE-DLX,4482,up,2022-05-01
TM-05194,ACC-DLR-39,TUBE-DLX,4455,up,2021-08-01
TM-05195,ACC-DLR-6,TUBE-DLX,4482,up,2025-01-01
TM-05196,ACC-DLR-13,TUBE-STD,4482,up,2022-09-01
TM-05197,ACC-DLR-20,TUBE-STD,4455,up,2024-05-01
TM-05198,ACC-DLR-27,TUBE-STD,4482,up,2023-11-01
TM-05199,ACC-DLR-34,TUBE-DLX,4455,up,2024-11-01
TM-05200,ACC-DLR-1,TUBE-STD,4482,up,2022-08-01
TM-05201,ACC-DLR-8,TUBE-STD,4468,up,2021-03-01
TM-05202,ACC-DLR-15,TUBE-DLX,4462,up,2019-06-01
TM-05203,ACC-DLR-22,TUBE-STD,4482,up,2023-09-01
TM-05204,ACC-DLR-29,TUBE-STD,4482,up,2021-04-01
TM-05205,ACC-DLR-36,TUBE-STD,4462,up,2021-05-01
TM-05206,ACC-DLR-3,TUBE-STD,4482,up,2025-05-01
TM-05207,ACC-DLR-10,TUBE-DLX,4468,up,2024-08-01
TM-05208,ACC-DLR-17,TUBE-STD,4482,up,2025-08-01
TM-05209,ACC-DLR-24,TUBE-STD,4468,up,2020-10-01
TM-05210,ACC-DLR-31,TUBE-STD,4455,up,2025-09-01
TM-05211,ACC-DLR-38,TUBE-DLX,4455,up,2019-08-01
TM-05212,ACC-DLR-5,TUBE-STD,4482,up,2022-03-01
TM-05213,ACC-DLR-12,TUBE-STD,4462,up,2023-04-01
TM-05214,ACC-DLR-19,TUBE-STD,4462,up,2020-05-01
TM-05215,ACC-DLR-26,TUBE-STD,4468,up,2026-10-01
TM-05216,ACC-DLR-33,TUBE-DLX,4455,up,2020-10-01
TM-05217,ACC-DLR-40,TUBE-STD,4482,up,2026-02-01
TM-05218,ACC-DLR-7,TUBE-STD,4482,up,2025-02-01
TM-05219,ACC-DLR-14,TUBE-STD,4482,up,2021-01-01
TM-05220,ACC-DLR-21,TUBE-STD,4468,up,2024-01-01
TM-05221,ACC-DLR-28,TUBE-STD,4455,up,2022-03-01
TM-05222,ACC-DLR-35,TUBE-STD,4468,up,2023-12-01
TM-05223,ACC-DLR-2,TUBE-STD,4462,up,2024-10-01
TM-05224,ACC-DLR-9,TUBE-STD,4482,up,2023-03-01
TM-05225,ACC-DLR-16,TUBE-DLX,4468,up,2020-09-01
TM-05226,ACC-DLR-23,TUBE-STD,4468,up,2019-01-01
TM-05227,ACC-DLR-30,TUBE-STD,4482,up,2025-06-01
TM-05228,ACC-DLR-37,TUBE-DLX,4462,up,2026-04-01
TM-05229,ACC-DLR-4,TUBE-DLX,4462,up,2019-08-01
TM-05230,ACC-DLR-11,TUBE-STD,4455,up,2024-03-01
TM-05231,ACC-DLR-18,TUBE-STD,4462,up,2023-11-01
TM-05232,ACC-DLR-25,TUBE-STD,4462,up,2023-01-01
TM-05233,ACC-DLR-32,TUBE-STD,4468,up,2024-01-01
TM-05234,ACC-DLR-39,TUBE-STD,4482,up,2021-07-01
TM-05235,ACC-DLR-6,TUBE-STD,4482,up,2019-11-01
TM-05236,ACC-DLR-13,TUBE-STD,4468,up,2024-12-01
TM-05237,ACC-DLR-20,TUBE-DLX,4482,up,2026-12-01
TM-05238,ACC-DLR-27,TUBE-STD,4482,up,2026-07-01
TM-05239,ACC-DLR-34,TUBE-DLX,4468,up,2025-02-01
TM-05240,ACC-DLR-1,TUBE-STD,4482,up,2023-09-01
TM-05241,ACC-DLR-8,TUBE-STD,4482,up,2020-06-01
TM-05242,ACC-DLR-15,TUBE-STD,4482,up,2020-08-01
TM-05243,ACC-DLR-22,TUBE-STD,4482,up,2021-02-01
TM-05244,ACC-DLR-29,TUBE-STD,4455,up,2024-01-01
TM-05245,ACC-DLR-36,TUBE-STD,4462,up,2021-12-01
TM-05246,ACC-DLR-3,TUBE-STD,4482,up,2022-06-01
TM-05247,ACC-DLR-10,TUBE-STD,4468,up,2020-09-01
TM-05248,ACC-DLR-17,TUBE-STD,4462,up,2024-10-01
TM-05249,ACC-DLR-24,TUBE-STD,4462,up,2023-09-01
TM-05250,ACC-DLR-31,TUBE-DLX,4482,up,2021-08-01
TM-05251,ACC-DLR-38,TUBE-DLX,4468,up,2023-03-01
TM-05252,ACC-DLR-5,TUBE-DLX,4455,up,2025-05-01
TM-05253,ACC-DLR-12,TUBE-STD,4462,up,2025-09-01
TM-05254,ACC-DLR-19,TUBE-STD,4462,up,2019-08-01
TM-05255,ACC-DLR-26,TUBE-STD,4468,up,2024-06-01
TM-05256,ACC-DLR-33,TUBE-STD,4455,up,2021-08-01
TM-05257,ACC-DLR-40,TUBE-STD,4455,up,2019-08-01
TM-05258,ACC-DLR-7,TUBE-STD,4482,up,2024-01-01
TM-05259,ACC-DLR-14,TUBE-STD,4482,up,2023-11-01
TM-05260,ACC-DLR-21,TUBE-STD,4468,up,2019-10-01
TM-05261,ACC-DLR-28,TUBE-STD,4462,up,2019-08-01
TM-05262,ACC-DLR-35,TUBE-STD,4482,up,2024-09-01
TM-05263,ACC-DLR-2,TUBE-STD,4482,up,2024-10-01
TM-05264,ACC-DLR-9,TUBE-STD,4455,up,2019-09-01
TM-05265,ACC-DLR-16,TUBE-STD,4462,up,2026-05-01
TM-05266,ACC-DLR-23,TUBE-STD,4482,up,2023-02-01
TM-05267,ACC-DLR-30,TUBE-STD,4482,up,2020-09-01
TM-05268,ACC-DLR-37,TUBE-DLX,4468,up,2024-05-01
TM-05269,ACC-DLR-4,TUBE-STD,4455,up,2025-04-01
TM-05270,ACC-DLR-11,TUBE-STD,4482,up,2023-12-01
TM-05271,ACC-DLR-18,TUBE-DLX,4462,up,2024-07-01
TM-05272,ACC-DLR-25,TUBE-DLX,4468,up,2024-03-01
TM-05273,ACC-DLR-32,TUBE-STD,4468,up,2019-01-01
TM-05274,ACC-DLR-39,TUBE-DLX,4462,up,2026-02-01
TM-05275,ACC-DLR-6,TUBE-STD,4468,up,2020-09-01
TM-05276,ACC-DLR-13,TUBE-STD,4482,up,2022-09-01
TM-05277,ACC-DLR-20,TUBE-STD,4455,up,2024-09-01
TM-05278,ACC-DLR-27,TUBE-STD,4482,up,2019-08-01
TM-05279,ACC-DLR-34,TUBE-STD,4482,up,2022-05-01
TM-05280,ACC-DLR-1,TUBE-STD,4455,up,2023-12-01
TM-05281,ACC-DLR-8,TUBE-STD,4482,up,2026-07-01
TM-05282,ACC-DLR-15,TUBE-DLX,4468,up,2019-07-01
TM-05283,ACC-DLR-22,TUBE-STD,4455,up,2020-10-01
TM-05284,ACC-DLR-29,TUBE-DLX,4482,up,2020-08-01
TM-05285,ACC-DLR-36,TUBE-STD,4468,up,2023-02-01
TM-05286,ACC-DLR-3,TUBE-STD,4482,up,2026-05-01
TM-05287,ACC-DLR-10,TUBE-STD,4462,up,2026-12-01
TM-05288,ACC-DLR-17,TUBE-STD,4468,up,2023-03-01
TM-05289,ACC-DLR-24,TUBE-STD,4462,up,2025-05-01
TM-05290,ACC-DLR-31,TUBE-STD,4462,up,2021-10-01
TM-05291,ACC-DLR-38,TUBE-STD,4462,up,2024-07-01
TM-05292,ACC-DLR-5,TUBE-DLX,4468,up,2024-04-01
TM-05293,ACC-DLR-12,TUBE-STD,4468,up,2019-01-01
TM-05294,ACC-DLR-19,TUBE-STD,4455,up,2020-04-01
TM-05295,ACC-DLR-26,TUBE-STD,4462,up,2022-10-01
TM-05296,ACC-DLR-33,TUBE-DLX,4455,up,2019-07-01
TM-05297,ACC-DLR-40,TUBE-DLX,4482,up,2019-02-01
TM-05298,ACC-DLR-7,TUBE-STD,4468,up,2024-08-01
TM-05299,ACC-DLR-14,TUBE-DLX,4468,up,2026-07-01
TM-05300,ACC-DLR-21,TUBE-STD,4468,up,2024-08-01
TM-05301,ACC-DLR-28,TUBE-DLX,4482,up,2021-03-01
TM-05302,ACC-DLR-35,TUBE-STD,4462,up,2019-12-01
TM-05303,ACC-DLR-2,TUBE-STD,4462,up,2021-03-01
TM-05304,ACC-DLR-9,TUBE-DLX,4482,up,2023-11-01
TM-05305,ACC-DLR-16,TUBE-STD,4468,up,2020-01-01
TM-05306,ACC-DLR-23,TUBE-DLX,4455,up,2019-07-01
TM-05307,ACC-DLR-30,TUBE-STD,4482,up,2023-11-01
TM-05308,ACC-DLR-37,TUBE-STD,4462,up,2022-12-01
TM-05309,ACC-DLR-4,TUBE-STD,4468,up,2024-06-01
TM-05310,ACC-DLR-11,TUBE-STD,4468,up,2024-05-01
TM-05311,ACC-DLR-18,TUBE-STD,4468,up,2023-06-01
TM-05312,ACC-DLR-25,TUBE-STD,4455,up,2025-11-01
TM-05313,ACC-DLR-32,TUBE-STD,4455,up,2021-11-01
TM-05314,ACC-DLR-39,TUBE-STD,4462,up,2026-09-01
TM-05315,ACC-DLR-6,TUBE-DLX,4455,up,2021-06-01
TM-05316,ACC-DLR-13,TUBE-STD,4482,up,2026-01-01
TM-05317,ACC-DLR-20,TUBE-STD,4462,up,2026-09-01
TM-05318,ACC-DLR-27,TUBE-STD,4482,up,2021-12-01
TM-05319,ACC-DLR-34,TUBE-DLX,4462,up,2023-05-01
TM-05320,ACC-DLR-1,TUBE-STD,4482,up,2023-07-01
TM-05321,ACC-DLR-8,TUBE-DLX,4462,up,2020-06-01
TM-05322,ACC-DLR-15,TUBE-STD,4455,up,2021-01-01
TM-05323,ACC-DLR-22,TUBE-STD,4468,up,2019-02-01
TM-05324,ACC-DLR-29,TUBE-STD,4468,up,2024-07-01
TM-05325,ACC-DLR-36,TUBE-DLX,4455,up,2026-06-01
TM-05326,ACC-DLR-3,TUBE-DLX,4455,up,2025-09-01
TM-05327,ACC-DLR-10,TUBE-STD,4455,up,2026-07-01
TM-05328,ACC-DLR-17,TUBE-STD,4455,up,2025-11-01
TM-05329,ACC-DLR-24,TUBE-STD,4482,up,2022-12-01
TM-05330,ACC-DLR-31,TUBE-STD,4482,up,2024-09-01
TM-05331,ACC-DLR-38,TUBE-STD,4462,up,2026-03-01
TM-05332,ACC-DLR-5,TUBE-STD,4468,up,2026-07-01
TM-05333,ACC-DLR-12,TUBE-STD,4455,up,2026-09-01
TM-05334,ACC-DLR-19,TUBE-STD,4482,up,2026-08-01
TM-05335,ACC-DLR-26,TUBE-STD,4455,up,2020-06-01
TM-05336,ACC-DLR-33,TUBE-DLX,4455,up,2021-09-01
TM-05337,ACC-DLR-40,TUBE-STD,4482,up,2022-03-01
TM-05338,ACC-DLR-7,TUBE-STD,4468,up,2025-01-01
TM-05339,ACC-DLR-14,TUBE-STD,4482,up,2020-04-01
TM-05340,ACC-DLR-21,TUBE-STD,4462,up,2026-12-01
TM-05341,ACC-DLR-28,TUBE-DLX,4482,up,2019-05-01
TM-05342,ACC-DLR-35,TUBE-STD,4455,up,2025-01-01
TM-05343,ACC-DLR-2,TUBE-DLX,4468,up,2023-08-01
TM-05344,ACC-DLR-9,TUBE-STD,4468,up,2022-01-01
TM-05345,ACC-DLR-16,TUBE-DLX,4462,up,2023-08-01
TM-05346,ACC-DLR-23,TUBE-STD,4462,up,2020-07-01
TM-05347,ACC-DLR-30,TUBE-STD,4462,up,2021-02-01
TM-05348,ACC-DLR-37,TUBE-STD,4462,up,2021-06-01
TM-05349,ACC-DLR-4,TUBE-STD,4455,up,2026-08-01
TM-05350,ACC-DLR-11,TUBE-STD,4482,up,2025-11-01
TM-05351,ACC-DLR-18,TUBE-DLX,4455,up,2021-10-01
TM-05352,ACC-DLR-25,TUBE-STD,4462,up,2021-09-01
TM-05353,ACC-DLR-32,TUBE-STD,4462,up,2022-02-01
TM-05354,ACC-DLR-39,TUBE-STD,4455,up,2026-03-01
TM-05355,ACC-DLR-6,TUBE-DLX,4462,up,2023-01-01
TM-05356,ACC-DLR-13,TUBE-STD,4482,up,2020-04-01
TM-05357,ACC-DLR-20,TUBE-STD,4462,up,2022-09-01
TM-05358,ACC-DLR-27,TUBE-DLX,4455,up,2026-09-01
TM-05359,ACC-DLR-34,TUBE-STD,4468,up,2026-11-01
TM-05360,ACC-DLR-1,TUBE-STD,4482,up,2024-01-01
TM-05361,ACC-DLR-8,TUBE-STD,4455,up,2023-11-01
TM-05362,ACC-DLR-15,TUBE-STD,4462,up,2024-04-01
TM-05363,ACC-DLR-22,TUBE-STD,4462,up,2025-05-01
TM-05364,ACC-DLR-29,TUBE-STD,4455,up,2019-12-01
TM-05365,ACC-DLR-36,TUBE-DLX,4455,up,2024-02-01
TM-05366,ACC-DLR-3,TUBE-STD,4455,up,2020-08-01
TM-05367,ACC-DLR-10,TUBE-DLX,4468,up,2019-08-01
TM-05368,ACC-DLR-17,TUBE-STD,4455,up,2019-08-01
TM-05369,ACC-DLR-24,TUBE-STD,4482,up,2019-04-01
TM-05370,ACC-DLR-31,TUBE-STD,4462,up,2022-03-01
TM-05371,ACC-DLR-38,TUBE-DLX,4482,up,2023-04-01
TM-05372,ACC-DLR-5,TUBE-STD,4455,up,2023-04-01
TM-05373,ACC-DLR-12,TUBE-STD,4455,up,2024-04-01
TM-05374,ACC-DLR-19,TUBE-DLX,4462,up,2022-01-01
TM-05375,ACC-DLR-26,TUBE-STD,4468,up,2026-10-01
TM-05376,ACC-DLR-33,TUBE-STD,4468,up,2020-10-01
TM-05377,ACC-DLR-40,TUBE-STD,4482,up,2025-11-01
TM-05378,ACC-DLR-7,TUBE-STD,4455,up,2023-07-01
TM-05379,ACC-DLR-14,TUBE-STD,4462,up,2024-05-01
TM-05380,ACC-DLR-21,TUBE-STD,4468,up,2022-08-01
TM-05381,ACC-DLR-28,TUBE-STD,4455,up,2020-08-01
TM-05382,ACC-DLR-35,TUBE-STD,4468,up,2026-04-01
TM-05383,ACC-DLR-2,TUBE-DLX,4482,up,2025-07-01
TM-05384,ACC-DLR-9,TUBE-STD,4482,up,2022-08-01
TM-05385,ACC-DLR-16,TUBE-STD,4468,up,2025-10-01
TM-05386,ACC-DLR-23,TUBE-STD,4455,up,2020-03-01
TM-05387,ACC-DLR-30,TUBE-STD,4482,up,2019-09-01
TM-05388,ACC-DLR-37,TUBE-DLX,4455,up,2022-06-01
TM-05389,ACC-DLR-4,TUBE-STD,4482,up,2021-08-01
TM-05390,ACC-DLR-11,TUBE-DLX,4455,up,2020-01-01
TM-05391,ACC-DLR-18,TUBE-DLX,4468,up,2022-04-01
TM-05392,ACC-DLR-25,TUBE-DLX,4462,up,2024-07-01
TM-05393,ACC-DLR-32,TUBE-DLX,4468,up,2025-04-01
TM-05394,ACC-DLR-39,TUBE-STD,4482,up,2025-02-01
TM-05395,ACC-DLR-6,TUBE-STD,4468,up,2019-08-01
TM-05396,ACC-DLR-13,TUBE-STD,4455,up,2020-04-01
TM-05397,ACC-DLR-20,TUBE-STD,4482,up,2023-08-01
TM-05398,ACC-DLR-27,TUBE-STD,4462,up,2021-01-01
TM-05399,ACC-DLR-34,TUBE-DLX,4468,up,2020-11-01
TM-05400,ACC-DLR-1,TUBE-STD,4468,up,2019-04-01
TM-05401,ACC-DLR-8,TUBE-STD,4462,up,2021-11-01
TM-05402,ACC-DLR-15,TUBE-DLX,4468,up,2020-02-01
TM-05403,ACC-DLR-22,TUBE-STD,4468,up,2022-11-01
TM-05404,ACC-DLR-29,TUBE-STD,4482,up,2020-08-01
TM-05405,ACC-DLR-36,TUBE-DLX,4455,up,2024-09-01
TM-05406,ACC-DLR-3,TUBE-STD,4462,up,2021-10-01
TM-05407,ACC-DLR-10,TUBE-STD,4455,up,2021-03-01
TM-05408,ACC-DLR-17,TUBE-STD,4482,up,2022-12-01
TM-05409,ACC-DLR-24,TUBE-STD,4462,up,2020-10-01
TM-05410,ACC-DLR-31,TUBE-STD,4455,up,2023-10-01
TM-05411,ACC-DLR-38,TUBE-DLX,4462,up,2024-10-01
TM-05412,ACC-DLR-5,TUBE-STD,4468,up,2023-07-01
TM-05413,ACC-DLR-12,TUBE-DLX,4468,up,2020-09-01
TM-05414,ACC-DLR-19,TUBE-STD,4455,up,2021-08-01
TM-05415,ACC-DLR-26,TUBE-STD,4455,up,2024-04-01
TM-05416,ACC-DLR-33,TUBE-STD,4482,up,2022-01-01
TM-05417,ACC-DLR-40,TUBE-STD,4462,up,2025-08-01
TM-05418,ACC-DLR-7,TUBE-STD,4462,up,2019-03-01
TM-05419,ACC-DLR-14,TUBE-DLX,4468,up,2022-07-01
TM-05420,ACC-DLR-21,TUBE-DLX,4455,up,2019-04-01
TM-05421,ACC-DLR-28,TUBE-STD,4468,up,2021-11-01
TM-05422,ACC-DLR-35,TUBE-STD,4455,up,2023-01-01
TM-05423,ACC-DLR-2,TUBE-STD,4482,up,2023-08-01
TM-05424,ACC-DLR-9,TUBE-STD,4462,up,2024-12-01
TM-05425,ACC-DLR-16,TUBE-STD,4455,up,2021-04-01
TM-05426,ACC-DLR-23,TUBE-STD,4482,up,2021-12-01
TM-05427,ACC-DLR-30,TUBE-STD,4455,up,2024-01-01
TM-05428,ACC-DLR-37,TUBE-DLX,4482,up,2023-10-01
TM-05429,ACC-DLR-4,TUBE-STD,4462,up,2024-12-01
TM-05430,ACC-DLR-11,TUBE-STD,4482,up,2019-02-01
TM-05431,ACC-DLR-18,TUBE-DLX,4468,up,2021-06-01
TM-05432,ACC-DLR-25,TUBE-DLX,4462,up,2022-06-01
TM-05433,ACC-DLR-32,TUBE-DLX,4462,up,2019-07-01
TM-05434,ACC-DLR-39,TUBE-STD,4455,up,2020-12-01
TM-05435,ACC-DLR-6,TUBE-STD,4468,up,2020-03-01
TM-05436,ACC-DLR-13,TUBE-STD,4468,up,2020-01-01
TM-05437,ACC-DLR-20,TUBE-STD,4482,up,2022-04-01
TM-05438,ACC-DLR-27,TUBE-DLX,4462,up,2019-02-01
TM-05439,ACC-DLR-34,TUBE-STD,4468,up,2026-11-01
TM-05440,ACC-DLR-1,TUBE-DLX,4455,up,2021-09-01
TM-05441,ACC-DLR-8,TUBE-DLX,4462,up,2020-08-01
TM-05442,ACC-DLR-15,TUBE-DLX,4482,up,2022-10-01
TM-05443,ACC-DLR-22,TUBE-DLX,4455,up,2024-09-01
TM-05444,ACC-DLR-29,TUBE-STD,4482,up,2023-11-01
TM-05445,ACC-DLR-36,TUBE-STD,4462,up,2020-07-01
TM-05446,ACC-DLR-3,TUBE-DLX,4455,up,2024-08-01
TM-05447,ACC-DLR-10,TUBE-STD,4455,up,2026-04-01
TM-05448,ACC-DLR-17,TUBE-DLX,4455,up,2026-03-01
TM-05449,ACC-DLR-24,TUBE-STD,4462,up,2024-03-01
TM-05450,ACC-DLR-31,TUBE-STD,4468,up,2026-05-01
TM-05451,ACC-DLR-38,TUBE-DLX,4468,up,2026-09-01
TM-05452,ACC-DLR-5,TUBE-STD,4455,up,2022-10-01
TM-05453,ACC-DLR-12,TUBE-STD,4482,up,2021-07-01
TM-05454,ACC-DLR-19,TUBE-DLX,4455,up,2019-04-01
TM-05455,ACC-DLR-26,TUBE-STD,4462,up,2019-07-01
TM-05456,ACC-DLR-33,TUBE-STD,4482,up,2019-06-01
TM-05457,ACC-DLR-40,TUBE-STD,4482,up,2020-01-01
TM-05458,ACC-DLR-7,TUBE-STD,4455,up,2022-12-01
TM-05459,ACC-DLR-14,TUBE-STD,4482,up,2019-08-01
TM-05460,ACC-DLR-21,TUBE-STD,4482,up,2025-10-01
TM-05461,ACC-DLR-28,TUBE-DLX,4468,up,2021-01-01
TM-05462,ACC-DLR-35,TUBE-STD,4462,up,2019-08-01
TM-05463,ACC-DLR-2,TUBE-DLX,4455,up,2025-04-01
TM-05464,ACC-DLR-9,TUBE-STD,4455,up,2023-02-01
TM-05465,ACC-DLR-16,TUBE-STD,4468,up,2023-05-01
TM-05466,ACC-DLR-23,TUBE-STD,4468,up,2022-04-01
TM-05467,ACC-DLR-30,TUBE-STD,4468,up,2020-06-01
TM-05468,ACC-DLR-37,TUBE-STD,4482,up,2025-03-01
TM-05469,ACC-DLR-4,TUBE-STD,4482,up,2019-08-01
TM-05470,ACC-DLR-11,TUBE-STD,4455,up,2019-11-01
TM-05471,ACC-DLR-18,TUBE-STD,4462,up,2025-09-01
TM-05472,ACC-DLR-25,TUBE-STD,4462,up,2020-05-01
TM-05473,ACC-DLR-32,TUBE-DLX,4462,up,2024-06-01
TM-05474,ACC-DLR-39,TUBE-STD,4482,up,2021-03-01
TM-05475,ACC-DLR-6,TUBE-STD,4455,up,2025-01-01
TM-05476,ACC-DLR-13,TUBE-STD,4468,up,2023-01-01
TM-05477,ACC-DLR-20,TUBE-DLX,4462,up,2021-02-01
TM-05478,ACC-DLR-27,TUBE-DLX,4455,up,2023-03-01
TM-05479,ACC-DLR-34,TUBE-STD,4482,up,2023-10-01
TM-05480,ACC-DLR-1,TUBE-STD,4455,up,2026-04-01
TM-05481,ACC-DLR-8,TUBE-STD,4482,up,2020-10-01
TM-05482,ACC-DLR-15,TUBE-STD,4455,up,2025-11-01
TM-05483,ACC-DLR-22,TUBE-DLX,4468,up,2025-06-01
TM-05484,ACC-DLR-29,TUBE-STD,4455,up,2025-12-01
TM-05485,ACC-DLR-36,TUBE-DLX,4462,up,2024-10-01
TM-05486,ACC-DLR-3,TUBE-STD,4482,up,2022-05-01
TM-05487,ACC-DLR-10,TUBE-DLX,4462,up,2024-10-01
TM-05488,ACC-DLR-17,TUBE-DLX,4468,up,2024-06-01
TM-05489,ACC-DLR-24,TUBE-DLX,4468,up,2022-12-01
TM-05490,ACC-DLR-31,TUBE-STD,4462,up,2025-03-01
TM-05491,ACC-DLR-38,TUBE-STD,4462,up,2020-12-01
TM-05492,ACC-DLR-5,TUBE-DLX,4462,up,2022-01-01
TM-05493,ACC-DLR-12,TUBE-DLX,4462,up,2023-06-01
TM-05494,ACC-DLR-19,TUBE-STD,4482,up,2021-02-01
TM-05495,ACC-DLR-26,TUBE-STD,4468,up,2019-06-01
TM-05496,ACC-DLR-33,TUBE-STD,4468,up,2024-12-01
TM-05497,ACC-DLR-40,TUBE-STD,4462,up,2022-05-01
TM-05498,ACC-DLR-7,TUBE-STD,4462,up,2023-12-01
TM-05499,ACC-DLR-14,TUBE-STD,4462,up,2024-02-01
TM-05500,ACC-DLR-21,TUBE-STD,4462,up,2020-09-01
TM-05501,ACC-DLR-28,TUBE-STD,4455,up,2025-11-01
TM-05502,ACC-DLR-35,TUBE-STD,4468,up,2026-01-01
TM-05503,ACC-DLR-2,TUBE-STD,4462,up,2024-04-01
TM-05504,ACC-DLR-9,TUBE-STD,4455,up,2019-04-01
TM-05505,ACC-DLR-16,TUBE-STD,4455,up,2022-06-01
TM-05506,ACC-DLR-23,TUBE-STD,4482,up,2023-10-01
TM-05507,ACC-DLR-30,TUBE-STD,4462,up,2020-12-01
TM-05508,ACC-DLR-37,TUBE-DLX,4455,up,2023-05-01
TM-05509,ACC-DLR-4,TUBE-DLX,4468,up,2022-08-01
TM-05510,ACC-DLR-11,TUBE-STD,4482,up,2022-07-01
TM-05511,ACC-DLR-18,TUBE-DLX,4455,up,2023-03-01
TM-05512,ACC-DLR-25,TUBE-STD,4482,up,2020-09-01
TM-05513,ACC-DLR-32,TUBE-STD,4468,up,2019-10-01
TM-05514,ACC-DLR-39,TUBE-DLX,4455,up,2019-12-01
TM-05515,ACC-DLR-6,TUBE-STD,4455,up,2019-05-01
TM-05516,ACC-DLR-13,TUBE-STD,4455,up,2024-05-01
TM-05517,ACC-DLR-20,TUBE-STD,4482,up,2024-01-01
TM-05518,ACC-DLR-27,TUBE-STD,4455,up,2024-01-01
TM-05519,ACC-DLR-34,TUBE-STD,4468,up,2019-12-01
TM-05520,ACC-DLR-1,TUBE-STD,4462,up,2019-05-01
TM-05521,ACC-DLR-8,TUBE-STD,4462,up,2023-12-01
TM-05522,ACC-DLR-15,TUBE-STD,4482,up,2021-10-01
TM-05523,ACC-DLR-22,TUBE-DLX,4482,up,2026-01-01
TM-05524,ACC-DLR-29,TUBE-STD,4462,up,2022-11-01
TM-05525,ACC-DLR-36,TUBE-STD,4462,up,2024-04-01
TM-05526,ACC-DLR-3,TUBE-DLX,4462,up,2023-10-01
TM-05527,ACC-DLR-10,TUBE-STD,4462,up,2021-12-01
TM-05528,ACC-DLR-17,TUBE-DLX,4482,up,2025-06-01
TM-05529,ACC-DLR-24,TUBE-STD,4455,up,2022-11-01
TM-05530,ACC-DLR-31,TUBE-STD,4482,up,2020-11-01
TM-05531,ACC-DLR-38,TUBE-STD,4455,up,2024-12-01
TM-05532,ACC-DLR-5,TUBE-STD,4482,up,2022-08-01
TM-05533,ACC-DLR-12,TUBE-DLX,4482,up,2022-07-01
TM-05534,ACC-DLR-19,TUBE-STD,4468,up,2022-01-01
TM-05535,ACC-DLR-26,TUBE-STD,4468,up,2019-06-01
TM-05536,ACC-DLR-33,TUBE-STD,4468,up,2024-09-01
TM-05537,ACC-DLR-40,TUBE-DLX,4455,up,2022-03-01
TM-05538,ACC-DLR-7,TUBE-STD,4462,up,2025-02-01
TM-05539,ACC-DLR-14,TUBE-STD,4455,up,2020-04-01
TM-05540,ACC-DLR-21,TUBE-STD,4468,up,2019-10-01
TM-05541,ACC-DLR-28,TUBE-STD,4482,up,2021-11-01
TM-05542,ACC-DLR-35,TUBE-STD,4468,up,2024-02-01
TM-05543,ACC-DLR-2,TUBE-STD,4468,up,2021-02-01
TM-05544,ACC-DLR-9,TUBE-DLX,4468,up,2026-06-01
TM-05545,ACC-DLR-16,TUBE-STD,4468,up,2020-02-01
TM-05546,ACC-DLR-23,TUBE-STD,4468,up,2023-10-01
TM-05547,ACC-DLR-30,TUBE-STD,4455,up,2024-06-01
TM-05548,ACC-DLR-37,TUBE-STD,4455,up,2019-10-01
TM-05549,ACC-DLR-4,TUBE-STD,4468,up,2022-09-01
TM-05550,ACC-DLR-11,TUBE-DLX,4462,up,2022-11-01
TM-05551,ACC-DLR-18,TUBE-STD,4462,up,2023-09-01
TM-05552,ACC-DLR-25,TUBE-DLX,4482,up,2023-05-01
TM-05553,ACC-DLR-32,TUBE-STD,4455,up,2025-07-01
TM-05554,ACC-DLR-39,TUBE-STD,4455,up,2021-06-01
TM-05555,ACC-DLR-6,TUBE-STD,4482,up,2021-06-01
TM-05556,ACC-DLR-13,TUBE-STD,4455,up,2023-05-01
TM-05557,ACC-DLR-20,TUBE-STD,4455,up,2020-06-01
TM-05558,ACC-DLR-27,TUBE-STD,4462,up,2019-12-01
TM-05559,ACC-DLR-34,TUBE-DLX,4482,up,2019-09-01
TM-05560,ACC-DLR-1,TUBE-STD,4482,up,2025-08-01
TM-05561,ACC-DLR-8,TUBE-STD,4455,up,2022-09-01
TM-05562,ACC-DLR-15,TUBE-STD,4468,up,2025-07-01
TM-05563,ACC-DLR-22,TUBE-STD,4468,up,2019-05-01
TM-05564,ACC-DLR-29,TUBE-STD,4468,up,2025-01-01
TM-05565,ACC-DLR-36,TUBE-DLX,4455,up,2023-08-01
TM-05566,ACC-DLR-3,TUBE-DLX,4482,up,2020-05-01
TM-05567,ACC-DLR-10,TUBE-STD,4462,up,2026-03-01
TM-05568,ACC-DLR-17,TUBE-DLX,4462,up,2023-12-01
TM-05569,ACC-DLR-24,TUBE-STD,4468,up,2025-06-01
TM-05570,ACC-DLR-31,TUBE-DLX,4468,up,2023-10-01
TM-05571,ACC-DLR-38,TUBE-DLX,4462,up,2021-08-01
TM-05572,ACC-DLR-5,TUBE-DLX,4468,up,2023-11-01
TM-05573,ACC-DLR-12,TUBE-STD,4482,up,2024-07-01
TM-05574,ACC-DLR-19,TUBE-STD,4482,up,2021-08-01
TM-05575,ACC-DLR-26,TUBE-DLX,4455,up,2026-03-01
TM-05576,ACC-DLR-33,TUBE-STD,4455,up,2021-02-01
TM-05577,ACC-DLR-40,TUBE-STD,4482,up,2024-09-01
TM-05578,ACC-DLR-7,TUBE-STD,4462,up,2020-02-01
TM-05579,ACC-DLR-14,TUBE-STD,4462,up,2019-11-01
TM-05580,ACC-DLR-21,TUBE-DLX,4482,up,2026-03-01
TM-05581,ACC-DLR-28,TUBE-STD,4455,up,2022-09-01
TM-05582,ACC-DLR-35,TUBE-DLX,4462,up,2021-06-01
TM-05583,ACC-DLR-2,TUBE-STD,4455,up,2025-05-01
TM-05584,ACC-DLR-9,TUBE-STD,4482,up,2023-04-01
TM-05585,ACC-DLR-16,TUBE-STD,4468,up,2020-07-01
TM-05586,ACC-DLR-23,TUBE-DLX,4468,up,2019-03-01
TM-05587,ACC-DLR-30,TUBE-DLX,4482,up,2019-05-01
TM-05588,ACC-DLR-37,TUBE-STD,4455,up,2026-06-01
TM-05589,ACC-DLR-4,TUBE-STD,4468,up,2026-08-01
TM-05590,ACC-DLR-11,TUBE-STD,4482,up,2025-02-01
TM-05591,ACC-DLR-18,TUBE-STD,4455,up,2024-04-01
TM-05592,ACC-DLR-25,TUBE-STD,4482,up,2026-12-01
TM-05593,ACC-DLR-32,TUBE-STD,4462,up,2021-02-01
TM-05594,ACC-DLR-39,TUBE-STD,4462,up,2019-03-01
TM-05595,ACC-DLR-6,TUBE-STD,4468,up,2021-11-01
TM-05596,ACC-DLR-13,TUBE-DLX,4482,up,2019-01-01
TM-05597,ACC-DLR-20,TUBE-STD,4468,up,2020-09-01
TM-05598,ACC-DLR-27,TUBE-STD,4462,up,2019-11-01
TM-05599,ACC-DLR-34,TUBE-STD,4482,up,2024-01-01
TM-05600,ACC-DLR-1,TUBE-DLX,4462,up,2025-12-01
TM-05601,ACC-DLR-8,TUBE-STD,4455,up,2026-07-01
TM-05602,ACC-DLR-15,TUBE-STD,4468,up,2024-04-01
TM-05603,ACC-DLR-22,TUBE-STD,4462,up,2020-11-01
TM-05604,ACC-DLR-29,TUBE-STD,4455,up,2023-07-01
TM-05605,ACC-DLR-36,TUBE-DLX,4455,up,2020-08-01
TM-05606,ACC-DLR-3,TUBE-STD,4468,up,2024-01-01
TM-05607,ACC-DLR-10,TUBE-STD,4482,up,2026-09-01
TM-05608,ACC-DLR-17,TUBE-STD,4462,up,2026-11-01
TM-05609,ACC-DLR-24,TUBE-STD,4482,up,2022-03-01
TM-05610,ACC-DLR-31,TUBE-DLX,4462,up,2019-08-01
TM-05611,ACC-DLR-38,TUBE-STD,4468,up,2021-11-01
TM-05612,ACC-DLR-5,TUBE-STD,4462,up,2022-04-01
TM-05613,ACC-DLR-12,TUBE-DLX,4468,up,2021-12-01
TM-05614,ACC-DLR-19,TUBE-DLX,4455,up,2025-07-01
TM-05615,ACC-DLR-26,TUBE-STD,4482,up,2021-02-01
TM-05616,ACC-DLR-33,TUBE-STD,4468,up,2020-11-01
TM-05617,ACC-DLR-40,TUBE-STD,4455,up,2023-10-01
TM-05618,ACC-DLR-7,TUBE-DLX,4468,up,2020-05-01
TM-05619,ACC-DLR-14,TUBE-STD,4462,up,2019-03-01
TM-05620,ACC-DLR-21,TUBE-DLX,4468,up,2023-06-01
TM-05621,ACC-DLR-28,TUBE-STD,4462,up,2025-03-01
TM-05622,ACC-DLR-35,TUBE-DLX,4468,up,2026-12-01
TM-05623,ACC-DLR-2,TUBE-STD,4468,up,2023-04-01
TM-05624,ACC-DLR-9,TUBE-DLX,4455,up,2026-06-01
TM-05625,ACC-DLR-16,TUBE-STD,4455,up,2024-03-01
TM-05626,ACC-DLR-23,TUBE-STD,4468,up,2019-11-01
TM-05627,ACC-DLR-30,TUBE-STD,4462,up,2019-08-01
TM-05628,ACC-DLR-37,TUBE-DLX,4482,up,2023-12-01
TM-05629,ACC-DLR-4,TUBE-STD,4462,up,2019-11-01
TM-05630,ACC-DLR-11,TUBE-STD,4462,up,2020-02-01
TM-05631,ACC-DLR-18,TUBE-STD,4482,up,2023-03-01
TM-05632,ACC-DLR-25,TUBE-STD,4462,up,2019-07-01
TM-05633,ACC-DLR-32,TUBE-STD,4482,up,2022-11-01
TM-05634,ACC-DLR-39,TUBE-STD,4482,up,2025-03-01
TM-05635,ACC-DLR-6,TUBE-STD,4468,up,2022-11-01
TM-05636,ACC-DLR-13,TUBE-DLX,4462,up,2020-11-01
TM-05637,ACC-DLR-20,TUBE-STD,4462,up,2025-07-01
TM-05638,ACC-DLR-27,TUBE-STD,4482,up,2022-01-01
TM-05639,ACC-DLR-34,TUBE-STD,4482,up,2025-01-01
TM-05640,ACC-DLR-1,TUBE-STD,4468,up,2021-11-01
TM-05641,ACC-DLR-8,TUBE-STD,4468,up,2023-04-01
TM-05642,ACC-DLR-15,TUBE-STD,4462,up,2023-03-01
TM-05643,ACC-DLR-22,TUBE-STD,4455,up,2024-02-01
TM-05644,ACC-DLR-29,TUBE-DLX,4482,up,2020-03-01
TM-05645,ACC-DLR-36,TUBE-STD,4462,up,2026-11-01
TM-05646,ACC-DLR-3,TUBE-STD,4462,up,2023-05-01
TM-05647,ACC-DLR-10,TUBE-STD,4482,up,2024-08-01
TM-05648,ACC-DLR-17,TUBE-STD,4468,up,2021-04-01
TM-05649,ACC-DLR-24,TUBE-STD,4462,up,2020-04-01
TM-05650,ACC-DLR-31,TUBE-STD,4455,up,2021-06-01
TM-05651,ACC-DLR-38,TUBE-STD,4482,up,2021-02-01
TM-05652,ACC-DLR-5,TUBE-DLX,4462,up,2022-01-01
TM-05653,ACC-DLR-12,TUBE-DLX,4462,up,2019-06-01
TM-05654,ACC-DLR-19,TUBE-STD,4482,up,2025-11-01
TM-05655,ACC-DLR-26,TUBE-STD,4468,up,2026-05-01
TM-05656,ACC-DLR-33,TUBE-STD,4468,up,2023-01-01
TM-05657,ACC-DLR-40,TUBE-STD,4462,up,2022-05-01
TM-05658,ACC-DLR-7,TUBE-DLX,4482,up,2020-05-01
TM-05659,ACC-DLR-14,TUBE-DLX,4455,up,2022-02-01
TM-05660,ACC-DLR-21,TUBE-DLX,4468,up,2022-08-01
TM-05661,ACC-DLR-28,TUBE-STD,4455,up,2023-11-01
TM-05662,ACC-DLR-35,TUBE-STD,4482,up,2023-07-01
TM-05663,ACC-DLR-2,TUBE-DLX,4468,up,2022-06-01
TM-05664,ACC-DLR-9,TUBE-DLX,4468,up,2024-08-01
TM-05665,ACC-DLR-16,TUBE-STD,4462,up,2023-07-01
TM-05666,ACC-DLR-23,TUBE-DLX,4455,up,2026-09-01
TM-05667,ACC-DLR-30,TUBE-STD,4482,up,2020-04-01
TM-05668,ACC-DLR-37,TUBE-STD,4482,up,2021-03-01
TM-05669,ACC-DLR-4,TUBE-STD,4455,up,2025-11-01
TM-05670,ACC-DLR-11,TUBE-STD,4455,up,2026-12-01
TM-05671,ACC-DLR-18,TUBE-STD,4482,up,2020-10-01
TM-05672,ACC-DLR-25,TUBE-STD,4468,up,2021-05-01
TM-05673,ACC-DLR-32,TUBE-STD,4468,up,2024-06-01
TM-05674,ACC-DLR-39,TUBE-DLX,4482,up,2022-09-01
TM-05675,ACC-DLR-6,TUBE-STD,4462,up,2023-07-01
TM-05676,ACC-DLR-13,TUBE-STD,4462,up,2023-11-01
TM-05677,ACC-DLR-20,TUBE-DLX,4462,up,2026-04-01
TM-05678,ACC-DLR-27,TUBE-STD,4482,up,2025-10-01
TM-05679,ACC-DLR-34,TUBE-STD,4462,up,2024-11-01
TM-05680,ACC-DLR-1,TUBE-STD,4482,up,2021-03-01
TM-05681,ACC-DLR-8,TUBE-DLX,4468,up,2025-02-01
TM-05682,ACC-DLR-15,TUBE-STD,4482,up,2019-02-01
TM-05683,ACC-DLR-22,TUBE-STD,4482,up,2020-06-01
TM-05684,ACC-DLR-29,TUBE-STD,4455,up,2021-01-01
TM-05685,ACC-DLR-36,TUBE-DLX,4468,up,2019-08-01
TM-05686,ACC-DLR-3,TUBE-DLX,4482,up,2021-12-01
TM-05687,ACC-DLR-10,TUBE-STD,4462,up,2026-11-01
TM-05688,ACC-DLR-17,TUBE-STD,4455,up,2026-05-01
TM-05689,ACC-DLR-24,TUBE-DLX,4462,up,2021-07-01
TM-05690,ACC-DLR-31,TUBE-STD,4462,up,2023-12-01
TM-05691,ACC-DLR-38,TUBE-STD,4482,up,2019-05-01
TM-05692,ACC-DLR-5,TUBE-STD,4482,up,2024-05-01
TM-05693,ACC-DLR-12,TUBE-STD,4482,up,2025-10-01
TM-05694,ACC-DLR-19,TUBE-STD,4482,up,2020-10-01
TM-05695,ACC-DLR-26,TUBE-STD,4482,up,2023-09-01
TM-05696,ACC-DLR-33,TUBE-STD,4462,up,2024-08-01
TM-05697,ACC-DLR-40,TUBE-STD,4482,up,2020-02-01
TM-05698,ACC-DLR-7,TUBE-DLX,4455,up,2024-07-01
TM-05699,ACC-DLR-14,TUBE-DLX,4482,up,2020-04-01
TM-05700,ACC-DLR-21,TUBE-DLX,4482,up,2021-04-01
TM-05701,ACC-DLR-28,TUBE-STD,4455,up,2023-12-01
TM-05702,ACC-DLR-35,TUBE-DLX,4462,up,2022-04-01
TM-05703,ACC-DLR-2,TUBE-STD,4462,up,2025-07-01
TM-05704,ACC-DLR-9,TUBE-DLX,4468,up,2022-08-01
TM-05705,ACC-DLR-16,TUBE-DLX,4455,up,2021-12-01
TM-05706,ACC-DLR-23,TUBE-DLX,4468,up,2023-06-01
TM-05707,ACC-DLR-30,TUBE-DLX,4482,up,2023-02-01
TM-05708,ACC-DLR-37,TUBE-STD,4455,up,2025-10-01
TM-05709,ACC-DLR-4,TUBE-STD,4468,up,2026-07-01
TM-05710,ACC-DLR-11,TUBE-STD,4462,up,2023-08-01
TM-05711,ACC-DLR-18,TUBE-STD,4468,up,2021-02-01
TM-05712,ACC-DLR-25,TUBE-STD,4455,up,2019-05-01
TM-05713,ACC-DLR-32,TUBE-STD,4462,up,2024-08-01
TM-05714,ACC-DLR-39,TUBE-STD,4455,up,2026-07-01
TM-05715,ACC-DLR-6,TUBE-STD,4482,up,2022-02-01
TM-05716,ACC-DLR-13,TUBE-DLX,4462,up,2020-01-01
TM-05717,ACC-DLR-20,TUBE-STD,4482,up,2026-06-01
TM-05718,ACC-DLR-27,TUBE-STD,4482,up,2020-09-01
TM-05719,ACC-DLR-34,TUBE-DLX,4468,up,2023-11-01
TM-05720,ACC-DLR-1,TUBE-STD,4482,up,2019-05-01
TM-05721,ACC-DLR-8,TUBE-STD,4462,up,2025-11-01
TM-05722,ACC-DLR-15,TUBE-STD,4455,up,2019-03-01
TM-05723,ACC-DLR-22,TUBE-STD,4468,up,2020-07-01
TM-05724,ACC-DLR-29,TUBE-DLX,4468,up,2025-08-01
TM-05725,ACC-DLR-36,TUBE-STD,4468,up,2026-08-01
TM-05726,ACC-DLR-3,TUBE-STD,4482,up,2020-01-01
TM-05727,ACC-DLR-10,TUBE-STD,4482,up,2023-03-01
TM-05728,ACC-DLR-17,TUBE-STD,4455,up,2025-10-01
TM-05729,ACC-DLR-24,TUBE-STD,4468,up,2026-04-01
TM-05730,ACC-DLR-31,TUBE-STD,4468,up,2026-10-01
TM-05731,ACC-DLR-38,TUBE-STD,4482,up,2024-09-01
TM-05732,ACC-DLR-5,TUBE-DLX,4455,up,2026-08-01
TM-05733,ACC-DLR-12,TUBE-DLX,4468,up,2026-04-01
TM-05734,ACC-DLR-19,TUBE-STD,4455,up,2023-12-01
TM-05735,ACC-DLR-26,TUBE-STD,4455,up,2022-10-01
TM-05736,ACC-DLR-33,TUBE-STD,4468,up,2025-04-01
TM-05737,ACC-DLR-40,TUBE-STD,4455,up,2020-05-01
TM-05738,ACC-DLR-7,TUBE-STD,4455,up,2022-12-01
TM-05739,ACC-DLR-14,TUBE-DLX,4455,up,2019-06-01
TM-05740,ACC-DLR-21,TUBE-STD,4455,up,2023-05-01
TM-05741,ACC-DLR-28,TUBE-STD,4482,up,2024-06-01
TM-05742,ACC-DLR-35,TUBE-STD,4482,up,2025-10-01
TM-05743,ACC-DLR-2,TUBE-DLX,4482,up,2023-03-01
TM-05744,ACC-DLR-9,TUBE-STD,4468,up,2020-03-01
TM-05745,ACC-DLR-16,TUBE-STD,4462,up,2024-09-01
TM-05746,ACC-DLR-23,TUBE-DLX,4455,up,2020-12-01
TM-05747,ACC-DLR-30,TUBE-DLX,4462,up,2020-02-01
TM-05748,ACC-DLR-37,TUBE-STD,4468,up,2019-12-01
TM-05749,ACC-DLR-4,TUBE-DLX,4482,up,2022-03-01
TM-05750,ACC-DLR-11,TUBE-STD,4468,up,2026-11-01
TM-05751,ACC-DLR-18,TUBE-DLX,4462,up,2023-06-01
TM-05752,ACC-DLR-25,TUBE-STD,4462,up,2025-08-01
TM-05753,ACC-DLR-32,TUBE-STD,4455,up,2024-11-01
TM-05754,ACC-DLR-39,TUBE-STD,4455,up,2024-06-01
TM-05755,ACC-DLR-6,TUBE-STD,4482,up,2021-08-01
TM-05756,ACC-DLR-13,TUBE-STD,4482,up,2019-03-01
TM-05757,ACC-DLR-20,TUBE-STD,4455,up,2024-09-01
TM-05758,ACC-DLR-27,TUBE-DLX,4468,up,2025-12-01
TM-05759,ACC-DLR-34,TUBE-STD,4455,up,2026-11-01
TM-05760,ACC-DLR-1,TUBE-STD,4462,up,2019-11-01
TM-05761,ACC-DLR-8,TUBE-STD,4455,up,2022-09-01
TM-05762,ACC-DLR-15,TUBE-DLX,4462,up,2021-12-01
TM-05763,ACC-DLR-22,TUBE-STD,4462,up,2023-06-01
TM-05764,ACC-DLR-29,TUBE-STD,4468,up,2025-07-01
TM-05765,ACC-DLR-36,TUBE-STD,4468,up,2021-05-01
TM-05766,ACC-DLR-3,TUBE-STD,4482,up,2023-04-01
TM-05767,ACC-DLR-10,TUBE-DLX,4482,up,2020-06-01
TM-05768,ACC-DLR-17,TUBE-STD,4468,up,2019-10-01
TM-05769,ACC-DLR-24,TUBE-STD,4482,up,2019-08-01
TM-05770,ACC-DLR-31,TUBE-STD,4482,up,2026-03-01
TM-05771,ACC-DLR-38,TUBE-DLX,4462,up,2024-12-01
TM-05772,ACC-DLR-5,TUBE-STD,4455,up,2024-11-01
TM-05773,ACC-DLR-12,TUBE-DLX,4468,up,2024-12-01
TM-05774,ACC-DLR-19,TUBE-STD,4468,up,2024-09-01
TM-05775,ACC-DLR-26,TUBE-STD,4468,up,2026-04-01
TM-05776,ACC-DLR-33,TUBE-DLX,4482,up,2025-02-01
TM-05777,ACC-DLR-40,TUBE-DLX,4482,up,2019-06-01
TM-05778,ACC-DLR-7,TUBE-DLX,4455,up,2026-11-01
TM-05779,ACC-DLR-14,TUBE-DLX,4482,up,2023-11-01
TM-05780,ACC-DLR-21,TUBE-STD,4462,up,2024-09-01
TM-05781,ACC-DLR-28,TUBE-DLX,4468,up,2020-12-01
TM-05782,ACC-DLR-35,TUBE-DLX,4468,up,2019-08-01
TM-05783,ACC-DLR-2,TUBE-DLX,4455,up,2023-09-01
TM-05784,ACC-DLR-9,TUBE-DLX,4482,up,2026-01-01
TM-05785,ACC-DLR-16,TUBE-STD,4462,up,2023-06-01
TM-05786,ACC-DLR-23,TUBE-DLX,4462,up,2024-06-01
TM-05787,ACC-DLR-30,TUBE-DLX,4462,up,2026-03-01
TM-05788,ACC-DLR-37,TUBE-STD,4455,up,2024-08-01
TM-05789,ACC-DLR-4,TUBE-DLX,4455,up,2025-08-01
TM-05790,ACC-DLR-11,TUBE-STD,4468,up,2021-09-01
TM-05791,ACC-DLR-18,TUBE-STD,4468,up,2019-01-01
TM-05792,ACC-DLR-25,TUBE-DLX,4462,up,2026-09-01
TM-05793,ACC-DLR-32,TUBE-STD,4468,up,2019-10-01
TM-05794,ACC-DLR-39,TUBE-STD,4482,up,2026-03-01
TM-05795,ACC-DLR-6,TUBE-STD,4455,up,2025-12-01
TM-05796,ACC-DLR-13,TUBE-DLX,4482,up,2021-11-01
TM-05797,ACC-DLR-20,TUBE-STD,4468,up,2025-09-01
TM-05798,ACC-DLR-27,TUBE-STD,4468,up,2020-07-01
TM-05799,ACC-DLR-34,TUBE-STD,4468,up,2022-07-01
TM-05800,ACC-DLR-1,TUBE-DLX,4455,up,2020-11-01
TM-05801,ACC-DLR-8,TUBE-STD,4482,up,2022-11-01
TM-05802,ACC-DLR-15,TUBE-DLX,4455,up,2020-11-01
TM-05803,ACC-DLR-22,TUBE-DLX,4482,up,2019-03-01
TM-05804,ACC-DLR-29,TUBE-STD,4482,up,2021-05-01
TM-05805,ACC-DLR-36,TUBE-STD,4468,up,2024-02-01
TM-05806,ACC-DLR-3,TUBE-DLX,4468,up,2026-03-01
TM-05807,ACC-DLR-10,TUBE-STD,4462,up,2019-12-01
TM-05808,ACC-DLR-17,TUBE-STD,4468,up,2023-12-01
TM-05809,ACC-DLR-24,TUBE-STD,4462,up,2022-01-01
TM-05810,ACC-DLR-31,TUBE-STD,4455,up,2022-06-01
TM-05811,ACC-DLR-38,TUBE-STD,4462,up,2023-03-01
TM-05812,ACC-DLR-5,TUBE-STD,4462,up,2022-07-01
TM-05813,ACC-DLR-12,TUBE-STD,4482,up,2024-02-01
TM-05814,ACC-DLR-19,TUBE-STD,4482,up,2020-06-01
TM-05815,ACC-DLR-26,TUBE-STD,4455,up,2019-12-01
TM-05816,ACC-DLR-33,TUBE-STD,4462,up,2025-11-01
TM-05817,ACC-DLR-40,TUBE-STD,4482,up,2020-07-01
TM-05818,ACC-DLR-7,TUBE-STD,4482,up,2022-04-01
TM-05819,ACC-DLR-14,TUBE-STD,4468,up,2025-04-01
TM-05820,ACC-DLR-21,TUBE-STD,4482,up,2025-12-01
TM-05821,ACC-DLR-28,TUBE-DLX,4462,up,2024-10-01
TM-05822,ACC-DLR-35,TUBE-STD,4468,up,2024-07-01
TM-05823,ACC-DLR-2,TUBE-STD,4482,up,2019-09-01
TM-05824,ACC-DLR-9,TUBE-DLX,4468,up,2025-08-01
TM-05825,ACC-DLR-16,TUBE-STD,4468,up,2023-06-01
TM-05826,ACC-DLR-23,TUBE-DLX,4468,up,2023-12-01
TM-05827,ACC-DLR-30,TUBE-STD,4455,up,2024-08-01
TM-05828,ACC-DLR-37,TUBE-STD,4468,up,2024-01-01
TM-05829,ACC-DLR-4,TUBE-DLX,4462,up,2022-09-01
TM-05830,ACC-DLR-11,TUBE-STD,4455,up,2025-05-01
TM-05831,ACC-DLR-18,TUBE-STD,4482,up,2024-07-01
TM-05832,ACC-DLR-25,TUBE-STD,4468,up,2023-09-01
TM-05833,ACC-DLR-32,TUBE-DLX,4462,up,2026-07-01
TM-05834,ACC-DLR-39,TUBE-DLX,4455,up,2023-08-01
TM-05835,ACC-DLR-6,TUBE-STD,4455,up,2025-10-01
TM-05836,ACC-DLR-13,TUBE-STD,4462,up,2026-11-01
TM-05837,ACC-DLR-20,TUBE-STD,4468,up,2023-02-01
TM-05838,ACC-DLR-27,TUBE-STD,4482,up,2023-03-01
TM-05839,ACC-DLR-34,TUBE-STD,4482,up,2025-06-01
TM-05840,ACC-DLR-1,TUBE-STD,4482,up,2019-02-01
TM-05841,ACC-DLR-8,TUBE-STD,4468,up,2024-09-01
TM-05842,ACC-DLR-15,TUBE-STD,4482,up,2023-10-01
TM-05843,ACC-DLR-22,TUBE-DLX,4482,up,2024-04-01
TM-05844,ACC-DLR-29,TUBE-STD,4455,up,2021-01-01
TM-05845,ACC-DLR-36,TUBE-STD,4468,up,2022-12-01
TM-05846,ACC-DLR-3,TUBE-DLX,4462,up,2026-05-01
TM-05847,ACC-DLR-10,TUBE-STD,4462,up,2026-04-01
TM-05848,ACC-DLR-17,TUBE-STD,4468,up,2025-06-01
TM-05849,ACC-DLR-24,TUBE-DLX,4462,up,2024-03-01
TM-05850,ACC-DLR-31,TUBE-STD,4455,up,2026-12-01
TM-05851,ACC-DLR-38,TUBE-DLX,4468,up,2021-01-01
TM-05852,ACC-DLR-5,TUBE-DLX,4482,up,2024-03-01
TM-05853,ACC-DLR-12,TUBE-STD,4462,up,2025-07-01
TM-05854,ACC-DLR-19,TUBE-DLX,4462,up,2024-04-01
TM-05855,ACC-DLR-26,TUBE-DLX,4455,up,2024-02-01
TM-05856,ACC-DLR-33,TUBE-STD,4462,up,2021-01-01
TM-05857,ACC-DLR-40,TUBE-DLX,4462,up,2026-12-01
TM-05858,ACC-DLR-7,TUBE-STD,4455,up,2024-07-01
TM-05859,ACC-DLR-14,TUBE-DLX,4482,up,2022-02-01
TM-05860,ACC-DLR-21,TUBE-DLX,4468,up,2024-01-01
TM-05861,ACC-DLR-28,TUBE-STD,4462,up,2019-09-01
TM-05862,ACC-DLR-35,TUBE-STD,4482,up,2025-06-01
TM-05863,ACC-DLR-2,TUBE-STD,4468,up,2022-03-01
TM-05864,ACC-DLR-9,TUBE-STD,4462,up,2022-04-01
TM-05865,ACC-DLR-16,TUBE-STD,4455,up,2025-05-01
TM-05866,ACC-DLR-23,TUBE-DLX,4455,up,2025-12-01
TM-05867,ACC-DLR-30,TUBE-STD,4468,up,2020-11-01
TM-05868,ACC-DLR-37,TUBE-DLX,4455,up,2021-12-01
TM-05869,ACC-DLR-4,TUBE-DLX,4462,up,2019-03-01
TM-05870,ACC-DLR-11,TUBE-DLX,4468,up,2019-12-01
TM-05871,ACC-DLR-18,TUBE-STD,4468,up,2025-05-01
TM-05872,ACC-DLR-25,TUBE-STD,4468,up,2022-03-01
TM-05873,ACC-DLR-32,TUBE-DLX,4482,up,2026-05-01
TM-05874,ACC-DLR-39,TUBE-DLX,4482,up,2019-12-01
TM-05875,ACC-DLR-6,TUBE-STD,4455,up,2020-01-01
TM-05876,ACC-DLR-13,TUBE-STD,4455,up,2022-09-01
TM-05877,ACC-DLR-20,TUBE-DLX,4482,up,2020-02-01
TM-05878,ACC-DLR-27,TUBE-STD,4462,up,2021-10-01
TM-05879,ACC-DLR-34,TUBE-STD,4462,up,2020-07-01
TM-05880,ACC-DLR-1,TUBE-STD,4468,up,2024-02-01
TM-05881,ACC-DLR-8,TUBE-STD,4482,up,2026-05-01
TM-05882,ACC-DLR-15,TUBE-STD,4462,up,2020-07-01
TM-05883,ACC-DLR-22,TUBE-DLX,4455,up,2024-04-01
TM-05884,ACC-DLR-29,TUBE-STD,4482,up,2024-07-01
TM-05885,ACC-DLR-36,TUBE-STD,4482,up,2026-12-01
TM-05886,ACC-DLR-3,TUBE-STD,4482,up,2020-04-01
TM-05887,ACC-DLR-10,TUBE-STD,4468,up,2025-01-01
TM-05888,ACC-DLR-17,TUBE-STD,4482,up,2020-07-01
TM-05889,ACC-DLR-24,TUBE-DLX,4482,up,2025-05-01
TM-05890,ACC-DLR-31,TUBE-DLX,4462,up,2025-05-01
TM-05891,ACC-DLR-38,TUBE-STD,4482,up,2019-01-01
TM-05892,ACC-DLR-5,TUBE-STD,4468,up,2019-09-01
TM-05893,ACC-DLR-12,TUBE-STD,4482,up,2024-11-01
TM-05894,ACC-DLR-19,TUBE-STD,4462,up,2025-11-01
TM-05895,ACC-DLR-26,TUBE-STD,4462,up,2019-07-01
TM-05896,ACC-DLR-33,TUBE-STD,4462,up,2020-10-01
TM-05897,ACC-DLR-40,TUBE-STD,4462,up,2019-04-01
TM-05898,ACC-DLR-7,TUBE-STD,4455,up,2025-02-01
TM-05899,ACC-DLR-14,TUBE-STD,4468,up,2023-08-01
TM-05900,ACC-DLR-21,TUBE-DLX,4468,up,2023-07-01
TM-05901,ACC-DLR-28,TUBE-STD,4482,up,2024-11-01
TM-05902,ACC-DLR-35,TUBE-DLX,4455,up,2026-03-01
TM-05903,ACC-DLR-2,TUBE-STD,4482,up,2026-03-01
TM-05904,ACC-DLR-9,TUBE-STD,4468,up,2019-08-01
TM-05905,ACC-DLR-16,TUBE-STD,4482,up,2021-08-01
TM-05906,ACC-DLR-23,TUBE-DLX,4455,up,2026-09-01
TM-05907,ACC-DLR-30,TUBE-STD,4462,up,2019-03-01
TM-05908,ACC-DLR-37,TUBE-DLX,4462,up,2024-03-01
TM-05909,ACC-DLR-4,TUBE-DLX,4462,up,2023-07-01
TM-05910,ACC-DLR-11,TUBE-STD,4482,up,2021-06-01
TM-05911,ACC-DLR-18,TUBE-STD,4468,up,2021-01-01
TM-05912,ACC-DLR-25,TUBE-STD,4462,up,2020-05-01
TM-05913,ACC-DLR-32,TUBE-DLX,4482,up,2019-07-01
TM-05914,ACC-DLR-39,TUBE-STD,4455,up,2022-05-01
TM-05915,ACC-DLR-6,TUBE-STD,4468,up,2026-11-01
TM-05916,ACC-DLR-13,TUBE-STD,4462,up,2023-12-01
TM-05917,ACC-DLR-20,TUBE-DLX,4482,up,2025-11-01
TM-05918,ACC-DLR-27,TUBE-STD,4455,up,2024-10-01
TM-05919,ACC-DLR-34,TUBE-STD,4482,up,2026-01-01
TM-05920,ACC-DLR-1,TUBE-STD,4482,up,2024-04-01
TM-05921,ACC-DLR-8,TUBE-STD,4462,up,2024-04-01
TM-05922,ACC-DLR-15,TUBE-STD,4468,up,2023-07-01
TM-05923,ACC-DLR-22,TUBE-DLX,4462,up,2026-03-01
TM-05924,ACC-DLR-29,TUBE-STD,4482,up,2021-06-01
TM-05925,ACC-DLR-36,TUBE-STD,4482,up,2026-05-01
TM-05926,ACC-DLR-3,TUBE-STD,4482,up,2025-03-01
TM-05927,ACC-DLR-10,TUBE-STD,4468,up,2019-12-01
TM-05928,ACC-DLR-17,TUBE-STD,4468,up,2019-03-01
TM-05929,ACC-DLR-24,TUBE-STD,4482,up,2024-06-01
TM-05930,ACC-DLR-31,TUBE-DLX,4462,up,2021-03-01
TM-05931,ACC-DLR-38,TUBE-STD,4482,up,2026-08-01
TM-05932,ACC-DLR-5,TUBE-STD,4482,up,2020-05-01
TM-05933,ACC-DLR-12,TUBE-STD,4455,up,2021-08-01
TM-05934,ACC-DLR-19,TUBE-DLX,4482,up,2021-04-01
TM-05935,ACC-DLR-26,TUBE-STD,4462,up,2023-04-01
TM-05936,ACC-DLR-33,TUBE-DLX,4455,up,2026-04-01
TM-05937,ACC-DLR-40,TUBE-STD,4462,up,2026-06-01
TM-05938,ACC-DLR-7,TUBE-STD,4482,up,2026-08-01
TM-05939,ACC-DLR-14,TUBE-DLX,4462,up,2019-03-01
TM-05940,ACC-DLR-21,TUBE-STD,4468,up,2021-05-01
TM-05941,ACC-DLR-28,TUBE-DLX,4468,up,2020-03-01
TM-05942,ACC-DLR-35,TUBE-STD,4468,up,2026-11-01
TM-05943,ACC-DLR-2,TUBE-STD,4468,up,2019-08-01
TM-05944,ACC-DLR-9,TUBE-DLX,4482,up,2021-07-01
TM-05945,ACC-DLR-16,TUBE-DLX,4482,up,2026-09-01
TM-05946,ACC-DLR-23,TUBE-STD,4482,up,2024-05-01
TM-05947,ACC-DLR-30,TUBE-STD,4455,up,2021-06-01
TM-05948,ACC-DLR-37,TUBE-STD,4462,up,2026-10-01
TM-05949,ACC-DLR-4,TUBE-STD,4482,up,2022-07-01
TM-05950,ACC-DLR-11,TUBE-STD,4462,up,2024-08-01
TM-05951,ACC-DLR-18,TUBE-DLX,4468,up,2020-07-01
TM-05952,ACC-DLR-25,TUBE-STD,4482,up,2025-12-01
TM-05953,ACC-DLR-32,TUBE-STD,4455,up,2023-02-01
TM-05954,ACC-DLR-39,TUBE-DLX,4455,up,2025-03-01
TM-05955,ACC-DLR-6,TUBE-STD,4455,up,2021-09-01
TM-05956,ACC-DLR-13,TUBE-STD,4455,up,2026-03-01
TM-05957,ACC-DLR-20,TUBE-DLX,4468,up,2024-02-01
TM-05958,ACC-DLR-27,TUBE-DLX,4468,up,2020-02-01
TM-05959,ACC-DLR-34,TUBE-DLX,4462,up,2025-07-01
TM-05960,ACC-DLR-1,TUBE-DLX,4455,up,2021-07-01
TM-05961,ACC-DLR-8,TUBE-STD,4462,up,2021-01-01
TM-05962,ACC-DLR-15,TUBE-STD,4468,up,2026-08-01
TM-05963,ACC-DLR-22,TUBE-STD,4482,up,2023-09-01
TM-05964,ACC-DLR-29,TUBE-DLX,4468,up,2021-09-01
TM-05965,ACC-DLR-36,TUBE-STD,4455,up,2024-09-01
TM-05966,ACC-DLR-3,TUBE-STD,4482,up,2022-12-01
TM-05967,ACC-DLR-10,TUBE-DLX,4482,up,2021-09-01
TM-05968,ACC-DLR-17,TUBE-STD,4468,up,2025-05-01
TM-05969,ACC-DLR-24,TUBE-STD,4482,up,2021-02-01
TM-05970,ACC-DLR-31,TUBE-STD,4482,up,2023-04-01
TM-05971,ACC-DLR-38,TUBE-DLX,4462,up,2019-04-01
TM-05972,ACC-DLR-5,TUBE-STD,4455,up,2026-02-01
TM-05973,ACC-DLR-12,TUBE-STD,4455,up,2021-08-01
TM-05974,ACC-DLR-19,TUBE-DLX,4462,up,2025-01-01
TM-05975,ACC-DLR-26,TUBE-DLX,4482,up,2023-03-01
TM-05976,ACC-DLR-33,TUBE-DLX,4455,up,2019-05-01
TM-05977,ACC-DLR-40,TUBE-STD,4468,up,2021-02-01
TM-05978,ACC-DLR-7,TUBE-DLX,4482,up,2020-11-01
TM-05979,ACC-DLR-14,TUBE-STD,4482,up,2022-03-01
TM-05980,ACC-DLR-21,TUBE-STD,4462,up,2019-02-01
TM-05981,ACC-DLR-28,TUBE-STD,4462,up,2025-09-01
TM-05982,ACC-DLR-35,TUBE-DLX,4455,up,2021-01-01
TM-05983,ACC-DLR-2,TUBE-STD,4455,up,2021-04-01
TM-05984,ACC-DLR-9,TUBE-STD,4455,up,2019-03-01
TM-05985,ACC-DLR-16,TUBE-STD,4468,up,2026-05-01
TM-05986,ACC-DLR-23,TUBE-STD,4462,up,2024-09-01
TM-05987,ACC-DLR-30,TUBE-STD,4468,up,2019-11-01
TM-05988,ACC-DLR-37,TUBE-STD,4455,up,2019-05-01
TM-05989,ACC-DLR-4,TUBE-STD,4482,up,2019-12-01
TM-05990,ACC-DLR-11,TUBE-STD,4482,up,2019-11-01
TM-05991,ACC-DLR-18,TUBE-DLX,4455,up,2026-11-01
TM-05992,ACC-DLR-25,TUBE-STD,4482,up,2024-04-01
TM-05993,ACC-DLR-32,TUBE-DLX,4468,up,2026-10-01
TM-05994,ACC-DLR-39,TUBE-STD,4482,up,2021-09-01
TM-05995,ACC-DLR-6,TUBE-STD,4462,up,2021-07-01
TM-05996,ACC-DLR-13,TUBE-STD,4455,up,2020-06-01
TM-05997,ACC-DLR-20,TUBE-STD,4455,up,2020-05-01
TM-05998,ACC-DLR-27,TUBE-STD,4455,up,2020-07-01
TM-05999,ACC-DLR-34,TUBE-DLX,4468,up,2023-11-01
TM-06000,ACC-DLR-1,TUBE-STD,4455,up,2025-01-01
TM-06001,ACC-DLR-8,TUBE-DLX,4455,up,2020-05-01
TM-06002,ACC-DLR-15,TUBE-DLX,4482,up,2019-07-01
TM-06003,ACC-DLR-22,TUBE-DLX,4462,up,2024-11-01
TM-06004,ACC-DLR-29,TUBE-STD,4482,up,2025-06-01
TM-06005,ACC-DLR-36,TUBE-STD,4455,up,2021-10-01
TM-06006,ACC-DLR-3,TUBE-STD,4455,up,2021-11-01
TM-06007,ACC-DLR-10,TUBE-STD,4482,up,2024-12-01
TM-06008,ACC-DLR-17,TUBE-STD,4462,up,2026-12-01
TM-06009,ACC-DLR-24,TUBE-STD,4462,up,2023-08-01
TM-06010,ACC-DLR-31,TUBE-STD,4482,up,2021-10-01
TM-06011,ACC-DLR-38,TUBE-STD,4468,up,2024-06-01
TM-06012,ACC-DLR-5,TUBE-STD,4455,up,2020-11-01
TM-06013,ACC-DLR-12,TUBE-STD,4462,up,2022-05-01
TM-06014,ACC-DLR-19,TUBE-STD,4482,up,2021-10-01
TM-06015,ACC-DLR-26,TUBE-STD,4455,up,2020-09-01
TM-06016,ACC-DLR-33,TUBE-DLX,4455,up,2026-06-01
TM-06017,ACC-DLR-40,TUBE-STD,4462,up,2025-12-01
TM-06018,ACC-DLR-7,TUBE-STD,4468,up,2022-05-01
TM-06019,ACC-DLR-14,TUBE-STD,4468,up,2025-07-01
TM-06020,ACC-DLR-21,TUBE-STD,4455,up,2023-07-01
TM-06021,ACC-DLR-28,TUBE-STD,4455,up,2024-10-01
TM-06022,ACC-DLR-35,TUBE-DLX,4455,up,2022-03-01
TM-06023,ACC-DLR-2,TUBE-STD,4455,up,2026-08-01
TM-06024,ACC-DLR-9,TUBE-DLX,4462,up,2025-01-01
TM-06025,ACC-DLR-16,TUBE-STD,4468,up,2026-06-01
TM-06026,ACC-DLR-23,TUBE-STD,4455,up,2023-06-01
TM-06027,ACC-DLR-30,TUBE-STD,4462,up,2024-07-01
TM-06028,ACC-DLR-37,TUBE-STD,4482,up,2025-09-01
TM-06029,ACC-DLR-4,TUBE-DLX,4462,up,2023-01-01
TM-06030,ACC-DLR-11,TUBE-STD,4482,up,2021-07-01
TM-06031,ACC-DLR-18,TUBE-STD,4455,up,2023-09-01
TM-06032,ACC-DLR-25,TUBE-DLX,4468,up,2019-05-01
TM-06033,ACC-DLR-32,TUBE-STD,4482,up,2024-12-01
TM-06034,ACC-DLR-39,TUBE-DLX,4462,up,2021-12-01
TM-06035,ACC-DLR-6,TUBE-STD,4482,up,2023-08-01
TM-06036,ACC-DLR-13,TUBE-STD,4455,up,2020-11-01
TM-06037,ACC-DLR-20,TUBE-STD,4455,up,2026-07-01
TM-06038,ACC-DLR-27,TUBE-STD,4482,up,2021-12-01
TM-06039,ACC-DLR-34,TUBE-STD,4462,up,2019-08-01
TM-06040,ACC-DLR-1,TUBE-STD,4455,up,2026-11-01
TM-06041,ACC-DLR-8,TUBE-STD,4482,up,2019-02-01
TM-06042,ACC-DLR-15,TUBE-STD,4462,up,2026-02-01
TM-06043,ACC-DLR-22,TUBE-STD,4482,up,2020-09-01
TM-06044,ACC-DLR-29,TUBE-STD,4482,up,2020-03-01
TM-06045,ACC-DLR-36,TUBE-STD,4468,up,2024-01-01
TM-06046,ACC-DLR-3,TUBE-DLX,4468,up,2023-11-01
TM-06047,ACC-DLR-10,TUBE-STD,4482,up,2020-08-01
TM-06048,ACC-DLR-17,TUBE-STD,4468,up,2023-06-01
TM-06049,ACC-DLR-24,TUBE-STD,4462,up,2021-05-01
TM-06050,ACC-DLR-31,TUBE-DLX,4482,up,2021-08-01
TM-06051,ACC-DLR-38,TUBE-DLX,4462,up,2020-12-01
TM-06052,ACC-DLR-5,TUBE-STD,4468,up,2024-11-01
TM-06053,ACC-DLR-12,TUBE-DLX,4482,up,2026-07-01
TM-06054,ACC-DLR-19,TUBE-DLX,4482,up,2019-09-01
TM-06055,ACC-DLR-26,TUBE-DLX,4468,up,2025-12-01
TM-06056,ACC-DLR-33,TUBE-STD,4455,up,2026-07-01
TM-06057,ACC-DLR-40,TUBE-STD,4455,up,2026-04-01
TM-06058,ACC-DLR-7,TUBE-STD,4462,up,2025-02-01
TM-06059,ACC-DLR-14,TUBE-STD,4482,up,2019-08-01
TM-06060,ACC-DLR-21,TUBE-DLX,4455,up,2021-09-01
TM-06061,ACC-DLR-28,TUBE-STD,4455,up,2024-03-01
TM-06062,ACC-DLR-35,TUBE-STD,4455,up,2026-07-01
TM-06063,ACC-DLR-2,TUBE-DLX,4482,up,2022-11-01
TM-06064,ACC-DLR-9,TUBE-STD,4462,up,2021-02-01
TM-06065,ACC-DLR-16,TUBE-DLX,4455,up,2025-01-01
TM-06066,ACC-DLR-23,TUBE-STD,4468,up,2019-01-01
TM-06067,ACC-DLR-30,TUBE-STD,4468,up,2020-08-01
TM-06068,ACC-DLR-37,TUBE-STD,4455,up,2019-11-01
TM-06069,ACC-DLR-4,TUBE-DLX,4468,up,2025-01-01
TM-06070,ACC-DLR-11,TUBE-STD,4468,up,2022-04-01
TM-06071,ACC-DLR-18,TUBE-DLX,4468,up,2023-01-01
TM-06072,ACC-DLR-25,TUBE-STD,4455,up,2026-04-01
TM-06073,ACC-DLR-32,TUBE-STD,4468,up,2021-08-01
TM-06074,ACC-DLR-39,TUBE-STD,4455,up,2024-02-01
TM-06075,ACC-DLR-6,TUBE-STD,4455,up,2020-07-01
TM-06076,ACC-DLR-13,TUBE-STD,4468,up,2023-11-01
TM-06077,ACC-DLR-20,TUBE-STD,4462,up,2026-04-01
TM-06078,ACC-DLR-27,TUBE-STD,4462,up,2023-04-01
TM-06079,ACC-DLR-34,TUBE-STD,4482,up,2022-09-01
TM-06080,ACC-DLR-1,TUBE-STD,4462,up,2022-11-01
TM-06081,ACC-DLR-8,TUBE-STD,4455,up,2019-09-01
TM-06082,ACC-DLR-15,TUBE-STD,4468,up,2024-04-01
TM-06083,ACC-DLR-22,TUBE-STD,4468,up,2020-02-01
TM-06084,ACC-DLR-29,TUBE-STD,4468,up,2019-02-01
TM-06085,ACC-DLR-36,TUBE-STD,4482,up,2023-10-01
TM-06086,ACC-DLR-3,TUBE-STD,4462,up,2019-05-01
TM-06087,ACC-DLR-10,TUBE-DLX,4468,up,2023-12-01
TM-06088,ACC-DLR-17,TUBE-STD,4468,up,2021-09-01
TM-06089,ACC-DLR-24,TUBE-DLX,4455,up,2021-04-01
TM-06090,ACC-DLR-31,TUBE-DLX,4482,up,2020-05-01
TM-06091,ACC-DLR-38,TUBE-DLX,4468,up,2026-09-01
TM-06092,ACC-DLR-5,TUBE-STD,4462,up,2023-02-01
TM-06093,ACC-DLR-12,TUBE-STD,4482,up,2026-09-01
TM-06094,ACC-DLR-19,TUBE-STD,4468,up,2024-12-01
TM-06095,ACC-DLR-26,TUBE-STD,4468,up,2026-11-01
TM-06096,ACC-DLR-33,TUBE-STD,4482,up,2026-07-01
TM-06097,ACC-DLR-40,TUBE-STD,4468,up,2026-02-01
TM-06098,ACC-DLR-7,TUBE-STD,4462,up,2022-09-01
TM-06099,ACC-DLR-14,TUBE-DLX,4455,up,2026-10-01
TM-06100,ACC-DLR-21,TUBE-STD,4462,up,2020-12-01
TM-06101,ACC-DLR-28,TUBE-STD,4455,up,2021-02-01
TM-06102,ACC-DLR-35,TUBE-STD,4468,up,2019-04-01
TM-06103,ACC-DLR-2,TUBE-DLX,4455,up,2024-07-01
TM-06104,ACC-DLR-9,TUBE-STD,4455,up,2020-10-01
TM-06105,ACC-DLR-16,TUBE-STD,4482,up,2024-11-01
TM-06106,ACC-DLR-23,TUBE-STD,4482,up,2021-04-01
TM-06107,ACC-DLR-30,TUBE-DLX,4455,up,2019-09-01
TM-06108,ACC-DLR-37,TUBE-STD,4462,up,2026-08-01
TM-06109,ACC-DLR-4,TUBE-STD,4455,up,2024-08-01
TM-06110,ACC-DLR-11,TUBE-STD,4468,up,2019-03-01
TM-06111,ACC-DLR-18,TUBE-DLX,4462,up,2021-04-01
TM-06112,ACC-DLR-25,TUBE-STD,4468,up,2021-04-01
TM-06113,ACC-DLR-32,TUBE-STD,4468,up,2021-12-01
TM-06114,ACC-DLR-39,TUBE-DLX,4462,up,2023-10-01
TM-06115,ACC-DLR-6,TUBE-STD,4468,up,2023-10-01
TM-06116,ACC-DLR-13,TUBE-STD,4468,up,2024-11-01
TM-06117,ACC-DLR-20,TUBE-STD,4468,up,2020-06-01
TM-06118,ACC-DLR-27,TUBE-DLX,4482,up,2023-04-01
TM-06119,ACC-DLR-34,TUBE-STD,4462,up,2021-06-01
TM-06120,ACC-DLR-1,TUBE-STD,4482,up,2025-09-01
TM-06121,ACC-DLR-8,TUBE-STD,4455,up,2025-12-01
TM-06122,ACC-DLR-15,TUBE-STD,4455,up,2024-07-01
TM-06123,ACC-DLR-22,TUBE-STD,4462,up,2023-12-01
TM-06124,ACC-DLR-29,TUBE-DLX,4462,up,2020-03-01
TM-06125,ACC-DLR-36,TUBE-STD,4482,up,2022-02-01
TM-06126,ACC-DLR-3,TUBE-STD,4482,up,2020-07-01
TM-06127,ACC-DLR-10,TUBE-STD,4482,up,2023-01-01
TM-06128,ACC-DLR-17,TUBE-DLX,4462,up,2024-02-01
TM-06129,ACC-DLR-24,TUBE-STD,4468,up,2025-09-01
TM-06130,ACC-DLR-31,TUBE-DLX,4482,up,2024-04-01
TM-06131,ACC-DLR-38,TUBE-STD,4455,up,2026-07-01
TM-06132,ACC-DLR-5,TUBE-STD,4455,up,2026-09-01
TM-06133,ACC-DLR-12,TUBE-STD,4482,up,2021-06-01
TM-06134,ACC-DLR-19,TUBE-DLX,4462,up,2024-01-01
TM-06135,ACC-DLR-26,TUBE-STD,4468,up,2021-01-01
TM-06136,ACC-DLR-33,TUBE-STD,4482,up,2022-03-01
TM-06137,ACC-DLR-40,TUBE-DLX,4468,up,2019-10-01
TM-06138,ACC-DLR-7,TUBE-STD,4468,up,2021-12-01
TM-06139,ACC-DLR-14,TUBE-DLX,4455,up,2024-06-01
TM-06140,ACC-DLR-21,TUBE-STD,4468,up,2019-07-01
TM-06141,ACC-DLR-28,TUBE-STD,4462,up,2025-08-01
TM-06142,ACC-DLR-35,TUBE-DLX,4482,up,2019-02-01
TM-06143,ACC-DLR-2,TUBE-DLX,4482,up,2024-09-01
TM-06144,ACC-DLR-9,TUBE-DLX,4462,up,2020-05-01
TM-06145,ACC-DLR-16,TUBE-STD,4482,up,2024-05-01
TM-06146,ACC-DLR-23,TUBE-STD,4468,up,2024-08-01
TM-06147,ACC-DLR-30,TUBE-DLX,4455,up,2020-04-01
TM-06148,ACC-DLR-37,TUBE-STD,4468,up,2022-02-01
TM-06149,ACC-DLR-4,TUBE-STD,4462,up,2024-06-01
TM-06150,ACC-DLR-11,TUBE-DLX,4468,up,2025-07-01
TM-06151,ACC-DLR-18,TUBE-DLX,4482,up,2024-02-01
TM-06152,ACC-DLR-25,TUBE-DLX,4482,up,2026-01-01
TM-06153,ACC-DLR-32,TUBE-STD,4455,up,2022-09-01
TM-06154,ACC-DLR-39,TUBE-STD,4468,up,2021-06-01
TM-06155,ACC-DLR-6,TUBE-DLX,4455,up,2021-12-01
TM-06156,ACC-DLR-13,TUBE-STD,4482,up,2026-10-01
TM-06157,ACC-DLR-20,TUBE-STD,4482,up,2020-02-01
TM-06158,ACC-DLR-27,TUBE-DLX,4482,up,2022-02-01
TM-06159,ACC-DLR-34,TUBE-DLX,4455,up,2026-06-01
TM-06160,ACC-DLR-1,TUBE-STD,4468,up,2026-10-01
TM-06161,ACC-DLR-8,TUBE-STD,4455,up,2023-02-01
TM-06162,ACC-DLR-15,TUBE-DLX,4462,up,2022-03-01
TM-06163,ACC-DLR-22,TUBE-STD,4468,up,2024-03-01
TM-06164,ACC-DLR-29,TUBE-DLX,4468,up,2026-03-01
TM-06165,ACC-DLR-36,TUBE-DLX,4455,up,2022-01-01
TM-06166,ACC-DLR-3,TUBE-STD,4462,up,2024-09-01
TM-06167,ACC-DLR-10,TUBE-STD,4468,up,2022-07-01
TM-06168,ACC-DLR-17,TUBE-STD,4482,up,2023-05-01
TM-06169,ACC-DLR-24,TUBE-STD,4468,up,2022-12-01
TM-06170,ACC-DLR-31,TUBE-DLX,4482,up,2019-02-01
TM-06171,ACC-DLR-38,TUBE-DLX,4468,up,2021-05-01
TM-06172,ACC-DLR-5,TUBE-STD,4468,up,2026-04-01
TM-06173,ACC-DLR-12,TUBE-STD,4468,up,2023-10-01
TM-06174,ACC-DLR-19,TUBE-STD,4468,up,2023-01-01
TM-06175,ACC-DLR-26,TUBE-STD,4482,up,2021-06-01
TM-06176,ACC-DLR-33,TUBE-DLX,4468,up,2023-03-01
TM-06177,ACC-DLR-40,TUBE-STD,4468,up,2026-05-01
TM-06178,ACC-DLR-7,TUBE-STD,4455,up,2026-01-01
TM-06179,ACC-DLR-14,TUBE-DLX,4482,up,2019-02-01
TM-06180,ACC-DLR-21,TUBE-DLX,4482,up,2026-10-01
TM-06181,ACC-DLR-28,TUBE-STD,4462,up,2026-07-01
TM-06182,ACC-DLR-35,TUBE-STD,4468,up,2025-07-01
TM-06183,ACC-DLR-2,TUBE-DLX,4455,up,2019-11-01
TM-06184,ACC-DLR-9,TUBE-DLX,4455,up,2025-07-01
TM-06185,ACC-DLR-16,TUBE-DLX,4462,up,2025-10-01
TM-06186,ACC-DLR-23,TUBE-STD,4468,up,2019-05-01
TM-06187,ACC-DLR-30,TUBE-DLX,4462,up,2019-03-01
TM-06188,ACC-DLR-37,TUBE-STD,4455,up,2023-12-01
TM-06189,ACC-DLR-4,TUBE-STD,4455,up,2019-05-01
TM-06190,ACC-DLR-11,TUBE-STD,4455,up,2019-10-01
TM-06191,ACC-DLR-18,TUBE-STD,4462,up,2019-05-01
TM-06192,ACC-DLR-25,TUBE-STD,4482,up,2025-09-01
TM-06193,ACC-DLR-32,TUBE-DLX,4455,up,2025-03-01
TM-06194,ACC-DLR-39,TUBE-DLX,4462,up,2025-07-01
TM-06195,ACC-DLR-6,TUBE-DLX,4468,up,2026-12-01
TM-06196,ACC-DLR-13,TUBE-STD,4455,up,2026-10-01
TM-06197,ACC-DLR-20,TUBE-STD,4482,up,2020-05-01
TM-06198,ACC-DLR-27,TUBE-STD,4468,up,2022-02-01
TM-06199,ACC-DLR-34,TUBE-STD,4462,up,2022-08-01
TM-06200,ACC-DLR-1,TUBE-STD,4468,up,2022-07-01
TM-06201,ACC-DLR-8,TUBE-DLX,4482,up,2026-10-01
TM-06202,ACC-DLR-15,TUBE-STD,4455,up,2026-10-01
TM-06203,ACC-DLR-22,TUBE-STD,4462,up,2019-07-01
TM-06204,ACC-DLR-29,TUBE-DLX,4462,up,2019-03-01
TM-06205,ACC-DLR-36,TUBE-STD,4468,up,2025-07-01
TM-06206,ACC-DLR-3,TUBE-STD,4482,up,2023-11-01
TM-06207,ACC-DLR-10,TUBE-DLX,4468,up,2021-04-01
TM-06208,ACC-DLR-17,TUBE-STD,4455,up,2026-07-01
TM-06209,ACC-DLR-24,TUBE-STD,4455,up,2024-01-01
TM-06210,ACC-DLR-31,TUBE-STD,4482,up,2026-09-01
TM-06211,ACC-DLR-38,TUBE-STD,4462,up,2026-06-01
TM-06212,ACC-DLR-5,TUBE-STD,4455,up,2021-03-01
TM-06213,ACC-DLR-12,TUBE-STD,4468,up,2022-12-01
TM-06214,ACC-DLR-19,TUBE-STD,4468,up,2026-10-01
TM-06215,ACC-DLR-26,TUBE-STD,4482,up,2020-03-01
TM-06216,ACC-DLR-33,TUBE-STD,4462,up,2019-08-01
TM-06217,ACC-DLR-40,TUBE-STD,4482,up,2019-06-01
TM-06218,ACC-DLR-7,TUBE-STD,4468,up,2026-05-01
TM-06219,ACC-DLR-14,TUBE-DLX,4482,up,2025-05-01
TM-06220,ACC-DLR-21,TUBE-STD,4468,up,2019-05-01
TM-06221,ACC-DLR-28,TUBE-DLX,4455,up,2021-01-01
TM-06222,ACC-DLR-35,TUBE-DLX,4468,up,2019-03-01
TM-06223,ACC-DLR-2,TUBE-DLX,4468,up,2023-10-01
TM-06224,ACC-DLR-9,TUBE-STD,4462,up,2024-07-01
TM-06225,ACC-DLR-16,TUBE-STD,4455,up,2020-11-01
TM-06226,ACC-DLR-23,TUBE-DLX,4455,up,2019-02-01
TM-06227,ACC-DLR-30,TUBE-STD,4462,up,2026-07-01
TM-06228,ACC-DLR-37,TUBE-STD,4468,up,2021-02-01
TM-06229,ACC-DLR-4,TUBE-STD,4482,up,2024-12-01
TM-06230,ACC-DLR-11,TUBE-STD,4468,up,2023-02-01
TM-06231,ACC-DLR-18,TUBE-STD,4462,up,2026-03-01
TM-06232,ACC-DLR-25,TUBE-STD,4462,up,2020-06-01
TM-06233,ACC-DLR-32,TUBE-STD,4468,up,2025-10-01
TM-06234,ACC-DLR-39,TUBE-STD,4468,up,2023-07-01
TM-06235,ACC-DLR-6,TUBE-STD,4468,up,2026-01-01
TM-06236,ACC-DLR-13,TUBE-DLX,4462,up,2020-07-01
TM-06237,ACC-DLR-20,TUBE-STD,4462,up,2021-11-01
TM-06238,ACC-DLR-27,TUBE-DLX,4482,up,2023-01-01
TM-06239,ACC-DLR-34,TUBE-STD,4482,up,2020-12-01
TM-06240,ACC-DLR-1,TUBE-STD,4455,up,2019-10-01
TM-06241,ACC-DLR-8,TUBE-STD,4462,up,2025-07-01
TM-06242,ACC-DLR-15,TUBE-DLX,4468,up,2026-07-01
TM-06243,ACC-DLR-22,TUBE-STD,4468,up,2026-12-01
TM-06244,ACC-DLR-29,TUBE-DLX,4482,up,2019-06-01
TM-06245,ACC-DLR-36,TUBE-STD,4462,up,2019-09-01
TM-06246,ACC-DLR-3,TUBE-STD,4455,up,2024-03-01
TM-06247,ACC-DLR-10,TUBE-DLX,4462,up,2024-07-01
TM-06248,ACC-DLR-17,TUBE-STD,4482,up,2020-04-01
TM-06249,ACC-DLR-24,TUBE-DLX,4462,up,2023-08-01
TM-06250,ACC-DLR-31,TUBE-STD,4482,up,2025-11-01
TM-06251,ACC-DLR-38,TUBE-DLX,4455,up,2022-11-01
TM-06252,ACC-DLR-5,TUBE-STD,4462,up,2021-11-01
TM-06253,ACC-DLR-12,TUBE-STD,4482,up,2020-03-01
TM-06254,ACC-DLR-19,TUBE-STD,4482,up,2024-03-01
TM-06255,ACC-DLR-26,TUBE-DLX,4455,up,2024-04-01
TM-06256,ACC-DLR-33,TUBE-STD,4482,up,2019-04-01
TM-06257,ACC-DLR-40,TUBE-STD,4462,up,2026-12-01
TM-06258,ACC-DLR-7,TUBE-STD,4468,up,2020-05-01
TM-06259,ACC-DLR-14,TUBE-DLX,4482,up,2026-12-01
TM-06260,ACC-DLR-21,TUBE-STD,4455,up,2022-02-01
TM-06261,ACC-DLR-28,TUBE-STD,4482,up,2025-10-01
TM-06262,ACC-DLR-35,TUBE-STD,4468,up,2021-05-01
TM-06263,ACC-DLR-2,TUBE-DLX,4468,up,2019-11-01
TM-06264,ACC-DLR-9,TUBE-STD,4468,up,2019-06-01
TM-06265,ACC-DLR-16,TUBE-STD,4482,up,2023-05-01
TM-06266,ACC-DLR-23,TUBE-STD,4455,up,2024-03-01
TM-06267,ACC-DLR-30,TUBE-DLX,4462,up,2021-01-01
TM-06268,ACC-DLR-37,TUBE-DLX,4462,up,2022-11-01
TM-06269,ACC-DLR-4,TUBE-STD,4482,up,2023-01-01
TM-06270,ACC-DLR-11,TUBE-DLX,4455,up,2022-11-01
TM-06271,ACC-DLR-18,TUBE-STD,4455,up,2025-09-01
TM-06272,ACC-DLR-25,TUBE-STD,4482,up,2019-01-01
TM-06273,ACC-DLR-32,TUBE-DLX,4455,up,2020-06-01
TM-06274,ACC-DLR-39,TUBE-STD,4455,up,2026-09-01
TM-06275,ACC-DLR-6,TUBE-STD,4462,up,2020-08-01
TM-06276,ACC-DLR-13,TUBE-STD,4482,up,2023-09-01
TM-06277,ACC-DLR-20,TUBE-DLX,4482,up,2023-01-01
TM-06278,ACC-DLR-27,TUBE-STD,4482,up,2021-12-01
TM-06279,ACC-DLR-34,TUBE-DLX,4455,up,2021-01-01
TM-06280,ACC-DLR-1,TUBE-STD,4455,up,2022-03-01
TM-06281,ACC-DLR-8,TUBE-STD,4455,up,2023-03-01
TM-06282,ACC-DLR-15,TUBE-STD,4482,up,2020-04-01
TM-06283,ACC-DLR-22,TUBE-STD,4455,up,2023-03-01
TM-06284,ACC-DLR-29,TUBE-STD,4468,up,2024-01-01
TM-06285,ACC-DLR-36,TUBE-STD,4455,up,2019-12-01
TM-06286,ACC-DLR-3,TUBE-STD,4482,up,2025-01-01
TM-06287,ACC-DLR-10,TUBE-STD,4455,up,2020-11-01
TM-06288,ACC-DLR-17,TUBE-DLX,4462,up,2024-02-01
TM-06289,ACC-DLR-24,TUBE-STD,4455,up,2019-04-01
TM-06290,ACC-DLR-31,TUBE-DLX,4455,up,2019-09-01
TM-06291,ACC-DLR-38,TUBE-DLX,4455,up,2026-05-01
TM-06292,ACC-DLR-5,TUBE-DLX,4462,up,2020-07-01
TM-06293,ACC-DLR-12,TUBE-STD,4455,up,2026-10-01
TM-06294,ACC-DLR-19,TUBE-DLX,4482,up,2024-09-01
TM-06295,ACC-DLR-26,TUBE-STD,4462,up,2020-04-01
TM-06296,ACC-DLR-33,TUBE-STD,4468,up,2021-04-01
TM-06297,ACC-DLR-40,TUBE-STD,4468,up,2023-09-01
TM-06298,ACC-DLR-7,TUBE-STD,4482,up,2022-05-01
TM-06299,ACC-DLR-14,TUBE-STD,4468,up,2021-08-01
TM-06300,ACC-DLR-21,TUBE-DLX,4462,up,2020-10-01
TM-06301,ACC-DLR-28,TUBE-STD,4455,up,2023-08-01
TM-06302,ACC-DLR-35,TUBE-STD,4468,up,2025-02-01
TM-06303,ACC-DLR-2,TUBE-STD,4455,up,2022-09-01
TM-06304,ACC-DLR-9,TUBE-STD,4462,up,2025-03-01
TM-06305,ACC-DLR-16,TUBE-STD,4468,up,2020-08-01
TM-06306,ACC-DLR-23,TUBE-STD,4482,up,2022-12-01
TM-06307,ACC-DLR-30,TUBE-STD,4455,up,2022-03-01
TM-06308,ACC-DLR-37,TUBE-STD,4455,up,2024-12-01
TM-06309,ACC-DLR-4,TUBE-DLX,4455,up,2020-05-01
TM-06310,ACC-DLR-11,TUBE-STD,4468,up,2022-02-01
TM-06311,ACC-DLR-18,TUBE-STD,4462,up,2025-11-01
TM-06312,ACC-DLR-25,TUBE-DLX,4482,up,2024-05-01
TM-06313,ACC-DLR-32,TUBE-DLX,4468,up,2019-07-01
TM-06314,ACC-DLR-39,TUBE-STD,4455,up,2019-06-01
TM-06315,ACC-DLR-6,TUBE-STD,4482,up,2024-10-01
TM-06316,ACC-DLR-13,TUBE-STD,4468,up,2024-09-01
TM-06317,ACC-DLR-20,TUBE-DLX,4455,up,2020-09-01
TM-06318,ACC-DLR-27,TUBE-STD,4468,up,2019-09-01
TM-06319,ACC-DLR-34,TUBE-DLX,4462,up,2020-02-01
TM-06320,ACC-DLR-1,TUBE-DLX,4482,up,2026-09-01
TM-06321,ACC-DLR-8,TUBE-STD,4482,up,2020-02-01
TM-06322,ACC-DLR-15,TUBE-STD,4462,up,2019-01-01
TM-06323,ACC-DLR-22,TUBE-STD,4462,up,2023-06-01
TM-06324,ACC-DLR-29,TUBE-DLX,4482,up,2020-07-01
TM-06325,ACC-DLR-36,TUBE-STD,4455,up,2020-09-01
TM-06326,ACC-DLR-3,TUBE-DLX,4482,up,2022-04-01
TM-06327,ACC-DLR-10,TUBE-STD,4462,up,2023-06-01
TM-06328,ACC-DLR-17,TUBE-STD,4462,up,2019-09-01
TM-06329,ACC-DLR-24,TUBE-STD,4455,up,2024-07-01
TM-06330,ACC-DLR-31,TUBE-STD,4468,up,2020-11-01
TM-06331,ACC-DLR-38,TUBE-STD,4468,up,2026-12-01
TM-06332,ACC-DLR-5,TUBE-STD,4468,up,2020-03-01
TM-06333,ACC-DLR-12,TUBE-STD,4455,up,2020-02-01
TM-06334,ACC-DLR-19,TUBE-DLX,4462,up,2026-08-01
TM-06335,ACC-DLR-26,TUBE-STD,4482,up,2025-11-01
TM-06336,ACC-DLR-33,TUBE-DLX,4482,up,2020-11-01
TM-06337,ACC-DLR-40,TUBE-STD,4462,up,2021-09-01
TM-06338,ACC-DLR-7,TUBE-STD,4455,up,2020-04-01
TM-06339,ACC-DLR-14,TUBE-DLX,4482,up,2023-05-01
TM-06340,ACC-DLR-21,TUBE-STD,4462,up,2020-10-01
TM-06341,ACC-DLR-28,TUBE-STD,4482,up,2023-07-01
TM-06342,ACC-DLR-35,TUBE-STD,4468,up,2022-07-01
TM-06343,ACC-DLR-2,TUBE-STD,4468,up,2021-01-01
TM-06344,ACC-DLR-9,TUBE-DLX,4468,up,2026-03-01
TM-06345,ACC-DLR-16,TUBE-DLX,4468,up,2021-05-01
TM-06346,ACC-DLR-23,TUBE-DLX,4462,up,2023-03-01
TM-06347,ACC-DLR-30,TUBE-DLX,4482,up,2026-07-01
TM-06348,ACC-DLR-37,TUBE-STD,4462,up,2022-09-01
TM-06349,ACC-DLR-4,TUBE-DLX,4482,up,2026-09-01
TM-06350,ACC-DLR-11,TUBE-DLX,4462,up,2025-07-01
TM-06351,ACC-DLR-18,TUBE-STD,4455,up,2024-11-01
TM-06352,ACC-DLR-25,TUBE-STD,4482,up,2021-02-01
TM-06353,ACC-DLR-32,TUBE-STD,4455,up,2023-02-01
TM-06354,ACC-DLR-39,TUBE-STD,4468,up,2021-08-01
TM-06355,ACC-DLR-6,TUBE-DLX,4455,up,2023-04-01
TM-06356,ACC-DLR-13,TUBE-DLX,4468,up,2019-05-01
TM-06357,ACC-DLR-20,TUBE-STD,4482,up,2023-04-01
TM-06358,ACC-DLR-27,TUBE-STD,4482,up,2026-10-01
TM-06359,ACC-DLR-34,TUBE-DLX,4455,up,2021-10-01
TM-06360,ACC-DLR-1,TUBE-DLX,4482,up,2021-03-01
TM-06361,ACC-DLR-8,TUBE-STD,4462,up,2025-02-01
TM-06362,ACC-DLR-15,TUBE-STD,4482,up,2022-06-01
TM-06363,ACC-DLR-22,TUBE-STD,4462,up,2021-03-01
TM-06364,ACC-DLR-29,TUBE-DLX,4482,up,2020-09-01
TM-06365,ACC-DLR-36,TUBE-STD,4468,up,2024-07-01
TM-06366,ACC-DLR-3,TUBE-DLX,4482,up,2025-07-01
TM-06367,ACC-DLR-10,TUBE-STD,4482,up,2026-11-01
TM-06368,ACC-DLR-17,TUBE-STD,4468,up,2024-12-01
TM-06369,ACC-DLR-24,TUBE-STD,4455,up,2019-06-01
TM-06370,ACC-DLR-31,TUBE-STD,4455,up,2025-08-01
TM-06371,ACC-DLR-38,TUBE-DLX,4482,up,2024-04-01
TM-06372,ACC-DLR-5,TUBE-STD,4462,up,2019-02-01
TM-06373,ACC-DLR-12,TUBE-STD,4455,up,2020-05-01
TM-06374,ACC-DLR-19,TUBE-STD,4462,up,2024-11-01
TM-06375,ACC-DLR-26,TUBE-DLX,4482,up,2020-08-01
TM-06376,ACC-DLR-33,TUBE-STD,4455,up,2020-12-01
TM-06377,ACC-DLR-40,TUBE-STD,4482,up,2019-12-01
TM-06378,ACC-DLR-7,TUBE-DLX,4468,up,2019-09-01
TM-06379,ACC-DLR-14,TUBE-DLX,4455,up,2022-09-01
TM-06380,ACC-DLR-21,TUBE-STD,4455,up,2023-05-01
TM-06381,ACC-DLR-28,TUBE-DLX,4462,up,2022-09-01
TM-06382,ACC-DLR-35,TUBE-STD,4455,up,2019-01-01
TM-06383,ACC-DLR-2,TUBE-STD,4462,up,2021-08-01
TM-06384,ACC-DLR-9,TUBE-STD,4468,up,2024-05-01
TM-06385,ACC-DLR-16,TUBE-STD,4462,up,2024-09-01
TM-06386,ACC-DLR-23,TUBE-DLX,4462,up,2025-01-01
TM-06387,ACC-DLR-30,TUBE-DLX,4482,up,2019-02-01
TM-06388,ACC-DLR-37,TUBE-DLX,4468,up,2019-01-01
TM-06389,ACC-DLR-4,TUBE-STD,4482,up,2026-12-01
TM-06390,ACC-DLR-11,TUBE-STD,4468,up,2022-06-01
TM-06391,ACC-DLR-18,TUBE-DLX,4462,up,2020-11-01
TM-06392,ACC-DLR-25,TUBE-STD,4455,up,2026-06-01
TM-06393,ACC-DLR-32,TUBE-STD,4455,up,2022-08-01
TM-06394,ACC-DLR-39,TUBE-DLX,4462,up,2022-03-01
TM-06395,ACC-DLR-6,TUBE-STD,4482,up,2020-07-01
TM-06396,ACC-DLR-13,TUBE-STD,4462,up,2019-11-01
TM-06397,ACC-DLR-20,TUBE-STD,4455,up,2025-07-01
TM-06398,ACC-DLR-27,TUBE-STD,4482,up,2026-04-01
TM-06399,ACC-DLR-34,TUBE-STD,4462,up,2022-08-01
TM-06400,ACC-DLR-1,TUBE-DLX,4482,up,2019-11-01
TM-06401,ACC-DLR-8,TUBE-STD,4468,up,2023-01-01
TM-06402,ACC-DLR-15,TUBE-STD,4462,up,2025-07-01
TM-06403,ACC-DLR-22,TUBE-STD,4462,up,2019-07-01
TM-06404,ACC-DLR-29,TUBE-STD,4455,up,2024-03-01
TM-06405,ACC-DLR-36,TUBE-STD,4455,up,2023-05-01
TM-06406,ACC-DLR-3,TUBE-STD,4468,up,2025-02-01
TM-06407,ACC-DLR-10,TUBE-DLX,4482,up,2021-03-01
TM-06408,ACC-DLR-17,TUBE-STD,4462,up,2026-10-01
TM-06409,ACC-DLR-24,TUBE-STD,4455,up,2025-06-01
TM-06410,ACC-DLR-31,TUBE-STD,4455,up,2021-02-01
TM-06411,ACC-DLR-38,TUBE-STD,4455,up,2019-09-01
TM-06412,ACC-DLR-5,TUBE-STD,4468,up,2024-09-01
TM-06413,ACC-DLR-12,TUBE-STD,4462,up,2019-08-01
TM-06414,ACC-DLR-19,TUBE-DLX,4462,up,2019-09-01
TM-06415,ACC-DLR-26,TUBE-STD,4468,up,2020-08-01
TM-06416,ACC-DLR-33,TUBE-DLX,4482,up,2022-06-01
TM-06417,ACC-DLR-40,TUBE-DLX,4462,up,2026-11-01
TM-06418,ACC-DLR-7,TUBE-STD,4455,up,2022-01-01
TM-06419,ACC-DLR-14,TUBE-STD,4468,up,2026-12-01
TM-06420,ACC-DLR-21,TUBE-STD,4468,up,2020-05-01
TM-06421,ACC-DLR-28,TUBE-STD,4468,up,2021-05-01
TM-06422,ACC-DLR-35,TUBE-STD,4482,up,2021-06-01
TM-06423,ACC-DLR-2,TUBE-STD,4468,up,2020-12-01
TM-06424,ACC-DLR-9,TUBE-STD,4455,up,2026-12-01
TM-06425,ACC-DLR-16,TUBE-STD,4462,up,2023-06-01
TM-06426,ACC-DLR-23,TUBE-STD,4462,up,2019-04-01
TM-06427,ACC-DLR-30,TUBE-STD,4468,up,2026-07-01
TM-06428,ACC-DLR-37,TUBE-STD,4482,up,2023-07-01
TM-06429,ACC-DLR-4,TUBE-STD,4482,up,2023-03-01
TM-06430,ACC-DLR-11,TUBE-DLX,4482,up,2019-05-01
TM-06431,ACC-DLR-18,TUBE-STD,4455,up,2020-02-01
TM-06432,ACC-DLR-25,TUBE-STD,4455,up,2019-07-01
TM-06433,ACC-DLR-32,TUBE-DLX,4462,up,2019-07-01
TM-06434,ACC-DLR-39,TUBE-STD,4455,up,2023-12-01
TM-06435,ACC-DLR-6,TUBE-STD,4462,up,2023-06-01
TM-06436,ACC-DLR-13,TUBE-STD,4468,up,2026-05-01
TM-06437,ACC-DLR-20,TUBE-STD,4468,up,2024-04-01
TM-06438,ACC-DLR-27,TUBE-STD,4462,up,2021-06-01
TM-06439,ACC-DLR-34,TUBE-STD,4455,up,2024-08-01
TM-06440,ACC-DLR-1,TUBE-STD,4455,up,2020-10-01
TM-06441,ACC-DLR-8,TUBE-DLX,4455,up,2022-02-01
TM-06442,ACC-DLR-15,TUBE-DLX,4482,up,2025-08-01
TM-06443,ACC-DLR-22,TUBE-STD,4482,up,2020-09-01
TM-06444,ACC-DLR-29,TUBE-DLX,4468,up,2026-04-01
TM-06445,ACC-DLR-36,TUBE-STD,4468,up,2023-06-01
TM-06446,ACC-DLR-3,TUBE-STD,4468,up,2024-08-01
TM-06447,ACC-DLR-10,TUBE-STD,4455,up,2021-02-01
TM-06448,ACC-DLR-17,TUBE-STD,4462,up,2019-07-01
TM-06449,ACC-DLR-24,TUBE-STD,4482,up,2023-05-01
TM-06450,ACC-DLR-31,TUBE-STD,4482,up,2023-01-01
TM-06451,ACC-DLR-38,TUBE-STD,4482,up,2022-03-01
TM-06452,ACC-DLR-5,TUBE-STD,4468,up,2026-11-01
TM-06453,ACC-DLR-12,TUBE-DLX,4462,up,2022-07-01
TM-06454,ACC-DLR-19,TUBE-STD,4455,up,2025-04-01
TM-06455,ACC-DLR-26,TUBE-STD,4462,up,2019-03-01
TM-06456,ACC-DLR-33,TUBE-STD,4482,up,2022-12-01
TM-06457,ACC-DLR-40,TUBE-STD,4455,up,2026-04-01
TM-06458,ACC-DLR-7,TUBE-STD,4482,up,2026-01-01
TM-06459,ACC-DLR-14,TUBE-STD,4455,up,2026-04-01
TM-06460,ACC-DLR-21,TUBE-STD,4462,up,2022-05-01
TM-06461,ACC-DLR-28,TUBE-STD,4468,up,2024-08-01
TM-06462,ACC-DLR-35,TUBE-STD,4455,up,2019-02-01
TM-06463,ACC-DLR-2,TUBE-STD,4462,up,2024-09-01
TM-06464,ACC-DLR-9,TUBE-STD,4482,up,2019-07-01
TM-06465,ACC-DLR-16,TUBE-STD,4462,up,2024-12-01
TM-06466,ACC-DLR-23,TUBE-STD,4455,up,2019-06-01
TM-06467,ACC-DLR-30,TUBE-STD,4482,up,2026-08-01
TM-06468,ACC-DLR-37,TUBE-DLX,4455,up,2025-03-01
TM-06469,ACC-DLR-4,TUBE-DLX,4455,up,2023-01-01
TM-06470,ACC-DLR-11,TUBE-STD,4462,up,2022-03-01
TM-06471,ACC-DLR-18,TUBE-STD,4482,up,2025-02-01
TM-06472,ACC-DLR-25,TUBE-DLX,4482,up,2019-05-01
TM-06473,ACC-DLR-32,TUBE-STD,4482,up,2020-05-01
TM-06474,ACC-DLR-39,TUBE-STD,4462,up,2023-06-01
TM-06475,ACC-DLR-6,TUBE-DLX,4462,up,2026-07-01
TM-06476,ACC-DLR-13,TUBE-DLX,4482,up,2022-03-01
TM-06477,ACC-DLR-20,TUBE-STD,4468,up,2022-12-01
TM-06478,ACC-DLR-27,TUBE-STD,4482,up,2020-11-01
TM-06479,ACC-DLR-34,TUBE-STD,4462,up,2024-06-01
TM-06480,ACC-DLR-1,TUBE-STD,4455,up,2023-02-01
TM-06481,ACC-DLR-8,TUBE-DLX,4455,up,2021-03-01
TM-06482,ACC-DLR-15,TUBE-STD,4462,up,2019-09-01
TM-06483,ACC-DLR-22,TUBE-STD,4462,up,2026-01-01
TM-06484,ACC-DLR-29,TUBE-STD,4455,up,2020-08-01
TM-06485,ACC-DLR-36,TUBE-STD,4462,up,2025-01-01
TM-06486,ACC-DLR-3,TUBE-DLX,4482,up,2026-05-01
TM-06487,ACC-DLR-10,TUBE-DLX,4468,up,2019-12-01
TM-06488,ACC-DLR-17,TUBE-STD,4462,up,2024-08-01
TM-06489,ACC-DLR-24,TUBE-DLX,4455,up,2022-09-01
TM-06490,ACC-DLR-31,TUBE-STD,4462,up,2021-09-01
TM-06491,ACC-DLR-38,TUBE-STD,4468,up,2026-06-01
TM-06492,ACC-DLR-5,TUBE-STD,4462,up,2022-02-01
TM-06493,ACC-DLR-12,TUBE-DLX,4468,up,2020-10-01
TM-06494,ACC-DLR-19,TUBE-STD,4455,up,2020-01-01
TM-06495,ACC-DLR-26,TUBE-DLX,4455,up,2021-10-01
TM-06496,ACC-DLR-33,TUBE-STD,4482,up,2022-04-01
TM-06497,ACC-DLR-40,TUBE-STD,4455,up,2022-11-01
TM-06498,ACC-DLR-7,TUBE-STD,4468,up,2024-09-01
TM-06499,ACC-DLR-14,TUBE-DLX,4462,up,2022-03-01
TM-06500,ACC-DLR-21,TUBE-STD,4455,up,2025-06-01
TM-06501,ACC-DLR-28,TUBE-STD,4468,up,2026-05-01
TM-06502,ACC-DLR-35,TUBE-STD,4482,up,2025-11-01
TM-06503,ACC-DLR-2,TUBE-STD,4455,up,2021-03-01
TM-06504,ACC-DLR-9,TUBE-STD,4462,up,2026-05-01
TM-06505,ACC-DLR-16,TUBE-STD,4468,up,2019-09-01
TM-06506,ACC-DLR-23,TUBE-DLX,4482,up,2019-03-01
TM-06507,ACC-DLR-30,TUBE-STD,4462,up,2025-05-01
TM-06508,ACC-DLR-37,TUBE-STD,4468,up,2025-02-01
TM-06509,ACC-DLR-4,TUBE-DLX,4468,up,2026-06-01
TM-06510,ACC-DLR-11,TUBE-DLX,4468,up,2022-12-01
TM-06511,ACC-DLR-18,TUBE-STD,4468,up,2021-05-01
TM-06512,ACC-DLR-25,TUBE-DLX,4468,up,2019-02-01
TM-06513,ACC-DLR-32,TUBE-STD,4455,up,2020-05-01
TM-06514,ACC-DLR-39,TUBE-STD,4468,up,2026-08-01
TM-06515,ACC-DLR-6,TUBE-STD,4482,up,2025-02-01
TM-06516,ACC-DLR-13,TUBE-DLX,4482,up,2023-01-01
TM-06517,ACC-DLR-20,TUBE-STD,4482,up,2025-10-01
TM-06518,ACC-DLR-27,TUBE-STD,4462,up,2022-04-01
TM-06519,ACC-DLR-34,TUBE-DLX,4468,up,2022-05-01
TM-06520,ACC-DLR-1,TUBE-DLX,4482,up,2025-09-01
TM-06521,ACC-DLR-8,TUBE-DLX,4468,up,2020-05-01
TM-06522,ACC-DLR-15,TUBE-DLX,4462,up,2022-09-01
TM-06523,ACC-DLR-22,TUBE-DLX,4455,up,2022-12-01
TM-06524,ACC-DLR-29,TUBE-DLX,4468,up,2019-09-01
TM-06525,ACC-DLR-36,TUBE-STD,4468,up,2019-08-01
TM-06526,ACC-DLR-3,TUBE-STD,4468,up,2020-01-01
TM-06527,ACC-DLR-10,TUBE-STD,4455,up,2022-03-01
TM-06528,ACC-DLR-17,TUBE-STD,4468,up,2021-03-01
TM-06529,ACC-DLR-24,TUBE-DLX,4482,up,2019-02-01
TM-06530,ACC-DLR-31,TUBE-STD,4462,up,2025-03-01
TM-06531,ACC-DLR-38,TUBE-STD,4468,up,2019-04-01
TM-06532,ACC-DLR-5,TUBE-DLX,4462,up,2022-01-01
TM-06533,ACC-DLR-12,TUBE-STD,4482,up,2026-04-01
TM-06534,ACC-DLR-19,TUBE-STD,4455,up,2023-01-01
TM-06535,ACC-DLR-26,TUBE-DLX,4462,up,2021-09-01
TM-06536,ACC-DLR-33,TUBE-STD,4462,up,2021-03-01
TM-06537,ACC-DLR-40,TUBE-STD,4455,up,2026-06-01
TM-06538,ACC-DLR-7,TUBE-STD,4482,up,2019-03-01
TM-06539,ACC-DLR-14,TUBE-DLX,4482,up,2019-12-01
TM-06540,ACC-DLR-21,TUBE-STD,4482,up,2022-04-01
TM-06541,ACC-DLR-28,TUBE-DLX,4482,up,2019-06-01
TM-06542,ACC-DLR-35,TUBE-STD,4455,up,2021-08-01
TM-06543,ACC-DLR-2,TUBE-STD,4462,up,2019-10-01
TM-06544,ACC-DLR-9,TUBE-DLX,4455,up,2019-09-01
TM-06545,ACC-DLR-16,TUBE-STD,4482,up,2020-02-01
TM-06546,ACC-DLR-23,TUBE-STD,4462,up,2023-01-01
TM-06547,ACC-DLR-30,TUBE-STD,4468,up,2022-03-01
TM-06548,ACC-DLR-37,TUBE-STD,4462,up,2025-01-01
TM-06549,ACC-DLR-4,TUBE-STD,4462,up,2025-06-01
TM-06550,ACC-DLR-11,TUBE-STD,4455,up,2026-05-01
TM-06551,ACC-DLR-18,TUBE-DLX,4482,up,2023-09-01
TM-06552,ACC-DLR-25,TUBE-STD,4482,up,2022-04-01
TM-06553,ACC-DLR-32,TUBE-STD,4482,up,2020-05-01
TM-06554,ACC-DLR-39,TUBE-STD,4468,up,2019-07-01
TM-06555,ACC-DLR-6,TUBE-DLX,4455,up,2026-08-01
TM-06556,ACC-DLR-13,TUBE-STD,4482,up,2020-09-01
TM-06557,ACC-DLR-20,TUBE-DLX,4482,up,2024-04-01
TM-06558,ACC-DLR-27,TUBE-DLX,4468,up,2023-06-01
TM-06559,ACC-DLR-34,TUBE-STD,4468,up,2024-02-01
TM-06560,ACC-DLR-1,TUBE-STD,4482,up,2020-08-01
TM-06561,ACC-DLR-8,TUBE-STD,4455,up,2020-04-01
TM-06562,ACC-DLR-15,TUBE-STD,4482,up,2021-06-01
TM-06563,ACC-DLR-22,TUBE-STD,4482,up,2024-02-01
TM-06564,ACC-DLR-29,TUBE-STD,4455,up,2022-11-01
TM-06565,ACC-DLR-36,TUBE-DLX,4482,up,2019-04-01
TM-06566,ACC-DLR-3,TUBE-STD,4455,up,2019-09-01
TM-06567,ACC-DLR-10,TUBE-DLX,4462,up,2021-11-01
TM-06568,ACC-DLR-17,TUBE-STD,4462,up,2021-05-01
TM-06569,ACC-DLR-24,TUBE-STD,4468,up,2025-02-01
TM-06570,ACC-DLR-31,TUBE-STD,4482,up,2023-08-01
TM-06571,ACC-DLR-38,TUBE-STD,4462,up,2023-05-01
TM-06572,ACC-DLR-5,TUBE-STD,4455,up,2021-01-01
TM-06573,ACC-DLR-12,TUBE-DLX,4482,up,2021-02-01
TM-06574,ACC-DLR-19,TUBE-STD,4462,up,2022-10-01
TM-06575,ACC-DLR-26,TUBE-STD,4482,up,2026-11-01
TM-06576,ACC-DLR-33,TUBE-DLX,4482,up,2021-07-01
TM-06577,ACC-DLR-40,TUBE-DLX,4455,up,2021-08-01
TM-06578,ACC-DLR-7,TUBE-STD,4462,up,2021-05-01
TM-06579,ACC-DLR-14,TUBE-STD,4482,up,2025-08-01
TM-06580,ACC-DLR-21,TUBE-STD,4462,up,2026-11-01
TM-06581,ACC-DLR-28,TUBE-DLX,4455,up,2023-03-01
TM-06582,ACC-DLR-35,TUBE-STD,4455,up,2021-04-01
TM-06583,ACC-DLR-2,TUBE-STD,4482,up,2020-07-01
TM-06584,ACC-DLR-9,TUBE-STD,4462,up,2019-06-01
TM-06585,ACC-DLR-16,TUBE-STD,4468,up,2019-05-01
TM-06586,ACC-DLR-23,TUBE-STD,4462,up,2024-05-01
TM-06587,ACC-DLR-30,TUBE-DLX,4482,up,2019-11-01
TM-06588,ACC-DLR-37,TUBE-STD,4482,up,2021-06-01
TM-06589,ACC-DLR-4,TUBE-DLX,4468,up,2020-12-01
TM-06590,ACC-DLR-11,TUBE-DLX,4462,up,2019-06-01
TM-06591,ACC-DLR-18,TUBE-STD,4462,up,2023-01-01
TM-06592,ACC-DLR-25,TUBE-STD,4455,up,2024-09-01
TM-06593,ACC-DLR-32,TUBE-STD,4468,up,2024-03-01
TM-06594,ACC-DLR-39,TUBE-STD,4455,up,2025-06-01
TM-06595,ACC-DLR-6,TUBE-STD,4482,up,2023-11-01
TM-06596,ACC-DLR-13,TUBE-STD,4455,up,2025-08-01
TM-06597,ACC-DLR-20,TUBE-STD,4462,up,2022-02-01
TM-06598,ACC-DLR-27,TUBE-STD,4462,up,2021-02-01
TM-06599,ACC-DLR-34,TUBE-STD,4462,up,2023-12-01
TM-06600,ACC-DLR-1,TUBE-DLX,4482,up,2021-05-01
TM-06601,ACC-DLR-8,TUBE-DLX,4455,up,2024-07-01
TM-06602,ACC-DLR-15,TUBE-STD,4455,up,2023-12-01
TM-06603,ACC-DLR-22,TUBE-DLX,4482,up,2023-12-01
TM-06604,ACC-DLR-29,TUBE-DLX,4468,up,2021-01-01
TM-06605,ACC-DLR-36,TUBE-STD,4455,up,2023-03-01
TM-06606,ACC-DLR-3,TUBE-STD,4455,up,2019-10-01
TM-06607,ACC-DLR-10,TUBE-STD,4462,up,2025-10-01
TM-06608,ACC-DLR-17,TUBE-DLX,4468,up,2025-10-01
TM-06609,ACC-DLR-24,TUBE-STD,4482,up,2021-07-01
TM-06610,ACC-DLR-31,TUBE-STD,4462,up,2019-10-01
TM-06611,ACC-DLR-38,TUBE-STD,4482,up,2026-03-01
TM-06612,ACC-DLR-5,TUBE-DLX,4468,up,2023-05-01
TM-06613,ACC-DLR-12,TUBE-STD,4455,up,2023-03-01
TM-06614,ACC-DLR-19,TUBE-STD,4482,up,2021-02-01
TM-06615,ACC-DLR-26,TUBE-STD,4468,up,2022-04-01
TM-06616,ACC-DLR-33,TUBE-DLX,4455,up,2022-07-01
TM-06617,ACC-DLR-40,TUBE-STD,4482,up,2023-02-01
TM-06618,ACC-DLR-7,TUBE-STD,4462,up,2024-01-01
TM-06619,ACC-DLR-14,TUBE-STD,4468,up,2021-03-01
TM-06620,ACC-DLR-21,TUBE-DLX,4482,up,2020-04-01
TM-06621,ACC-DLR-28,TUBE-STD,4462,up,2022-01-01
TM-06622,ACC-DLR-35,TUBE-DLX,4468,up,2025-07-01
TM-06623,ACC-DLR-2,TUBE-STD,4482,up,2019-01-01
TM-06624,ACC-DLR-9,TUBE-STD,4462,up,2024-02-01
TM-06625,ACC-DLR-16,TUBE-DLX,4455,up,2019-02-01
TM-06626,ACC-DLR-23,TUBE-STD,4468,up,2025-10-01
TM-06627,ACC-DLR-30,TUBE-STD,4468,up,2021-06-01
TM-06628,ACC-DLR-37,TUBE-STD,4462,up,2021-01-01
TM-06629,ACC-DLR-4,TUBE-STD,4462,up,2026-02-01
TM-06630,ACC-DLR-11,TUBE-STD,4482,up,2022-02-01
TM-06631,ACC-DLR-18,TUBE-DLX,4468,up,2025-09-01
TM-06632,ACC-DLR-25,TUBE-STD,4468,up,2023-04-01
TM-06633,ACC-DLR-32,TUBE-STD,4468,up,2019-05-01
TM-06634,ACC-DLR-39,TUBE-STD,4455,up,2020-12-01
TM-06635,ACC-DLR-6,TUBE-STD,4482,up,2026-04-01
TM-06636,ACC-DLR-13,TUBE-DLX,4455,up,2020-11-01
TM-06637,ACC-DLR-20,TUBE-STD,4455,up,2025-08-01
TM-06638,ACC-DLR-27,TUBE-STD,4482,up,2023-09-01
TM-06639,ACC-DLR-34,TUBE-STD,4455,up,2019-11-01
TM-06640,ACC-DLR-1,TUBE-STD,4455,up,2023-04-01
TM-06641,ACC-DLR-8,TUBE-DLX,4468,up,2019-01-01
TM-06642,ACC-DLR-15,TUBE-DLX,4462,up,2020-07-01
TM-06643,ACC-DLR-22,TUBE-STD,4468,up,2020-10-01
TM-06644,ACC-DLR-29,TUBE-DLX,4462,up,2025-01-01
TM-06645,ACC-DLR-36,TUBE-STD,4462,up,2020-02-01
TM-06646,ACC-DLR-3,TUBE-DLX,4455,up,2022-03-01
TM-06647,ACC-DLR-10,TUBE-STD,4482,up,2024-01-01
TM-06648,ACC-DLR-17,TUBE-STD,4455,up,2021-05-01
TM-06649,ACC-DLR-24,TUBE-STD,4482,up,2019-09-01
TM-06650,ACC-DLR-31,TUBE-STD,4468,up,2019-09-01
TM-06651,ACC-DLR-38,TUBE-STD,4462,up,2024-10-01
TM-06652,ACC-DLR-5,TUBE-STD,4468,up,2023-10-01
TM-06653,ACC-DLR-12,TUBE-DLX,4455,up,2021-07-01
TM-06654,ACC-DLR-19,TUBE-STD,4468,up,2022-04-01
TM-06655,ACC-DLR-26,TUBE-STD,4455,up,2022-02-01
TM-06656,ACC-DLR-33,TUBE-DLX,4482,up,2019-01-01
TM-06657,ACC-DLR-40,TUBE-STD,4468,up,2026-12-01
TM-06658,ACC-DLR-7,TUBE-STD,4455,up,2026-01-01
TM-06659,ACC-DLR-14,TUBE-STD,4482,up,2019-05-01
TM-06660,ACC-DLR-21,TUBE-STD,4455,up,2019-04-01
TM-06661,ACC-DLR-28,TUBE-DLX,4468,up,2026-10-01
TM-06662,ACC-DLR-35,TUBE-STD,4455,up,2019-02-01
TM-06663,ACC-DLR-2,TUBE-DLX,4468,up,2025-03-01
TM-06664,ACC-DLR-9,TUBE-STD,4462,up,2021-06-01
TM-06665,ACC-DLR-16,TUBE-DLX,4455,up,2020-01-01
TM-06666,ACC-DLR-23,TUBE-STD,4482,up,2023-08-01
TM-06667,ACC-DLR-30,TUBE-DLX,4482,up,2022-11-01
TM-06668,ACC-DLR-37,TUBE-STD,4462,up,2024-03-01
TM-06669,ACC-DLR-4,TUBE-DLX,4468,up,2019-02-01
TM-06670,ACC-DLR-11,TUBE-STD,4482,up,2026-10-01
TM-06671,ACC-DLR-18,TUBE-STD,4462,up,2021-11-01
TM-06672,ACC-DLR-25,TUBE-STD,4455,up,2021-02-01
TM-06673,ACC-DLR-32,TUBE-STD,4482,up,2020-01-01
TM-06674,ACC-DLR-39,TUBE-DLX,4482,up,2023-05-01
TM-06675,ACC-DLR-6,TUBE-STD,4455,up,2020-06-01
TM-06676,ACC-DLR-13,TUBE-STD,4455,up,2020-12-01
TM-06677,ACC-DLR-20,TUBE-STD,4482,up,2022-12-01
TM-06678,ACC-DLR-27,TUBE-STD,4462,up,2021-10-01
TM-06679,ACC-DLR-34,TUBE-STD,4455,up,2025-06-01
TM-06680,ACC-DLR-1,TUBE-STD,4455,up,2026-12-01
TM-06681,ACC-DLR-8,TUBE-STD,4468,up,2020-05-01
TM-06682,ACC-DLR-15,TUBE-STD,4482,up,2025-09-01
TM-06683,ACC-DLR-22,TUBE-STD,4462,up,2021-05-01
TM-06684,ACC-DLR-29,TUBE-DLX,4482,up,2025-03-01
TM-06685,ACC-DLR-36,TUBE-DLX,4455,up,2025-11-01
TM-06686,ACC-DLR-3,TUBE-STD,4455,up,2022-09-01
TM-06687,ACC-DLR-10,TUBE-STD,4468,up,2026-05-01
TM-06688,ACC-DLR-17,TUBE-STD,4462,up,2020-07-01
TM-06689,ACC-DLR-24,TUBE-STD,4455,up,2022-05-01
TM-06690,ACC-DLR-31,TUBE-STD,4468,up,2023-05-01
TM-06691,ACC-DLR-38,TUBE-STD,4468,up,2024-10-01
TM-06692,ACC-DLR-5,TUBE-STD,4462,up,2022-08-01
TM-06693,ACC-DLR-12,TUBE-STD,4455,up,2023-05-01
TM-06694,ACC-DLR-19,TUBE-STD,4482,up,2019-08-01
TM-06695,ACC-DLR-26,TUBE-STD,4455,up,2023-10-01
TM-06696,ACC-DLR-33,TUBE-STD,4455,up,2025-10-01
TM-06697,ACC-DLR-40,TUBE-STD,4482,up,2019-02-01
TM-06698,ACC-DLR-7,TUBE-DLX,4462,up,2026-11-01
TM-06699,ACC-DLR-14,TUBE-DLX,4482,up,2025-01-01
TM-06700,ACC-DLR-21,TUBE-STD,4468,up,2026-09-01
TM-06701,ACC-DLR-28,TUBE-STD,4482,up,2020-04-01
TM-06702,ACC-DLR-35,TUBE-DLX,4462,up,2020-04-01
TM-06703,ACC-DLR-2,TUBE-STD,4482,up,2024-12-01
TM-06704,ACC-DLR-9,TUBE-STD,4455,up,2022-03-01
TM-06705,ACC-DLR-16,TUBE-STD,4462,up,2026-12-01
TM-06706,ACC-DLR-23,TUBE-STD,4482,up,2022-03-01
TM-06707,ACC-DLR-30,TUBE-DLX,4468,up,2024-09-01
TM-06708,ACC-DLR-37,TUBE-DLX,4462,up,2021-02-01
TM-06709,ACC-DLR-4,TUBE-STD,4455,up,2024-03-01
TM-06710,ACC-DLR-11,TUBE-STD,4455,up,2019-06-01
TM-06711,ACC-DLR-18,TUBE-DLX,4468,up,2025-11-01
TM-06712,ACC-DLR-25,TUBE-STD,4468,up,2019-10-01
TM-06713,ACC-DLR-32,TUBE-DLX,4462,up,2023-05-01
TM-06714,ACC-DLR-39,TUBE-STD,4468,up,2020-02-01
TM-06715,ACC-DLR-6,TUBE-DLX,4482,up,2019-06-01
TM-06716,ACC-DLR-13,TUBE-STD,4482,up,2025-07-01
TM-06717,ACC-DLR-20,TUBE-DLX,4482,up,2022-11-01
TM-06718,ACC-DLR-27,TUBE-DLX,4455,up,2019-05-01
TM-06719,ACC-DLR-34,TUBE-STD,4455,up,2026-08-01
TM-06720,ACC-DLR-1,TUBE-STD,4468,up,2023-02-01
TM-06721,ACC-DLR-8,TUBE-STD,4455,up,2024-07-01
TM-06722,ACC-DLR-15,TUBE-STD,4482,up,2024-11-01
TM-06723,ACC-DLR-22,TUBE-STD,4462,up,2026-11-01
TM-06724,ACC-DLR-29,TUBE-STD,4482,up,2025-06-01
TM-06725,ACC-DLR-36,TUBE-DLX,4455,up,2021-01-01
TM-06726,ACC-DLR-3,TUBE-STD,4462,up,2023-11-01
TM-06727,ACC-DLR-10,TUBE-STD,4468,up,2020-11-01
TM-06728,ACC-DLR-17,TUBE-STD,4468,up,2026-09-01
TM-06729,ACC-DLR-24,TUBE-STD,4455,up,2021-06-01
TM-06730,ACC-DLR-31,TUBE-DLX,4462,up,2020-04-01
TM-06731,ACC-DLR-38,TUBE-STD,4482,up,2024-03-01
TM-06732,ACC-DLR-5,TUBE-STD,4468,up,2020-12-01
TM-06733,ACC-DLR-12,TUBE-STD,4468,up,2020-06-01
TM-06734,ACC-DLR-19,TUBE-STD,4468,up,2026-12-01
TM-06735,ACC-DLR-26,TUBE-STD,4482,up,2022-11-01
TM-06736,ACC-DLR-33,TUBE-STD,4482,up,2026-04-01
TM-06737,ACC-DLR-40,TUBE-DLX,4455,up,2025-11-01
TM-06738,ACC-DLR-7,TUBE-STD,4482,up,2021-01-01
TM-06739,ACC-DLR-14,TUBE-STD,4455,up,2020-12-01
TM-06740,ACC-DLR-21,TUBE-STD,4468,up,2025-05-01
TM-06741,ACC-DLR-28,TUBE-DLX,4455,up,2022-09-01
TM-06742,ACC-DLR-35,TUBE-STD,4462,up,2024-03-01
TM-06743,ACC-DLR-2,TUBE-STD,4462,up,2026-09-01
TM-06744,ACC-DLR-9,TUBE-STD,4455,up,2023-07-01
TM-06745,ACC-DLR-16,TUBE-STD,4462,up,2025-10-01
TM-06746,ACC-DLR-23,TUBE-STD,4462,up,2024-05-01
TM-06747,ACC-DLR-30,TUBE-STD,4468,up,2021-01-01
TM-06748,ACC-DLR-37,TUBE-STD,4482,up,2023-02-01
TM-06749,ACC-DLR-4,TUBE-DLX,4462,up,2022-08-01
TM-06750,ACC-DLR-11,TUBE-STD,4462,up,2023-06-01
TM-06751,ACC-DLR-18,TUBE-STD,4462,up,2020-07-01
TM-06752,ACC-DLR-25,TUBE-STD,4455,up,2023-08-01
TM-06753,ACC-DLR-32,TUBE-DLX,4462,up,2019-06-01
TM-06754,ACC-DLR-39,TUBE-DLX,4468,up,2025-03-01
TM-06755,ACC-DLR-6,TUBE-STD,4468,up,2026-05-01
TM-06756,ACC-DLR-13,TUBE-STD,4468,up,2020-05-01
TM-06757,ACC-DLR-20,TUBE-STD,4455,up,2019-04-01
TM-06758,ACC-DLR-27,TUBE-STD,4455,up,2025-10-01
TM-06759,ACC-DLR-34,TUBE-STD,4462,up,2025-07-01
TM-06760,ACC-DLR-1,TUBE-STD,4455,up,2023-01-01
TM-06761,ACC-DLR-8,TUBE-STD,4482,up,2019-12-01
TM-06762,ACC-DLR-15,TUBE-STD,4468,up,2026-03-01
TM-06763,ACC-DLR-22,TUBE-STD,4482,up,2026-07-01
TM-06764,ACC-DLR-29,TUBE-STD,4455,up,2023-06-01
TM-06765,ACC-DLR-36,TUBE-STD,4462,up,2019-10-01
TM-06766,ACC-DLR-3,TUBE-STD,4482,up,2022-08-01
TM-06767,ACC-DLR-10,TUBE-DLX,4462,up,2020-12-01
TM-06768,ACC-DLR-17,TUBE-DLX,4455,up,2026-11-01
TM-06769,ACC-DLR-24,TUBE-DLX,4462,up,2021-09-01
TM-06770,ACC-DLR-31,TUBE-DLX,4462,up,2022-10-01
TM-06771,ACC-DLR-38,TUBE-STD,4468,up,2022-12-01
TM-06772,ACC-DLR-5,TUBE-STD,4462,up,2025-07-01
TM-06773,ACC-DLR-12,TUBE-STD,4468,up,2022-11-01
TM-06774,ACC-DLR-19,TUBE-DLX,4468,up,2019-09-01
TM-06775,ACC-DLR-26,TUBE-DLX,4482,up,2025-09-01
TM-06776,ACC-DLR-33,TUBE-DLX,4455,up,2026-07-01
TM-06777,ACC-DLR-40,TUBE-DLX,4482,up,2026-11-01
TM-06778,ACC-DLR-7,TUBE-STD,4468,up,2022-11-01
TM-06779,ACC-DLR-14,TUBE-DLX,4482,up,2026-04-01
TM-06780,ACC-DLR-21,TUBE-DLX,4482,up,2026-03-01
TM-06781,ACC-DLR-28,TUBE-STD,4455,up,2026-02-01
TM-06782,ACC-DLR-35,TUBE-STD,4462,up,2020-03-01
TM-06783,ACC-DLR-2,TUBE-STD,4482,up,2026-05-01
TM-06784,ACC-DLR-9,TUBE-STD,4468,up,2025-02-01
TM-06785,ACC-DLR-16,TUBE-STD,4462,up,2019-11-01
TM-06786,ACC-DLR-23,TUBE-STD,4468,up,2023-04-01
TM-06787,ACC-DLR-30,TUBE-DLX,4455,up,2020-05-01
TM-06788,ACC-DLR-37,TUBE-DLX,4482,up,2023-02-01
TM-06789,ACC-DLR-4,TUBE-DLX,4482,up,2026-07-01
TM-06790,ACC-DLR-11,TUBE-STD,4468,up,2020-05-01
TM-06791,ACC-DLR-18,TUBE-DLX,4455,up,2022-11-01
TM-06792,ACC-DLR-25,TUBE-STD,4482,up,2020-12-01
TM-06793,ACC-DLR-32,TUBE-STD,4482,up,2021-11-01
TM-06794,ACC-DLR-39,TUBE-DLX,4468,up,2020-07-01
TM-06795,ACC-DLR-6,TUBE-DLX,4482,up,2026-03-01
TM-06796,ACC-DLR-13,TUBE-DLX,4468,up,2025-04-01
TM-06797,ACC-DLR-20,TUBE-STD,4482,up,2026-03-01
TM-06798,ACC-DLR-27,TUBE-STD,4468,up,2025-07-01
TM-06799,ACC-DLR-34,TUBE-STD,4468,up,2026-04-01
TM-06800,ACC-DLR-1,TUBE-STD,4482,up,2021-07-01
TM-06801,ACC-DLR-8,TUBE-STD,4468,up,2024-12-01
TM-06802,ACC-DLR-15,TUBE-DLX,4455,up,2022-01-01
TM-06803,ACC-DLR-22,TUBE-DLX,4482,up,2023-10-01
TM-06804,ACC-DLR-29,TUBE-STD,4455,up,2024-12-01
TM-06805,ACC-DLR-36,TUBE-STD,4482,up,2025-12-01
TM-06806,ACC-DLR-3,TUBE-STD,4455,up,2023-12-01
TM-06807,ACC-DLR-10,TUBE-STD,4462,up,2021-11-01
TM-06808,ACC-DLR-17,TUBE-DLX,4468,up,2023-07-01
TM-06809,ACC-DLR-24,TUBE-DLX,4455,up,2020-09-01
TM-06810,ACC-DLR-31,TUBE-STD,4468,up,2019-11-01
TM-06811,ACC-DLR-38,TUBE-STD,4468,up,2020-11-01
TM-06812,ACC-DLR-5,TUBE-STD,4482,up,2025-08-01
TM-06813,ACC-DLR-12,TUBE-STD,4482,up,2021-04-01
TM-06814,ACC-DLR-19,TUBE-DLX,4468,up,2022-03-01
TM-06815,ACC-DLR-26,TUBE-STD,4482,up,2026-09-01
TM-06816,ACC-DLR-33,TUBE-DLX,4482,up,2024-03-01
TM-06817,ACC-DLR-40,TUBE-STD,4455,up,2023-08-01
TM-06818,ACC-DLR-7,TUBE-DLX,4468,up,2021-09-01
TM-06819,ACC-DLR-14,TUBE-STD,4468,up,2021-11-01
TM-06820,ACC-DLR-21,TUBE-STD,4482,up,2020-06-01
TM-06821,ACC-DLR-28,TUBE-STD,4455,up,2019-07-01
TM-06822,ACC-DLR-35,TUBE-STD,4455,up,2025-06-01
TM-06823,ACC-DLR-2,TUBE-STD,4455,up,2026-11-01
TM-06824,ACC-DLR-9,TUBE-DLX,4455,up,2026-08-01
TM-06825,ACC-DLR-16,TUBE-STD,4462,up,2025-03-01
TM-06826,ACC-DLR-23,TUBE-STD,4468,up,2023-05-01
TM-06827,ACC-DLR-30,TUBE-DLX,4482,up,2024-05-01
TM-06828,ACC-DLR-37,TUBE-DLX,4468,up,2025-04-01
TM-06829,ACC-DLR-4,TUBE-DLX,4468,up,2025-08-01
TM-06830,ACC-DLR-11,TUBE-STD,4455,up,2021-04-01
TM-06831,ACC-DLR-18,TUBE-STD,4482,up,2024-06-01
TM-06832,ACC-DLR-25,TUBE-STD,4462,up,2023-03-01
TM-06833,ACC-DLR-32,TUBE-DLX,4455,up,2024-08-01
TM-06834,ACC-DLR-39,TUBE-STD,4468,up,2020-05-01
TM-06835,ACC-DLR-6,TUBE-STD,4482,up,2025-11-01
TM-06836,ACC-DLR-13,TUBE-STD,4482,up,2021-01-01
TM-06837,ACC-DLR-20,TUBE-DLX,4455,up,2020-01-01
TM-06838,ACC-DLR-27,TUBE-STD,4455,up,2019-08-01
TM-06839,ACC-DLR-34,TUBE-DLX,4482,up,2021-06-01
TM-06840,ACC-DLR-1,TUBE-DLX,4468,up,2025-03-01
TM-06841,ACC-DLR-8,TUBE-STD,4468,up,2020-12-01
TM-06842,ACC-DLR-15,TUBE-STD,4468,up,2025-03-01
TM-06843,ACC-DLR-22,TUBE-STD,4455,up,2022-05-01
TM-06844,ACC-DLR-29,TUBE-STD,4462,up,2019-01-01
TM-06845,ACC-DLR-36,TUBE-STD,4468,up,2024-01-01
TM-06846,ACC-DLR-3,TUBE-STD,4462,up,2022-02-01
TM-06847,ACC-DLR-10,TUBE-STD,4468,up,2025-04-01
TM-06848,ACC-DLR-17,TUBE-STD,4482,up,2021-01-01
TM-06849,ACC-DLR-24,TUBE-STD,4455,up,2023-11-01
TM-06850,ACC-DLR-31,TUBE-STD,4455,up,2019-12-01
TM-06851,ACC-DLR-38,TUBE-STD,4468,up,2020-03-01
TM-06852,ACC-DLR-5,TUBE-STD,4455,up,2019-09-01
TM-06853,ACC-DLR-12,TUBE-STD,4468,up,2021-08-01
TM-06854,ACC-DLR-19,TUBE-STD,4455,up,2020-11-01
TM-06855,ACC-DLR-26,TUBE-STD,4468,up,2019-01-01
TM-06856,ACC-DLR-33,TUBE-STD,4455,up,2024-05-01
TM-06857,ACC-DLR-40,TUBE-STD,4462,up,2019-02-01
TM-06858,ACC-DLR-7,TUBE-STD,4455,up,2021-10-01
TM-06859,ACC-DLR-14,TUBE-STD,4462,up,2023-04-01
TM-06860,ACC-DLR-21,TUBE-STD,4462,up,2026-04-01
TM-06861,ACC-DLR-28,TUBE-STD,4482,up,2020-01-01
TM-06862,ACC-DLR-35,TUBE-DLX,4482,up,2025-03-01
TM-06863,ACC-DLR-2,TUBE-STD,4468,up,2020-03-01
TM-06864,ACC-DLR-9,TUBE-DLX,4455,up,2024-08-01
TM-06865,ACC-DLR-16,TUBE-DLX,4462,up,2019-06-01
TM-06866,ACC-DLR-23,TUBE-STD,4455,up,2020-02-01
TM-06867,ACC-DLR-30,TUBE-DLX,4468,up,2022-07-01
TM-06868,ACC-DLR-37,TUBE-STD,4468,up,2023-06-01
TM-06869,ACC-DLR-4,TUBE-STD,4462,up,2024-12-01
TM-06870,ACC-DLR-11,TUBE-STD,4482,up,2021-09-01
TM-06871,ACC-DLR-18,TUBE-DLX,4455,up,2024-12-01
TM-06872,ACC-DLR-25,TUBE-STD,4455,up,2023-03-01
TM-06873,ACC-DLR-32,TUBE-DLX,4462,up,2020-01-01
TM-06874,ACC-DLR-39,TUBE-STD,4482,up,2025-06-01
TM-06875,ACC-DLR-6,TUBE-STD,4462,up,2024-11-01
TM-06876,ACC-DLR-13,TUBE-STD,4455,up,2026-07-01
TM-06877,ACC-DLR-20,TUBE-STD,4462,up,2019-12-01
TM-06878,ACC-DLR-27,TUBE-STD,4482,up,2021-07-01
TM-06879,ACC-DLR-34,TUBE-STD,4482,up,2023-05-01
TM-06880,ACC-DLR-1,TUBE-STD,4462,up,2025-03-01
TM-06881,ACC-DLR-8,TUBE-DLX,4462,up,2019-08-01
TM-06882,ACC-DLR-15,TUBE-DLX,4462,up,2020-07-01
TM-06883,ACC-DLR-22,TUBE-STD,4455,up,2022-12-01
TM-06884,ACC-DLR-29,TUBE-STD,4455,up,2019-10-01
TM-06885,ACC-DLR-36,TUBE-DLX,4455,up,2026-03-01
TM-06886,ACC-DLR-3,TUBE-STD,4482,up,2019-04-01
TM-06887,ACC-DLR-10,TUBE-STD,4468,up,2023-12-01
TM-06888,ACC-DLR-17,TUBE-STD,4462,up,2021-06-01
TM-06889,ACC-DLR-24,TUBE-STD,4468,up,2021-06-01
TM-06890,ACC-DLR-31,TUBE-DLX,4468,up,2020-10-01
TM-06891,ACC-DLR-38,TUBE-STD,4468,up,2020-02-01
TM-06892,ACC-DLR-5,TUBE-STD,4468,up,2022-12-01
TM-06893,ACC-DLR-12,TUBE-STD,4482,up,2022-07-01
TM-06894,ACC-DLR-19,TUBE-DLX,4462,up,2023-04-01
TM-06895,ACC-DLR-26,TUBE-STD,4468,up,2019-05-01
TM-06896,ACC-DLR-33,TUBE-STD,4468,up,2021-03-01
TM-06897,ACC-DLR-40,TUBE-STD,4462,up,2026-06-01
TM-06898,ACC-DLR-7,TUBE-STD,4468,up,2020-03-01
TM-06899,ACC-DLR-14,TUBE-DLX,4482,up,2019-11-01
TM-06900,ACC-DLR-21,TUBE-DLX,4455,up,2025-03-01
TM-06901,ACC-DLR-28,TUBE-STD,4462,up,2026-12-01
TM-06902,ACC-DLR-35,TUBE-DLX,4468,up,2020-05-01
TM-06903,ACC-DLR-2,TUBE-STD,4462,up,2020-12-01
TM-06904,ACC-DLR-9,TUBE-STD,4468,up,2024-09-01
TM-06905,ACC-DLR-16,TUBE-STD,4462,up,2025-07-01
TM-06906,ACC-DLR-23,TUBE-STD,4455,up,2020-08-01
TM-06907,ACC-DLR-30,TUBE-STD,4455,up,2021-09-01
TM-06908,ACC-DLR-37,TUBE-DLX,4462,up,2019-06-01
TM-06909,ACC-DLR-4,TUBE-STD,4455,up,2020-06-01
TM-06910,ACC-DLR-11,TUBE-STD,4455,up,2025-04-01
TM-06911,ACC-DLR-18,TUBE-STD,4468,up,2024-01-01
TM-06912,ACC-DLR-25,TUBE-DLX,4455,up,2022-05-01
TM-06913,ACC-DLR-32,TUBE-STD,4468,up,2025-11-01
TM-06914,ACC-DLR-39,TUBE-DLX,4468,up,2021-04-01
TM-06915,ACC-DLR-6,TUBE-STD,4455,up,2022-04-01
TM-06916,ACC-DLR-13,TUBE-DLX,4482,up,2026-08-01
TM-06917,ACC-DLR-20,TUBE-STD,4482,up,2023-07-01
TM-06918,ACC-DLR-27,TUBE-DLX,4462,up,2021-08-01
TM-06919,ACC-DLR-34,TUBE-STD,4482,up,2025-07-01
TM-06920,ACC-DLR-1,TUBE-DLX,4462,up,2025-06-01
TM-06921,ACC-DLR-8,TUBE-STD,4468,up,2022-09-01
TM-06922,ACC-DLR-15,TUBE-STD,4468,up,2023-02-01
TM-06923,ACC-DLR-22,TUBE-STD,4455,up,2019-12-01
TM-06924,ACC-DLR-29,TUBE-STD,4462,up,2022-08-01
TM-06925,ACC-DLR-36,TUBE-DLX,4462,up,2025-07-01
TM-06926,ACC-DLR-3,TUBE-STD,4482,up,2019-12-01
TM-06927,ACC-DLR-10,TUBE-STD,4462,up,2024-09-01
TM-06928,ACC-DLR-17,TUBE-STD,4455,up,2024-06-01
TM-06929,ACC-DLR-24,TUBE-STD,4462,up,2025-03-01
TM-06930,ACC-DLR-31,TUBE-STD,4482,up,2024-08-01
TM-06931,ACC-DLR-38,TUBE-STD,4482,up,2024-10-01
TM-06932,ACC-DLR-5,TUBE-STD,4462,up,2023-02-01
TM-06933,ACC-DLR-12,TUBE-STD,4482,up,2020-07-01
TM-06934,ACC-DLR-19,TUBE-STD,4462,up,2023-12-01
TM-06935,ACC-DLR-26,TUBE-DLX,4482,up,2026-02-01
TM-06936,ACC-DLR-33,TUBE-DLX,4462,up,2019-04-01
TM-06937,ACC-DLR-40,TUBE-STD,4482,up,2021-08-01
TM-06938,ACC-DLR-7,TUBE-STD,4482,up,2023-01-01
TM-06939,ACC-DLR-14,TUBE-DLX,4482,up,2022-01-01
TM-06940,ACC-DLR-21,TUBE-STD,4468,up,2024-01-01
TM-06941,ACC-DLR-28,TUBE-STD,4462,up,2025-12-01
TM-06942,ACC-DLR-35,TUBE-STD,4468,up,2026-01-01
TM-06943,ACC-DLR-2,TUBE-STD,4482,up,2026-07-01
TM-06944,ACC-DLR-9,TUBE-STD,4468,up,2020-11-01
TM-06945,ACC-DLR-16,TUBE-DLX,4468,up,2023-07-01
TM-06946,ACC-DLR-23,TUBE-STD,4455,up,2025-06-01
TM-06947,ACC-DLR-30,TUBE-DLX,4468,up,2026-10-01
TM-06948,ACC-DLR-37,TUBE-STD,4482,up,2019-09-01
TM-06949,ACC-DLR-4,TUBE-STD,4482,up,2023-12-01
TM-06950,ACC-DLR-11,TUBE-STD,4482,up,2026-04-01
TM-06951,ACC-DLR-18,TUBE-DLX,4462,up,2019-08-01
TM-06952,ACC-DLR-25,TUBE-STD,4468,up,2024-03-01
TM-06953,ACC-DLR-32,TUBE-DLX,4468,up,2024-11-01
TM-06954,ACC-DLR-39,TUBE-DLX,4455,up,2021-12-01
TM-06955,ACC-DLR-6,TUBE-STD,4482,up,2024-03-01
TM-06956,ACC-DLR-13,TUBE-STD,4468,up,2025-08-01
TM-06957,ACC-DLR-20,TUBE-DLX,4462,up,2020-01-01
TM-06958,ACC-DLR-27,TUBE-STD,4482,up,2023-12-01
TM-06959,ACC-DLR-34,TUBE-STD,4462,up,2019-08-01
TM-06960,ACC-DLR-1,TUBE-STD,4462,up,2022-05-01
TM-06961,ACC-DLR-8,TUBE-STD,4482,up,2026-01-01
TM-06962,ACC-DLR-15,TUBE-DLX,4482,up,2019-05-01
TM-06963,ACC-DLR-22,TUBE-DLX,4482,up,2022-12-01
TM-06964,ACC-DLR-29,TUBE-DLX,4468,up,2026-10-01
TM-06965,ACC-DLR-36,TUBE-STD,4455,up,2024-07-01
TM-06966,ACC-DLR-3,TUBE-STD,4455,up,2020-07-01
TM-06967,ACC-DLR-10,TUBE-DLX,4468,up,2022-11-01
TM-06968,ACC-DLR-17,TUBE-STD,4482,up,2020-04-01
TM-06969,ACC-DLR-24,TUBE-STD,4482,up,2026-07-01
TM-06970,ACC-DLR-31,TUBE-STD,4468,up,2025-11-01
TM-06971,ACC-DLR-38,TUBE-DLX,4455,up,2023-03-01
TM-06972,ACC-DLR-5,TUBE-STD,4462,up,2023-06-01
TM-06973,ACC-DLR-12,TUBE-DLX,4455,up,2022-07-01
TM-06974,ACC-DLR-19,TUBE-DLX,4455,up,2023-09-01
TM-06975,ACC-DLR-26,TUBE-STD,4455,up,2024-02-01
TM-06976,ACC-DLR-33,TUBE-STD,4468,up,2026-11-01
TM-06977,ACC-DLR-40,TUBE-STD,4482,up,2023-10-01
TM-06978,ACC-DLR-7,TUBE-DLX,4462,up,2025-10-01
TM-06979,ACC-DLR-14,TUBE-STD,4468,up,2025-12-01
TM-06980,ACC-DLR-21,TUBE-STD,4482,up,2023-05-01
TM-06981,ACC-DLR-28,TUBE-DLX,4462,up,2020-06-01
TM-06982,ACC-DLR-35,TUBE-DLX,4468,up,2026-11-01
TM-06983,ACC-DLR-2,TUBE-STD,4482,up,2026-11-01
TM-06984,ACC-DLR-9,TUBE-DLX,4455,up,2020-01-01
TM-06985,ACC-DLR-16,TUBE-STD,4455,up,2026-03-01
TM-06986,ACC-DLR-23,TUBE-DLX,4482,up,2026-10-01
TM-06987,ACC-DLR-30,TUBE-STD,4455,up,2025-04-01
TM-06988,ACC-DLR-37,TUBE-STD,4462,up,2021-12-01
TM-06989,ACC-DLR-4,TUBE-DLX,4468,up,2023-05-01
TM-06990,ACC-DLR-11,TUBE-STD,4482,up,2025-08-01
TM-06991,ACC-DLR-18,TUBE-STD,4468,up,2025-09-01
TM-06992,ACC-DLR-25,TUBE-STD,4462,up,2026-11-01
TM-06993,ACC-DLR-32,TUBE-DLX,4462,up,2019-03-01
TM-06994,ACC-DLR-39,TUBE-DLX,4462,up,2019-11-01
TM-06995,ACC-DLR-6,TUBE-STD,4462,up,2021-05-01
TM-06996,ACC-DLR-13,TUBE-DLX,4455,up,2021-03-01
TM-06997,ACC-DLR-20,TUBE-STD,4482,up,2020-09-01
TM-06998,ACC-DLR-27,TUBE-STD,4462,up,2022-09-01
TM-06999,ACC-DLR-34,TUBE-STD,4482,up,2025-07-01
TM-07000,ACC-DLR-1,TUBE-STD,4455,up,2026-03-01
TM-07001,ACC-DLR-8,TUBE-DLX,4462,up,2022-10-01
TM-07002,ACC-DLR-15,TUBE-DLX,4462,up,2026-04-01
TM-07003,ACC-DLR-22,TUBE-STD,4455,up,2022-11-01
TM-07004,ACC-DLR-29,TUBE-DLX,4462,up,2026-08-01
TM-07005,ACC-DLR-36,TUBE-STD,4455,up,2024-11-01
TM-07006,ACC-DLR-3,TUBE-STD,4462,up,2026-03-01
TM-07007,ACC-DLR-10,TUBE-STD,4455,up,2024-02-01
TM-07008,ACC-DLR-17,TUBE-STD,4455,up,2023-11-01
TM-07009,ACC-DLR-24,TUBE-STD,4468,up,2021-10-01
TM-07010,ACC-DLR-31,TUBE-STD,4462,up,2019-11-01
TM-07011,ACC-DLR-38,TUBE-DLX,4482,up,2024-05-01
TM-07012,ACC-DLR-5,TUBE-STD,4468,up,2019-04-01
TM-07013,ACC-DLR-12,TUBE-STD,4468,up,2026-01-01
TM-07014,ACC-DLR-19,TUBE-STD,4468,up,2026-05-01
TM-07015,ACC-DLR-26,TUBE-DLX,4455,up,2025-02-01
TM-07016,ACC-DLR-33,TUBE-STD,4468,up,2019-02-01
TM-07017,ACC-DLR-40,TUBE-STD,4455,up,2020-12-01
TM-07018,ACC-DLR-7,TUBE-STD,4455,up,2020-09-01
TM-07019,ACC-DLR-14,TUBE-STD,4462,up,2021-02-01
TM-07020,ACC-DLR-21,TUBE-STD,4468,up,2019-07-01
TM-07021,ACC-DLR-28,TUBE-DLX,4482,up,2020-09-01
TM-07022,ACC-DLR-35,TUBE-DLX,4468,up,2022-10-01
TM-07023,ACC-DLR-2,TUBE-STD,4455,up,2024-01-01
TM-07024,ACC-DLR-9,TUBE-STD,4462,up,2026-07-01
TM-07025,ACC-DLR-16,TUBE-STD,4482,up,2023-08-01
TM-07026,ACC-DLR-23,TUBE-STD,4455,up,2023-10-01
TM-07027,ACC-DLR-30,TUBE-DLX,4462,up,2023-04-01
TM-07028,ACC-DLR-37,TUBE-DLX,4482,up,2025-09-01
TM-07029,ACC-DLR-4,TUBE-STD,4462,up,2022-02-01
TM-07030,ACC-DLR-11,TUBE-STD,4455,up,2025-09-01
TM-07031,ACC-DLR-18,TUBE-DLX,4482,up,2020-01-01
TM-07032,ACC-DLR-25,TUBE-STD,4455,up,2023-04-01
TM-07033,ACC-DLR-32,TUBE-STD,4455,up,2024-09-01
TM-07034,ACC-DLR-39,TUBE-DLX,4455,up,2019-04-01
TM-07035,ACC-DLR-6,TUBE-DLX,4462,up,2022-07-01
TM-07036,ACC-DLR-13,TUBE-DLX,4455,up,2025-11-01
TM-07037,ACC-DLR-20,TUBE-STD,4482,up,2023-09-01
TM-07038,ACC-DLR-27,TUBE-STD,4462,up,2022-06-01
TM-07039,ACC-DLR-34,TUBE-DLX,4462,up,2023-08-01
TM-07040,ACC-DLR-1,TUBE-STD,4482,up,2020-04-01
TM-07041,ACC-DLR-8,TUBE-STD,4482,up,2024-06-01
TM-07042,ACC-DLR-15,TUBE-DLX,4462,up,2025-01-01
TM-07043,ACC-DLR-22,TUBE-STD,4455,up,2023-03-01
TM-07044,ACC-DLR-29,TUBE-STD,4482,up,2020-06-01
TM-07045,ACC-DLR-36,TUBE-STD,4468,up,2020-01-01
TM-07046,ACC-DLR-3,TUBE-STD,4455,up,2023-07-01
TM-07047,ACC-DLR-10,TUBE-DLX,4462,up,2022-11-01
TM-07048,ACC-DLR-17,TUBE-STD,4455,up,2024-08-01
TM-07049,ACC-DLR-24,TUBE-DLX,4482,up,2021-09-01
TM-07050,ACC-DLR-31,TUBE-STD,4455,up,2019-02-01
TM-07051,ACC-DLR-38,TUBE-STD,4482,up,2024-07-01
TM-07052,ACC-DLR-5,TUBE-STD,4455,up,2026-03-01
TM-07053,ACC-DLR-12,TUBE-STD,4455,up,2026-03-01
TM-07054,ACC-DLR-19,TUBE-STD,4455,up,2022-05-01
TM-07055,ACC-DLR-26,TUBE-STD,4482,up,2023-08-01
TM-07056,ACC-DLR-33,TUBE-DLX,4468,up,2025-07-01
TM-07057,ACC-DLR-40,TUBE-DLX,4482,up,2019-07-01
TM-07058,ACC-DLR-7,TUBE-STD,4455,up,2022-08-01
TM-07059,ACC-DLR-14,TUBE-STD,4482,up,2024-09-01
TM-07060,ACC-DLR-21,TUBE-STD,4455,up,2020-03-01
TM-07061,ACC-DLR-28,TUBE-STD,4462,up,2026-11-01
TM-07062,ACC-DLR-35,TUBE-STD,4468,up,2025-02-01
TM-07063,ACC-DLR-2,TUBE-STD,4455,up,2021-11-01
TM-07064,ACC-DLR-9,TUBE-STD,4462,up,2024-02-01
TM-07065,ACC-DLR-16,TUBE-DLX,4468,up,2023-03-01
TM-07066,ACC-DLR-23,TUBE-STD,4455,up,2023-11-01
TM-07067,ACC-DLR-30,TUBE-DLX,4468,up,2020-05-01
TM-07068,ACC-DLR-37,TUBE-STD,4462,up,2019-11-01
TM-07069,ACC-DLR-4,TUBE-STD,4468,up,2019-08-01
TM-07070,ACC-DLR-11,TUBE-DLX,4468,up,2023-07-01
TM-07071,ACC-DLR-18,TUBE-DLX,4482,up,2026-06-01
TM-07072,ACC-DLR-25,TUBE-STD,4468,up,2025-04-01
TM-07073,ACC-DLR-32,TUBE-STD,4462,up,2023-12-01
TM-07074,ACC-DLR-39,TUBE-STD,4468,up,2022-03-01
TM-07075,ACC-DLR-6,TUBE-STD,4482,up,2021-07-01
TM-07076,ACC-DLR-13,TUBE-DLX,4455,up,2020-02-01
TM-07077,ACC-DLR-20,TUBE-STD,4482,up,2022-07-01
TM-07078,ACC-DLR-27,TUBE-STD,4468,up,2025-01-01
TM-07079,ACC-DLR-34,TUBE-STD,4455,up,2024-02-01
TM-07080,ACC-DLR-1,TUBE-STD,4468,up,2021-11-01
TM-07081,ACC-DLR-8,TUBE-STD,4468,up,2023-12-01
TM-07082,ACC-DLR-15,TUBE-STD,4468,up,2024-04-01
TM-07083,ACC-DLR-22,TUBE-DLX,4462,up,2025-10-01
TM-07084,ACC-DLR-29,TUBE-STD,4455,up,2021-10-01
TM-07085,ACC-DLR-36,TUBE-DLX,4462,up,2021-04-01
TM-07086,ACC-DLR-3,TUBE-STD,4468,up,2026-02-01
TM-07087,ACC-DLR-10,TUBE-STD,4462,up,2026-02-01
TM-07088,ACC-DLR-17,TUBE-STD,4455,up,2025-12-01
TM-07089,ACC-DLR-24,TUBE-DLX,4455,up,2023-01-01
TM-07090,ACC-DLR-31,TUBE-STD,4468,up,2020-03-01
TM-07091,ACC-DLR-38,TUBE-STD,4462,up,2026-09-01
TM-07092,ACC-DLR-5,TUBE-STD,4482,up,2024-06-01
TM-07093,ACC-DLR-12,TUBE-DLX,4482,up,2023-12-01
TM-07094,ACC-DLR-19,TUBE-DLX,4482,up,2021-04-01
TM-07095,ACC-DLR-26,TUBE-STD,4462,up,2023-08-01
TM-07096,ACC-DLR-33,TUBE-DLX,4455,up,2020-04-01
TM-07097,ACC-DLR-40,TUBE-STD,4455,up,2019-11-01
TM-07098,ACC-DLR-7,TUBE-STD,4468,up,2025-06-01
TM-07099,ACC-DLR-14,TUBE-STD,4462,up,2024-05-01
TM-07100,ACC-DLR-21,TUBE-DLX,4462,up,2023-01-01
TM-07101,ACC-DLR-28,TUBE-STD,4468,up,2023-01-01
TM-07102,ACC-DLR-35,TUBE-DLX,4468,up,2025-09-01
TM-07103,ACC-DLR-2,TUBE-STD,4468,up,2021-02-01
TM-07104,ACC-DLR-9,TUBE-STD,4455,up,2022-05-01
TM-07105,ACC-DLR-16,TUBE-STD,4468,up,2019-08-01
TM-07106,ACC-DLR-23,TUBE-STD,4482,up,2021-08-01
TM-07107,ACC-DLR-30,TUBE-STD,4455,up,2022-12-01
TM-07108,ACC-DLR-37,TUBE-STD,4468,up,2026-05-01
TM-07109,ACC-DLR-4,TUBE-STD,4455,up,2023-01-01
TM-07110,ACC-DLR-11,TUBE-STD,4462,up,2021-04-01
TM-07111,ACC-DLR-18,TUBE-DLX,4468,up,2019-12-01
TM-07112,ACC-DLR-25,TUBE-STD,4468,up,2019-10-01
TM-07113,ACC-DLR-32,TUBE-STD,4455,up,2026-05-01
TM-07114,ACC-DLR-39,TUBE-STD,4462,up,2025-08-01
TM-07115,ACC-DLR-6,TUBE-STD,4482,up,2024-11-01
TM-07116,ACC-DLR-13,TUBE-STD,4468,up,2019-12-01
TM-07117,ACC-DLR-20,TUBE-DLX,4482,up,2024-06-01
TM-07118,ACC-DLR-27,TUBE-STD,4455,up,2021-09-01
TM-07119,ACC-DLR-34,TUBE-DLX,4468,up,2026-06-01
TM-07120,ACC-DLR-1,TUBE-STD,4455,up,2026-06-01
TM-07121,ACC-DLR-8,TUBE-STD,4482,up,2026-04-01
TM-07122,ACC-DLR-15,TUBE-DLX,4455,up,2020-02-01
TM-07123,ACC-DLR-22,TUBE-DLX,4482,up,2021-07-01
TM-07124,ACC-DLR-29,TUBE-STD,4482,up,2019-11-01
TM-07125,ACC-DLR-36,TUBE-STD,4468,up,2021-12-01
TM-07126,ACC-DLR-3,TUBE-STD,4455,up,2019-12-01
TM-07127,ACC-DLR-10,TUBE-STD,4462,up,2026-09-01
TM-07128,ACC-DLR-17,TUBE-STD,4482,up,2025-03-01
TM-07129,ACC-DLR-24,TUBE-STD,4455,up,2019-12-01
TM-07130,ACC-DLR-31,TUBE-STD,4482,up,2019-09-01
TM-07131,ACC-DLR-38,TUBE-STD,4482,up,2023-10-01
TM-07132,ACC-DLR-5,TUBE-STD,4468,up,2026-02-01
TM-07133,ACC-DLR-12,TUBE-STD,4455,up,2023-07-01
TM-07134,ACC-DLR-19,TUBE-STD,4462,up,2020-04-01
TM-07135,ACC-DLR-26,TUBE-DLX,4468,up,2025-09-01
TM-07136,ACC-DLR-33,TUBE-DLX,4468,up,2026-11-01
TM-07137,ACC-DLR-40,TUBE-DLX,4455,up,2022-04-01
TM-07138,ACC-DLR-7,TUBE-DLX,4462,up,2019-01-01
TM-07139,ACC-DLR-14,TUBE-DLX,4468,up,2024-03-01
TM-07140,ACC-DLR-21,TUBE-STD,4455,up,2022-01-01
TM-07141,ACC-DLR-28,TUBE-STD,4468,up,2026-03-01
TM-07142,ACC-DLR-35,TUBE-STD,4468,up,2019-11-01
TM-07143,ACC-DLR-2,TUBE-STD,4482,up,2024-07-01
TM-07144,ACC-DLR-9,TUBE-STD,4455,up,2026-06-01
TM-07145,ACC-DLR-16,TUBE-STD,4482,up,2024-10-01
TM-07146,ACC-DLR-23,TUBE-STD,4455,up,2019-04-01
TM-07147,ACC-DLR-30,TUBE-STD,4462,up,2026-01-01
TM-07148,ACC-DLR-37,TUBE-DLX,4455,up,2019-03-01
TM-07149,ACC-DLR-4,TUBE-DLX,4482,up,2023-02-01
TM-07150,ACC-DLR-11,TUBE-DLX,4468,up,2020-10-01
TM-07151,ACC-DLR-18,TUBE-DLX,4462,up,2020-01-01
TM-07152,ACC-DLR-25,TUBE-DLX,4468,up,2021-09-01
TM-07153,ACC-DLR-32,TUBE-STD,4455,up,2024-06-01
TM-07154,ACC-DLR-39,TUBE-STD,4462,up,2020-06-01
TM-07155,ACC-DLR-6,TUBE-DLX,4455,up,2026-08-01
TM-07156,ACC-DLR-13,TUBE-STD,4482,up,2022-05-01
TM-07157,ACC-DLR-20,TUBE-STD,4462,up,2020-12-01
TM-07158,ACC-DLR-27,TUBE-STD,4482,up,2024-06-01
TM-07159,ACC-DLR-34,TUBE-DLX,4468,up,2020-03-01
TM-07160,ACC-DLR-1,TUBE-STD,4455,up,2025-11-01
TM-07161,ACC-DLR-8,TUBE-STD,4455,up,2024-02-01
TM-07162,ACC-DLR-15,TUBE-DLX,4482,up,2020-11-01
TM-07163,ACC-DLR-22,TUBE-STD,4462,up,2022-06-01
TM-07164,ACC-DLR-29,TUBE-STD,4455,up,2021-01-01
TM-07165,ACC-DLR-36,TUBE-STD,4455,up,2026-01-01
TM-07166,ACC-DLR-3,TUBE-DLX,4468,up,2022-09-01
TM-07167,ACC-DLR-10,TUBE-STD,4468,up,2022-08-01
TM-07168,ACC-DLR-17,TUBE-STD,4468,up,2025-01-01
TM-07169,ACC-DLR-24,TUBE-STD,4468,up,2025-12-01
TM-07170,ACC-DLR-31,TUBE-STD,4455,up,2020-08-01
TM-07171,ACC-DLR-38,TUBE-STD,4462,up,2020-03-01
TM-07172,ACC-DLR-5,TUBE-DLX,4455,up,2019-07-01
TM-07173,ACC-DLR-12,TUBE-STD,4468,up,2024-06-01
TM-07174,ACC-DLR-19,TUBE-STD,4455,up,2020-05-01
TM-07175,ACC-DLR-26,TUBE-STD,4455,up,2021-02-01
TM-07176,ACC-DLR-33,TUBE-DLX,4462,up,2024-02-01
TM-07177,ACC-DLR-40,TUBE-STD,4468,up,2019-01-01
TM-07178,ACC-DLR-7,TUBE-STD,4455,up,2020-08-01
TM-07179,ACC-DLR-14,TUBE-STD,4455,up,2023-12-01
TM-07180,ACC-DLR-21,TUBE-STD,4468,up,2021-08-01
TM-07181,ACC-DLR-28,TUBE-STD,4468,up,2019-04-01
TM-07182,ACC-DLR-35,TUBE-STD,4462,up,2023-12-01
TM-07183,ACC-DLR-2,TUBE-STD,4462,up,2023-08-01
TM-07184,ACC-DLR-9,TUBE-DLX,4455,up,2025-02-01
TM-07185,ACC-DLR-16,TUBE-DLX,4468,up,2022-08-01
TM-07186,ACC-DLR-23,TUBE-STD,4468,up,2022-02-01
TM-07187,ACC-DLR-30,TUBE-STD,4482,up,2024-10-01
TM-07188,ACC-DLR-37,TUBE-STD,4455,up,2025-01-01
TM-07189,ACC-DLR-4,TUBE-STD,4462,up,2025-06-01
TM-07190,ACC-DLR-11,TUBE-STD,4455,up,2022-01-01
TM-07191,ACC-DLR-18,TUBE-STD,4482,up,2023-02-01
TM-07192,ACC-DLR-25,TUBE-STD,4482,up,2023-04-01
TM-07193,ACC-DLR-32,TUBE-DLX,4462,up,2022-04-01
TM-07194,ACC-DLR-39,TUBE-STD,4462,up,2025-04-01
TM-07195,ACC-DLR-6,TUBE-STD,4462,up,2021-04-01
TM-07196,ACC-DLR-13,TUBE-DLX,4468,up,2021-05-01
TM-07197,ACC-DLR-20,TUBE-DLX,4462,up,2026-07-01
TM-07198,ACC-DLR-27,TUBE-STD,4462,up,2022-09-01
TM-07199,ACC-DLR-34,TUBE-DLX,4455,up,2024-08-01
TM-07200,ACC-DLR-1,TUBE-STD,4482,up,2024-04-01
TM-07201,ACC-DLR-8,TUBE-STD,4462,up,2021-10-01
TM-07202,ACC-DLR-15,TUBE-STD,4468,up,2023-06-01
TM-07203,ACC-DLR-22,TUBE-STD,4455,up,2025-03-01
TM-07204,ACC-DLR-29,TUBE-STD,4455,up,2022-05-01
TM-07205,ACC-DLR-36,TUBE-STD,4468,up,2019-12-01
TM-07206,ACC-DLR-3,TUBE-STD,4468,up,2023-06-01
TM-07207,ACC-DLR-10,TUBE-STD,4462,up,2021-02-01
TM-07208,ACC-DLR-17,TUBE-DLX,4462,up,2026-12-01
TM-07209,ACC-DLR-24,TUBE-STD,4482,up,2019-01-01
TM-07210,ACC-DLR-31,TUBE-STD,4468,up,2020-11-01
TM-07211,ACC-DLR-38,TUBE-STD,4455,up,2020-11-01
TM-07212,ACC-DLR-5,TUBE-STD,4468,up,2022-09-01
TM-07213,ACC-DLR-12,TUBE-DLX,4482,up,2026-05-01
TM-07214,ACC-DLR-19,TUBE-STD,4462,up,2021-03-01
TM-07215,ACC-DLR-26,TUBE-STD,4482,up,2022-08-01
TM-07216,ACC-DLR-33,TUBE-STD,4462,up,2021-05-01
TM-07217,ACC-DLR-40,TUBE-STD,4482,up,2022-03-01
TM-07218,ACC-DLR-7,TUBE-STD,4482,up,2019-05-01
TM-07219,ACC-DLR-14,TUBE-STD,4462,up,2019-08-01
TM-07220,ACC-DLR-21,TUBE-STD,4455,up,2020-08-01
TM-07221,ACC-DLR-28,TUBE-STD,4482,up,2019-09-01
TM-07222,ACC-DLR-35,TUBE-STD,4468,up,2024-03-01
TM-07223,ACC-DLR-2,TUBE-STD,4482,up,2019-04-01
TM-07224,ACC-DLR-9,TUBE-STD,4482,up,2024-09-01
TM-07225,ACC-DLR-16,TUBE-STD,4482,up,2021-03-01
TM-07226,ACC-DLR-23,TUBE-DLX,4462,up,2021-07-01
TM-07227,ACC-DLR-30,TUBE-STD,4455,up,2026-03-01
TM-07228,ACC-DLR-37,TUBE-STD,4462,up,2025-05-01
TM-07229,ACC-DLR-4,TUBE-STD,4482,up,2025-02-01
TM-07230,ACC-DLR-11,TUBE-STD,4462,up,2022-11-01
TM-07231,ACC-DLR-18,TUBE-STD,4455,up,2024-07-01
TM-07232,ACC-DLR-25,TUBE-STD,4462,up,2023-08-01
TM-07233,ACC-DLR-32,TUBE-STD,4462,up,2026-11-01
TM-07234,ACC-DLR-39,TUBE-STD,4462,up,2021-09-01
TM-07235,ACC-DLR-6,TUBE-STD,4462,up,2019-09-01
TM-07236,ACC-DLR-13,TUBE-DLX,4468,up,2019-12-01
TM-07237,ACC-DLR-20,TUBE-DLX,4468,up,2022-07-01
TM-07238,ACC-DLR-27,TUBE-DLX,4468,up,2025-05-01
TM-07239,ACC-DLR-34,TUBE-DLX,4468,up,2025-02-01
TM-07240,ACC-DLR-1,TUBE-STD,4455,up,2025-01-01
TM-07241,ACC-DLR-8,TUBE-DLX,4482,up,2024-09-01
TM-07242,ACC-DLR-15,TUBE-DLX,4455,up,2025-03-01
TM-07243,ACC-DLR-22,TUBE-STD,4455,up,2022-03-01
TM-07244,ACC-DLR-29,TUBE-STD,4482,up,2024-03-01
TM-07245,ACC-DLR-36,TUBE-DLX,4462,up,2025-06-01
TM-07246,ACC-DLR-3,TUBE-DLX,4455,up,2025-04-01
TM-07247,ACC-DLR-10,TUBE-DLX,4482,up,2021-05-01
TM-07248,ACC-DLR-17,TUBE-STD,4455,up,2025-04-01
TM-07249,ACC-DLR-24,TUBE-STD,4468,up,2023-10-01
TM-07250,ACC-DLR-31,TUBE-STD,4482,up,2023-04-01
TM-07251,ACC-DLR-38,TUBE-DLX,4455,up,2023-01-01
TM-07252,ACC-DLR-5,TUBE-DLX,4455,up,2020-08-01
TM-07253,ACC-DLR-12,TUBE-DLX,4468,up,2022-11-01
TM-07254,ACC-DLR-19,TUBE-DLX,4482,up,2025-01-01
TM-07255,ACC-DLR-26,TUBE-STD,4482,up,2021-04-01
TM-07256,ACC-DLR-33,TUBE-STD,4468,up,2022-04-01
TM-07257,ACC-DLR-40,TUBE-STD,4455,up,2024-07-01
TM-07258,ACC-DLR-7,TUBE-DLX,4455,up,2023-04-01
TM-07259,ACC-DLR-14,TUBE-STD,4455,up,2021-09-01
TM-07260,ACC-DLR-21,TUBE-STD,4455,up,2026-04-01
TM-07261,ACC-DLR-28,TUBE-STD,4455,up,2022-09-01
TM-07262,ACC-DLR-35,TUBE-DLX,4455,up,2022-05-01
TM-07263,ACC-DLR-2,TUBE-DLX,4462,up,2020-11-01
TM-07264,ACC-DLR-9,TUBE-STD,4455,up,2026-03-01
TM-07265,ACC-DLR-16,TUBE-STD,4462,up,2020-10-01
TM-07266,ACC-DLR-23,TUBE-DLX,4455,up,2022-01-01
TM-07267,ACC-DLR-30,TUBE-DLX,4462,up,2024-12-01
TM-07268,ACC-DLR-37,TUBE-DLX,4455,up,2023-01-01
TM-07269,ACC-DLR-4,TUBE-STD,4468,up,2023-12-01
TM-07270,ACC-DLR-11,TUBE-STD,4462,up,2022-01-01
TM-07271,ACC-DLR-18,TUBE-STD,4482,up,2023-05-01
TM-07272,ACC-DLR-25,TUBE-DLX,4468,up,2026-10-01
TM-07273,ACC-DLR-32,TUBE-STD,4455,up,2020-10-01
TM-07274,ACC-DLR-39,TUBE-STD,4468,up,2023-08-01
TM-07275,ACC-DLR-6,TUBE-STD,4455,up,2021-06-01
TM-07276,ACC-DLR-13,TUBE-STD,4455,up,2026-03-01
TM-07277,ACC-DLR-20,TUBE-DLX,4482,up,2022-03-01
TM-07278,ACC-DLR-27,TUBE-STD,4462,up,2021-10-01
TM-07279,ACC-DLR-34,TUBE-STD,4455,up,2020-09-01
TM-07280,ACC-DLR-1,TUBE-DLX,4455,up,2019-02-01
TM-07281,ACC-DLR-8,TUBE-DLX,4455,up,2022-07-01
TM-07282,ACC-DLR-15,TUBE-STD,4462,up,2020-05-01
TM-07283,ACC-DLR-22,TUBE-STD,4482,up,2023-09-01
TM-07284,ACC-DLR-29,TUBE-STD,4482,up,2021-04-01
TM-07285,ACC-DLR-36,TUBE-STD,4462,up,2023-03-01
TM-07286,ACC-DLR-3,TUBE-STD,4462,up,2019-03-01
TM-07287,ACC-DLR-10,TUBE-STD,4462,up,2022-07-01
TM-07288,ACC-DLR-17,TUBE-STD,4482,up,2021-12-01
TM-07289,ACC-DLR-24,TUBE-STD,4455,up,2022-02-01
TM-07290,ACC-DLR-31,TUBE-STD,4482,up,2019-01-01
TM-07291,ACC-DLR-38,TUBE-STD,4482,up,2022-01-01
TM-07292,ACC-DLR-5,TUBE-STD,4468,up,2020-03-01
TM-07293,ACC-DLR-12,TUBE-DLX,4455,up,2024-05-01
TM-07294,ACC-DLR-19,TUBE-STD,4468,up,2020-07-01
TM-07295,ACC-DLR-26,TUBE-DLX,4462,up,2026-08-01
TM-07296,ACC-DLR-33,TUBE-STD,4462,up,2020-03-01
TM-07297,ACC-DLR-40,TUBE-STD,4462,up,2023-07-01
TM-07298,ACC-DLR-7,TUBE-DLX,4468,up,2022-05-01
TM-07299,ACC-DLR-14,TUBE-STD,4468,up,2023-05-01
TM-07300,ACC-DLR-21,TUBE-DLX,4468,up,2024-11-01
TM-07301,ACC-DLR-28,TUBE-DLX,4462,up,2021-01-01
TM-07302,ACC-DLR-35,TUBE-STD,4468,up,2024-03-01
TM-07303,ACC-DLR-2,TUBE-STD,4462,up,2020-11-01
TM-07304,ACC-DLR-9,TUBE-STD,4482,up,2026-11-01
TM-07305,ACC-DLR-16,TUBE-STD,4455,up,2022-09-01
TM-07306,ACC-DLR-23,TUBE-STD,4468,up,2026-10-01
TM-07307,ACC-DLR-30,TUBE-STD,4462,up,2025-03-01
TM-07308,ACC-DLR-37,TUBE-DLX,4455,up,2021-08-01
TM-07309,ACC-DLR-4,TUBE-STD,4462,up,2019-08-01
TM-07310,ACC-DLR-11,TUBE-DLX,4462,up,2023-09-01
TM-07311,ACC-DLR-18,TUBE-DLX,4468,up,2026-11-01
TM-07312,ACC-DLR-25,TUBE-STD,4468,up,2022-07-01
TM-07313,ACC-DLR-32,TUBE-STD,4462,up,2025-01-01
TM-07314,ACC-DLR-39,TUBE-STD,4468,up,2026-06-01
TM-07315,ACC-DLR-6,TUBE-DLX,4462,up,2023-06-01
TM-07316,ACC-DLR-13,TUBE-STD,4455,up,2020-07-01
TM-07317,ACC-DLR-20,TUBE-STD,4482,up,2026-12-01
TM-07318,ACC-DLR-27,TUBE-STD,4462,up,2026-06-01
TM-07319,ACC-DLR-34,TUBE-STD,4482,up,2026-12-01
TM-07320,ACC-DLR-1,TUBE-DLX,4462,up,2023-10-01
TM-07321,ACC-DLR-8,TUBE-STD,4468,up,2026-09-01
TM-07322,ACC-DLR-15,TUBE-STD,4482,up,2020-11-01
TM-07323,ACC-DLR-22,TUBE-STD,4482,up,2019-08-01
TM-07324,ACC-DLR-29,TUBE-STD,4455,up,2022-07-01
TM-07325,ACC-DLR-36,TUBE-STD,4482,up,2021-06-01
TM-07326,ACC-DLR-3,TUBE-STD,4482,up,2021-05-01
TM-07327,ACC-DLR-10,TUBE-STD,4482,up,2023-09-01
TM-07328,ACC-DLR-17,TUBE-STD,4482,up,2021-08-01
TM-07329,ACC-DLR-24,TUBE-STD,4462,up,2026-07-01
TM-07330,ACC-DLR-31,TUBE-DLX,4482,up,2024-03-01
TM-07331,ACC-DLR-38,TUBE-DLX,4462,up,2022-10-01
TM-07332,ACC-DLR-5,TUBE-STD,4462,up,2022-02-01
TM-07333,ACC-DLR-12,TUBE-STD,4455,up,2021-04-01
TM-07334,ACC-DLR-19,TUBE-STD,4468,up,2025-08-01
TM-07335,ACC-DLR-26,TUBE-DLX,4468,up,2023-10-01
TM-07336,ACC-DLR-33,TUBE-STD,4468,up,2025-09-01
TM-07337,ACC-DLR-40,TUBE-STD,4468,up,2021-10-01
TM-07338,ACC-DLR-7,TUBE-DLX,4462,up,2024-12-01
TM-07339,ACC-DLR-14,TUBE-STD,4462,up,2024-09-01
TM-07340,ACC-DLR-21,TUBE-STD,4462,up,2026-01-01
TM-07341,ACC-DLR-28,TUBE-STD,4462,up,2023-07-01
TM-07342,ACC-DLR-35,TUBE-STD,4468,up,2021-06-01
TM-07343,ACC-DLR-2,TUBE-STD,4462,up,2023-09-01
TM-07344,ACC-DLR-9,TUBE-STD,4468,up,2026-07-01
TM-07345,ACC-DLR-16,TUBE-DLX,4455,up,2022-10-01
TM-07346,ACC-DLR-23,TUBE-STD,4468,up,2019-08-01
TM-07347,ACC-DLR-30,TUBE-STD,4468,up,2020-05-01
TM-07348,ACC-DLR-37,TUBE-STD,4468,up,2024-03-01
TM-07349,ACC-DLR-4,TUBE-STD,4455,up,2025-10-01
TM-07350,ACC-DLR-11,TUBE-STD,4462,up,2024-04-01
TM-07351,ACC-DLR-18,TUBE-DLX,4482,up,2021-03-01
TM-07352,ACC-DLR-25,TUBE-STD,4468,up,2019-08-01
TM-07353,ACC-DLR-32,TUBE-STD,4468,up,2024-05-01
TM-07354,ACC-DLR-39,TUBE-STD,4482,up,2020-08-01
TM-07355,ACC-DLR-6,TUBE-STD,4455,up,2025-07-01
TM-07356,ACC-DLR-13,TUBE-STD,4468,up,2019-02-01
TM-07357,ACC-DLR-20,TUBE-DLX,4482,up,2022-06-01
TM-07358,ACC-DLR-27,TUBE-DLX,4462,up,2026-12-01
TM-07359,ACC-DLR-34,TUBE-STD,4462,up,2023-04-01
TM-07360,ACC-DLR-1,TUBE-STD,4482,up,2022-04-01
TM-07361,ACC-DLR-8,TUBE-STD,4455,up,2024-10-01
TM-07362,ACC-DLR-15,TUBE-STD,4468,up,2024-01-01
TM-07363,ACC-DLR-22,TUBE-STD,4482,up,2026-04-01
TM-07364,ACC-DLR-29,TUBE-STD,4482,up,2025-01-01
TM-07365,ACC-DLR-36,TUBE-STD,4482,up,2026-08-01
TM-07366,ACC-DLR-3,TUBE-STD,4482,up,2020-05-01
TM-07367,ACC-DLR-10,TUBE-STD,4455,up,2020-05-01
TM-07368,ACC-DLR-17,TUBE-DLX,4462,up,2019-04-01
TM-07369,ACC-DLR-24,TUBE-DLX,4462,up,2021-03-01
TM-07370,ACC-DLR-31,TUBE-STD,4482,up,2026-03-01
TM-07371,ACC-DLR-38,TUBE-STD,4482,up,2024-03-01
TM-07372,ACC-DLR-5,TUBE-STD,4468,up,2021-05-01
TM-07373,ACC-DLR-12,TUBE-DLX,4455,up,2019-07-01
TM-07374,ACC-DLR-19,TUBE-STD,4482,up,2024-08-01
TM-07375,ACC-DLR-26,TUBE-STD,4462,up,2021-02-01
TM-07376,ACC-DLR-33,TUBE-DLX,4455,up,2025-06-01
TM-07377,ACC-DLR-40,TUBE-STD,4462,up,2026-01-01
TM-07378,ACC-DLR-7,TUBE-STD,4482,up,2019-09-01
TM-07379,ACC-DLR-14,TUBE-STD,4482,up,2019-12-01
TM-07380,ACC-DLR-21,TUBE-DLX,4462,up,2025-12-01
TM-07381,ACC-DLR-28,TUBE-STD,4462,up,2023-02-01
TM-07382,ACC-DLR-35,TUBE-STD,4462,up,2024-06-01
TM-07383,ACC-DLR-2,TUBE-STD,4462,up,2024-05-01
TM-07384,ACC-DLR-9,TUBE-STD,4455,up,2021-05-01
TM-07385,ACC-DLR-16,TUBE-STD,4455,up,2022-04-01
TM-07386,ACC-DLR-23,TUBE-STD,4482,up,2020-11-01
TM-07387,ACC-DLR-30,TUBE-DLX,4468,up,2026-04-01
TM-07388,ACC-DLR-37,TUBE-STD,4468,up,2026-01-01
TM-07389,ACC-DLR-4,TUBE-STD,4468,up,2019-11-01
TM-07390,ACC-DLR-11,TUBE-STD,4468,up,2026-09-01
TM-07391,ACC-DLR-18,TUBE-STD,4468,up,2021-05-01
TM-07392,ACC-DLR-25,TUBE-STD,4462,up,2022-03-01
TM-07393,ACC-DLR-32,TUBE-DLX,4462,up,2021-05-01
TM-07394,ACC-DLR-39,TUBE-STD,4455,up,2020-06-01
TM-07395,ACC-DLR-6,TUBE-STD,4482,up,2023-09-01
TM-07396,ACC-DLR-13,TUBE-DLX,4468,up,2026-10-01
TM-07397,ACC-DLR-20,TUBE-STD,4462,up,2021-10-01
TM-07398,ACC-DLR-27,TUBE-STD,4482,up,2022-09-01
TM-07399,ACC-DLR-34,TUBE-STD,4455,up,2022-12-01
TM-07400,ACC-DLR-1,TUBE-DLX,4462,up,2021-06-01
TM-07401,ACC-DLR-8,TUBE-DLX,4482,up,2024-07-01
TM-07402,ACC-DLR-15,TUBE-STD,4462,up,2024-10-01
TM-07403,ACC-DLR-22,TUBE-STD,4482,up,2024-12-01
TM-07404,ACC-DLR-29,TUBE-STD,4468,up,2020-01-01
TM-07405,ACC-DLR-36,TUBE-DLX,4468,up,2020-08-01
TM-07406,ACC-DLR-3,TUBE-DLX,4455,up,2024-01-01
TM-07407,ACC-DLR-10,TUBE-STD,4468,up,2020-10-01
TM-07408,ACC-DLR-17,TUBE-STD,4482,up,2023-05-01
TM-07409,ACC-DLR-24,TUBE-DLX,4462,up,2020-02-01
TM-07410,ACC-DLR-31,TUBE-STD,4482,up,2024-04-01
TM-07411,ACC-DLR-38,TUBE-DLX,4482,up,2023-03-01
TM-07412,ACC-DLR-5,TUBE-DLX,4468,up,2024-12-01
TM-07413,ACC-DLR-12,TUBE-DLX,4468,up,2019-01-01
TM-07414,ACC-DLR-19,TUBE-DLX,4455,up,2026-08-01
TM-07415,ACC-DLR-26,TUBE-STD,4455,up,2020-01-01
TM-07416,ACC-DLR-33,TUBE-STD,4455,up,2025-03-01
TM-07417,ACC-DLR-40,TUBE-STD,4455,up,2021-07-01
TM-07418,ACC-DLR-7,TUBE-DLX,4462,up,2020-08-01
TM-07419,ACC-DLR-14,TUBE-STD,4482,up,2026-07-01
TM-07420,ACC-DLR-21,TUBE-STD,4468,up,2024-09-01
TM-07421,ACC-DLR-28,TUBE-STD,4462,up,2021-05-01
TM-07422,ACC-DLR-35,TUBE-DLX,4462,up,2025-07-01
TM-07423,ACC-DLR-2,TUBE-STD,4482,up,2024-02-01
TM-07424,ACC-DLR-9,TUBE-STD,4468,up,2023-09-01
TM-07425,ACC-DLR-16,TUBE-STD,4482,up,2023-11-01
TM-07426,ACC-DLR-23,TUBE-STD,4468,up,2025-02-01
TM-07427,ACC-DLR-30,TUBE-STD,4482,up,2019-09-01
TM-07428,ACC-DLR-37,TUBE-STD,4482,up,2021-09-01
TM-07429,ACC-DLR-4,TUBE-DLX,4482,up,2022-06-01
TM-07430,ACC-DLR-11,TUBE-STD,4468,up,2023-10-01
TM-07431,ACC-DLR-18,TUBE-STD,4482,up,2025-12-01
TM-07432,ACC-DLR-25,TUBE-DLX,4462,up,2022-03-01
TM-07433,ACC-DLR-32,TUBE-STD,4468,up,2024-02-01
TM-07434,ACC-DLR-39,TUBE-STD,4455,up,2021-04-01
TM-07435,ACC-DLR-6,TUBE-STD,4468,up,2023-11-01
TM-07436,ACC-DLR-13,TUBE-STD,4462,up,2025-10-01
TM-07437,ACC-DLR-20,TUBE-STD,4455,up,2019-12-01
TM-07438,ACC-DLR-27,TUBE-STD,4482,up,2025-06-01
TM-07439,ACC-DLR-34,TUBE-STD,4455,up,2022-10-01
TM-07440,ACC-DLR-1,TUBE-STD,4482,up,2023-08-01
TM-07441,ACC-DLR-8,TUBE-STD,4482,up,2022-01-01
TM-07442,ACC-DLR-15,TUBE-STD,4455,up,2022-12-01
TM-07443,ACC-DLR-22,TUBE-DLX,4455,up,2020-09-01
TM-07444,ACC-DLR-29,TUBE-STD,4455,up,2021-01-01
TM-07445,ACC-DLR-36,TUBE-STD,4468,up,2024-08-01
TM-07446,ACC-DLR-3,TUBE-STD,4462,up,2023-07-01
TM-07447,ACC-DLR-10,TUBE-STD,4455,up,2021-05-01
TM-07448,ACC-DLR-17,TUBE-STD,4455,up,2023-12-01
TM-07449,ACC-DLR-24,TUBE-DLX,4482,up,2021-11-01
TM-07450,ACC-DLR-31,TUBE-DLX,4455,up,2024-11-01
TM-07451,ACC-DLR-38,TUBE-STD,4482,up,2025-06-01
TM-07452,ACC-DLR-5,TUBE-STD,4468,up,2023-08-01
TM-07453,ACC-DLR-12,TUBE-STD,4468,up,2020-11-01
TM-07454,ACC-DLR-19,TUBE-DLX,4462,up,2024-11-01
TM-07455,ACC-DLR-26,TUBE-DLX,4462,up,2026-06-01
TM-07456,ACC-DLR-33,TUBE-STD,4455,up,2022-05-01
TM-07457,ACC-DLR-40,TUBE-DLX,4462,up,2026-04-01
TM-07458,ACC-DLR-7,TUBE-STD,4482,up,2026-12-01
TM-07459,ACC-DLR-14,TUBE-STD,4462,up,2024-03-01
TM-07460,ACC-DLR-21,TUBE-STD,4462,up,2025-03-01
TM-07461,ACC-DLR-28,TUBE-STD,4462,up,2023-01-01
TM-07462,ACC-DLR-35,TUBE-STD,4455,up,2020-08-01
TM-07463,ACC-DLR-2,TUBE-STD,4468,up,2024-01-01
TM-07464,ACC-DLR-9,TUBE-DLX,4462,up,2020-10-01
TM-07465,ACC-DLR-16,TUBE-STD,4462,up,2024-08-01
TM-07466,ACC-DLR-23,TUBE-STD,4468,up,2026-07-01
TM-07467,ACC-DLR-30,TUBE-STD,4455,up,2026-05-01
TM-07468,ACC-DLR-37,TUBE-STD,4482,up,2024-11-01
TM-07469,ACC-DLR-4,TUBE-DLX,4462,up,2023-11-01
TM-07470,ACC-DLR-11,TUBE-DLX,4482,up,2023-12-01
TM-07471,ACC-DLR-18,TUBE-DLX,4462,up,2024-03-01
TM-07472,ACC-DLR-25,TUBE-STD,4462,up,2021-11-01
TM-07473,ACC-DLR-32,TUBE-DLX,4455,up,2024-04-01
TM-07474,ACC-DLR-39,TUBE-STD,4455,up,2020-02-01
TM-07475,ACC-DLR-6,TUBE-DLX,4468,up,2024-06-01
TM-07476,ACC-DLR-13,TUBE-STD,4468,up,2021-03-01
TM-07477,ACC-DLR-20,TUBE-STD,4455,up,2023-01-01
TM-07478,ACC-DLR-27,TUBE-STD,4482,up,2020-01-01
TM-07479,ACC-DLR-34,TUBE-DLX,4482,up,2020-06-01
TM-07480,ACC-DLR-1,TUBE-STD,4462,up,2024-07-01
TM-07481,ACC-DLR-8,TUBE-DLX,4462,up,2023-01-01
TM-07482,ACC-DLR-15,TUBE-STD,4482,up,2025-07-01
TM-07483,ACC-DLR-22,TUBE-STD,4462,up,2022-10-01
TM-07484,ACC-DLR-29,TUBE-STD,4455,up,2019-09-01
TM-07485,ACC-DLR-36,TUBE-DLX,4482,up,2022-06-01
TM-07486,ACC-DLR-3,TUBE-STD,4482,up,2021-08-01
TM-07487,ACC-DLR-10,TUBE-STD,4455,up,2022-03-01
TM-07488,ACC-DLR-17,TUBE-STD,4462,up,2025-08-01
TM-07489,ACC-DLR-24,TUBE-STD,4462,up,2021-09-01
TM-07490,ACC-DLR-31,TUBE-DLX,4482,up,2023-02-01
TM-07491,ACC-DLR-38,TUBE-STD,4462,up,2024-09-01
TM-07492,ACC-DLR-5,TUBE-DLX,4462,up,2020-03-01
TM-07493,ACC-DLR-12,TUBE-DLX,4455,up,2020-05-01
TM-07494,ACC-DLR-19,TUBE-STD,4468,up,2026-12-01
TM-07495,ACC-DLR-26,TUBE-DLX,4468,up,2024-11-01
TM-07496,ACC-DLR-33,TUBE-STD,4462,up,2022-09-01
TM-07497,ACC-DLR-40,TUBE-STD,4455,up,2020-03-01
TM-07498,ACC-DLR-7,TUBE-DLX,4462,up,2024-09-01
TM-07499,ACC-DLR-14,TUBE-STD,4482,up,2021-03-01
TM-07500,ACC-DLR-21,TUBE-STD,4455,up,2025-09-01
TM-07501,ACC-DLR-28,TUBE-STD,4468,up,2021-01-01
TM-07502,ACC-DLR-35,TUBE-DLX,4455,up,2025-03-01
TM-07503,ACC-DLR-2,TUBE-DLX,4462,up,2024-08-01
TM-07504,ACC-DLR-9,TUBE-DLX,4455,up,2024-02-01
TM-07505,ACC-DLR-16,TUBE-DLX,4455,up,2021-09-01
TM-07506,ACC-DLR-23,TUBE-STD,4482,up,2021-10-01
TM-07507,ACC-DLR-30,TUBE-STD,4468,up,2020-03-01
TM-07508,ACC-DLR-37,TUBE-STD,4455,up,2019-03-01
TM-07509,ACC-DLR-4,TUBE-STD,4482,up,2019-09-01
TM-07510,ACC-DLR-11,TUBE-STD,4468,up,2026-01-01
TM-07511,ACC-DLR-18,TUBE-STD,4482,up,2019-02-01
TM-07512,ACC-DLR-25,TUBE-STD,4462,up,2025-01-01
TM-07513,ACC-DLR-32,TUBE-STD,4455,up,2021-12-01
TM-07514,ACC-DLR-39,TUBE-DLX,4462,up,2019-04-01
TM-07515,ACC-DLR-6,TUBE-STD,4482,up,2020-05-01
TM-07516,ACC-DLR-13,TUBE-STD,4482,up,2023-10-01
TM-07517,ACC-DLR-20,TUBE-DLX,4462,up,2019-01-01
TM-07518,ACC-DLR-27,TUBE-DLX,4462,up,2019-02-01
TM-07519,ACC-DLR-34,TUBE-DLX,4462,up,2021-12-01
TM-07520,ACC-DLR-1,TUBE-STD,4468,up,2024-01-01
TM-07521,ACC-DLR-8,TUBE-STD,4468,up,2024-01-01
TM-07522,ACC-DLR-15,TUBE-STD,4462,up,2022-03-01
TM-07523,ACC-DLR-22,TUBE-STD,4462,up,2026-01-01
TM-07524,ACC-DLR-29,TUBE-STD,4462,up,2020-03-01
TM-07525,ACC-DLR-36,TUBE-STD,4468,up,2024-07-01
TM-07526,ACC-DLR-3,TUBE-DLX,4462,up,2023-02-01
TM-07527,ACC-DLR-10,TUBE-STD,4468,up,2026-11-01
TM-07528,ACC-DLR-17,TUBE-STD,4482,up,2020-09-01
TM-07529,ACC-DLR-24,TUBE-STD,4482,up,2026-01-01
TM-07530,ACC-DLR-31,TUBE-STD,4482,up,2025-07-01
TM-07531,ACC-DLR-38,TUBE-STD,4462,up,2025-10-01
TM-07532,ACC-DLR-5,TUBE-STD,4468,up,2022-10-01
TM-07533,ACC-DLR-12,TUBE-STD,4462,up,2023-03-01
TM-07534,ACC-DLR-19,TUBE-DLX,4468,up,2024-12-01
TM-07535,ACC-DLR-26,TUBE-STD,4462,up,2022-01-01
TM-07536,ACC-DLR-33,TUBE-STD,4455,up,2021-01-01
TM-07537,ACC-DLR-40,TUBE-STD,4462,up,2026-02-01
TM-07538,ACC-DLR-7,TUBE-STD,4462,up,2022-02-01
TM-07539,ACC-DLR-14,TUBE-STD,4482,up,2025-04-01
TM-07540,ACC-DLR-21,TUBE-STD,4462,up,2024-05-01
TM-07541,ACC-DLR-28,TUBE-STD,4462,up,2021-05-01
TM-07542,ACC-DLR-35,TUBE-DLX,4482,up,2024-12-01
TM-07543,ACC-DLR-2,TUBE-DLX,4468,up,2026-12-01
TM-07544,ACC-DLR-9,TUBE-STD,4468,up,2021-09-01
TM-07545,ACC-DLR-16,TUBE-STD,4482,up,2020-07-01
TM-07546,ACC-DLR-23,TUBE-DLX,4455,up,2019-08-01
TM-07547,ACC-DLR-30,TUBE-DLX,4462,up,2022-06-01
TM-07548,ACC-DLR-37,TUBE-STD,4468,up,2019-02-01
TM-07549,ACC-DLR-4,TUBE-STD,4455,up,2026-02-01
TM-07550,ACC-DLR-11,TUBE-STD,4462,up,2021-12-01
TM-07551,ACC-DLR-18,TUBE-DLX,4462,up,2025-02-01
TM-07552,ACC-DLR-25,TUBE-STD,4462,up,2024-09-01
TM-07553,ACC-DLR-32,TUBE-STD,4468,up,2023-08-01
TM-07554,ACC-DLR-39,TUBE-STD,4455,up,2023-09-01
TM-07555,ACC-DLR-6,TUBE-STD,4468,up,2020-11-01
TM-07556,ACC-DLR-13,TUBE-STD,4468,up,2023-01-01
TM-07557,ACC-DLR-20,TUBE-DLX,4462,up,2024-11-01
TM-07558,ACC-DLR-27,TUBE-STD,4482,up,2019-10-01
TM-07559,ACC-DLR-34,TUBE-STD,4482,up,2022-02-01
TM-07560,ACC-DLR-1,TUBE-DLX,4482,up,2023-04-01
TM-07561,ACC-DLR-8,TUBE-DLX,4468,up,2021-10-01
TM-07562,ACC-DLR-15,TUBE-STD,4455,up,2020-10-01
TM-07563,ACC-DLR-22,TUBE-STD,4468,up,2021-02-01
TM-07564,ACC-DLR-29,TUBE-STD,4468,up,2022-06-01
TM-07565,ACC-DLR-36,TUBE-STD,4482,up,2024-11-01
TM-07566,ACC-DLR-3,TUBE-STD,4482,up,2022-10-01
TM-07567,ACC-DLR-10,TUBE-STD,4482,up,2021-05-01
TM-07568,ACC-DLR-17,TUBE-STD,4455,up,2020-04-01
TM-07569,ACC-DLR-24,TUBE-DLX,4462,up,2020-04-01
TM-07570,ACC-DLR-31,TUBE-STD,4482,up,2025-08-01
TM-07571,ACC-DLR-38,TUBE-DLX,4482,up,2021-01-01
TM-07572,ACC-DLR-5,TUBE-STD,4462,up,2019-02-01
TM-07573,ACC-DLR-12,TUBE-DLX,4462,up,2026-02-01
TM-07574,ACC-DLR-19,TUBE-STD,4482,up,2026-05-01
TM-07575,ACC-DLR-26,TUBE-STD,4455,up,2023-11-01
TM-07576,ACC-DLR-33,TUBE-DLX,4482,up,2023-08-01
TM-07577,ACC-DLR-40,TUBE-STD,4455,up,2019-12-01
TM-07578,ACC-DLR-7,TUBE-DLX,4468,up,2024-02-01
TM-07579,ACC-DLR-14,TUBE-STD,4482,up,2025-03-01
TM-07580,ACC-DLR-21,TUBE-DLX,4482,up,2020-05-01
TM-07581,ACC-DLR-28,TUBE-STD,4468,up,2019-07-01
TM-07582,ACC-DLR-35,TUBE-DLX,4462,up,2021-03-01
TM-07583,ACC-DLR-2,TUBE-STD,4462,up,2025-06-01
TM-07584,ACC-DLR-9,TUBE-STD,4468,up,2025-01-01
TM-07585,ACC-DLR-16,TUBE-DLX,4455,up,2022-05-01
TM-07586,ACC-DLR-23,TUBE-STD,4462,up,2020-01-01
TM-07587,ACC-DLR-30,TUBE-STD,4482,up,2023-09-01
TM-07588,ACC-DLR-37,TUBE-DLX,4455,up,2019-02-01
TM-07589,ACC-DLR-4,TUBE-STD,4482,up,2024-01-01
TM-07590,ACC-DLR-11,TUBE-STD,4462,up,2026-10-01
TM-07591,ACC-DLR-18,TUBE-STD,4482,up,2025-08-01
TM-07592,ACC-DLR-25,TUBE-STD,4455,up,2020-07-01
TM-07593,ACC-DLR-32,TUBE-STD,4468,up,2023-08-01
TM-07594,ACC-DLR-39,TUBE-DLX,4462,up,2021-10-01
TM-07595,ACC-DLR-6,TUBE-STD,4462,up,2022-04-01
TM-07596,ACC-DLR-13,TUBE-STD,4468,up,2024-03-01
TM-07597,ACC-DLR-20,TUBE-DLX,4468,up,2021-11-01
TM-07598,ACC-DLR-27,TUBE-STD,4468,up,2024-06-01
TM-07599,ACC-DLR-34,TUBE-STD,4455,up,2019-07-01
TM-07600,ACC-DLR-1,TUBE-STD,4455,up,2020-06-01
TM-07601,ACC-DLR-8,TUBE-DLX,4455,up,2025-12-01
TM-07602,ACC-DLR-15,TUBE-DLX,4462,up,2021-12-01
TM-07603,ACC-DLR-22,TUBE-DLX,4468,up,2019-12-01
TM-07604,ACC-DLR-29,TUBE-STD,4482,up,2019-09-01
TM-07605,ACC-DLR-36,TUBE-DLX,4455,up,2025-09-01
TM-07606,ACC-DLR-3,TUBE-DLX,4455,up,2021-02-01
TM-07607,ACC-DLR-10,TUBE-STD,4455,up,2020-04-01
TM-07608,ACC-DLR-17,TUBE-STD,4468,up,2020-02-01
TM-07609,ACC-DLR-24,TUBE-DLX,4468,up,2019-12-01
TM-07610,ACC-DLR-31,TUBE-STD,4468,up,2025-06-01
TM-07611,ACC-DLR-38,TUBE-STD,4468,up,2023-04-01
TM-07612,ACC-DLR-5,TUBE-STD,4455,up,2021-04-01
TM-07613,ACC-DLR-12,TUBE-STD,4468,up,2019-07-01
TM-07614,ACC-DLR-19,TUBE-DLX,4482,up,2022-01-01
TM-07615,ACC-DLR-26,TUBE-STD,4462,up,2023-10-01
TM-07616,ACC-DLR-33,TUBE-STD,4482,up,2022-10-01
TM-07617,ACC-DLR-40,TUBE-STD,4482,up,2023-08-01
TM-07618,ACC-DLR-7,TUBE-STD,4455,up,2026-08-01
TM-07619,ACC-DLR-14,TUBE-STD,4468,up,2021-02-01
TM-07620,ACC-DLR-21,TUBE-DLX,4468,up,2021-08-01
TM-07621,ACC-DLR-28,TUBE-STD,4468,up,2019-06-01
TM-07622,ACC-DLR-35,TUBE-STD,4462,up,2023-06-01
TM-07623,ACC-DLR-2,TUBE-STD,4468,up,2025-06-01
TM-07624,ACC-DLR-9,TUBE-DLX,4462,up,2020-10-01
TM-07625,ACC-DLR-16,TUBE-STD,4482,up,2020-11-01
TM-07626,ACC-DLR-23,TUBE-STD,4468,up,2026-06-01
TM-07627,ACC-DLR-30,TUBE-DLX,4455,up,2022-01-01
TM-07628,ACC-DLR-37,TUBE-DLX,4455,up,2024-04-01
TM-07629,ACC-DLR-4,TUBE-STD,4462,up,2021-07-01
TM-07630,ACC-DLR-11,TUBE-STD,4468,up,2023-03-01
TM-07631,ACC-DLR-18,TUBE-STD,4462,up,2022-09-01
TM-07632,ACC-DLR-25,TUBE-STD,4462,up,2022-05-01
TM-07633,ACC-DLR-32,TUBE-DLX,4482,up,2022-07-01
TM-07634,ACC-DLR-39,TUBE-STD,4462,up,2024-12-01
TM-07635,ACC-DLR-6,TUBE-DLX,4455,up,2023-09-01
TM-07636,ACC-DLR-13,TUBE-DLX,4468,up,2022-08-01
TM-07637,ACC-DLR-20,TUBE-STD,4468,up,2023-10-01
TM-07638,ACC-DLR-27,TUBE-DLX,4455,up,2024-04-01
TM-07639,ACC-DLR-34,TUBE-STD,4482,up,2025-03-01
TM-07640,ACC-DLR-1,TUBE-DLX,4462,up,2022-03-01
TM-07641,ACC-DLR-8,TUBE-DLX,4462,up,2024-05-01
TM-07642,ACC-DLR-15,TUBE-STD,4482,up,2025-12-01
TM-07643,ACC-DLR-22,TUBE-STD,4482,up,2026-08-01
TM-07644,ACC-DLR-29,TUBE-STD,4482,up,2024-02-01
TM-07645,ACC-DLR-36,TUBE-STD,4482,up,2023-12-01
TM-07646,ACC-DLR-3,TUBE-STD,4468,up,2024-04-01
TM-07647,ACC-DLR-10,TUBE-STD,4468,up,2020-12-01
TM-07648,ACC-DLR-17,TUBE-DLX,4482,up,2023-11-01
TM-07649,ACC-DLR-24,TUBE-STD,4468,up,2019-05-01
TM-07650,ACC-DLR-31,TUBE-STD,4482,up,2026-01-01
TM-07651,ACC-DLR-38,TUBE-STD,4462,up,2021-04-01
TM-07652,ACC-DLR-5,TUBE-STD,4468,up,2026-07-01
TM-07653,ACC-DLR-12,TUBE-STD,4482,up,2022-10-01
TM-07654,ACC-DLR-19,TUBE-STD,4462,up,2025-12-01
TM-07655,ACC-DLR-26,TUBE-DLX,4462,up,2021-07-01
TM-07656,ACC-DLR-33,TUBE-DLX,4468,up,2022-11-01
TM-07657,ACC-DLR-40,TUBE-STD,4482,up,2026-03-01
TM-07658,ACC-DLR-7,TUBE-STD,4482,up,2023-10-01
TM-07659,ACC-DLR-14,TUBE-DLX,4455,up,2022-02-01
TM-07660,ACC-DLR-21,TUBE-STD,4455,up,2024-02-01
TM-07661,ACC-DLR-28,TUBE-STD,4482,up,2024-02-01
TM-07662,ACC-DLR-35,TUBE-STD,4455,up,2021-11-01
TM-07663,ACC-DLR-2,TUBE-STD,4482,up,2021-09-01
TM-07664,ACC-DLR-9,TUBE-STD,4468,up,2022-03-01
TM-07665,ACC-DLR-16,TUBE-STD,4468,up,2026-04-01
TM-07666,ACC-DLR-23,TUBE-STD,4468,up,2020-08-01
TM-07667,ACC-DLR-30,TUBE-STD,4455,up,2025-10-01
TM-07668,ACC-DLR-37,TUBE-STD,4482,up,2026-09-01
TM-07669,ACC-DLR-4,TUBE-STD,4462,up,2023-12-01
TM-07670,ACC-DLR-11,TUBE-STD,4455,up,2021-01-01
TM-07671,ACC-DLR-18,TUBE-STD,4462,up,2021-06-01
TM-07672,ACC-DLR-25,TUBE-DLX,4482,up,2022-10-01
TM-07673,ACC-DLR-32,TUBE-STD,4468,up,2025-03-01
TM-07674,ACC-DLR-39,TUBE-DLX,4462,up,2022-05-01
TM-07675,ACC-DLR-6,TUBE-STD,4468,up,2024-07-01
TM-07676,ACC-DLR-13,TUBE-STD,4462,up,2024-01-01
TM-07677,ACC-DLR-20,TUBE-STD,4482,up,2021-11-01
TM-07678,ACC-DLR-27,TUBE-DLX,4482,up,2026-05-01
TM-07679,ACC-DLR-34,TUBE-STD,4455,up,2026-12-01
TM-07680,ACC-DLR-1,TUBE-STD,4455,up,2019-12-01
TM-07681,ACC-DLR-8,TUBE-DLX,4468,up,2022-04-01
TM-07682,ACC-DLR-15,TUBE-DLX,4462,up,2025-06-01
TM-07683,ACC-DLR-22,TUBE-STD,4455,up,2020-09-01
TM-07684,ACC-DLR-29,TUBE-STD,4462,up,2023-04-01
TM-07685,ACC-DLR-36,TUBE-STD,4482,up,2020-04-01
TM-07686,ACC-DLR-3,TUBE-DLX,4462,up,2023-08-01
TM-07687,ACC-DLR-10,TUBE-DLX,4482,up,2026-07-01
TM-07688,ACC-DLR-17,TUBE-DLX,4482,up,2019-05-01
TM-07689,ACC-DLR-24,TUBE-DLX,4468,up,2022-02-01
TM-07690,ACC-DLR-31,TUBE-STD,4468,up,2025-02-01
TM-07691,ACC-DLR-38,TUBE-STD,4468,up,2019-03-01
TM-07692,ACC-DLR-5,TUBE-STD,4462,up,2023-12-01
TM-07693,ACC-DLR-12,TUBE-STD,4455,up,2026-10-01
TM-07694,ACC-DLR-19,TUBE-STD,4462,up,2020-06-01
TM-07695,ACC-DLR-26,TUBE-STD,4482,up,2019-10-01
TM-07696,ACC-DLR-33,TUBE-DLX,4462,up,2019-02-01
TM-07697,ACC-DLR-40,TUBE-STD,4462,up,2025-06-01
TM-07698,ACC-DLR-7,TUBE-STD,4482,up,2025-11-01
TM-07699,ACC-DLR-14,TUBE-DLX,4455,up,2026-06-01
TM-07700,ACC-DLR-21,TUBE-STD,4455,up,2022-08-01
TM-07701,ACC-DLR-28,TUBE-STD,4468,up,2019-07-01
TM-07702,ACC-DLR-35,TUBE-STD,4455,up,2026-08-01
TM-07703,ACC-DLR-2,TUBE-DLX,4482,up,2025-09-01
TM-07704,ACC-DLR-9,TUBE-STD,4455,up,2026-12-01
TM-07705,ACC-DLR-16,TUBE-STD,4482,up,2025-09-01
TM-07706,ACC-DLR-23,TUBE-STD,4462,up,2023-04-01
TM-07707,ACC-DLR-30,TUBE-STD,4482,up,2026-07-01
TM-07708,ACC-DLR-37,TUBE-STD,4462,up,2025-06-01
TM-07709,ACC-DLR-4,TUBE-STD,4455,up,2024-04-01
TM-07710,ACC-DLR-11,TUBE-STD,4482,up,2022-01-01
TM-07711,ACC-DLR-18,TUBE-STD,4468,up,2019-03-01
TM-07712,ACC-DLR-25,TUBE-DLX,4482,up,2024-02-01
TM-07713,ACC-DLR-32,TUBE-STD,4482,up,2026-11-01
TM-07714,ACC-DLR-39,TUBE-STD,4455,up,2025-10-01
TM-07715,ACC-DLR-6,TUBE-STD,4468,up,2019-11-01
TM-07716,ACC-DLR-13,TUBE-STD,4455,up,2025-08-01
TM-07717,ACC-DLR-20,TUBE-STD,4482,up,2021-08-01
TM-07718,ACC-DLR-27,TUBE-STD,4455,up,2024-01-01
TM-07719,ACC-DLR-34,TUBE-STD,4462,up,2022-09-01
TM-07720,ACC-DLR-1,TUBE-STD,4482,up,2022-08-01
TM-07721,ACC-DLR-8,TUBE-STD,4455,up,2022-06-01
TM-07722,ACC-DLR-15,TUBE-DLX,4462,up,2022-11-01
TM-07723,ACC-DLR-22,TUBE-STD,4455,up,2019-08-01
TM-07724,ACC-DLR-29,TUBE-STD,4468,up,2023-07-01
TM-07725,ACC-DLR-36,TUBE-STD,4468,up,2025-07-01
TM-07726,ACC-DLR-3,TUBE-STD,4468,up,2025-07-01
TM-07727,ACC-DLR-10,TUBE-STD,4462,up,2019-09-01
TM-07728,ACC-DLR-17,TUBE-STD,4455,up,2026-03-01
TM-07729,ACC-DLR-24,TUBE-STD,4462,up,2022-06-01
TM-07730,ACC-DLR-31,TUBE-STD,4482,up,2025-10-01
TM-07731,ACC-DLR-38,TUBE-STD,4468,up,2021-06-01
TM-07732,ACC-DLR-5,TUBE-STD,4468,up,2023-11-01
TM-07733,ACC-DLR-12,TUBE-STD,4482,up,2021-01-01
TM-07734,ACC-DLR-19,TUBE-STD,4468,up,2024-12-01
TM-07735,ACC-DLR-26,TUBE-DLX,4455,up,2023-10-01
TM-07736,ACC-DLR-33,TUBE-STD,4455,up,2022-08-01
TM-07737,ACC-DLR-40,TUBE-STD,4482,up,2026-05-01
TM-07738,ACC-DLR-7,TUBE-STD,4482,up,2021-02-01
TM-07739,ACC-DLR-14,TUBE-STD,4462,up,2024-01-01
TM-07740,ACC-DLR-21,TUBE-STD,4462,up,2025-03-01
TM-07741,ACC-DLR-28,TUBE-DLX,4468,up,2023-11-01
TM-07742,ACC-DLR-35,TUBE-DLX,4462,up,2024-08-01
TM-07743,ACC-DLR-2,TUBE-STD,4468,up,2025-07-01
TM-07744,ACC-DLR-9,TUBE-STD,4468,up,2023-07-01
TM-07745,ACC-DLR-16,TUBE-STD,4468,up,2019-02-01
TM-07746,ACC-DLR-23,TUBE-STD,4468,up,2026-03-01
TM-07747,ACC-DLR-30,TUBE-DLX,4462,up,2023-07-01
TM-07748,ACC-DLR-37,TUBE-STD,4462,up,2021-11-01
TM-07749,ACC-DLR-4,TUBE-STD,4455,up,2023-12-01
TM-07750,ACC-DLR-11,TUBE-STD,4482,up,2021-05-01
TM-07751,ACC-DLR-18,TUBE-STD,4468,up,2021-02-01
TM-07752,ACC-DLR-25,TUBE-STD,4455,up,2024-12-01
TM-07753,ACC-DLR-32,TUBE-DLX,4468,up,2023-02-01
TM-07754,ACC-DLR-39,TUBE-DLX,4468,up,2019-06-01
TM-07755,ACC-DLR-6,TUBE-DLX,4468,up,2019-07-01
TM-07756,ACC-DLR-13,TUBE-STD,4482,up,2023-08-01
TM-07757,ACC-DLR-20,TUBE-STD,4455,up,2019-04-01
TM-07758,ACC-DLR-27,TUBE-STD,4455,up,2026-05-01
TM-07759,ACC-DLR-34,TUBE-STD,4482,up,2020-04-01
TM-07760,ACC-DLR-1,TUBE-STD,4468,up,2021-04-01
TM-07761,ACC-DLR-8,TUBE-STD,4468,up,2019-02-01
TM-07762,ACC-DLR-15,TUBE-STD,4482,up,2022-02-01
TM-07763,ACC-DLR-22,TUBE-STD,4455,up,2025-01-01
TM-07764,ACC-DLR-29,TUBE-STD,4462,up,2019-07-01
TM-07765,ACC-DLR-36,TUBE-DLX,4482,up,2019-11-01
TM-07766,ACC-DLR-3,TUBE-STD,4468,up,2021-07-01
TM-07767,ACC-DLR-10,TUBE-STD,4455,up,2026-04-01
TM-07768,ACC-DLR-17,TUBE-STD,4455,up,2021-08-01
TM-07769,ACC-DLR-24,TUBE-STD,4482,up,2022-03-01
TM-07770,ACC-DLR-31,TUBE-STD,4462,up,2019-12-01
TM-07771,ACC-DLR-38,TUBE-STD,4462,up,2023-05-01
TM-07772,ACC-DLR-5,TUBE-DLX,4462,up,2021-01-01
TM-07773,ACC-DLR-12,TUBE-DLX,4462,up,2021-01-01
TM-07774,ACC-DLR-19,TUBE-STD,4468,up,2019-05-01
TM-07775,ACC-DLR-26,TUBE-DLX,4482,up,2021-02-01
TM-07776,ACC-DLR-33,TUBE-STD,4455,up,2021-05-01
TM-07777,ACC-DLR-40,TUBE-STD,4462,up,2019-08-01
TM-07778,ACC-DLR-7,TUBE-STD,4462,up,2022-11-01
TM-07779,ACC-DLR-14,TUBE-STD,4455,up,2021-10-01
TM-07780,ACC-DLR-21,TUBE-STD,4468,up,2025-07-01
TM-07781,ACC-DLR-28,TUBE-STD,4462,up,2020-07-01
TM-07782,ACC-DLR-35,TUBE-STD,4462,up,2019-07-01
TM-07783,ACC-DLR-2,TUBE-STD,4468,up,2019-05-01
TM-07784,ACC-DLR-9,TUBE-STD,4455,up,2025-03-01
TM-07785,ACC-DLR-16,TUBE-DLX,4482,up,2019-08-01
TM-07786,ACC-DLR-23,TUBE-STD,4468,up,2020-07-01
TM-07787,ACC-DLR-30,TUBE-STD,4468,up,2020-08-01
TM-07788,ACC-DLR-37,TUBE-STD,4455,up,2025-05-01
TM-07789,ACC-DLR-4,TUBE-DLX,4455,up,2019-02-01
TM-07790,ACC-DLR-11,TUBE-STD,4455,up,2022-07-01
TM-07791,ACC-DLR-18,TUBE-DLX,4455,up,2025-06-01
TM-07792,ACC-DLR-25,TUBE-STD,4455,up,2024-07-01
TM-07793,ACC-DLR-32,TUBE-DLX,4468,up,2026-03-01
TM-07794,ACC-DLR-39,TUBE-STD,4482,up,2023-02-01
TM-07795,ACC-DLR-6,TUBE-STD,4468,up,2024-02-01
TM-07796,ACC-DLR-13,TUBE-STD,4455,up,2022-06-01
TM-07797,ACC-DLR-20,TUBE-STD,4468,up,2025-06-01
TM-07798,ACC-DLR-27,TUBE-DLX,4468,up,2019-01-01
TM-07799,ACC-DLR-34,TUBE-STD,4455,up,2026-08-01
TM-07800,ACC-DLR-1,TUBE-STD,4462,up,2021-10-01
TM-07801,ACC-DLR-8,TUBE-DLX,4462,up,2023-06-01
TM-07802,ACC-DLR-15,TUBE-STD,4455,up,2020-02-01
TM-07803,ACC-DLR-22,TUBE-DLX,4482,up,2022-02-01
TM-07804,ACC-DLR-29,TUBE-STD,4482,up,2021-06-01
TM-07805,ACC-DLR-36,TUBE-STD,4482,up,2022-06-01
TM-07806,ACC-DLR-3,TUBE-STD,4468,up,2024-01-01
TM-07807,ACC-DLR-10,TUBE-DLX,4468,up,2025-01-01
TM-07808,ACC-DLR-17,TUBE-STD,4468,up,2026-12-01
TM-07809,ACC-DLR-24,TUBE-DLX,4482,up,2022-03-01
TM-07810,ACC-DLR-31,TUBE-STD,4468,up,2019-04-01
TM-07811,ACC-DLR-38,TUBE-STD,4462,up,2023-10-01
TM-07812,ACC-DLR-5,TUBE-STD,4482,up,2021-03-01
TM-07813,ACC-DLR-12,TUBE-DLX,4462,up,2021-02-01
TM-07814,ACC-DLR-19,TUBE-STD,4462,up,2025-11-01
TM-07815,ACC-DLR-26,TUBE-STD,4482,up,2024-11-01
TM-07816,ACC-DLR-33,TUBE-STD,4462,up,2021-05-01
TM-07817,ACC-DLR-40,TUBE-STD,4468,up,2023-08-01
TM-07818,ACC-DLR-7,TUBE-STD,4462,up,2026-07-01
TM-07819,ACC-DLR-14,TUBE-STD,4468,up,2024-09-01
TM-07820,ACC-DLR-21,TUBE-STD,4482,up,2020-12-01
TM-07821,ACC-DLR-28,TUBE-STD,4468,up,2019-09-01
TM-07822,ACC-DLR-35,TUBE-STD,4462,up,2019-03-01
TM-07823,ACC-DLR-2,TUBE-STD,4482,up,2023-06-01
TM-07824,ACC-DLR-9,TUBE-STD,4455,up,2024-03-01
TM-07825,ACC-DLR-16,TUBE-DLX,4468,up,2020-05-01
TM-07826,ACC-DLR-23,TUBE-DLX,4468,up,2021-08-01
TM-07827,ACC-DLR-30,TUBE-STD,4462,up,2020-06-01
TM-07828,ACC-DLR-37,TUBE-STD,4468,up,2023-11-01
TM-07829,ACC-DLR-4,TUBE-DLX,4455,up,2025-04-01
TM-07830,ACC-DLR-11,TUBE-STD,4455,up,2022-11-01
TM-07831,ACC-DLR-18,TUBE-STD,4482,up,2026-05-01
TM-07832,ACC-DLR-25,TUBE-STD,4455,up,2022-02-01
TM-07833,ACC-DLR-32,TUBE-STD,4455,up,2020-08-01
TM-07834,ACC-DLR-39,TUBE-STD,4455,up,2022-10-01
TM-07835,ACC-DLR-6,TUBE-DLX,4482,up,2022-03-01
TM-07836,ACC-DLR-13,TUBE-STD,4482,up,2021-04-01
TM-07837,ACC-DLR-20,TUBE-STD,4462,up,2023-03-01
TM-07838,ACC-DLR-27,TUBE-DLX,4482,up,2023-03-01
TM-07839,ACC-DLR-34,TUBE-DLX,4468,up,2022-04-01
TM-07840,ACC-DLR-1,TUBE-STD,4455,up,2022-05-01
TM-07841,ACC-DLR-8,TUBE-STD,4455,up,2019-11-01
TM-07842,ACC-DLR-15,TUBE-DLX,4455,up,2021-01-01
TM-07843,ACC-DLR-22,TUBE-STD,4468,up,2023-09-01
TM-07844,ACC-DLR-29,TUBE-STD,4455,up,2026-12-01
TM-07845,ACC-DLR-36,TUBE-DLX,4482,up,2024-08-01
TM-07846,ACC-DLR-3,TUBE-STD,4462,up,2022-01-01
TM-07847,ACC-DLR-10,TUBE-DLX,4462,up,2020-07-01
TM-07848,ACC-DLR-17,TUBE-STD,4468,up,2019-12-01
TM-07849,ACC-DLR-24,TUBE-STD,4455,up,2021-10-01
TM-07850,ACC-DLR-31,TUBE-STD,4462,up,2025-03-01
TM-07851,ACC-DLR-38,TUBE-STD,4455,up,2021-06-01
TM-07852,ACC-DLR-5,TUBE-STD,4468,up,2026-11-01
TM-07853,ACC-DLR-12,TUBE-STD,4462,up,2020-12-01
TM-07854,ACC-DLR-19,TUBE-DLX,4468,up,2026-03-01
TM-07855,ACC-DLR-26,TUBE-STD,4462,up,2026-06-01
TM-07856,ACC-DLR-33,TUBE-STD,4468,up,2021-11-01
TM-07857,ACC-DLR-40,TUBE-STD,4468,up,2023-07-01
TM-07858,ACC-DLR-7,TUBE-STD,4482,up,2023-02-01
TM-07859,ACC-DLR-14,TUBE-STD,4482,up,2023-11-01
TM-07860,ACC-DLR-21,TUBE-DLX,4462,up,2025-01-01
TM-07861,ACC-DLR-28,TUBE-STD,4468,up,2020-04-01
TM-07862,ACC-DLR-35,TUBE-STD,4462,up,2022-10-01
TM-07863,ACC-DLR-2,TUBE-DLX,4482,up,2025-06-01
TM-07864,ACC-DLR-9,TUBE-DLX,4468,up,2021-11-01
TM-07865,ACC-DLR-16,TUBE-DLX,4462,up,2024-03-01
TM-07866,ACC-DLR-23,TUBE-STD,4455,up,2025-10-01
TM-07867,ACC-DLR-30,TUBE-STD,4468,up,2024-01-01
TM-07868,ACC-DLR-37,TUBE-DLX,4482,up,2021-06-01
TM-07869,ACC-DLR-4,TUBE-STD,4468,up,2019-05-01
TM-07870,ACC-DLR-11,TUBE-DLX,4462,up,2021-04-01
TM-07871,ACC-DLR-18,TUBE-STD,4468,up,2019-08-01
TM-07872,ACC-DLR-25,TUBE-STD,4468,up,2019-06-01
TM-07873,ACC-DLR-32,TUBE-STD,4468,up,2026-04-01
TM-07874,ACC-DLR-39,TUBE-STD,4482,up,2019-11-01
TM-07875,ACC-DLR-6,TUBE-STD,4462,up,2024-10-01
TM-07876,ACC-DLR-13,TUBE-STD,4482,up,2020-07-01
TM-07877,ACC-DLR-20,TUBE-STD,4462,up,2019-11-01
TM-07878,ACC-DLR-27,TUBE-STD,4468,up,2022-05-01
TM-07879,ACC-DLR-34,TUBE-STD,4462,up,2023-04-01
TM-07880,ACC-DLR-1,TUBE-DLX,4468,up,2026-02-01
TM-07881,ACC-DLR-8,TUBE-STD,4468,up,2022-04-01
TM-07882,ACC-DLR-15,TUBE-STD,4468,up,2023-06-01
TM-07883,ACC-DLR-22,TUBE-STD,4468,up,2022-08-01
TM-07884,ACC-DLR-29,TUBE-STD,4468,up,2019-05-01
TM-07885,ACC-DLR-36,TUBE-DLX,4462,up,2024-03-01
TM-07886,ACC-DLR-3,TUBE-STD,4468,up,2021-04-01
TM-07887,ACC-DLR-10,TUBE-DLX,4468,up,2020-01-01
TM-07888,ACC-DLR-17,TUBE-DLX,4455,up,2024-10-01
TM-07889,ACC-DLR-24,TUBE-STD,4462,up,2021-10-01
TM-07890,ACC-DLR-31,TUBE-STD,4468,up,2024-04-01
TM-07891,ACC-DLR-38,TUBE-DLX,4455,up,2021-10-01
TM-07892,ACC-DLR-5,TUBE-DLX,4482,up,2025-01-01
TM-07893,ACC-DLR-12,TUBE-STD,4482,up,2023-01-01
TM-07894,ACC-DLR-19,TUBE-DLX,4462,up,2019-05-01
TM-07895,ACC-DLR-26,TUBE-STD,4482,up,2023-07-01
TM-07896,ACC-DLR-33,TUBE-STD,4455,up,2022-06-01
TM-07897,ACC-DLR-40,TUBE-STD,4482,up,2024-05-01
TM-07898,ACC-DLR-7,TUBE-STD,4455,up,2019-12-01
TM-07899,ACC-DLR-14,TUBE-STD,4462,up,2025-03-01
TM-07900,ACC-DLR-21,TUBE-STD,4468,up,2026-11-01
TM-07901,ACC-DLR-28,TUBE-STD,4468,up,2019-12-01
TM-07902,ACC-DLR-35,TUBE-STD,4468,up,2022-10-01
TM-07903,ACC-DLR-2,TUBE-STD,4462,up,2020-08-01
TM-07904,ACC-DLR-9,TUBE-DLX,4455,up,2019-05-01
TM-07905,ACC-DLR-16,TUBE-DLX,4455,up,2022-09-01
TM-07906,ACC-DLR-23,TUBE-DLX,4468,up,2023-02-01
TM-07907,ACC-DLR-30,TUBE-STD,4455,up,2019-12-01
TM-07908,ACC-DLR-37,TUBE-DLX,4468,up,2025-02-01
TM-07909,ACC-DLR-4,TUBE-STD,4455,up,2019-11-01
TM-07910,ACC-DLR-11,TUBE-STD,4455,up,2026-12-01
TM-07911,ACC-DLR-18,TUBE-DLX,4455,up,2025-03-01
TM-07912,ACC-DLR-25,TUBE-STD,4468,up,2026-08-01
TM-07913,ACC-DLR-32,TUBE-DLX,4468,up,2024-01-01
TM-07914,ACC-DLR-39,TUBE-STD,4462,up,2020-12-01
TM-07915,ACC-DLR-6,TUBE-DLX,4455,up,2020-04-01
TM-07916,ACC-DLR-13,TUBE-STD,4468,up,2024-05-01
TM-07917,ACC-DLR-20,TUBE-STD,4462,up,2022-12-01
TM-07918,ACC-DLR-27,TUBE-STD,4462,up,2020-01-01
TM-07919,ACC-DLR-34,TUBE-DLX,4482,up,2026-03-01
TM-07920,ACC-DLR-1,TUBE-STD,4468,up,2025-05-01
TM-07921,ACC-DLR-8,TUBE-STD,4482,up,2024-06-01
TM-07922,ACC-DLR-15,TUBE-STD,4455,up,2025-09-01
TM-07923,ACC-DLR-22,TUBE-STD,4482,up,2022-06-01
TM-07924,ACC-DLR-29,TUBE-STD,4462,up,2026-03-01
TM-07925,ACC-DLR-36,TUBE-STD,4462,up,2020-04-01
TM-07926,ACC-DLR-3,TUBE-DLX,4482,up,2019-06-01
TM-07927,ACC-DLR-10,TUBE-DLX,4462,up,2025-11-01
TM-07928,ACC-DLR-17,TUBE-STD,4462,up,2023-07-01
TM-07929,ACC-DLR-24,TUBE-DLX,4455,up,2021-05-01
TM-07930,ACC-DLR-31,TUBE-DLX,4462,up,2020-06-01
TM-07931,ACC-DLR-38,TUBE-STD,4468,up,2025-03-01
TM-07932,ACC-DLR-5,TUBE-STD,4482,up,2023-05-01
TM-07933,ACC-DLR-12,TUBE-STD,4462,up,2025-11-01
TM-07934,ACC-DLR-19,TUBE-STD,4462,up,2021-05-01
TM-07935,ACC-DLR-26,TUBE-STD,4455,up,2024-03-01
TM-07936,ACC-DLR-33,TUBE-STD,4455,up,2024-04-01
TM-07937,ACC-DLR-40,TUBE-STD,4455,up,2023-12-01
TM-07938,ACC-DLR-7,TUBE-STD,4482,up,2025-02-01
TM-07939,ACC-DLR-14,TUBE-DLX,4468,up,2020-01-01
TM-07940,ACC-DLR-21,TUBE-STD,4462,up,2024-01-01
TM-07941,ACC-DLR-28,TUBE-STD,4468,up,2023-04-01
TM-07942,ACC-DLR-35,TUBE-STD,4462,up,2021-05-01
TM-07943,ACC-DLR-2,TUBE-STD,4462,up,2020-06-01
TM-07944,ACC-DLR-9,TUBE-DLX,4482,up,2022-12-01
TM-07945,ACC-DLR-16,TUBE-DLX,4482,up,2021-08-01
TM-07946,ACC-DLR-23,TUBE-STD,4468,up,2024-02-01
TM-07947,ACC-DLR-30,TUBE-STD,4462,up,2025-10-01
TM-07948,ACC-DLR-37,TUBE-STD,4462,up,2021-09-01
TM-07949,ACC-DLR-4,TUBE-STD,4482,up,2020-12-01
TM-07950,ACC-DLR-11,TUBE-DLX,4462,up,2026-12-01
TM-07951,ACC-DLR-18,TUBE-STD,4455,up,2023-08-01
TM-07952,ACC-DLR-25,TUBE-STD,4482,up,2022-10-01
TM-07953,ACC-DLR-32,TUBE-DLX,4455,up,2024-12-01
TM-07954,ACC-DLR-39,TUBE-STD,4455,up,2024-04-01
TM-07955,ACC-DLR-6,TUBE-DLX,4455,up,2026-06-01
TM-07956,ACC-DLR-13,TUBE-DLX,4455,up,2020-01-01
TM-07957,ACC-DLR-20,TUBE-STD,4462,up,2026-02-01
TM-07958,ACC-DLR-27,TUBE-STD,4462,up,2019-07-01
TM-07959,ACC-DLR-34,TUBE-STD,4455,up,2026-03-01
TM-07960,ACC-DLR-1,TUBE-STD,4482,up,2019-04-01
TM-07961,ACC-DLR-8,TUBE-STD,4462,up,2026-08-01
TM-07962,ACC-DLR-15,TUBE-STD,4455,up,2026-04-01
TM-07963,ACC-DLR-22,TUBE-DLX,4462,up,2021-01-01
TM-07964,ACC-DLR-29,TUBE-STD,4462,up,2020-04-01
TM-07965,ACC-DLR-36,TUBE-STD,4468,up,2024-06-01
TM-07966,ACC-DLR-3,TUBE-DLX,4482,up,2020-04-01
TM-07967,ACC-DLR-10,TUBE-STD,4468,up,2026-01-01
TM-07968,ACC-DLR-17,TUBE-STD,4468,up,2020-05-01
TM-07969,ACC-DLR-24,TUBE-DLX,4482,up,2020-05-01
TM-07970,ACC-DLR-31,TUBE-STD,4482,up,2019-06-01
TM-07971,ACC-DLR-38,TUBE-STD,4482,up,2021-10-01
TM-07972,ACC-DLR-5,TUBE-STD,4468,up,2024-09-01
TM-07973,ACC-DLR-12,TUBE-DLX,4468,up,2022-05-01
TM-07974,ACC-DLR-19,TUBE-STD,4482,up,2021-07-01
TM-07975,ACC-DLR-26,TUBE-STD,4482,up,2020-04-01
TM-07976,ACC-DLR-33,TUBE-STD,4455,up,2024-06-01
TM-07977,ACC-DLR-40,TUBE-STD,4482,up,2024-04-01
TM-07978,ACC-DLR-7,TUBE-STD,4455,up,2023-02-01
TM-07979,ACC-DLR-14,TUBE-STD,4468,up,2026-01-01
TM-07980,ACC-DLR-21,TUBE-DLX,4468,up,2022-02-01
TM-07981,ACC-DLR-28,TUBE-STD,4462,up,2022-09-01
TM-07982,ACC-DLR-35,TUBE-DLX,4468,up,2025-10-01
TM-07983,ACC-DLR-2,TUBE-STD,4468,up,2025-09-01
TM-07984,ACC-DLR-9,TUBE-STD,4455,up,2024-02-01
TM-07985,ACC-DLR-16,TUBE-DLX,4455,up,2026-08-01
TM-07986,ACC-DLR-23,TUBE-STD,4468,up,2020-10-01
TM-07987,ACC-DLR-30,TUBE-STD,4455,up,2026-12-01
TM-07988,ACC-DLR-37,TUBE-STD,4455,up,2024-03-01
TM-07989,ACC-DLR-4,TUBE-STD,4462,up,2022-07-01
TM-07990,ACC-DLR-11,TUBE-STD,4482,up,2021-09-01
TM-07991,ACC-DLR-18,TUBE-STD,4482,up,2019-04-01
TM-07992,ACC-DLR-25,TUBE-STD,4462,up,2024-02-01
TM-07993,ACC-DLR-32,TUBE-DLX,4468,up,2021-08-01
TM-07994,ACC-DLR-39,TUBE-DLX,4482,up,2023-10-01
TM-07995,ACC-DLR-6,TUBE-STD,4462,up,2019-06-01
TM-07996,ACC-DLR-13,TUBE-STD,4482,up,2024-12-01
TM-07997,ACC-DLR-20,TUBE-STD,4468,up,2026-07-01
TM-07998,ACC-DLR-27,TUBE-STD,4455,up,2022-02-01
TM-07999,ACC-DLR-34,TUBE-DLX,4468,up,2020-02-01
TM-08000,ACC-DLR-1,TUBE-STD,4482,up,2025-11-01
TM-08001,ACC-DLR-8,TUBE-STD,4468,up,2020-09-01
TM-08002,ACC-DLR-15,TUBE-STD,4482,up,2020-07-01
TM-08003,ACC-DLR-22,TUBE-STD,4455,up,2025-04-01
TM-08004,ACC-DLR-29,TUBE-DLX,4455,up,2023-07-01
TM-08005,ACC-DLR-36,TUBE-STD,4455,up,2020-02-01
TM-08006,ACC-DLR-3,TUBE-DLX,4462,up,2023-10-01
TM-08007,ACC-DLR-10,TUBE-STD,4468,up,2021-09-01
TM-08008,ACC-DLR-17,TUBE-STD,4462,up,2019-05-01
TM-08009,ACC-DLR-24,TUBE-STD,4468,up,2023-12-01
TM-08010,ACC-DLR-31,TUBE-STD,4482,up,2019-01-01
TM-08011,ACC-DLR-38,TUBE-STD,4462,up,2026-11-01
TM-08012,ACC-DLR-5,TUBE-STD,4462,up,2022-06-01
TM-08013,ACC-DLR-12,TUBE-DLX,4455,up,2019-09-01
TM-08014,ACC-DLR-19,TUBE-DLX,4482,up,2026-03-01
TM-08015,ACC-DLR-26,TUBE-STD,4462,up,2023-05-01
TM-08016,ACC-DLR-33,TUBE-DLX,4455,up,2023-03-01
TM-08017,ACC-DLR-40,TUBE-DLX,4462,up,2026-07-01
TM-08018,ACC-DLR-7,TUBE-STD,4462,up,2020-07-01
TM-08019,ACC-DLR-14,TUBE-STD,4455,up,2020-06-01
TM-08020,ACC-DLR-21,TUBE-DLX,4468,up,2025-12-01
TM-08021,ACC-DLR-28,TUBE-DLX,4482,up,2020-04-01
TM-08022,ACC-DLR-35,TUBE-DLX,4455,up,2025-11-01
TM-08023,ACC-DLR-2,TUBE-STD,4468,up,2019-12-01
TM-08024,ACC-DLR-9,TUBE-STD,4468,up,2022-07-01
TM-08025,ACC-DLR-16,TUBE-STD,4462,up,2024-04-01
TM-08026,ACC-DLR-23,TUBE-STD,4455,up,2025-04-01
TM-08027,ACC-DLR-30,TUBE-STD,4462,up,2020-11-01
TM-08028,ACC-DLR-37,TUBE-STD,4455,up,2020-05-01
TM-08029,ACC-DLR-4,TUBE-DLX,4462,up,2023-04-01
TM-08030,ACC-DLR-11,TUBE-DLX,4468,up,2022-10-01
TM-08031,ACC-DLR-18,TUBE-DLX,4468,up,2023-03-01
TM-08032,ACC-DLR-25,TUBE-STD,4462,up,2019-10-01
TM-08033,ACC-DLR-32,TUBE-DLX,4455,up,2026-04-01
TM-08034,ACC-DLR-39,TUBE-STD,4462,up,2019-11-01
TM-08035,ACC-DLR-6,TUBE-STD,4462,up,2024-07-01
TM-08036,ACC-DLR-13,TUBE-STD,4455,up,2020-04-01
TM-08037,ACC-DLR-20,TUBE-STD,4482,up,2025-03-01
TM-08038,ACC-DLR-27,TUBE-STD,4462,up,2026-07-01
TM-08039,ACC-DLR-34,TUBE-STD,4482,up,2024-08-01
TM-08040,ACC-DLR-1,TUBE-DLX,4455,up,2026-07-01
TM-08041,ACC-DLR-8,TUBE-STD,4482,up,2021-06-01
TM-08042,ACC-DLR-15,TUBE-STD,4462,up,2026-03-01
TM-08043,ACC-DLR-22,TUBE-STD,4468,up,2020-05-01
TM-08044,ACC-DLR-29,TUBE-STD,4468,up,2023-11-01
TM-08045,ACC-DLR-36,TUBE-STD,4455,up,2021-11-01
TM-08046,ACC-DLR-3,TUBE-STD,4482,up,2020-05-01
TM-08047,ACC-DLR-10,TUBE-STD,4468,up,2023-11-01
TM-08048,ACC-DLR-17,TUBE-STD,4455,up,2025-05-01
TM-08049,ACC-DLR-24,TUBE-DLX,4482,up,2025-11-01
TM-08050,ACC-DLR-31,TUBE-STD,4462,up,2026-06-01
TM-08051,ACC-DLR-38,TUBE-STD,4468,up,2025-03-01
TM-08052,ACC-DLR-5,TUBE-DLX,4462,up,2023-12-01
TM-08053,ACC-DLR-12,TUBE-STD,4482,up,2026-10-01
TM-08054,ACC-DLR-19,TUBE-STD,4455,up,2024-11-01
TM-08055,ACC-DLR-26,TUBE-STD,4482,up,2023-09-01
TM-08056,ACC-DLR-33,TUBE-DLX,4455,up,2023-01-01
TM-08057,ACC-DLR-40,TUBE-STD,4482,up,2024-05-01
TM-08058,ACC-DLR-7,TUBE-STD,4455,up,2022-06-01
TM-08059,ACC-DLR-14,TUBE-DLX,4462,up,2022-10-01
TM-08060,ACC-DLR-21,TUBE-STD,4462,up,2023-12-01
TM-08061,ACC-DLR-28,TUBE-DLX,4468,up,2019-03-01
TM-08062,ACC-DLR-35,TUBE-STD,4468,up,2024-07-01
TM-08063,ACC-DLR-2,TUBE-STD,4468,up,2025-02-01
TM-08064,ACC-DLR-9,TUBE-DLX,4455,up,2020-05-01
TM-08065,ACC-DLR-16,TUBE-STD,4455,up,2021-12-01
TM-08066,ACC-DLR-23,TUBE-STD,4468,up,2020-05-01
TM-08067,ACC-DLR-30,TUBE-STD,4462,up,2021-10-01
TM-08068,ACC-DLR-37,TUBE-STD,4482,up,2022-05-01
TM-08069,ACC-DLR-4,TUBE-STD,4462,up,2021-11-01
TM-08070,ACC-DLR-11,TUBE-STD,4455,up,2024-01-01
TM-08071,ACC-DLR-18,TUBE-DLX,4482,up,2023-09-01
TM-08072,ACC-DLR-25,TUBE-STD,4468,up,2024-06-01
TM-08073,ACC-DLR-32,TUBE-STD,4468,up,2019-05-01
TM-08074,ACC-DLR-39,TUBE-DLX,4455,up,2024-09-01
TM-08075,ACC-DLR-6,TUBE-STD,4468,up,2021-12-01
TM-08076,ACC-DLR-13,TUBE-STD,4455,up,2026-06-01
TM-08077,ACC-DLR-20,TUBE-STD,4455,up,2022-07-01
TM-08078,ACC-DLR-27,TUBE-STD,4455,up,2021-08-01
TM-08079,ACC-DLR-34,TUBE-DLX,4455,up,2025-03-01
TM-08080,ACC-DLR-1,TUBE-STD,4482,up,2023-10-01
TM-08081,ACC-DLR-8,TUBE-STD,4482,up,2025-05-01
TM-08082,ACC-DLR-15,TUBE-STD,4482,up,2020-03-01
TM-08083,ACC-DLR-22,TUBE-STD,4455,up,2025-09-01
TM-08084,ACC-DLR-29,TUBE-DLX,4455,up,2026-09-01
TM-08085,ACC-DLR-36,TUBE-STD,4482,up,2020-06-01
TM-08086,ACC-DLR-3,TUBE-DLX,4455,up,2025-11-01
TM-08087,ACC-DLR-10,TUBE-DLX,4462,up,2026-03-01
TM-08088,ACC-DLR-17,TUBE-STD,4482,up,2021-05-01
TM-08089,ACC-DLR-24,TUBE-STD,4482,up,2021-11-01
TM-08090,ACC-DLR-31,TUBE-STD,4462,up,2019-11-01
TM-08091,ACC-DLR-38,TUBE-STD,4455,up,2021-02-01
TM-08092,ACC-DLR-5,TUBE-STD,4455,up,2020-11-01
TM-08093,ACC-DLR-12,TUBE-STD,4482,up,2025-07-01
TM-08094,ACC-DLR-19,TUBE-STD,4462,up,2023-06-01
TM-08095,ACC-DLR-26,TUBE-STD,4462,up,2019-12-01
TM-08096,ACC-DLR-33,TUBE-STD,4455,up,2020-07-01
TM-08097,ACC-DLR-40,TUBE-STD,4462,up,2026-05-01
TM-08098,ACC-DLR-7,TUBE-STD,4482,up,2026-01-01
TM-08099,ACC-DLR-14,TUBE-DLX,4462,up,2022-12-01
TM-08100,ACC-DLR-21,TUBE-STD,4462,up,2024-12-01
TM-08101,ACC-DLR-28,TUBE-STD,4482,up,2023-04-01
TM-08102,ACC-DLR-35,TUBE-DLX,4468,up,2019-06-01
TM-08103,ACC-DLR-2,TUBE-DLX,4468,up,2019-07-01
TM-08104,ACC-DLR-9,TUBE-STD,4482,up,2026-12-01
TM-08105,ACC-DLR-16,TUBE-STD,4482,up,2025-11-01
TM-08106,ACC-DLR-23,TUBE-STD,4468,up,2026-06-01
TM-08107,ACC-DLR-30,TUBE-DLX,4462,up,2024-07-01
TM-08108,ACC-DLR-37,TUBE-DLX,4468,up,2026-10-01
TM-08109,ACC-DLR-4,TUBE-STD,4468,up,2024-07-01
TM-08110,ACC-DLR-11,TUBE-STD,4462,up,2020-02-01
TM-08111,ACC-DLR-18,TUBE-DLX,4455,up,2019-08-01
TM-08112,ACC-DLR-25,TUBE-DLX,4468,up,2026-12-01
TM-08113,ACC-DLR-32,TUBE-DLX,4468,up,2025-05-01
TM-08114,ACC-DLR-39,TUBE-STD,4482,up,2021-06-01
TM-08115,ACC-DLR-6,TUBE-STD,4462,up,2023-07-01
TM-08116,ACC-DLR-13,TUBE-STD,4468,up,2019-01-01
TM-08117,ACC-DLR-20,TUBE-STD,4482,up,2025-06-01
TM-08118,ACC-DLR-27,TUBE-STD,4455,up,2024-10-01
TM-08119,ACC-DLR-34,TUBE-STD,4462,up,2019-06-01
TM-08120,ACC-DLR-1,TUBE-DLX,4468,up,2021-01-01
TM-08121,ACC-DLR-8,TUBE-STD,4482,up,2022-03-01
TM-08122,ACC-DLR-15,TUBE-STD,4468,up,2021-04-01
TM-08123,ACC-DLR-22,TUBE-STD,4468,up,2023-07-01
TM-08124,ACC-DLR-29,TUBE-DLX,4455,up,2025-02-01
TM-08125,ACC-DLR-36,TUBE-STD,4455,up,2025-11-01
TM-08126,ACC-DLR-3,TUBE-STD,4482,up,2019-04-01
TM-08127,ACC-DLR-10,TUBE-STD,4462,up,2019-11-01
TM-08128,ACC-DLR-17,TUBE-STD,4455,up,2022-08-01
TM-08129,ACC-DLR-24,TUBE-STD,4462,up,2019-06-01
TM-08130,ACC-DLR-31,TUBE-STD,4455,up,2025-08-01
TM-08131,ACC-DLR-38,TUBE-STD,4482,up,2019-02-01
TM-08132,ACC-DLR-5,TUBE-STD,4468,up,2023-10-01
TM-08133,ACC-DLR-12,TUBE-STD,4462,up,2020-06-01
TM-08134,ACC-DLR-19,TUBE-STD,4462,up,2019-10-01
TM-08135,ACC-DLR-26,TUBE-STD,4462,up,2023-11-01
TM-08136,ACC-DLR-33,TUBE-STD,4468,up,2021-09-01
TM-08137,ACC-DLR-40,TUBE-DLX,4468,up,2026-05-01
TM-08138,ACC-DLR-7,TUBE-STD,4468,up,2023-08-01
TM-08139,ACC-DLR-14,TUBE-DLX,4482,up,2022-02-01
TM-08140,ACC-DLR-21,TUBE-STD,4455,up,2020-11-01
TM-08141,ACC-DLR-28,TUBE-STD,4468,up,2023-01-01
TM-08142,ACC-DLR-35,TUBE-STD,4462,up,2024-02-01
TM-08143,ACC-DLR-2,TUBE-STD,4462,up,2019-03-01
TM-08144,ACC-DLR-9,TUBE-STD,4462,up,2023-08-01
TM-08145,ACC-DLR-16,TUBE-DLX,4462,up,2019-10-01
TM-08146,ACC-DLR-23,TUBE-STD,4455,up,2025-10-01
TM-08147,ACC-DLR-30,TUBE-STD,4462,up,2025-06-01
TM-08148,ACC-DLR-37,TUBE-STD,4455,up,2019-07-01
TM-08149,ACC-DLR-4,TUBE-STD,4455,up,2019-09-01
TM-08150,ACC-DLR-11,TUBE-DLX,4462,up,2025-06-01
TM-08151,ACC-DLR-18,TUBE-STD,4455,up,2021-05-01
TM-08152,ACC-DLR-25,TUBE-DLX,4482,up,2019-11-01
TM-08153,ACC-DLR-32,TUBE-STD,4482,up,2022-03-01
TM-08154,ACC-DLR-39,TUBE-STD,4455,up,2025-01-01
TM-08155,ACC-DLR-6,TUBE-STD,4462,up,2026-06-01
TM-08156,ACC-DLR-13,TUBE-STD,4468,up,2024-02-01
TM-08157,ACC-DLR-20,TUBE-DLX,4462,up,2022-04-01
TM-08158,ACC-DLR-27,TUBE-STD,4462,up,2026-11-01
TM-08159,ACC-DLR-34,TUBE-STD,4462,up,2020-06-01
TM-08160,ACC-DLR-1,TUBE-STD,4455,up,2019-09-01
TM-08161,ACC-DLR-8,TUBE-STD,4455,up,2020-06-01
TM-08162,ACC-DLR-15,TUBE-STD,4482,up,2021-09-01
TM-08163,ACC-DLR-22,TUBE-DLX,4468,up,2022-09-01
TM-08164,ACC-DLR-29,TUBE-STD,4455,up,2023-04-01
TM-08165,ACC-DLR-36,TUBE-STD,4468,up,2024-02-01
TM-08166,ACC-DLR-3,TUBE-STD,4455,up,2021-06-01
TM-08167,ACC-DLR-10,TUBE-DLX,4462,up,2024-11-01
TM-08168,ACC-DLR-17,TUBE-DLX,4462,up,2023-03-01
TM-08169,ACC-DLR-24,TUBE-DLX,4482,up,2020-01-01
TM-08170,ACC-DLR-31,TUBE-STD,4462,up,2024-06-01
TM-08171,ACC-DLR-38,TUBE-STD,4462,up,2023-10-01
TM-08172,ACC-DLR-5,TUBE-STD,4482,up,2026-09-01
TM-08173,ACC-DLR-12,TUBE-STD,4462,up,2024-12-01
TM-08174,ACC-DLR-19,TUBE-STD,4455,up,2022-04-01
TM-08175,ACC-DLR-26,TUBE-STD,4455,up,2026-09-01
TM-08176,ACC-DLR-33,TUBE-STD,4468,up,2026-12-01
TM-08177,ACC-DLR-40,TUBE-STD,4468,up,2024-04-01
TM-08178,ACC-DLR-7,TUBE-STD,4462,up,2025-07-01
TM-08179,ACC-DLR-14,TUBE-STD,4468,up,2022-12-01
TM-08180,ACC-DLR-21,TUBE-STD,4455,up,2022-02-01
TM-08181,ACC-DLR-28,TUBE-STD,4462,up,2025-08-01
TM-08182,ACC-DLR-35,TUBE-STD,4462,up,2021-08-01
TM-08183,ACC-DLR-2,TUBE-STD,4468,up,2020-11-01
TM-08184,ACC-DLR-9,TUBE-STD,4482,up,2026-09-01
TM-08185,ACC-DLR-16,TUBE-STD,4482,up,2024-06-01
TM-08186,ACC-DLR-23,TUBE-STD,4482,up,2023-07-01
TM-08187,ACC-DLR-30,TUBE-DLX,4455,up,2020-10-01
TM-08188,ACC-DLR-37,TUBE-STD,4482,up,2024-01-01
TM-08189,ACC-DLR-4,TUBE-DLX,4455,up,2021-05-01
TM-08190,ACC-DLR-11,TUBE-STD,4455,up,2021-10-01
TM-08191,ACC-DLR-18,TUBE-DLX,4482,up,2022-05-01
TM-08192,ACC-DLR-25,TUBE-STD,4462,up,2022-10-01
TM-08193,ACC-DLR-32,TUBE-STD,4462,up,2022-08-01
TM-08194,ACC-DLR-39,TUBE-STD,4462,up,2023-02-01
TM-08195,ACC-DLR-6,TUBE-STD,4455,up,2020-02-01
TM-08196,ACC-DLR-13,TUBE-STD,4462,up,2021-06-01
TM-08197,ACC-DLR-20,TUBE-DLX,4455,up,2023-10-01
TM-08198,ACC-DLR-27,TUBE-DLX,4482,up,2019-02-01
TM-08199,ACC-DLR-34,TUBE-DLX,4482,up,2023-10-01
TM-08200,ACC-DLR-1,TUBE-STD,4455,up,2025-01-01
TM-08201,ACC-DLR-8,TUBE-STD,4468,up,2022-02-01
TM-08202,ACC-DLR-15,TUBE-STD,4482,up,2024-05-01
TM-08203,ACC-DLR-22,TUBE-STD,4455,up,2025-01-01
TM-08204,ACC-DLR-29,TUBE-STD,4468,up,2022-10-01
TM-08205,ACC-DLR-36,TUBE-STD,4482,up,2022-03-01
TM-08206,ACC-DLR-3,TUBE-STD,4455,up,2023-10-01
TM-08207,ACC-DLR-10,TUBE-STD,4455,up,2025-01-01
TM-08208,ACC-DLR-17,TUBE-DLX,4462,up,2023-04-01
TM-08209,ACC-DLR-24,TUBE-STD,4468,up,2026-05-01
TM-08210,ACC-DLR-31,TUBE-DLX,4468,up,2021-10-01
TM-08211,ACC-DLR-38,TUBE-DLX,4462,up,2022-10-01
TM-08212,ACC-DLR-5,TUBE-STD,4455,up,2026-12-01
TM-08213,ACC-DLR-12,TUBE-DLX,4468,up,2019-11-01
TM-08214,ACC-DLR-19,TUBE-STD,4482,up,2026-11-01
TM-08215,ACC-DLR-26,TUBE-DLX,4482,up,2025-11-01
TM-08216,ACC-DLR-33,TUBE-STD,4468,up,2022-01-01
TM-08217,ACC-DLR-40,TUBE-DLX,4455,up,2020-08-01
TM-08218,ACC-DLR-7,TUBE-STD,4468,up,2026-11-01
TM-08219,ACC-DLR-14,TUBE-STD,4462,up,2019-04-01
TM-08220,ACC-DLR-21,TUBE-STD,4462,up,2023-10-01
TM-08221,ACC-DLR-28,TUBE-STD,4468,up,2022-04-01
TM-08222,ACC-DLR-35,TUBE-STD,4468,up,2020-02-01
TM-08223,ACC-DLR-2,TUBE-STD,4482,up,2020-03-01
TM-08224,ACC-DLR-9,TUBE-STD,4482,up,2025-12-01
TM-08225,ACC-DLR-16,TUBE-STD,4455,up,2019-03-01
TM-08226,ACC-DLR-23,TUBE-STD,4482,up,2024-11-01
TM-08227,ACC-DLR-30,TUBE-STD,4468,up,2019-08-01
TM-08228,ACC-DLR-37,TUBE-DLX,4462,up,2019-01-01
TM-08229,ACC-DLR-4,TUBE-STD,4455,up,2026-07-01
TM-08230,ACC-DLR-11,TUBE-DLX,4462,up,2023-10-01
TM-08231,ACC-DLR-18,TUBE-DLX,4462,up,2019-11-01
TM-08232,ACC-DLR-25,TUBE-STD,4455,up,2020-05-01
TM-08233,ACC-DLR-32,TUBE-DLX,4462,up,2025-12-01
TM-08234,ACC-DLR-39,TUBE-DLX,4468,up,2023-09-01
TM-08235,ACC-DLR-6,TUBE-DLX,4482,up,2025-08-01
TM-08236,ACC-DLR-13,TUBE-STD,4468,up,2025-01-01
TM-08237,ACC-DLR-20,TUBE-STD,4455,up,2024-09-01
TM-08238,ACC-DLR-27,TUBE-DLX,4462,up,2022-03-01
TM-08239,ACC-DLR-34,TUBE-STD,4455,up,2025-07-01
TM-08240,ACC-DLR-1,TUBE-DLX,4462,up,2025-02-01
TM-08241,ACC-DLR-8,TUBE-DLX,4482,up,2021-06-01
TM-08242,ACC-DLR-15,TUBE-STD,4462,up,2020-07-01
TM-08243,ACC-DLR-22,TUBE-STD,4482,up,2022-03-01
TM-08244,ACC-DLR-29,TUBE-STD,4455,up,2024-02-01
TM-08245,ACC-DLR-36,TUBE-STD,4468,up,2026-08-01
TM-08246,ACC-DLR-3,TUBE-DLX,4482,up,2025-11-01
TM-08247,ACC-DLR-10,TUBE-STD,4455,up,2025-02-01
TM-08248,ACC-DLR-17,TUBE-STD,4455,up,2022-08-01
TM-08249,ACC-DLR-24,TUBE-DLX,4462,up,2026-10-01
TM-08250,ACC-DLR-31,TUBE-STD,4455,up,2026-01-01
TM-08251,ACC-DLR-38,TUBE-STD,4468,up,2023-02-01
TM-08252,ACC-DLR-5,TUBE-STD,4482,up,2019-08-01
TM-08253,ACC-DLR-12,TUBE-DLX,4462,up,2021-10-01
TM-08254,ACC-DLR-19,TUBE-STD,4482,up,2025-05-01
TM-08255,ACC-DLR-26,TUBE-STD,4468,up,2025-11-01
TM-08256,ACC-DLR-33,TUBE-DLX,4455,up,2026-09-01
TM-08257,ACC-DLR-40,TUBE-DLX,4455,up,2019-05-01
TM-08258,ACC-DLR-7,TUBE-DLX,4462,up,2019-09-01
TM-08259,ACC-DLR-14,TUBE-STD,4455,up,2023-02-01
TM-08260,ACC-DLR-21,TUBE-STD,4482,up,2026-04-01
TM-08261,ACC-DLR-28,TUBE-STD,4455,up,2022-12-01
TM-08262,ACC-DLR-35,TUBE-DLX,4482,up,2023-07-01
TM-08263,ACC-DLR-2,TUBE-STD,4455,up,2022-11-01
TM-08264,ACC-DLR-9,TUBE-STD,4455,up,2024-02-01
TM-08265,ACC-DLR-16,TUBE-STD,4455,up,2024-09-01
TM-08266,ACC-DLR-23,TUBE-STD,4482,up,2023-03-01
TM-08267,ACC-DLR-30,TUBE-STD,4455,up,2020-06-01
TM-08268,ACC-DLR-37,TUBE-STD,4462,up,2026-05-01
TM-08269,ACC-DLR-4,TUBE-DLX,4462,up,2025-07-01
TM-08270,ACC-DLR-11,TUBE-STD,4468,up,2026-10-01
TM-08271,ACC-DLR-18,TUBE-STD,4455,up,2025-11-01
TM-08272,ACC-DLR-25,TUBE-DLX,4482,up,2026-11-01
TM-08273,ACC-DLR-32,TUBE-DLX,4482,up,2025-10-01
TM-08274,ACC-DLR-39,TUBE-STD,4468,up,2020-04-01
TM-08275,ACC-DLR-6,TUBE-STD,4482,up,2020-01-01
TM-08276,ACC-DLR-13,TUBE-STD,4482,up,2024-09-01
TM-08277,ACC-DLR-20,TUBE-DLX,4482,up,2023-02-01
TM-08278,ACC-DLR-27,TUBE-STD,4468,up,2021-12-01
TM-08279,ACC-DLR-34,TUBE-STD,4462,up,2021-07-01
TM-08280,ACC-DLR-1,TUBE-DLX,4482,up,2019-09-01
TM-08281,ACC-DLR-8,TUBE-STD,4462,up,2024-01-01
TM-08282,ACC-DLR-15,TUBE-STD,4468,up,2023-04-01
TM-08283,ACC-DLR-22,TUBE-STD,4482,up,2021-09-01
TM-08284,ACC-DLR-29,TUBE-STD,4468,up,2023-02-01
TM-08285,ACC-DLR-36,TUBE-DLX,4455,up,2020-04-01
TM-08286,ACC-DLR-3,TUBE-STD,4482,up,2023-12-01
TM-08287,ACC-DLR-10,TUBE-STD,4482,up,2026-12-01
TM-08288,ACC-DLR-17,TUBE-STD,4482,up,2020-12-01
TM-08289,ACC-DLR-24,TUBE-STD,4482,up,2022-06-01
TM-08290,ACC-DLR-31,TUBE-STD,4455,up,2020-05-01
TM-08291,ACC-DLR-38,TUBE-STD,4462,up,2022-04-01
TM-08292,ACC-DLR-5,TUBE-STD,4482,up,2021-12-01
TM-08293,ACC-DLR-12,TUBE-DLX,4462,up,2026-02-01
TM-08294,ACC-DLR-19,TUBE-STD,4482,up,2025-04-01
TM-08295,ACC-DLR-26,TUBE-DLX,4462,up,2021-05-01
TM-08296,ACC-DLR-33,TUBE-STD,4455,up,2023-11-01
TM-08297,ACC-DLR-40,TUBE-STD,4482,up,2022-01-01
TM-08298,ACC-DLR-7,TUBE-STD,4462,up,2025-10-01
TM-08299,ACC-DLR-14,TUBE-STD,4462,up,2026-06-01
TM-08300,ACC-DLR-21,TUBE-STD,4468,up,2021-07-01
TM-08301,ACC-DLR-28,TUBE-STD,4455,up,2025-04-01
TM-08302,ACC-DLR-35,TUBE-STD,4455,up,2021-03-01
TM-08303,ACC-DLR-2,TUBE-DLX,4482,up,2021-01-01
TM-08304,ACC-DLR-9,TUBE-STD,4482,up,2022-08-01
TM-08305,ACC-DLR-16,TUBE-DLX,4468,up,2021-11-01
TM-08306,ACC-DLR-23,TUBE-STD,4482,up,2025-05-01
TM-08307,ACC-DLR-30,TUBE-DLX,4468,up,2019-09-01
TM-08308,ACC-DLR-37,TUBE-STD,4455,up,2020-01-01
TM-08309,ACC-DLR-4,TUBE-DLX,4462,up,2022-12-01
TM-08310,ACC-DLR-11,TUBE-STD,4468,up,2025-04-01
TM-08311,ACC-DLR-18,TUBE-STD,4482,up,2023-03-01
TM-08312,ACC-DLR-25,TUBE-DLX,4455,up,2020-08-01
TM-08313,ACC-DLR-32,TUBE-STD,4482,up,2020-07-01
TM-08314,ACC-DLR-39,TUBE-STD,4462,up,2021-01-01
TM-08315,ACC-DLR-6,TUBE-DLX,4462,up,2022-02-01
TM-08316,ACC-DLR-13,TUBE-STD,4455,up,2021-10-01
TM-08317,ACC-DLR-20,TUBE-STD,4455,up,2021-03-01
TM-08318,ACC-DLR-27,TUBE-STD,4482,up,2020-03-01
TM-08319,ACC-DLR-34,TUBE-STD,4455,up,2025-10-01
TM-08320,ACC-DLR-1,TUBE-DLX,4468,up,2019-10-01
TM-08321,ACC-DLR-8,TUBE-DLX,4482,up,2020-05-01
TM-08322,ACC-DLR-15,TUBE-STD,4462,up,2022-11-01
TM-08323,ACC-DLR-22,TUBE-DLX,4482,up,2022-03-01
TM-08324,ACC-DLR-29,TUBE-DLX,4462,up,2019-07-01
TM-08325,ACC-DLR-36,TUBE-STD,4468,up,2019-10-01
TM-08326,ACC-DLR-3,TUBE-STD,4455,up,2026-11-01
TM-08327,ACC-DLR-10,TUBE-DLX,4482,up,2024-09-01
TM-08328,ACC-DLR-17,TUBE-STD,4468,up,2019-09-01
TM-08329,ACC-DLR-24,TUBE-DLX,4462,up,2025-07-01
TM-08330,ACC-DLR-31,TUBE-DLX,4455,up,2026-02-01
TM-08331,ACC-DLR-38,TUBE-STD,4482,up,2026-06-01
TM-08332,ACC-DLR-5,TUBE-STD,4455,up,2023-05-01
TM-08333,ACC-DLR-12,TUBE-STD,4455,up,2019-04-01
TM-08334,ACC-DLR-19,TUBE-STD,4462,up,2020-09-01
TM-08335,ACC-DLR-26,TUBE-STD,4455,up,2025-03-01
TM-08336,ACC-DLR-33,TUBE-STD,4462,up,2024-11-01
TM-08337,ACC-DLR-40,TUBE-DLX,4468,up,2025-12-01
TM-08338,ACC-DLR-7,TUBE-STD,4455,up,2024-10-01
TM-08339,ACC-DLR-14,TUBE-STD,4482,up,2021-05-01
TM-08340,ACC-DLR-21,TUBE-STD,4468,up,2021-06-01
TM-08341,ACC-DLR-28,TUBE-STD,4455,up,2022-12-01
TM-08342,ACC-DLR-35,TUBE-STD,4482,up,2023-01-01
TM-08343,ACC-DLR-2,TUBE-DLX,4455,up,2025-06-01
TM-08344,ACC-DLR-9,TUBE-STD,4468,up,2025-06-01
TM-08345,ACC-DLR-16,TUBE-DLX,4468,up,2020-03-01
TM-08346,ACC-DLR-23,TUBE-DLX,4462,up,2023-08-01
TM-08347,ACC-DLR-30,TUBE-STD,4468,up,2020-10-01
TM-08348,ACC-DLR-37,TUBE-STD,4462,up,2020-02-01
TM-08349,ACC-DLR-4,TUBE-STD,4468,up,2021-06-01
TM-08350,ACC-DLR-11,TUBE-STD,4482,up,2026-03-01
TM-08351,ACC-DLR-18,TUBE-STD,4468,up,2023-07-01
TM-08352,ACC-DLR-25,TUBE-STD,4455,up,2025-05-01
TM-08353,ACC-DLR-32,TUBE-STD,4468,up,2025-03-01
TM-08354,ACC-DLR-39,TUBE-DLX,4468,up,2025-08-01
TM-08355,ACC-DLR-6,TUBE-STD,4482,up,2025-04-01
TM-08356,ACC-DLR-13,TUBE-STD,4455,up,2020-09-01
TM-08357,ACC-DLR-20,TUBE-STD,4455,up,2025-04-01
TM-08358,ACC-DLR-27,TUBE-DLX,4462,up,2022-11-01
TM-08359,ACC-DLR-34,TUBE-STD,4455,up,2021-09-01
TM-08360,ACC-DLR-1,TUBE-DLX,4482,up,2019-11-01
TM-08361,ACC-DLR-8,TUBE-STD,4482,up,2022-03-01
TM-08362,ACC-DLR-15,TUBE-STD,4462,up,2024-05-01
TM-08363,ACC-DLR-22,TUBE-DLX,4468,up,2024-08-01
TM-08364,ACC-DLR-29,TUBE-STD,4462,up,2021-02-01
TM-08365,ACC-DLR-36,TUBE-STD,4462,up,2020-06-01
TM-08366,ACC-DLR-3,TUBE-STD,4462,up,2022-11-01
TM-08367,ACC-DLR-10,TUBE-DLX,4468,up,2021-11-01
TM-08368,ACC-DLR-17,TUBE-STD,4462,up,2026-01-01
TM-08369,ACC-DLR-24,TUBE-STD,4455,up,2020-11-01
TM-08370,ACC-DLR-31,TUBE-STD,4455,up,2021-01-01
TM-08371,ACC-DLR-38,TUBE-STD,4482,up,2020-09-01
TM-08372,ACC-DLR-5,TUBE-DLX,4462,up,2020-05-01
TM-08373,ACC-DLR-12,TUBE-DLX,4462,up,2020-04-01
TM-08374,ACC-DLR-19,TUBE-STD,4455,up,2025-09-01
TM-08375,ACC-DLR-26,TUBE-STD,4455,up,2021-09-01
TM-08376,ACC-DLR-33,TUBE-DLX,4462,up,2024-09-01
TM-08377,ACC-DLR-40,TUBE-DLX,4482,up,2023-05-01
TM-08378,ACC-DLR-7,TUBE-STD,4468,up,2024-10-01
TM-08379,ACC-DLR-14,TUBE-STD,4468,up,2025-03-01
TM-08380,ACC-DLR-21,TUBE-STD,4455,up,2022-09-01
TM-08381,ACC-DLR-28,TUBE-STD,4462,up,2026-10-01
TM-08382,ACC-DLR-35,TUBE-DLX,4462,up,2025-04-01
TM-08383,ACC-DLR-2,TUBE-STD,4455,up,2019-09-01
TM-08384,ACC-DLR-9,TUBE-STD,4455,up,2022-07-01
TM-08385,ACC-DLR-16,TUBE-STD,4455,up,2025-06-01
TM-08386,ACC-DLR-23,TUBE-DLX,4455,up,2021-10-01
TM-08387,ACC-DLR-30,TUBE-STD,4468,up,2019-12-01
TM-08388,ACC-DLR-37,TUBE-STD,4468,up,2026-12-01
TM-08389,ACC-DLR-4,TUBE-DLX,4468,up,2020-03-01
TM-08390,ACC-DLR-11,TUBE-STD,4482,up,2020-08-01
TM-08391,ACC-DLR-18,TUBE-STD,4455,up,2023-03-01
TM-08392,ACC-DLR-25,TUBE-DLX,4468,up,2019-11-01
TM-08393,ACC-DLR-32,TUBE-STD,4482,up,2019-05-01
TM-08394,ACC-DLR-39,TUBE-DLX,4455,up,2020-05-01
TM-08395,ACC-DLR-6,TUBE-STD,4462,up,2020-11-01
TM-08396,ACC-DLR-13,TUBE-DLX,4468,up,2020-06-01
TM-08397,ACC-DLR-20,TUBE-DLX,4468,up,2020-06-01
TM-08398,ACC-DLR-27,TUBE-STD,4455,up,2026-11-01
TM-08399,ACC-DLR-34,TUBE-STD,4455,up,2026-06-01
TM-08400,ACC-DLR-1,TUBE-STD,4468,up,2023-11-01
TM-08401,ACC-DLR-8,TUBE-STD,4468,up,2024-03-01
TM-08402,ACC-DLR-15,TUBE-STD,4482,up,2023-01-01
TM-08403,ACC-DLR-22,TUBE-DLX,4455,up,2022-06-01
TM-08404,ACC-DLR-29,TUBE-STD,4482,up,2020-01-01
TM-08405,ACC-DLR-36,TUBE-STD,4455,up,2026-03-01
TM-08406,ACC-DLR-3,TUBE-DLX,4455,up,2021-02-01
TM-08407,ACC-DLR-10,TUBE-STD,4455,up,2026-08-01
TM-08408,ACC-DLR-17,TUBE-STD,4468,up,2019-07-01
TM-08409,ACC-DLR-24,TUBE-STD,4462,up,2022-06-01
TM-08410,ACC-DLR-31,TUBE-STD,4482,up,2026-07-01
TM-08411,ACC-DLR-38,TUBE-STD,4462,up,2026-02-01
TM-08412,ACC-DLR-5,TUBE-DLX,4455,up,2021-10-01
TM-08413,ACC-DLR-12,TUBE-DLX,4462,up,2025-01-01
TM-08414,ACC-DLR-19,TUBE-DLX,4468,up,2024-06-01
TM-08415,ACC-DLR-26,TUBE-STD,4462,up,2019-09-01
TM-08416,ACC-DLR-33,TUBE-DLX,4482,up,2021-09-01
TM-08417,ACC-DLR-40,TUBE-STD,4455,up,2025-11-01
TM-08418,ACC-DLR-7,TUBE-DLX,4462,up,2023-08-01
TM-08419,ACC-DLR-14,TUBE-STD,4468,up,2022-08-01
TM-08420,ACC-DLR-21,TUBE-STD,4462,up,2023-09-01
TM-08421,ACC-DLR-28,TUBE-STD,4482,up,2022-04-01
TM-08422,ACC-DLR-35,TUBE-STD,4455,up,2020-08-01
TM-08423,ACC-DLR-2,TUBE-STD,4482,up,2019-10-01
TM-08424,ACC-DLR-9,TUBE-STD,4462,up,2019-02-01
TM-08425,ACC-DLR-16,TUBE-STD,4482,up,2022-09-01
TM-08426,ACC-DLR-23,TUBE-DLX,4462,up,2025-09-01
TM-08427,ACC-DLR-30,TUBE-STD,4468,up,2019-07-01
TM-08428,ACC-DLR-37,TUBE-STD,4455,up,2026-09-01
TM-08429,ACC-DLR-4,TUBE-DLX,4462,up,2021-03-01
TM-08430,ACC-DLR-11,TUBE-STD,4468,up,2022-03-01
TM-08431,ACC-DLR-18,TUBE-DLX,4455,up,2023-08-01
TM-08432,ACC-DLR-25,TUBE-DLX,4468,up,2024-11-01
TM-08433,ACC-DLR-32,TUBE-STD,4482,up,2026-08-01
TM-08434,ACC-DLR-39,TUBE-STD,4462,up,2020-07-01
TM-08435,ACC-DLR-6,TUBE-STD,4455,up,2021-01-01
TM-08436,ACC-DLR-13,TUBE-STD,4455,up,2021-05-01
TM-08437,ACC-DLR-20,TUBE-DLX,4462,up,2020-09-01
TM-08438,ACC-DLR-27,TUBE-DLX,4482,up,2026-06-01
TM-08439,ACC-DLR-34,TUBE-STD,4482,up,2023-11-01
TM-08440,ACC-DLR-1,TUBE-STD,4482,up,2022-09-01
TM-08441,ACC-DLR-8,TUBE-STD,4462,up,2021-09-01
TM-08442,ACC-DLR-15,TUBE-DLX,4468,up,2021-08-01
TM-08443,ACC-DLR-22,TUBE-STD,4462,up,2022-06-01
TM-08444,ACC-DLR-29,TUBE-DLX,4482,up,2023-03-01
TM-08445,ACC-DLR-36,TUBE-DLX,4462,up,2024-11-01
TM-08446,ACC-DLR-3,TUBE-STD,4462,up,2025-02-01
TM-08447,ACC-DLR-10,TUBE-STD,4482,up,2023-10-01
TM-08448,ACC-DLR-17,TUBE-DLX,4455,up,2025-11-01
TM-08449,ACC-DLR-24,TUBE-STD,4462,up,2020-08-01
TM-08450,ACC-DLR-31,TUBE-STD,4468,up,2019-06-01
TM-08451,ACC-DLR-38,TUBE-STD,4468,up,2023-06-01
TM-08452,ACC-DLR-5,TUBE-STD,4482,up,2021-06-01
TM-08453,ACC-DLR-12,TUBE-STD,4455,up,2023-03-01
TM-08454,ACC-DLR-19,TUBE-DLX,4482,up,2019-08-01
TM-08455,ACC-DLR-26,TUBE-STD,4462,up,2021-10-01
TM-08456,ACC-DLR-33,TUBE-STD,4455,up,2023-07-01
TM-08457,ACC-DLR-40,TUBE-STD,4468,up,2019-09-01
TM-08458,ACC-DLR-7,TUBE-STD,4462,up,2023-05-01
TM-08459,ACC-DLR-14,TUBE-STD,4468,up,2023-08-01
TM-08460,ACC-DLR-21,TUBE-STD,4482,up,2020-12-01
TM-08461,ACC-DLR-28,TUBE-STD,4455,up,2020-04-01
TM-08462,ACC-DLR-35,TUBE-STD,4455,up,2025-08-01
TM-08463,ACC-DLR-2,TUBE-STD,4482,up,2025-12-01
TM-08464,ACC-DLR-9,TUBE-STD,4455,up,2023-08-01
TM-08465,ACC-DLR-16,TUBE-DLX,4482,up,2023-07-01
TM-08466,ACC-DLR-23,TUBE-STD,4455,up,2020-01-01
TM-08467,ACC-DLR-30,TUBE-STD,4462,up,2024-03-01
TM-08468,ACC-DLR-37,TUBE-STD,4462,up,2024-02-01
TM-08469,ACC-DLR-4,TUBE-DLX,4462,up,2020-09-01
TM-08470,ACC-DLR-11,TUBE-DLX,4462,up,2019-04-01
TM-08471,ACC-DLR-18,TUBE-DLX,4462,up,2023-06-01
TM-08472,ACC-DLR-25,TUBE-STD,4482,up,2025-08-01
TM-08473,ACC-DLR-32,TUBE-STD,4482,up,2020-10-01
TM-08474,ACC-DLR-39,TUBE-DLX,4455,up,2026-02-01
TM-08475,ACC-DLR-6,TUBE-STD,4462,up,2025-02-01
TM-08476,ACC-DLR-13,TUBE-DLX,4455,up,2025-06-01
TM-08477,ACC-DLR-20,TUBE-DLX,4482,up,2022-03-01
TM-08478,ACC-DLR-27,TUBE-STD,4462,up,2019-07-01
TM-08479,ACC-DLR-34,TUBE-STD,4482,up,2022-05-01
TM-08480,ACC-DLR-1,TUBE-STD,4455,up,2022-01-01
TM-08481,ACC-DLR-8,TUBE-STD,4482,up,2020-04-01
TM-08482,ACC-DLR-15,TUBE-STD,4468,up,2025-10-01
TM-08483,ACC-DLR-22,TUBE-STD,4455,up,2024-03-01
TM-08484,ACC-DLR-29,TUBE-STD,4482,up,2025-10-01
TM-08485,ACC-DLR-36,TUBE-DLX,4468,up,2026-05-01
TM-08486,ACC-DLR-3,TUBE-STD,4455,up,2020-11-01
TM-08487,ACC-DLR-10,TUBE-DLX,4455,up,2019-04-01
TM-08488,ACC-DLR-17,TUBE-STD,4468,up,2025-06-01
TM-08489,ACC-DLR-24,TUBE-STD,4482,up,2025-07-01
TM-08490,ACC-DLR-31,TUBE-DLX,4468,up,2020-01-01
TM-08491,ACC-DLR-38,TUBE-STD,4462,up,2026-07-01
TM-08492,ACC-DLR-5,TUBE-STD,4468,up,2026-09-01
TM-08493,ACC-DLR-12,TUBE-STD,4455,up,2026-03-01
TM-08494,ACC-DLR-19,TUBE-DLX,4462,up,2026-05-01
TM-08495,ACC-DLR-26,TUBE-DLX,4468,up,2020-01-01
TM-08496,ACC-DLR-33,TUBE-STD,4455,up,2019-04-01
TM-08497,ACC-DLR-40,TUBE-STD,4468,up,2020-07-01
TM-08498,ACC-DLR-7,TUBE-STD,4468,up,2024-01-01
TM-08499,ACC-DLR-14,TUBE-DLX,4462,up,2022-12-01
TM-08500,ACC-DLR-21,TUBE-DLX,4468,up,2019-09-01
TM-08501,ACC-DLR-28,TUBE-STD,4462,up,2022-04-01
TM-08502,ACC-DLR-35,TUBE-DLX,4468,up,2023-06-01
TM-08503,ACC-DLR-2,TUBE-STD,4468,up,2023-11-01
TM-08504,ACC-DLR-9,TUBE-DLX,4482,up,2024-03-01
TM-08505,ACC-DLR-16,TUBE-DLX,4462,up,2025-06-01
TM-08506,ACC-DLR-23,TUBE-STD,4455,up,2024-03-01
TM-08507,ACC-DLR-30,TUBE-STD,4455,up,2025-03-01
TM-08508,ACC-DLR-37,TUBE-DLX,4468,up,2021-11-01
TM-08509,ACC-DLR-4,TUBE-STD,4468,up,2024-01-01
TM-08510,ACC-DLR-11,TUBE-DLX,4482,up,2026-11-01
TM-08511,ACC-DLR-18,TUBE-STD,4468,up,2021-01-01
TM-08512,ACC-DLR-25,TUBE-STD,4468,up,2020-08-01
TM-08513,ACC-DLR-32,TUBE-STD,4462,up,2024-08-01
TM-08514,ACC-DLR-39,TUBE-STD,4462,up,2022-05-01
TM-08515,ACC-DLR-6,TUBE-DLX,4468,up,2022-02-01
TM-08516,ACC-DLR-13,TUBE-STD,4482,up,2023-07-01
TM-08517,ACC-DLR-20,TUBE-DLX,4455,up,2019-10-01
TM-08518,ACC-DLR-27,TUBE-STD,4468,up,2023-01-01
TM-08519,ACC-DLR-34,TUBE-STD,4468,up,2025-06-01
TM-08520,ACC-DLR-1,TUBE-STD,4482,up,2019-03-01
TM-08521,ACC-DLR-8,TUBE-STD,4455,up,2021-02-01
TM-08522,ACC-DLR-15,TUBE-DLX,4455,up,2021-09-01
TM-08523,ACC-DLR-22,TUBE-STD,4482,up,2023-08-01
TM-08524,ACC-DLR-29,TUBE-STD,4462,up,2024-12-01
TM-08525,ACC-DLR-36,TUBE-STD,4455,up,2021-08-01
TM-08526,ACC-DLR-3,TUBE-DLX,4462,up,2022-07-01
TM-08527,ACC-DLR-10,TUBE-DLX,4468,up,2020-09-01
TM-08528,ACC-DLR-17,TUBE-STD,4455,up,2019-08-01
TM-08529,ACC-DLR-24,TUBE-STD,4455,up,2019-01-01
TM-08530,ACC-DLR-31,TUBE-STD,4482,up,2024-08-01
TM-08531,ACC-DLR-38,TUBE-STD,4455,up,2021-03-01
TM-08532,ACC-DLR-5,TUBE-DLX,4482,up,2024-07-01
TM-08533,ACC-DLR-12,TUBE-STD,4468,up,2021-07-01
TM-08534,ACC-DLR-19,TUBE-STD,4455,up,2020-12-01
TM-08535,ACC-DLR-26,TUBE-STD,4482,up,2024-09-01
TM-08536,ACC-DLR-33,TUBE-DLX,4462,up,2020-03-01
TM-08537,ACC-DLR-40,TUBE-STD,4455,up,2023-09-01
TM-08538,ACC-DLR-7,TUBE-STD,4455,up,2019-07-01
TM-08539,ACC-DLR-14,TUBE-DLX,4468,up,2021-06-01
TM-08540,ACC-DLR-21,TUBE-DLX,4468,up,2021-09-01
TM-08541,ACC-DLR-28,TUBE-DLX,4468,up,2019-01-01
TM-08542,ACC-DLR-35,TUBE-STD,4468,up,2022-11-01
TM-08543,ACC-DLR-2,TUBE-DLX,4455,up,2026-12-01
TM-08544,ACC-DLR-9,TUBE-DLX,4468,up,2025-11-01
TM-08545,ACC-DLR-16,TUBE-DLX,4468,up,2021-04-01
TM-08546,ACC-DLR-23,TUBE-STD,4482,up,2024-11-01
TM-08547,ACC-DLR-30,TUBE-STD,4462,up,2024-07-01
TM-08548,ACC-DLR-37,TUBE-DLX,4468,up,2024-04-01
TM-08549,ACC-DLR-4,TUBE-STD,4468,up,2019-03-01
TM-08550,ACC-DLR-11,TUBE-STD,4462,up,2026-01-01
TM-08551,ACC-DLR-18,TUBE-STD,4455,up,2021-11-01
TM-08552,ACC-DLR-25,TUBE-DLX,4482,up,2024-06-01
TM-08553,ACC-DLR-32,TUBE-DLX,4455,up,2026-01-01
TM-08554,ACC-DLR-39,TUBE-STD,4455,up,2020-10-01
TM-08555,ACC-DLR-6,TUBE-DLX,4468,up,2024-02-01
TM-08556,ACC-DLR-13,TUBE-STD,4462,up,2019-08-01
TM-08557,ACC-DLR-20,TUBE-STD,4482,up,2021-09-01
TM-08558,ACC-DLR-27,TUBE-DLX,4468,up,2021-07-01
TM-08559,ACC-DLR-34,TUBE-DLX,4468,up,2020-12-01
TM-08560,ACC-DLR-1,TUBE-STD,4468,up,2020-07-01
TM-08561,ACC-DLR-8,TUBE-STD,4462,up,2024-12-01
TM-08562,ACC-DLR-15,TUBE-STD,4462,up,2023-12-01
TM-08563,ACC-DLR-22,TUBE-DLX,4468,up,2023-04-01
TM-08564,ACC-DLR-29,TUBE-STD,4455,up,2026-10-01
TM-08565,ACC-DLR-36,TUBE-STD,4462,up,2020-12-01
TM-08566,ACC-DLR-3,TUBE-STD,4482,up,2024-04-01
TM-08567,ACC-DLR-10,TUBE-STD,4462,up,2024-04-01
TM-08568,ACC-DLR-17,TUBE-STD,4455,up,2021-02-01
TM-08569,ACC-DLR-24,TUBE-STD,4462,up,2021-02-01
TM-08570,ACC-DLR-31,TUBE-STD,4468,up,2020-05-01
TM-08571,ACC-DLR-38,TUBE-STD,4462,up,2024-04-01
TM-08572,ACC-DLR-5,TUBE-STD,4468,up,2024-11-01
TM-08573,ACC-DLR-12,TUBE-DLX,4468,up,2020-07-01
TM-08574,ACC-DLR-19,TUBE-DLX,4462,up,2026-03-01
TM-08575,ACC-DLR-26,TUBE-STD,4455,up,2023-06-01
TM-08576,ACC-DLR-33,TUBE-DLX,4455,up,2023-05-01
TM-08577,ACC-DLR-40,TUBE-STD,4482,up,2026-02-01
TM-08578,ACC-DLR-7,TUBE-DLX,4455,up,2019-09-01
TM-08579,ACC-DLR-14,TUBE-STD,4455,up,2024-09-01
TM-08580,ACC-DLR-21,TUBE-STD,4462,up,2025-11-01
TM-08581,ACC-DLR-28,TUBE-DLX,4455,up,2021-04-01
TM-08582,ACC-DLR-35,TUBE-STD,4462,up,2019-06-01
TM-08583,ACC-DLR-2,TUBE-STD,4468,up,2022-11-01
TM-08584,ACC-DLR-9,TUBE-STD,4482,up,2020-08-01
TM-08585,ACC-DLR-16,TUBE-STD,4462,up,2026-03-01
TM-08586,ACC-DLR-23,TUBE-STD,4455,up,2019-10-01
TM-08587,ACC-DLR-30,TUBE-STD,4468,up,2019-08-01
TM-08588,ACC-DLR-37,TUBE-STD,4468,up,2025-05-01
TM-08589,ACC-DLR-4,TUBE-STD,4462,up,2024-11-01
TM-08590,ACC-DLR-11,TUBE-STD,4482,up,2023-09-01
TM-08591,ACC-DLR-18,TUBE-DLX,4455,up,2020-07-01
TM-08592,ACC-DLR-25,TUBE-STD,4462,up,2024-06-01
TM-08593,ACC-DLR-32,TUBE-STD,4468,up,2021-11-01
TM-08594,ACC-DLR-39,TUBE-STD,4482,up,2024-05-01
TM-08595,ACC-DLR-6,TUBE-DLX,4482,up,2026-06-01
TM-08596,ACC-DLR-13,TUBE-DLX,4455,up,2020-10-01
TM-08597,ACC-DLR-20,TUBE-DLX,4455,up,2020-08-01
TM-08598,ACC-DLR-27,TUBE-STD,4468,up,2024-12-01
TM-08599,ACC-DLR-34,TUBE-STD,4455,up,2019-01-01
TM-08600,ACC-DLR-1,TUBE-DLX,4468,up,2025-03-01
TM-08601,ACC-DLR-8,TUBE-DLX,4455,up,2019-07-01
TM-08602,ACC-DLR-15,TUBE-STD,4468,up,2022-10-01
TM-08603,ACC-DLR-22,TUBE-STD,4482,up,2024-11-01
TM-08604,ACC-DLR-29,TUBE-DLX,4462,up,2025-10-01
TM-08605,ACC-DLR-36,TUBE-DLX,4468,up,2019-12-01
TM-08606,ACC-DLR-3,TUBE-STD,4455,up,2024-05-01
TM-08607,ACC-DLR-10,TUBE-STD,4482,up,2023-01-01
TM-08608,ACC-DLR-17,TUBE-STD,4482,up,2019-11-01
TM-08609,ACC-DLR-24,TUBE-DLX,4455,up,2024-03-01
TM-08610,ACC-DLR-31,TUBE-STD,4468,up,2020-10-01
TM-08611,ACC-DLR-38,TUBE-STD,4455,up,2020-05-01
TM-08612,ACC-DLR-5,TUBE-STD,4468,up,2026-06-01
TM-08613,ACC-DLR-12,TUBE-STD,4468,up,2020-04-01
TM-08614,ACC-DLR-19,TUBE-DLX,4455,up,2024-10-01
TM-08615,ACC-DLR-26,TUBE-DLX,4468,up,2024-08-01
TM-08616,ACC-DLR-33,TUBE-DLX,4455,up,2022-07-01
TM-08617,ACC-DLR-40,TUBE-STD,4468,up,2025-11-01
TM-08618,ACC-DLR-7,TUBE-DLX,4455,up,2022-10-01
TM-08619,ACC-DLR-14,TUBE-STD,4462,up,2022-09-01
TM-08620,ACC-DLR-21,TUBE-STD,4482,up,2026-08-01
TM-08621,ACC-DLR-28,TUBE-STD,4482,up,2021-03-01
TM-08622,ACC-DLR-35,TUBE-STD,4468,up,2022-09-01
TM-08623,ACC-DLR-2,TUBE-DLX,4482,up,2021-03-01
TM-08624,ACC-DLR-9,TUBE-DLX,4468,up,2025-12-01
TM-08625,ACC-DLR-16,TUBE-STD,4455,up,2023-10-01
TM-08626,ACC-DLR-23,TUBE-STD,4468,up,2024-08-01
TM-08627,ACC-DLR-30,TUBE-STD,4455,up,2024-02-01
TM-08628,ACC-DLR-37,TUBE-STD,4482,up,2020-07-01
TM-08629,ACC-DLR-4,TUBE-STD,4468,up,2026-09-01
TM-08630,ACC-DLR-11,TUBE-STD,4462,up,2024-07-01
TM-08631,ACC-DLR-18,TUBE-STD,4482,up,2020-10-01
TM-08632,ACC-DLR-25,TUBE-DLX,4482,up,2026-04-01
TM-08633,ACC-DLR-32,TUBE-STD,4468,up,2025-06-01
TM-08634,ACC-DLR-39,TUBE-STD,4462,up,2019-11-01
TM-08635,ACC-DLR-6,TUBE-STD,4468,up,2023-01-01
TM-08636,ACC-DLR-13,TUBE-STD,4468,up,2026-12-01
TM-08637,ACC-DLR-20,TUBE-STD,4455,up,2026-11-01
TM-08638,ACC-DLR-27,TUBE-DLX,4482,up,2024-07-01
TM-08639,ACC-DLR-34,TUBE-STD,4462,up,2024-03-01
TM-08640,ACC-DLR-1,TUBE-STD,4482,up,2019-11-01
TM-08641,ACC-DLR-8,TUBE-DLX,4455,up,2024-05-01
TM-08642,ACC-DLR-15,TUBE-STD,4462,up,2021-11-01
TM-08643,ACC-DLR-22,TUBE-STD,4482,up,2026-01-01
TM-08644,ACC-DLR-29,TUBE-STD,4462,up,2020-06-01
TM-08645,ACC-DLR-36,TUBE-STD,4482,up,2026-09-01
TM-08646,ACC-DLR-3,TUBE-STD,4468,up,2024-04-01
TM-08647,ACC-DLR-10,TUBE-STD,4462,up,2026-04-01
TM-08648,ACC-DLR-17,TUBE-STD,4482,up,2026-08-01
TM-08649,ACC-DLR-24,TUBE-STD,4455,up,2025-04-01
TM-08650,ACC-DLR-31,TUBE-STD,4468,up,2026-03-01
TM-08651,ACC-DLR-38,TUBE-DLX,4455,up,2019-08-01
TM-08652,ACC-DLR-5,TUBE-STD,4482,up,2025-07-01
TM-08653,ACC-DLR-12,TUBE-STD,4462,up,2024-12-01
TM-08654,ACC-DLR-19,TUBE-STD,4455,up,2022-02-01
TM-08655,ACC-DLR-26,TUBE-STD,4482,up,2020-11-01
TM-08656,ACC-DLR-33,TUBE-DLX,4468,up,2025-05-01
TM-08657,ACC-DLR-40,TUBE-STD,4462,up,2023-02-01
TM-08658,ACC-DLR-7,TUBE-STD,4468,up,2019-12-01
TM-08659,ACC-DLR-14,TUBE-STD,4455,up,2026-11-01
TM-08660,ACC-DLR-21,TUBE-STD,4482,up,2022-12-01
TM-08661,ACC-DLR-28,TUBE-DLX,4468,up,2020-12-01
TM-08662,ACC-DLR-35,TUBE-STD,4468,up,2026-04-01
TM-08663,ACC-DLR-2,TUBE-STD,4462,up,2022-01-01
TM-08664,ACC-DLR-9,TUBE-STD,4482,up,2026-09-01
TM-08665,ACC-DLR-16,TUBE-STD,4462,up,2021-02-01
TM-08666,ACC-DLR-23,TUBE-DLX,4462,up,2024-03-01
TM-08667,ACC-DLR-30,TUBE-STD,4482,up,2025-03-01
TM-08668,ACC-DLR-37,TUBE-STD,4462,up,2024-09-01
TM-08669,ACC-DLR-4,TUBE-DLX,4455,up,2026-07-01
TM-08670,ACC-DLR-11,TUBE-STD,4455,up,2026-07-01
TM-08671,ACC-DLR-18,TUBE-STD,4462,up,2024-07-01
TM-08672,ACC-DLR-25,TUBE-STD,4468,up,2023-08-01
TM-08673,ACC-DLR-32,TUBE-STD,4455,up,2024-05-01
TM-08674,ACC-DLR-39,TUBE-STD,4455,up,2022-01-01
TM-08675,ACC-DLR-6,TUBE-DLX,4482,up,2024-09-01
TM-08676,ACC-DLR-13,TUBE-STD,4455,up,2026-04-01
TM-08677,ACC-DLR-20,TUBE-DLX,4482,up,2019-05-01
TM-08678,ACC-DLR-27,TUBE-STD,4482,up,2023-09-01
TM-08679,ACC-DLR-34,TUBE-STD,4482,up,2022-04-01
TM-08680,ACC-DLR-1,TUBE-STD,4455,up,2021-08-01
TM-08681,ACC-DLR-8,TUBE-STD,4482,up,2024-10-01
TM-08682,ACC-DLR-15,TUBE-STD,4455,up,2021-05-01
TM-08683,ACC-DLR-22,TUBE-STD,4455,up,2019-07-01
TM-08684,ACC-DLR-29,TUBE-STD,4462,up,2022-07-01
TM-08685,ACC-DLR-36,TUBE-DLX,4482,up,2022-02-01
TM-08686,ACC-DLR-3,TUBE-STD,4468,up,2022-05-01
TM-08687,ACC-DLR-10,TUBE-STD,4455,up,2019-09-01
TM-08688,ACC-DLR-17,TUBE-STD,4482,up,2021-01-01
TM-08689,ACC-DLR-24,TUBE-STD,4462,up,2022-02-01
TM-08690,ACC-DLR-31,TUBE-STD,4462,up,2021-07-01
TM-08691,ACC-DLR-38,TUBE-STD,4462,up,2022-10-01
TM-08692,ACC-DLR-5,TUBE-STD,4455,up,2022-02-01
TM-08693,ACC-DLR-12,TUBE-STD,4455,up,2023-11-01
TM-08694,ACC-DLR-19,TUBE-STD,4462,up,2023-07-01
TM-08695,ACC-DLR-26,TUBE-STD,4468,up,2023-02-01
TM-08696,ACC-DLR-33,TUBE-STD,4468,up,2026-04-01
TM-08697,ACC-DLR-40,TUBE-STD,4482,up,2026-09-01
TM-08698,ACC-DLR-7,TUBE-STD,4468,up,2021-06-01
TM-08699,ACC-DLR-14,TUBE-DLX,4468,up,2023-01-01
TM-08700,ACC-DLR-21,TUBE-DLX,4462,up,2024-06-01
TM-08701,ACC-DLR-28,TUBE-STD,4482,up,2022-01-01
TM-08702,ACC-DLR-35,TUBE-STD,4462,up,2021-06-01
TM-08703,ACC-DLR-2,TUBE-DLX,4462,up,2022-11-01
TM-08704,ACC-DLR-9,TUBE-STD,4462,up,2023-08-01
TM-08705,ACC-DLR-16,TUBE-DLX,4455,up,2020-08-01
TM-08706,ACC-DLR-23,TUBE-STD,4468,up,2024-01-01
TM-08707,ACC-DLR-30,TUBE-DLX,4468,up,2022-08-01
TM-08708,ACC-DLR-37,TUBE-STD,4482,up,2024-07-01
TM-08709,ACC-DLR-4,TUBE-STD,4462,up,2022-12-01
TM-08710,ACC-DLR-11,TUBE-DLX,4482,up,2020-02-01
TM-08711,ACC-DLR-18,TUBE-STD,4482,up,2020-10-01
TM-08712,ACC-DLR-25,TUBE-DLX,4462,up,2019-05-01
TM-08713,ACC-DLR-32,TUBE-STD,4455,up,2020-02-01
TM-08714,ACC-DLR-39,TUBE-STD,4468,up,2023-07-01
TM-08715,ACC-DLR-6,TUBE-STD,4455,up,2021-01-01
TM-08716,ACC-DLR-13,TUBE-STD,4455,up,2026-09-01
TM-08717,ACC-DLR-20,TUBE-STD,4468,up,2021-06-01
TM-08718,ACC-DLR-27,TUBE-STD,4462,up,2021-11-01
TM-08719,ACC-DLR-34,TUBE-STD,4482,up,2020-05-01
TM-08720,ACC-DLR-1,TUBE-DLX,4462,up,2026-04-01
TM-08721,ACC-DLR-8,TUBE-DLX,4468,up,2020-03-01
TM-08722,ACC-DLR-15,TUBE-STD,4468,up,2026-01-01
TM-08723,ACC-DLR-22,TUBE-STD,4462,up,2024-12-01
TM-08724,ACC-DLR-29,TUBE-DLX,4462,up,2026-08-01
TM-08725,ACC-DLR-36,TUBE-STD,4482,up,2021-10-01
TM-08726,ACC-DLR-3,TUBE-STD,4482,up,2025-12-01
TM-08727,ACC-DLR-10,TUBE-DLX,4455,up,2025-04-01
TM-08728,ACC-DLR-17,TUBE-STD,4455,up,2023-05-01
TM-08729,ACC-DLR-24,TUBE-DLX,4482,up,2023-06-01
TM-08730,ACC-DLR-31,TUBE-STD,4462,up,2026-12-01
TM-08731,ACC-DLR-38,TUBE-STD,4455,up,2024-04-01
TM-08732,ACC-DLR-5,TUBE-STD,4468,up,2025-07-01
TM-08733,ACC-DLR-12,TUBE-DLX,4455,up,2026-01-01
TM-08734,ACC-DLR-19,TUBE-DLX,4468,up,2022-05-01
TM-08735,ACC-DLR-26,TUBE-DLX,4462,up,2023-09-01
TM-08736,ACC-DLR-33,TUBE-DLX,4482,up,2023-10-01
TM-08737,ACC-DLR-40,TUBE-STD,4455,up,2020-04-01
TM-08738,ACC-DLR-7,TUBE-DLX,4468,up,2020-06-01
TM-08739,ACC-DLR-14,TUBE-STD,4482,up,2021-01-01
TM-08740,ACC-DLR-21,TUBE-DLX,4468,up,2024-09-01
TM-08741,ACC-DLR-28,TUBE-STD,4462,up,2021-03-01
TM-08742,ACC-DLR-35,TUBE-DLX,4468,up,2023-05-01
TM-08743,ACC-DLR-2,TUBE-STD,4455,up,2022-12-01
TM-08744,ACC-DLR-9,TUBE-STD,4455,up,2023-12-01
TM-08745,ACC-DLR-16,TUBE-STD,4462,up,2026-02-01
TM-08746,ACC-DLR-23,TUBE-STD,4468,up,2023-09-01
TM-08747,ACC-DLR-30,TUBE-DLX,4482,up,2025-03-01
TM-08748,ACC-DLR-37,TUBE-STD,4468,up,2025-06-01
TM-08749,ACC-DLR-4,TUBE-STD,4455,up,2026-07-01
TM-08750,ACC-DLR-11,TUBE-DLX,4462,up,2023-10-01
TM-08751,ACC-DLR-18,TUBE-STD,4468,up,2023-08-01
TM-08752,ACC-DLR-25,TUBE-STD,4482,up,2022-10-01
TM-08753,ACC-DLR-32,TUBE-DLX,4482,up,2021-08-01
TM-08754,ACC-DLR-39,TUBE-STD,4482,up,2020-11-01
TM-08755,ACC-DLR-6,TUBE-STD,4482,up,2022-05-01
TM-08756,ACC-DLR-13,TUBE-DLX,4482,up,2026-01-01
TM-08757,ACC-DLR-20,TUBE-DLX,4455,up,2020-09-01
TM-08758,ACC-DLR-27,TUBE-DLX,4482,up,2019-11-01
TM-08759,ACC-DLR-34,TUBE-STD,4455,up,2019-03-01
TM-08760,ACC-DLR-1,TUBE-STD,4468,up,2023-03-01
TM-08761,ACC-DLR-8,TUBE-DLX,4455,up,2026-08-01
TM-08762,ACC-DLR-15,TUBE-STD,4455,up,2022-06-01
TM-08763,ACC-DLR-22,TUBE-STD,4455,up,2021-11-01
TM-08764,ACC-DLR-29,TUBE-STD,4455,up,2024-05-01
TM-08765,ACC-DLR-36,TUBE-STD,4482,up,2020-04-01
TM-08766,ACC-DLR-3,TUBE-STD,4468,up,2020-04-01
TM-08767,ACC-DLR-10,TUBE-STD,4462,up,2025-11-01
TM-08768,ACC-DLR-17,TUBE-STD,4455,up,2022-10-01
TM-08769,ACC-DLR-24,TUBE-STD,4482,up,2022-10-01
TM-08770,ACC-DLR-31,TUBE-DLX,4462,up,2020-11-01
TM-08771,ACC-DLR-38,TUBE-STD,4482,up,2020-03-01
TM-08772,ACC-DLR-5,TUBE-STD,4482,up,2019-12-01
TM-08773,ACC-DLR-12,TUBE-STD,4455,up,2022-01-01
TM-08774,ACC-DLR-19,TUBE-STD,4455,up,2022-07-01
TM-08775,ACC-DLR-26,TUBE-DLX,4462,up,2026-03-01
TM-08776,ACC-DLR-33,TUBE-STD,4462,up,2020-07-01
TM-08777,ACC-DLR-40,TUBE-DLX,4462,up,2025-03-01
TM-08778,ACC-DLR-7,TUBE-DLX,4468,up,2020-07-01
TM-08779,ACC-DLR-14,TUBE-STD,4462,up,2024-05-01
TM-08780,ACC-DLR-21,TUBE-STD,4455,up,2022-01-01
TM-08781,ACC-DLR-28,TUBE-DLX,4468,up,2023-03-01
TM-08782,ACC-DLR-35,TUBE-STD,4462,up,2023-10-01
TM-08783,ACC-DLR-2,TUBE-DLX,4455,up,2022-08-01
TM-08784,ACC-DLR-9,TUBE-STD,4468,up,2020-02-01
TM-08785,ACC-DLR-16,TUBE-STD,4455,up,2022-12-01
TM-08786,ACC-DLR-23,TUBE-STD,4482,up,2020-09-01
TM-08787,ACC-DLR-30,TUBE-DLX,4482,up,2026-06-01
TM-08788,ACC-DLR-37,TUBE-DLX,4462,up,2019-08-01
TM-08789,ACC-DLR-4,TUBE-STD,4468,up,2019-07-01
TM-08790,ACC-DLR-11,TUBE-DLX,4455,up,2023-03-01
TM-08791,ACC-DLR-18,TUBE-STD,4455,up,2024-08-01
TM-08792,ACC-DLR-25,TUBE-STD,4482,up,2024-10-01
TM-08793,ACC-DLR-32,TUBE-STD,4482,up,2026-11-01
TM-08794,ACC-DLR-39,TUBE-STD,4462,up,2025-09-01
TM-08795,ACC-DLR-6,TUBE-STD,4462,up,2024-06-01
TM-08796,ACC-DLR-13,TUBE-STD,4468,up,2026-03-01
TM-08797,ACC-DLR-20,TUBE-STD,4482,up,2021-03-01
TM-08798,ACC-DLR-27,TUBE-STD,4455,up,2023-12-01
TM-08799,ACC-DLR-34,TUBE-STD,4455,up,2022-11-01
TM-08800,ACC-DLR-1,TUBE-STD,4455,up,2022-07-01
TM-08801,ACC-DLR-8,TUBE-STD,4482,up,2023-05-01
TM-08802,ACC-DLR-15,TUBE-STD,4455,up,2022-09-01
TM-08803,ACC-DLR-22,TUBE-STD,4462,up,2022-01-01
TM-08804,ACC-DLR-29,TUBE-STD,4482,up,2025-06-01
TM-08805,ACC-DLR-36,TUBE-DLX,4482,up,2025-07-01
TM-08806,ACC-DLR-3,TUBE-DLX,4455,up,2026-11-01
TM-08807,ACC-DLR-10,TUBE-STD,4462,up,2025-08-01
TM-08808,ACC-DLR-17,TUBE-STD,4462,up,2025-11-01
TM-08809,ACC-DLR-24,TUBE-DLX,4482,up,2019-10-01
TM-08810,ACC-DLR-31,TUBE-STD,4455,up,2022-01-01
TM-08811,ACC-DLR-38,TUBE-DLX,4462,up,2022-05-01
TM-08812,ACC-DLR-5,TUBE-STD,4455,up,2019-09-01
TM-08813,ACC-DLR-12,TUBE-STD,4462,up,2023-05-01
TM-08814,ACC-DLR-19,TUBE-STD,4455,up,2024-08-01
TM-08815,ACC-DLR-26,TUBE-DLX,4482,up,2022-08-01
TM-08816,ACC-DLR-33,TUBE-STD,4482,up,2023-05-01
TM-08817,ACC-DLR-40,TUBE-STD,4455,up,2025-11-01
TM-08818,ACC-DLR-7,TUBE-STD,4462,up,2022-07-01
TM-08819,ACC-DLR-14,TUBE-DLX,4462,up,2026-07-01
TM-08820,ACC-DLR-21,TUBE-DLX,4482,up,2019-02-01
TM-08821,ACC-DLR-28,TUBE-STD,4482,up,2023-12-01
TM-08822,ACC-DLR-35,TUBE-STD,4462,up,2021-05-01
TM-08823,ACC-DLR-2,TUBE-STD,4462,up,2020-06-01
TM-08824,ACC-DLR-9,TUBE-DLX,4462,up,2021-04-01
TM-08825,ACC-DLR-16,TUBE-STD,4455,up,2019-04-01
TM-08826,ACC-DLR-23,TUBE-DLX,4468,up,2023-03-01
TM-08827,ACC-DLR-30,TUBE-DLX,4482,up,2026-10-01
TM-08828,ACC-DLR-37,TUBE-DLX,4468,up,2025-08-01
TM-08829,ACC-DLR-4,TUBE-STD,4455,up,2021-05-01
TM-08830,ACC-DLR-11,TUBE-DLX,4462,up,2019-10-01
TM-08831,ACC-DLR-18,TUBE-DLX,4455,up,2020-04-01
TM-08832,ACC-DLR-25,TUBE-STD,4482,up,2025-06-01
TM-08833,ACC-DLR-32,TUBE-STD,4455,up,2026-04-01
TM-08834,ACC-DLR-39,TUBE-DLX,4462,up,2023-09-01
TM-08835,ACC-DLR-6,TUBE-STD,4468,up,2022-01-01
TM-08836,ACC-DLR-13,TUBE-STD,4462,up,2021-04-01
TM-08837,ACC-DLR-20,TUBE-STD,4482,up,2026-03-01
TM-08838,ACC-DLR-27,TUBE-STD,4468,up,2020-07-01
TM-08839,ACC-DLR-34,TUBE-STD,4455,up,2026-08-01
TM-08840,ACC-DLR-1,TUBE-STD,4468,up,2023-06-01
TM-08841,ACC-DLR-8,TUBE-DLX,4462,up,2023-05-01
TM-08842,ACC-DLR-15,TUBE-STD,4462,up,2019-10-01
TM-08843,ACC-DLR-22,TUBE-STD,4468,up,2019-12-01
TM-08844,ACC-DLR-29,TUBE-STD,4482,up,2019-12-01
TM-08845,ACC-DLR-36,TUBE-DLX,4455,up,2026-07-01
TM-08846,ACC-DLR-3,TUBE-STD,4455,up,2026-10-01
TM-08847,ACC-DLR-10,TUBE-STD,4462,up,2026-07-01
TM-08848,ACC-DLR-17,TUBE-DLX,4462,up,2021-07-01
TM-08849,ACC-DLR-24,TUBE-STD,4468,up,2020-06-01
TM-08850,ACC-DLR-31,TUBE-DLX,4468,up,2023-12-01
TM-08851,ACC-DLR-38,TUBE-STD,4455,up,2019-11-01
TM-08852,ACC-DLR-5,TUBE-DLX,4468,up,2025-11-01
TM-08853,ACC-DLR-12,TUBE-STD,4468,up,2025-02-01
TM-08854,ACC-DLR-19,TUBE-STD,4455,up,2025-01-01
TM-08855,ACC-DLR-26,TUBE-STD,4462,up,2022-05-01
TM-08856,ACC-DLR-33,TUBE-STD,4455,up,2022-04-01
TM-08857,ACC-DLR-40,TUBE-STD,4482,up,2021-01-01
TM-08858,ACC-DLR-7,TUBE-DLX,4455,up,2022-01-01
TM-08859,ACC-DLR-14,TUBE-DLX,4482,up,2022-11-01
TM-08860,ACC-DLR-21,TUBE-STD,4462,up,2021-07-01
TM-08861,ACC-DLR-28,TUBE-STD,4455,up,2022-10-01
TM-08862,ACC-DLR-35,TUBE-DLX,4482,up,2025-06-01
TM-08863,ACC-DLR-2,TUBE-STD,4455,up,2024-09-01
TM-08864,ACC-DLR-9,TUBE-STD,4468,up,2024-08-01
TM-08865,ACC-DLR-16,TUBE-STD,4468,up,2025-04-01
TM-08866,ACC-DLR-23,TUBE-STD,4462,up,2025-08-01
TM-08867,ACC-DLR-30,TUBE-DLX,4482,up,2024-09-01
TM-08868,ACC-DLR-37,TUBE-DLX,4482,up,2026-12-01
TM-08869,ACC-DLR-4,TUBE-STD,4482,up,2021-06-01
TM-08870,ACC-DLR-11,TUBE-STD,4468,up,2019-10-01
TM-08871,ACC-DLR-18,TUBE-STD,4482,up,2019-03-01
TM-08872,ACC-DLR-25,TUBE-DLX,4482,up,2020-12-01
TM-08873,ACC-DLR-32,TUBE-DLX,4468,up,2025-05-01
TM-08874,ACC-DLR-39,TUBE-DLX,4482,up,2020-03-01
TM-08875,ACC-DLR-6,TUBE-STD,4482,up,2019-09-01
TM-08876,ACC-DLR-13,TUBE-STD,4455,up,2022-11-01
TM-08877,ACC-DLR-20,TUBE-STD,4462,up,2019-10-01
TM-08878,ACC-DLR-27,TUBE-DLX,4482,up,2021-02-01
TM-08879,ACC-DLR-34,TUBE-DLX,4468,up,2023-09-01
TM-08880,ACC-DLR-1,TUBE-DLX,4468,up,2024-08-01
TM-08881,ACC-DLR-8,TUBE-STD,4468,up,2026-02-01
TM-08882,ACC-DLR-15,TUBE-STD,4468,up,2020-05-01
TM-08883,ACC-DLR-22,TUBE-DLX,4468,up,2021-03-01
TM-08884,ACC-DLR-29,TUBE-DLX,4482,up,2019-01-01
TM-08885,ACC-DLR-36,TUBE-STD,4468,up,2021-03-01
TM-08886,ACC-DLR-3,TUBE-DLX,4462,up,2024-12-01
TM-08887,ACC-DLR-10,TUBE-STD,4462,up,2021-04-01
TM-08888,ACC-DLR-17,TUBE-STD,4462,up,2025-08-01
TM-08889,ACC-DLR-24,TUBE-DLX,4455,up,2024-11-01
TM-08890,ACC-DLR-31,TUBE-DLX,4462,up,2021-06-01
TM-08891,ACC-DLR-38,TUBE-STD,4468,up,2024-05-01
TM-08892,ACC-DLR-5,TUBE-STD,4482,up,2019-09-01
TM-08893,ACC-DLR-12,TUBE-STD,4468,up,2023-04-01
TM-08894,ACC-DLR-19,TUBE-DLX,4462,up,2019-10-01
TM-08895,ACC-DLR-26,TUBE-DLX,4482,up,2023-06-01
TM-08896,ACC-DLR-33,TUBE-DLX,4462,up,2020-07-01
TM-08897,ACC-DLR-40,TUBE-STD,4462,up,2026-01-01
TM-08898,ACC-DLR-7,TUBE-DLX,4462,up,2019-01-01
TM-08899,ACC-DLR-14,TUBE-STD,4455,up,2021-07-01
TM-08900,ACC-DLR-21,TUBE-DLX,4455,up,2023-06-01
TM-08901,ACC-DLR-28,TUBE-STD,4468,up,2022-03-01
TM-08902,ACC-DLR-35,TUBE-STD,4482,up,2026-11-01
TM-08903,ACC-DLR-2,TUBE-STD,4455,up,2024-08-01
TM-08904,ACC-DLR-9,TUBE-DLX,4468,up,2023-11-01
TM-08905,ACC-DLR-16,TUBE-DLX,4462,up,2019-04-01
TM-08906,ACC-DLR-23,TUBE-DLX,4468,up,2022-11-01
TM-08907,ACC-DLR-30,TUBE-STD,4482,up,2021-03-01
TM-08908,ACC-DLR-37,TUBE-STD,4482,up,2022-12-01
TM-08909,ACC-DLR-4,TUBE-STD,4482,up,2019-05-01
TM-08910,ACC-DLR-11,TUBE-STD,4468,up,2024-06-01
TM-08911,ACC-DLR-18,TUBE-DLX,4462,up,2021-12-01
TM-08912,ACC-DLR-25,TUBE-DLX,4482,up,2026-07-01
TM-08913,ACC-DLR-32,TUBE-STD,4455,up,2022-10-01
TM-08914,ACC-DLR-39,TUBE-DLX,4482,up,2022-07-01
TM-08915,ACC-DLR-6,TUBE-DLX,4482,up,2025-09-01
TM-08916,ACC-DLR-13,TUBE-STD,4468,up,2020-12-01
TM-08917,ACC-DLR-20,TUBE-STD,4482,up,2022-09-01
TM-08918,ACC-DLR-27,TUBE-STD,4455,up,2019-11-01
TM-08919,ACC-DLR-34,TUBE-STD,4482,up,2026-09-01
TM-08920,ACC-DLR-1,TUBE-STD,4462,up,2026-10-01
TM-08921,ACC-DLR-8,TUBE-STD,4482,up,2023-11-01
TM-08922,ACC-DLR-15,TUBE-DLX,4455,up,2021-11-01
TM-08923,ACC-DLR-22,TUBE-DLX,4462,up,2023-08-01
TM-08924,ACC-DLR-29,TUBE-STD,4482,up,2026-12-01
TM-08925,ACC-DLR-36,TUBE-DLX,4462,up,2026-05-01
TM-08926,ACC-DLR-3,TUBE-STD,4468,up,2024-07-01
TM-08927,ACC-DLR-10,TUBE-STD,4455,up,2026-06-01
TM-08928,ACC-DLR-17,TUBE-DLX,4462,up,2021-12-01
TM-08929,ACC-DLR-24,TUBE-DLX,4468,up,2026-12-01
TM-08930,ACC-DLR-31,TUBE-STD,4455,up,2021-06-01
TM-08931,ACC-DLR-38,TUBE-STD,4468,up,2022-12-01
TM-08932,ACC-DLR-5,TUBE-DLX,4455,up,2020-12-01
TM-08933,ACC-DLR-12,TUBE-DLX,4462,up,2021-03-01
TM-08934,ACC-DLR-19,TUBE-STD,4462,up,2026-06-01
TM-08935,ACC-DLR-26,TUBE-STD,4468,up,2024-11-01
TM-08936,ACC-DLR-33,TUBE-STD,4462,up,2021-09-01
TM-08937,ACC-DLR-40,TUBE-STD,4462,up,2020-04-01
TM-08938,ACC-DLR-7,TUBE-STD,4455,up,2025-05-01
TM-08939,ACC-DLR-14,TUBE-STD,4455,up,2020-05-01
TM-08940,ACC-DLR-21,TUBE-DLX,4468,up,2026-03-01
TM-08941,ACC-DLR-28,TUBE-STD,4482,up,2022-04-01
TM-08942,ACC-DLR-35,TUBE-STD,4462,up,2025-04-01
TM-08943,ACC-DLR-2,TUBE-DLX,4455,up,2022-05-01
TM-08944,ACC-DLR-9,TUBE-DLX,4455,up,2020-02-01
TM-08945,ACC-DLR-16,TUBE-STD,4482,up,2021-09-01
TM-08946,ACC-DLR-23,TUBE-STD,4455,up,2020-11-01
TM-08947,ACC-DLR-30,TUBE-DLX,4462,up,2026-03-01
TM-08948,ACC-DLR-37,TUBE-STD,4468,up,2020-05-01
TM-08949,ACC-DLR-4,TUBE-STD,4482,up,2026-03-01
TM-08950,ACC-DLR-11,TUBE-STD,4482,up,2021-06-01
TM-08951,ACC-DLR-18,TUBE-DLX,4455,up,2022-09-01
TM-08952,ACC-DLR-25,TUBE-DLX,4482,up,2022-03-01
TM-08953,ACC-DLR-32,TUBE-DLX,4462,up,2022-12-01
TM-08954,ACC-DLR-39,TUBE-DLX,4462,up,2022-10-01
TM-08955,ACC-DLR-6,TUBE-STD,4482,up,2021-07-01
TM-08956,ACC-DLR-13,TUBE-STD,4455,up,2021-08-01
TM-08957,ACC-DLR-20,TUBE-DLX,4482,up,2024-08-01
TM-08958,ACC-DLR-27,TUBE-STD,4455,up,2021-08-01
TM-08959,ACC-DLR-34,TUBE-DLX,4462,up,2026-02-01
TM-08960,ACC-DLR-1,TUBE-STD,4455,up,2020-05-01
TM-08961,ACC-DLR-8,TUBE-STD,4482,up,2023-09-01
TM-08962,ACC-DLR-15,TUBE-STD,4455,up,2025-12-01
TM-08963,ACC-DLR-22,TUBE-STD,4482,up,2021-10-01
TM-08964,ACC-DLR-29,TUBE-STD,4482,up,2021-05-01
TM-08965,ACC-DLR-36,TUBE-STD,4468,up,2024-05-01
TM-08966,ACC-DLR-3,TUBE-STD,4455,up,2024-03-01
TM-08967,ACC-DLR-10,TUBE-STD,4482,up,2025-07-01
TM-08968,ACC-DLR-17,TUBE-STD,4455,up,2023-05-01
TM-08969,ACC-DLR-24,TUBE-STD,4468,up,2019-09-01
TM-08970,ACC-DLR-31,TUBE-STD,4468,up,2019-04-01
TM-08971,ACC-DLR-38,TUBE-DLX,4482,up,2023-06-01
TM-08972,ACC-DLR-5,TUBE-STD,4482,up,2025-05-01
TM-08973,ACC-DLR-12,TUBE-DLX,4482,up,2022-10-01
TM-08974,ACC-DLR-19,TUBE-STD,4482,up,2025-06-01
TM-08975,ACC-DLR-26,TUBE-DLX,4455,up,2021-09-01
TM-08976,ACC-DLR-33,TUBE-STD,4468,up,2023-01-01
TM-08977,ACC-DLR-40,TUBE-STD,4462,up,2019-03-01
TM-08978,ACC-DLR-7,TUBE-STD,4455,up,2026-09-01
TM-08979,ACC-DLR-14,TUBE-STD,4462,up,2022-07-01
TM-08980,ACC-DLR-21,TUBE-STD,4462,up,2026-08-01
TM-08981,ACC-DLR-28,TUBE-STD,4462,up,2025-02-01
TM-08982,ACC-DLR-35,TUBE-STD,4462,up,2022-05-01
TM-08983,ACC-DLR-2,TUBE-DLX,4455,up,2024-04-01
TM-08984,ACC-DLR-9,TUBE-DLX,4468,up,2020-06-01
TM-08985,ACC-DLR-16,TUBE-STD,4482,up,2025-04-01
TM-08986,ACC-DLR-23,TUBE-STD,4455,up,2024-10-01
TM-08987,ACC-DLR-30,TUBE-STD,4462,up,2020-03-01
TM-08988,ACC-DLR-37,TUBE-STD,4455,up,2025-08-01
TM-08989,ACC-DLR-4,TUBE-STD,4462,up,2021-03-01
TM-08990,ACC-DLR-11,TUBE-STD,4482,up,2025-11-01
TM-08991,ACC-DLR-18,TUBE-STD,4468,up,2020-09-01
TM-08992,ACC-DLR-25,TUBE-STD,4462,up,2024-07-01
TM-08993,ACC-DLR-32,TUBE-STD,4462,up,2026-06-01
TM-08994,ACC-DLR-39,TUBE-STD,4468,up,2023-10-01
TM-08995,ACC-DLR-6,TUBE-STD,4462,up,2025-01-01
TM-08996,ACC-DLR-13,TUBE-STD,4482,up,2021-06-01
TM-08997,ACC-DLR-20,TUBE-STD,4462,up,2023-02-01
TM-08998,ACC-DLR-27,TUBE-STD,4468,up,2021-08-01
TM-08999,ACC-DLR-34,TUBE-STD,4455,up,2022-06-01
TM-09000,ACC-DLR-1,TUBE-DLX,4468,up,2021-07-01
TM-09001,ACC-DLR-8,TUBE-DLX,4455,up,2019-12-01
TM-09002,ACC-DLR-15,TUBE-DLX,4468,up,2023-10-01
TM-09003,ACC-DLR-22,TUBE-DLX,4455,up,2022-06-01
TM-09004,ACC-DLR-29,TUBE-DLX,4482,up,2025-01-01
TM-09005,ACC-DLR-36,TUBE-STD,4462,up,2023-02-01
TM-09006,ACC-DLR-3,TUBE-DLX,4462,up,2024-06-01
TM-09007,ACC-DLR-10,TUBE-STD,4455,up,2022-04-01
TM-09008,ACC-DLR-17,TUBE-STD,4482,up,2024-04-01
TM-09009,ACC-DLR-24,TUBE-DLX,4468,up,2020-02-01
TM-09010,ACC-DLR-31,TUBE-DLX,4462,up,2024-09-01
TM-09011,ACC-DLR-38,TUBE-STD,4462,up,2026-05-01
TM-09012,ACC-DLR-5,TUBE-DLX,4455,up,2019-07-01
TM-09013,ACC-DLR-12,TUBE-DLX,4468,up,2019-08-01
TM-09014,ACC-DLR-19,TUBE-STD,4462,up,2023-10-01
TM-09015,ACC-DLR-26,TUBE-STD,4468,up,2023-12-01
TM-09016,ACC-DLR-33,TUBE-STD,4482,up,2022-12-01
TM-09017,ACC-DLR-40,TUBE-STD,4462,up,2020-09-01
TM-09018,ACC-DLR-7,TUBE-STD,4468,up,2025-12-01
TM-09019,ACC-DLR-14,TUBE-DLX,4482,up,2024-08-01
TM-09020,ACC-DLR-21,TUBE-DLX,4482,up,2020-05-01
TM-09021,ACC-DLR-28,TUBE-STD,4468,up,2025-02-01
TM-09022,ACC-DLR-35,TUBE-STD,4455,up,2023-06-01
TM-09023,ACC-DLR-2,TUBE-STD,4462,up,2020-05-01
TM-09024,ACC-DLR-9,TUBE-STD,4482,up,2022-11-01
TM-09025,ACC-DLR-16,TUBE-STD,4482,up,2025-11-01
TM-09026,ACC-DLR-23,TUBE-DLX,4482,up,2023-10-01
TM-09027,ACC-DLR-30,TUBE-STD,4468,up,2020-10-01
TM-09028,ACC-DLR-37,TUBE-DLX,4468,up,2025-01-01
TM-09029,ACC-DLR-4,TUBE-STD,4468,up,2021-05-01
TM-09030,ACC-DLR-11,TUBE-STD,4462,up,2025-07-01
TM-09031,ACC-DLR-18,TUBE-STD,4455,up,2019-10-01
TM-09032,ACC-DLR-25,TUBE-STD,4462,up,2026-09-01
TM-09033,ACC-DLR-32,TUBE-DLX,4468,up,2020-01-01
TM-09034,ACC-DLR-39,TUBE-STD,4482,up,2021-10-01
TM-09035,ACC-DLR-6,TUBE-DLX,4455,up,2020-07-01
TM-09036,ACC-DLR-13,TUBE-DLX,4482,up,2023-02-01
TM-09037,ACC-DLR-20,TUBE-DLX,4468,up,2025-11-01
TM-09038,ACC-DLR-27,TUBE-STD,4468,up,2025-05-01
TM-09039,ACC-DLR-34,TUBE-STD,4455,up,2025-09-01
TM-09040,ACC-DLR-1,TUBE-DLX,4455,up,2021-10-01
TM-09041,ACC-DLR-8,TUBE-STD,4468,up,2026-02-01
TM-09042,ACC-DLR-15,TUBE-STD,4482,up,2024-03-01
TM-09043,ACC-DLR-22,TUBE-STD,4455,up,2020-04-01
TM-09044,ACC-DLR-29,TUBE-STD,4462,up,2019-06-01
TM-09045,ACC-DLR-36,TUBE-STD,4462,up,2026-06-01
TM-09046,ACC-DLR-3,TUBE-STD,4468,up,2026-12-01
TM-09047,ACC-DLR-10,TUBE-STD,4482,up,2026-10-01
TM-09048,ACC-DLR-17,TUBE-STD,4462,up,2021-12-01
TM-09049,ACC-DLR-24,TUBE-STD,4482,up,2023-01-01
TM-09050,ACC-DLR-31,TUBE-DLX,4482,up,2025-11-01
TM-09051,ACC-DLR-38,TUBE-STD,4468,up,2026-06-01
TM-09052,ACC-DLR-5,TUBE-STD,4468,up,2021-02-01
TM-09053,ACC-DLR-12,TUBE-STD,4455,up,2023-03-01
TM-09054,ACC-DLR-19,TUBE-STD,4468,up,2026-06-01
TM-09055,ACC-DLR-26,TUBE-DLX,4468,up,2022-11-01
TM-09056,ACC-DLR-33,TUBE-STD,4455,up,2025-09-01
TM-09057,ACC-DLR-40,TUBE-STD,4455,up,2022-06-01
TM-09058,ACC-DLR-7,TUBE-STD,4455,up,2020-02-01
TM-09059,ACC-DLR-14,TUBE-DLX,4462,up,2026-04-01
TM-09060,ACC-DLR-21,TUBE-STD,4482,up,2025-09-01
TM-09061,ACC-DLR-28,TUBE-STD,4462,up,2020-09-01
TM-09062,ACC-DLR-35,TUBE-STD,4455,up,2026-08-01
TM-09063,ACC-DLR-2,TUBE-DLX,4468,up,2023-07-01
TM-09064,ACC-DLR-9,TUBE-STD,4482,up,2022-12-01
TM-09065,ACC-DLR-16,TUBE-STD,4455,up,2022-09-01
TM-09066,ACC-DLR-23,TUBE-DLX,4455,up,2024-01-01
TM-09067,ACC-DLR-30,TUBE-STD,4482,up,2019-06-01
TM-09068,ACC-DLR-37,TUBE-STD,4462,up,2022-02-01
TM-09069,ACC-DLR-4,TUBE-STD,4462,up,2023-02-01
TM-09070,ACC-DLR-11,TUBE-STD,4462,up,2025-11-01
TM-09071,ACC-DLR-18,TUBE-STD,4468,up,2025-11-01
TM-09072,ACC-DLR-25,TUBE-DLX,4455,up,2026-09-01
TM-09073,ACC-DLR-32,TUBE-DLX,4468,up,2024-09-01
TM-09074,ACC-DLR-39,TUBE-STD,4482,up,2024-06-01
TM-09075,ACC-DLR-6,TUBE-STD,4462,up,2020-05-01
TM-09076,ACC-DLR-13,TUBE-DLX,4468,up,2023-02-01
TM-09077,ACC-DLR-20,TUBE-STD,4455,up,2019-09-01
TM-09078,ACC-DLR-27,TUBE-STD,4468,up,2020-01-01
TM-09079,ACC-DLR-34,TUBE-STD,4468,up,2020-08-01
TM-09080,ACC-DLR-1,TUBE-DLX,4455,up,2020-06-01
TM-09081,ACC-DLR-8,TUBE-STD,4462,up,2025-07-01
TM-09082,ACC-DLR-15,TUBE-DLX,4462,up,2025-06-01
TM-09083,ACC-DLR-22,TUBE-STD,4468,up,2020-12-01
TM-09084,ACC-DLR-29,TUBE-DLX,4468,up,2025-12-01
TM-09085,ACC-DLR-36,TUBE-STD,4482,up,2020-09-01
TM-09086,ACC-DLR-3,TUBE-DLX,4455,up,2023-05-01
TM-09087,ACC-DLR-10,TUBE-STD,4482,up,2022-05-01
TM-09088,ACC-DLR-17,TUBE-STD,4468,up,2024-01-01
TM-09089,ACC-DLR-24,TUBE-STD,4455,up,2023-02-01
TM-09090,ACC-DLR-31,TUBE-STD,4462,up,2026-04-01
TM-09091,ACC-DLR-38,TUBE-DLX,4455,up,2024-05-01
TM-09092,ACC-DLR-5,TUBE-STD,4482,up,2023-11-01
TM-09093,ACC-DLR-12,TUBE-STD,4468,up,2024-12-01
TM-09094,ACC-DLR-19,TUBE-STD,4462,up,2019-12-01
TM-09095,ACC-DLR-26,TUBE-STD,4482,up,2022-06-01
TM-09096,ACC-DLR-33,TUBE-DLX,4455,up,2021-11-01
TM-09097,ACC-DLR-40,TUBE-STD,4462,up,2024-11-01
TM-09098,ACC-DLR-7,TUBE-STD,4468,up,2024-08-01
TM-09099,ACC-DLR-14,TUBE-STD,4462,up,2020-07-01
TM-09100,ACC-DLR-21,TUBE-DLX,4482,up,2023-01-01
TM-09101,ACC-DLR-28,TUBE-DLX,4462,up,2021-08-01
TM-09102,ACC-DLR-35,TUBE-STD,4468,up,2022-06-01
TM-09103,ACC-DLR-2,TUBE-STD,4482,up,2024-04-01
TM-09104,ACC-DLR-9,TUBE-STD,4468,up,2019-10-01
TM-09105,ACC-DLR-16,TUBE-STD,4468,up,2023-12-01
TM-09106,ACC-DLR-23,TUBE-STD,4455,up,2023-04-01
TM-09107,ACC-DLR-30,TUBE-STD,4455,up,2023-04-01
TM-09108,ACC-DLR-37,TUBE-STD,4482,up,2026-05-01
TM-09109,ACC-DLR-4,TUBE-STD,4468,up,2025-11-01
TM-09110,ACC-DLR-11,TUBE-STD,4455,up,2020-11-01
TM-09111,ACC-DLR-18,TUBE-STD,4468,up,2026-08-01
TM-09112,ACC-DLR-25,TUBE-STD,4468,up,2019-04-01
TM-09113,ACC-DLR-32,TUBE-DLX,4468,up,2019-03-01
TM-09114,ACC-DLR-39,TUBE-STD,4455,up,2025-08-01
TM-09115,ACC-DLR-6,TUBE-STD,4462,up,2025-12-01
TM-09116,ACC-DLR-13,TUBE-DLX,4455,up,2026-06-01
TM-09117,ACC-DLR-20,TUBE-DLX,4455,up,2022-05-01
TM-09118,ACC-DLR-27,TUBE-DLX,4482,up,2019-12-01
TM-09119,ACC-DLR-34,TUBE-DLX,4455,up,2020-08-01
TM-09120,ACC-DLR-1,TUBE-STD,4462,up,2021-03-01
TM-09121,ACC-DLR-8,TUBE-STD,4468,up,2025-07-01
TM-09122,ACC-DLR-15,TUBE-STD,4482,up,2026-07-01
TM-09123,ACC-DLR-22,TUBE-DLX,4468,up,2023-02-01
TM-09124,ACC-DLR-29,TUBE-STD,4468,up,2022-02-01
TM-09125,ACC-DLR-36,TUBE-DLX,4468,up,2026-01-01
TM-09126,ACC-DLR-3,TUBE-STD,4482,up,2024-02-01
TM-09127,ACC-DLR-10,TUBE-STD,4482,up,2020-08-01
TM-09128,ACC-DLR-17,TUBE-DLX,4462,up,2019-12-01
TM-09129,ACC-DLR-24,TUBE-DLX,4462,up,2020-12-01
TM-09130,ACC-DLR-31,TUBE-STD,4468,up,2022-04-01
TM-09131,ACC-DLR-38,TUBE-DLX,4482,up,2025-03-01
TM-09132,ACC-DLR-5,TUBE-DLX,4462,up,2020-05-01
TM-09133,ACC-DLR-12,TUBE-STD,4462,up,2022-07-01
TM-09134,ACC-DLR-19,TUBE-STD,4482,up,2020-10-01
TM-09135,ACC-DLR-26,TUBE-STD,4468,up,2021-01-01
TM-09136,ACC-DLR-33,TUBE-DLX,4462,up,2022-12-01
TM-09137,ACC-DLR-40,TUBE-STD,4468,up,2021-07-01
TM-09138,ACC-DLR-7,TUBE-DLX,4455,up,2023-09-01
TM-09139,ACC-DLR-14,TUBE-STD,4482,up,2019-08-01
TM-09140,ACC-DLR-21,TUBE-STD,4462,up,2022-12-01
TM-09141,ACC-DLR-28,TUBE-DLX,4468,up,2020-12-01
TM-09142,ACC-DLR-35,TUBE-STD,4455,up,2023-05-01
TM-09143,ACC-DLR-2,TUBE-STD,4462,up,2021-05-01
TM-09144,ACC-DLR-9,TUBE-STD,4462,up,2026-10-01
TM-09145,ACC-DLR-16,TUBE-DLX,4455,up,2025-06-01
TM-09146,ACC-DLR-23,TUBE-DLX,4482,up,2026-03-01
TM-09147,ACC-DLR-30,TUBE-DLX,4482,up,2020-06-01
TM-09148,ACC-DLR-37,TUBE-DLX,4462,up,2023-12-01
TM-09149,ACC-DLR-4,TUBE-STD,4468,up,2022-04-01
TM-09150,ACC-DLR-11,TUBE-STD,4482,up,2023-11-01
TM-09151,ACC-DLR-18,TUBE-STD,4468,up,2020-02-01
TM-09152,ACC-DLR-25,TUBE-STD,4455,up,2020-04-01
TM-09153,ACC-DLR-32,TUBE-STD,4482,up,2021-02-01
TM-09154,ACC-DLR-39,TUBE-DLX,4455,up,2026-10-01
TM-09155,ACC-DLR-6,TUBE-STD,4455,up,2023-10-01
TM-09156,ACC-DLR-13,TUBE-STD,4468,up,2022-01-01
TM-09157,ACC-DLR-20,TUBE-DLX,4462,up,2019-05-01
TM-09158,ACC-DLR-27,TUBE-STD,4468,up,2026-09-01
TM-09159,ACC-DLR-34,TUBE-DLX,4462,up,2022-01-01
TM-09160,ACC-DLR-1,TUBE-DLX,4462,up,2021-11-01
TM-09161,ACC-DLR-8,TUBE-DLX,4462,up,2021-03-01
TM-09162,ACC-DLR-15,TUBE-STD,4455,up,2019-02-01
TM-09163,ACC-DLR-22,TUBE-STD,4455,up,2019-03-01
TM-09164,ACC-DLR-29,TUBE-STD,4455,up,2025-05-01
TM-09165,ACC-DLR-36,TUBE-DLX,4455,up,2026-08-01
TM-09166,ACC-DLR-3,TUBE-DLX,4468,up,2023-09-01
TM-09167,ACC-DLR-10,TUBE-STD,4462,up,2023-05-01
TM-09168,ACC-DLR-17,TUBE-STD,4482,up,2019-03-01
TM-09169,ACC-DLR-24,TUBE-STD,4455,up,2019-09-01
TM-09170,ACC-DLR-31,TUBE-STD,4468,up,2020-12-01
TM-09171,ACC-DLR-38,TUBE-DLX,4462,up,2023-02-01
TM-09172,ACC-DLR-5,TUBE-STD,4455,up,2025-04-01
TM-09173,ACC-DLR-12,TUBE-DLX,4482,up,2025-03-01
TM-09174,ACC-DLR-19,TUBE-DLX,4482,up,2022-11-01
TM-09175,ACC-DLR-26,TUBE-STD,4482,up,2024-07-01
TM-09176,ACC-DLR-33,TUBE-STD,4455,up,2021-08-01
TM-09177,ACC-DLR-40,TUBE-DLX,4455,up,2025-02-01
TM-09178,ACC-DLR-7,TUBE-DLX,4468,up,2024-09-01
TM-09179,ACC-DLR-14,TUBE-STD,4468,up,2025-06-01
TM-09180,ACC-DLR-21,TUBE-DLX,4462,up,2026-08-01
TM-09181,ACC-DLR-28,TUBE-STD,4468,up,2026-04-01
TM-09182,ACC-DLR-35,TUBE-DLX,4462,up,2025-03-01
TM-09183,ACC-DLR-2,TUBE-STD,4468,up,2024-04-01
TM-09184,ACC-DLR-9,TUBE-DLX,4468,up,2023-05-01
TM-09185,ACC-DLR-16,TUBE-STD,4482,up,2025-08-01
TM-09186,ACC-DLR-23,TUBE-STD,4482,up,2025-06-01
TM-09187,ACC-DLR-30,TUBE-STD,4462,up,2022-07-01
TM-09188,ACC-DLR-37,TUBE-STD,4482,up,2026-08-01
TM-09189,ACC-DLR-4,TUBE-DLX,4455,up,2021-01-01
TM-09190,ACC-DLR-11,TUBE-DLX,4455,up,2025-02-01
TM-09191,ACC-DLR-18,TUBE-STD,4462,up,2026-10-01
TM-09192,ACC-DLR-25,TUBE-STD,4455,up,2026-12-01
TM-09193,ACC-DLR-32,TUBE-STD,4468,up,2026-10-01
TM-09194,ACC-DLR-39,TUBE-STD,4455,up,2019-01-01
TM-09195,ACC-DLR-6,TUBE-STD,4455,up,2021-06-01
TM-09196,ACC-DLR-13,TUBE-DLX,4455,up,2025-07-01
TM-09197,ACC-DLR-20,TUBE-STD,4482,up,2024-11-01
TM-09198,ACC-DLR-27,TUBE-DLX,4468,up,2022-10-01
TM-09199,ACC-DLR-34,TUBE-STD,4468,up,2020-10-01
TM-09200,ACC-DLR-1,TUBE-DLX,4468,up,2023-04-01
TM-09201,ACC-DLR-8,TUBE-DLX,4468,up,2025-01-01
TM-09202,ACC-DLR-15,TUBE-STD,4468,up,2019-12-01
TM-09203,ACC-DLR-22,TUBE-STD,4462,up,2024-09-01
TM-09204,ACC-DLR-29,TUBE-STD,4455,up,2023-06-01
TM-09205,ACC-DLR-36,TUBE-STD,4462,up,2024-11-01
TM-09206,ACC-DLR-3,TUBE-STD,4462,up,2023-04-01
TM-09207,ACC-DLR-10,TUBE-STD,4455,up,2024-11-01
TM-09208,ACC-DLR-17,TUBE-STD,4482,up,2022-04-01
TM-09209,ACC-DLR-24,TUBE-STD,4462,up,2025-11-01
TM-09210,ACC-DLR-31,TUBE-DLX,4462,up,2023-06-01
TM-09211,ACC-DLR-38,TUBE-STD,4468,up,2022-09-01
TM-09212,ACC-DLR-5,TUBE-STD,4468,up,2019-05-01
TM-09213,ACC-DLR-12,TUBE-STD,4468,up,2020-12-01
TM-09214,ACC-DLR-19,TUBE-STD,4482,up,2019-03-01
TM-09215,ACC-DLR-26,TUBE-STD,4468,up,2021-11-01
TM-09216,ACC-DLR-33,TUBE-STD,4462,up,2023-07-01
TM-09217,ACC-DLR-40,TUBE-STD,4468,up,2026-11-01
TM-09218,ACC-DLR-7,TUBE-STD,4455,up,2025-12-01
TM-09219,ACC-DLR-14,TUBE-STD,4482,up,2020-03-01
TM-09220,ACC-DLR-21,TUBE-STD,4482,up,2023-09-01
TM-09221,ACC-DLR-28,TUBE-DLX,4462,up,2026-10-01
TM-09222,ACC-DLR-35,TUBE-STD,4482,up,2023-10-01
TM-09223,ACC-DLR-2,TUBE-DLX,4462,up,2019-05-01
TM-09224,ACC-DLR-9,TUBE-STD,4468,up,2019-06-01
TM-09225,ACC-DLR-16,TUBE-STD,4455,up,2026-09-01
TM-09226,ACC-DLR-23,TUBE-STD,4468,up,2022-01-01
TM-09227,ACC-DLR-30,TUBE-DLX,4482,up,2023-01-01
TM-09228,ACC-DLR-37,TUBE-STD,4455,up,2021-12-01
TM-09229,ACC-DLR-4,TUBE-STD,4482,up,2024-05-01
TM-09230,ACC-DLR-11,TUBE-STD,4462,up,2019-05-01
TM-09231,ACC-DLR-18,TUBE-STD,4462,up,2026-09-01
TM-09232,ACC-DLR-25,TUBE-DLX,4482,up,2019-12-01
TM-09233,ACC-DLR-32,TUBE-STD,4462,up,2023-01-01
TM-09234,ACC-DLR-39,TUBE-DLX,4462,up,2020-04-01
TM-09235,ACC-DLR-6,TUBE-STD,4468,up,2019-01-01
TM-09236,ACC-DLR-13,TUBE-STD,4462,up,2024-05-01
TM-09237,ACC-DLR-20,TUBE-DLX,4462,up,2019-03-01
TM-09238,ACC-DLR-27,TUBE-STD,4482,up,2023-06-01
TM-09239,ACC-DLR-34,TUBE-STD,4462,up,2024-03-01
TM-09240,ACC-DLR-1,TUBE-DLX,4482,up,2021-10-01
TM-09241,ACC-DLR-8,TUBE-STD,4455,up,2020-04-01
TM-09242,ACC-DLR-15,TUBE-STD,4462,up,2023-11-01
TM-09243,ACC-DLR-22,TUBE-DLX,4462,up,2025-07-01
TM-09244,ACC-DLR-29,TUBE-DLX,4455,up,2021-09-01
TM-09245,ACC-DLR-36,TUBE-STD,4455,up,2021-08-01
TM-09246,ACC-DLR-3,TUBE-STD,4462,up,2022-01-01
TM-09247,ACC-DLR-10,TUBE-DLX,4462,up,2019-08-01
TM-09248,ACC-DLR-17,TUBE-STD,4482,up,2025-03-01
TM-09249,ACC-DLR-24,TUBE-DLX,4462,up,2026-08-01
TM-09250,ACC-DLR-31,TUBE-DLX,4462,up,2024-06-01
TM-09251,ACC-DLR-38,TUBE-STD,4455,up,2019-07-01
TM-09252,ACC-DLR-5,TUBE-STD,4455,up,2023-01-01
TM-09253,ACC-DLR-12,TUBE-STD,4455,up,2019-05-01
TM-09254,ACC-DLR-19,TUBE-STD,4482,up,2019-09-01
TM-09255,ACC-DLR-26,TUBE-STD,4455,up,2023-12-01
TM-09256,ACC-DLR-33,TUBE-DLX,4462,up,2025-07-01
TM-09257,ACC-DLR-40,TUBE-STD,4468,up,2022-12-01
TM-09258,ACC-DLR-7,TUBE-DLX,4482,up,2022-04-01
TM-09259,ACC-DLR-14,TUBE-DLX,4482,up,2025-04-01
TM-09260,ACC-DLR-21,TUBE-STD,4482,up,2019-06-01
TM-09261,ACC-DLR-28,TUBE-STD,4462,up,2026-03-01
TM-09262,ACC-DLR-35,TUBE-STD,4455,up,2026-12-01
TM-09263,ACC-DLR-2,TUBE-DLX,4455,up,2022-07-01
TM-09264,ACC-DLR-9,TUBE-DLX,4482,up,2022-04-01
TM-09265,ACC-DLR-16,TUBE-STD,4455,up,2020-07-01
TM-09266,ACC-DLR-23,TUBE-DLX,4482,up,2021-11-01
TM-09267,ACC-DLR-30,TUBE-STD,4462,up,2025-03-01
TM-09268,ACC-DLR-37,TUBE-DLX,4462,up,2020-04-01
TM-09269,ACC-DLR-4,TUBE-STD,4482,up,2021-02-01
TM-09270,ACC-DLR-11,TUBE-STD,4455,up,2026-12-01
TM-09271,ACC-DLR-18,TUBE-DLX,4482,up,2024-01-01
TM-09272,ACC-DLR-25,TUBE-STD,4482,up,2022-05-01
TM-09273,ACC-DLR-32,TUBE-STD,4482,up,2024-03-01
TM-09274,ACC-DLR-39,TUBE-DLX,4462,up,2023-10-01
TM-09275,ACC-DLR-6,TUBE-DLX,4482,up,2023-06-01
TM-09276,ACC-DLR-13,TUBE-STD,4482,up,2026-03-01
TM-09277,ACC-DLR-20,TUBE-STD,4482,up,2019-05-01
TM-09278,ACC-DLR-27,TUBE-STD,4482,up,2021-06-01
TM-09279,ACC-DLR-34,TUBE-STD,4482,up,2026-06-01
TM-09280,ACC-DLR-1,TUBE-STD,4455,up,2019-08-01
TM-09281,ACC-DLR-8,TUBE-STD,4462,up,2020-03-01
TM-09282,ACC-DLR-15,TUBE-STD,4455,up,2025-06-01
TM-09283,ACC-DLR-22,TUBE-DLX,4482,up,2020-08-01
TM-09284,ACC-DLR-29,TUBE-DLX,4482,up,2026-01-01
TM-09285,ACC-DLR-36,TUBE-STD,4462,up,2025-08-01
TM-09286,ACC-DLR-3,TUBE-DLX,4468,up,2019-05-01
TM-09287,ACC-DLR-10,TUBE-STD,4462,up,2026-06-01
TM-09288,ACC-DLR-17,TUBE-STD,4462,up,2026-09-01
TM-09289,ACC-DLR-24,TUBE-STD,4455,up,2023-09-01
TM-09290,ACC-DLR-31,TUBE-STD,4468,up,2026-07-01
TM-09291,ACC-DLR-38,TUBE-STD,4455,up,2020-01-01
TM-09292,ACC-DLR-5,TUBE-DLX,4482,up,2023-07-01
TM-09293,ACC-DLR-12,TUBE-STD,4468,up,2025-02-01
TM-09294,ACC-DLR-19,TUBE-STD,4462,up,2022-02-01
TM-09295,ACC-DLR-26,TUBE-STD,4468,up,2022-09-01
TM-09296,ACC-DLR-33,TUBE-DLX,4462,up,2019-10-01
TM-09297,ACC-DLR-40,TUBE-STD,4468,up,2020-09-01
TM-09298,ACC-DLR-7,TUBE-STD,4455,up,2026-08-01
TM-09299,ACC-DLR-14,TUBE-STD,4462,up,2019-08-01
TM-09300,ACC-DLR-21,TUBE-STD,4482,up,2023-02-01
TM-09301,ACC-DLR-28,TUBE-STD,4482,up,2023-10-01
TM-09302,ACC-DLR-35,TUBE-STD,4462,up,2025-02-01
TM-09303,ACC-DLR-2,TUBE-STD,4468,up,2024-12-01
TM-09304,ACC-DLR-9,TUBE-STD,4462,up,2021-09-01
TM-09305,ACC-DLR-16,TUBE-STD,4482,up,2021-07-01
TM-09306,ACC-DLR-23,TUBE-DLX,4482,up,2020-03-01
TM-09307,ACC-DLR-30,TUBE-STD,4455,up,2024-03-01
TM-09308,ACC-DLR-37,TUBE-STD,4468,up,2022-11-01
TM-09309,ACC-DLR-4,TUBE-STD,4462,up,2020-01-01
TM-09310,ACC-DLR-11,TUBE-STD,4462,up,2022-05-01
TM-09311,ACC-DLR-18,TUBE-STD,4468,up,2025-01-01
TM-09312,ACC-DLR-25,TUBE-STD,4462,up,2025-10-01
TM-09313,ACC-DLR-32,TUBE-DLX,4482,up,2019-12-01
TM-09314,ACC-DLR-39,TUBE-STD,4482,up,2026-03-01
TM-09315,ACC-DLR-6,TUBE-DLX,4468,up,2024-11-01
TM-09316,ACC-DLR-13,TUBE-STD,4482,up,2026-04-01
TM-09317,ACC-DLR-20,TUBE-DLX,4455,up,2019-07-01
TM-09318,ACC-DLR-27,TUBE-DLX,4468,up,2021-09-01
TM-09319,ACC-DLR-34,TUBE-STD,4468,up,2019-04-01
TM-09320,ACC-DLR-1,TUBE-DLX,4482,up,2021-12-01
TM-09321,ACC-DLR-8,TUBE-STD,4468,up,2026-07-01
TM-09322,ACC-DLR-15,TUBE-DLX,4462,up,2026-05-01
TM-09323,ACC-DLR-22,TUBE-STD,4482,up,2022-05-01
TM-09324,ACC-DLR-29,TUBE-STD,4462,up,2023-01-01
TM-09325,ACC-DLR-36,TUBE-STD,4462,up,2019-09-01
TM-09326,ACC-DLR-3,TUBE-STD,4482,up,2019-03-01
TM-09327,ACC-DLR-10,TUBE-STD,4462,up,2021-05-01
TM-09328,ACC-DLR-17,TUBE-DLX,4468,up,2024-09-01
TM-09329,ACC-DLR-24,TUBE-DLX,4468,up,2020-08-01
TM-09330,ACC-DLR-31,TUBE-DLX,4455,up,2019-06-01
TM-09331,ACC-DLR-38,TUBE-STD,4455,up,2025-04-01
TM-09332,ACC-DLR-5,TUBE-STD,4482,up,2019-02-01
TM-09333,ACC-DLR-12,TUBE-STD,4462,up,2020-04-01
TM-09334,ACC-DLR-19,TUBE-STD,4482,up,2020-03-01
TM-09335,ACC-DLR-26,TUBE-STD,4462,up,2025-04-01
TM-09336,ACC-DLR-33,TUBE-DLX,4462,up,2021-04-01
TM-09337,ACC-DLR-40,TUBE-STD,4468,up,2020-05-01
TM-09338,ACC-DLR-7,TUBE-STD,4482,up,2022-10-01
TM-09339,ACC-DLR-14,TUBE-STD,4482,up,2019-12-01
TM-09340,ACC-DLR-21,TUBE-STD,4482,up,2020-04-01
TM-09341,ACC-DLR-28,TUBE-DLX,4455,up,2024-03-01
TM-09342,ACC-DLR-35,TUBE-STD,4482,up,2021-02-01
TM-09343,ACC-DLR-2,TUBE-STD,4455,up,2025-07-01
TM-09344,ACC-DLR-9,TUBE-STD,4455,up,2022-02-01
TM-09345,ACC-DLR-16,TUBE-STD,4462,up,2025-11-01
TM-09346,ACC-DLR-23,TUBE-STD,4462,up,2021-01-01
TM-09347,ACC-DLR-30,TUBE-STD,4455,up,2022-08-01
TM-09348,ACC-DLR-37,TUBE-STD,4482,up,2023-06-01
TM-09349,ACC-DLR-4,TUBE-DLX,4455,up,2024-07-01
TM-09350,ACC-DLR-11,TUBE-STD,4455,up,2025-11-01
TM-09351,ACC-DLR-18,TUBE-STD,4482,up,2022-07-01
TM-09352,ACC-DLR-25,TUBE-STD,4482,up,2026-01-01
TM-09353,ACC-DLR-32,TUBE-STD,4462,up,2023-08-01
TM-09354,ACC-DLR-39,TUBE-STD,4462,up,2023-03-01
TM-09355,ACC-DLR-6,TUBE-STD,4455,up,2022-04-01
TM-09356,ACC-DLR-13,TUBE-STD,4462,up,2021-03-01
TM-09357,ACC-DLR-20,TUBE-STD,4482,up,2023-05-01
TM-09358,ACC-DLR-27,TUBE-DLX,4482,up,2023-03-01
TM-09359,ACC-DLR-34,TUBE-STD,4462,up,2026-09-01
TM-09360,ACC-DLR-1,TUBE-STD,4468,up,2024-06-01
TM-09361,ACC-DLR-8,TUBE-STD,4462,up,2023-07-01
TM-09362,ACC-DLR-15,TUBE-STD,4468,up,2024-08-01
TM-09363,ACC-DLR-22,TUBE-STD,4462,up,2023-06-01
TM-09364,ACC-DLR-29,TUBE-DLX,4482,up,2026-02-01
TM-09365,ACC-DLR-36,TUBE-STD,4482,up,2021-08-01
TM-09366,ACC-DLR-3,TUBE-STD,4482,up,2024-09-01
TM-09367,ACC-DLR-10,TUBE-STD,4468,up,2023-05-01
TM-09368,ACC-DLR-17,TUBE-STD,4462,up,2025-06-01
TM-09369,ACC-DLR-24,TUBE-STD,4455,up,2020-10-01
TM-09370,ACC-DLR-31,TUBE-STD,4455,up,2024-12-01
TM-09371,ACC-DLR-38,TUBE-DLX,4462,up,2025-05-01
TM-09372,ACC-DLR-5,TUBE-STD,4455,up,2022-05-01
TM-09373,ACC-DLR-12,TUBE-STD,4462,up,2026-01-01
TM-09374,ACC-DLR-19,TUBE-DLX,4462,up,2025-02-01
TM-09375,ACC-DLR-26,TUBE-STD,4462,up,2024-09-01
TM-09376,ACC-DLR-33,TUBE-STD,4468,up,2019-08-01
TM-09377,ACC-DLR-40,TUBE-STD,4455,up,2025-12-01
TM-09378,ACC-DLR-7,TUBE-STD,4455,up,2023-05-01
TM-09379,ACC-DLR-14,TUBE-STD,4482,up,2025-05-01
TM-09380,ACC-DLR-21,TUBE-STD,4462,up,2021-02-01
TM-09381,ACC-DLR-28,TUBE-DLX,4482,up,2022-03-01
TM-09382,ACC-DLR-35,TUBE-STD,4482,up,2020-05-01
TM-09383,ACC-DLR-2,TUBE-DLX,4455,up,2026-05-01
TM-09384,ACC-DLR-9,TUBE-STD,4468,up,2019-03-01
TM-09385,ACC-DLR-16,TUBE-DLX,4468,up,2023-11-01
TM-09386,ACC-DLR-23,TUBE-STD,4468,up,2022-02-01
TM-09387,ACC-DLR-30,TUBE-STD,4482,up,2026-06-01
TM-09388,ACC-DLR-37,TUBE-DLX,4455,up,2020-10-01
TM-09389,ACC-DLR-4,TUBE-STD,4455,up,2019-12-01
TM-09390,ACC-DLR-11,TUBE-STD,4462,up,2020-05-01
TM-09391,ACC-DLR-18,TUBE-STD,4468,up,2019-05-01
TM-09392,ACC-DLR-25,TUBE-STD,4462,up,2026-05-01
TM-09393,ACC-DLR-32,TUBE-STD,4455,up,2019-03-01
TM-09394,ACC-DLR-39,TUBE-STD,4462,up,2026-05-01
TM-09395,ACC-DLR-6,TUBE-STD,4455,up,2025-10-01
TM-09396,ACC-DLR-13,TUBE-STD,4482,up,2019-12-01
TM-09397,ACC-DLR-20,TUBE-STD,4455,up,2020-11-01
TM-09398,ACC-DLR-27,TUBE-DLX,4482,up,2023-05-01
TM-09399,ACC-DLR-34,TUBE-STD,4455,up,2019-03-01
TM-09400,ACC-DLR-1,TUBE-DLX,4462,up,2019-07-01
TM-09401,ACC-DLR-8,TUBE-STD,4468,up,2021-09-01
TM-09402,ACC-DLR-15,TUBE-STD,4468,up,2024-01-01
TM-09403,ACC-DLR-22,TUBE-STD,4468,up,2026-03-01
TM-09404,ACC-DLR-29,TUBE-STD,4455,up,2026-01-01
TM-09405,ACC-DLR-36,TUBE-DLX,4462,up,2021-10-01
TM-09406,ACC-DLR-3,TUBE-DLX,4462,up,2026-10-01
TM-09407,ACC-DLR-10,TUBE-STD,4455,up,2021-02-01
TM-09408,ACC-DLR-17,TUBE-STD,4468,up,2025-02-01
TM-09409,ACC-DLR-24,TUBE-STD,4455,up,2019-05-01
TM-09410,ACC-DLR-31,TUBE-DLX,4455,up,2022-05-01
TM-09411,ACC-DLR-38,TUBE-STD,4455,up,2023-12-01
TM-09412,ACC-DLR-5,TUBE-STD,4482,up,2026-06-01
TM-09413,ACC-DLR-12,TUBE-STD,4462,up,2020-01-01
TM-09414,ACC-DLR-19,TUBE-STD,4468,up,2020-09-01
TM-09415,ACC-DLR-26,TUBE-STD,4455,up,2025-11-01
TM-09416,ACC-DLR-33,TUBE-DLX,4462,up,2023-06-01
TM-09417,ACC-DLR-40,TUBE-DLX,4468,up,2023-05-01
TM-09418,ACC-DLR-7,TUBE-STD,4482,up,2026-07-01
TM-09419,ACC-DLR-14,TUBE-STD,4462,up,2021-03-01
TM-09420,ACC-DLR-21,TUBE-STD,4455,up,2024-07-01
TM-09421,ACC-DLR-28,TUBE-DLX,4468,up,2025-11-01
TM-09422,ACC-DLR-35,TUBE-DLX,4482,up,2025-07-01
TM-09423,ACC-DLR-2,TUBE-STD,4455,up,2021-10-01
TM-09424,ACC-DLR-9,TUBE-STD,4455,up,2025-01-01
TM-09425,ACC-DLR-16,TUBE-STD,4455,up,2023-05-01
TM-09426,ACC-DLR-23,TUBE-STD,4462,up,2026-05-01
TM-09427,ACC-DLR-30,TUBE-DLX,4468,up,2022-10-01
TM-09428,ACC-DLR-37,TUBE-STD,4462,up,2023-04-01
TM-09429,ACC-DLR-4,TUBE-STD,4482,up,2026-03-01
TM-09430,ACC-DLR-11,TUBE-STD,4468,up,2023-09-01
TM-09431,ACC-DLR-18,TUBE-DLX,4462,up,2025-06-01
TM-09432,ACC-DLR-25,TUBE-STD,4468,up,2024-04-01
TM-09433,ACC-DLR-32,TUBE-STD,4455,up,2023-06-01
TM-09434,ACC-DLR-39,TUBE-STD,4455,up,2025-08-01
TM-09435,ACC-DLR-6,TUBE-DLX,4455,up,2020-12-01
TM-09436,ACC-DLR-13,TUBE-STD,4468,up,2020-08-01
TM-09437,ACC-DLR-20,TUBE-STD,4455,up,2026-07-01
TM-09438,ACC-DLR-27,TUBE-STD,4482,up,2021-01-01
TM-09439,ACC-DLR-34,TUBE-STD,4455,up,2019-07-01
TM-09440,ACC-DLR-1,TUBE-STD,4482,up,2022-06-01
TM-09441,ACC-DLR-8,TUBE-STD,4468,up,2021-05-01
TM-09442,ACC-DLR-15,TUBE-STD,4462,up,2019-06-01
TM-09443,ACC-DLR-22,TUBE-DLX,4482,up,2026-12-01
TM-09444,ACC-DLR-29,TUBE-STD,4468,up,2023-06-01
TM-09445,ACC-DLR-36,TUBE-STD,4455,up,2024-07-01
TM-09446,ACC-DLR-3,TUBE-STD,4455,up,2024-11-01
TM-09447,ACC-DLR-10,TUBE-STD,4462,up,2019-06-01
TM-09448,ACC-DLR-17,TUBE-DLX,4482,up,2025-10-01
TM-09449,ACC-DLR-24,TUBE-STD,4455,up,2020-01-01
TM-09450,ACC-DLR-31,TUBE-STD,4482,up,2020-08-01
TM-09451,ACC-DLR-38,TUBE-DLX,4468,up,2026-06-01
TM-09452,ACC-DLR-5,TUBE-STD,4462,up,2024-04-01
TM-09453,ACC-DLR-12,TUBE-STD,4482,up,2019-04-01
TM-09454,ACC-DLR-19,TUBE-STD,4455,up,2025-04-01
TM-09455,ACC-DLR-26,TUBE-STD,4462,up,2024-09-01
TM-09456,ACC-DLR-33,TUBE-STD,4482,up,2019-06-01
TM-09457,ACC-DLR-40,TUBE-STD,4455,up,2026-12-01
TM-09458,ACC-DLR-7,TUBE-STD,4462,up,2025-07-01
TM-09459,ACC-DLR-14,TUBE-STD,4455,up,2019-08-01
TM-09460,ACC-DLR-21,TUBE-STD,4468,up,2021-01-01
TM-09461,ACC-DLR-28,TUBE-STD,4468,up,2020-01-01
TM-09462,ACC-DLR-35,TUBE-DLX,4482,up,2026-02-01
TM-09463,ACC-DLR-2,TUBE-DLX,4462,up,2023-05-01
TM-09464,ACC-DLR-9,TUBE-STD,4482,up,2021-06-01
TM-09465,ACC-DLR-16,TUBE-STD,4468,up,2019-09-01
TM-09466,ACC-DLR-23,TUBE-DLX,4462,up,2023-02-01
TM-09467,ACC-DLR-30,TUBE-DLX,4482,up,2019-06-01
TM-09468,ACC-DLR-37,TUBE-DLX,4482,up,2024-09-01
TM-09469,ACC-DLR-4,TUBE-STD,4468,up,2021-04-01
TM-09470,ACC-DLR-11,TUBE-STD,4455,up,2024-07-01
TM-09471,ACC-DLR-18,TUBE-STD,4468,up,2020-10-01
TM-09472,ACC-DLR-25,TUBE-DLX,4468,up,2024-10-01
TM-09473,ACC-DLR-32,TUBE-STD,4455,up,2025-03-01
TM-09474,ACC-DLR-39,TUBE-STD,4462,up,2026-11-01
TM-09475,ACC-DLR-6,TUBE-DLX,4468,up,2025-07-01
TM-09476,ACC-DLR-13,TUBE-DLX,4482,up,2020-01-01
TM-09477,ACC-DLR-20,TUBE-STD,4462,up,2024-02-01
TM-09478,ACC-DLR-27,TUBE-DLX,4462,up,2023-07-01
TM-09479,ACC-DLR-34,TUBE-DLX,4468,up,2023-03-01
TM-09480,ACC-DLR-1,TUBE-STD,4462,up,2020-02-01
TM-09481,ACC-DLR-8,TUBE-STD,4468,up,2024-03-01
TM-09482,ACC-DLR-15,TUBE-STD,4482,up,2022-03-01
TM-09483,ACC-DLR-22,TUBE-DLX,4482,up,2026-04-01
TM-09484,ACC-DLR-29,TUBE-STD,4455,up,2023-05-01
TM-09485,ACC-DLR-36,TUBE-STD,4468,up,2019-08-01
TM-09486,ACC-DLR-3,TUBE-STD,4462,up,2019-05-01
TM-09487,ACC-DLR-10,TUBE-STD,4468,up,2019-02-01
TM-09488,ACC-DLR-17,TUBE-STD,4468,up,2023-12-01
TM-09489,ACC-DLR-24,TUBE-STD,4462,up,2026-08-01
TM-09490,ACC-DLR-31,TUBE-STD,4482,up,2025-03-01
TM-09491,ACC-DLR-38,TUBE-STD,4482,up,2020-12-01
TM-09492,ACC-DLR-5,TUBE-STD,4462,up,2023-12-01
TM-09493,ACC-DLR-12,TUBE-DLX,4462,up,2026-07-01
TM-09494,ACC-DLR-19,TUBE-STD,4462,up,2023-06-01
TM-09495,ACC-DLR-26,TUBE-STD,4482,up,2020-09-01
TM-09496,ACC-DLR-33,TUBE-STD,4455,up,2019-10-01
TM-09497,ACC-DLR-40,TUBE-STD,4482,up,2024-02-01
TM-09498,ACC-DLR-7,TUBE-STD,4482,up,2023-03-01
TM-09499,ACC-DLR-14,TUBE-DLX,4468,up,2022-05-01
TM-09500,ACC-DLR-21,TUBE-DLX,4462,up,2020-08-01
TM-09501,ACC-DLR-28,TUBE-DLX,4455,up,2022-04-01
TM-09502,ACC-DLR-35,TUBE-STD,4468,up,2019-06-01
TM-09503,ACC-DLR-2,TUBE-STD,4468,up,2021-12-01
TM-09504,ACC-DLR-9,TUBE-DLX,4468,up,2025-01-01
TM-09505,ACC-DLR-16,TUBE-STD,4468,up,2022-10-01
TM-09506,ACC-DLR-23,TUBE-STD,4462,up,2023-06-01
TM-09507,ACC-DLR-30,TUBE-STD,4455,up,2022-08-01
TM-09508,ACC-DLR-37,TUBE-STD,4482,up,2024-09-01
TM-09509,ACC-DLR-4,TUBE-STD,4462,up,2021-03-01
TM-09510,ACC-DLR-11,TUBE-STD,4455,up,2024-03-01
TM-09511,ACC-DLR-18,TUBE-STD,4482,up,2019-03-01
TM-09512,ACC-DLR-25,TUBE-DLX,4455,up,2019-06-01
TM-09513,ACC-DLR-32,TUBE-STD,4468,up,2023-09-01
TM-09514,ACC-DLR-39,TUBE-STD,4462,up,2024-02-01
TM-09515,ACC-DLR-6,TUBE-STD,4455,up,2019-11-01
TM-09516,ACC-DLR-13,TUBE-STD,4482,up,2021-11-01
TM-09517,ACC-DLR-20,TUBE-DLX,4462,up,2023-05-01
TM-09518,ACC-DLR-27,TUBE-DLX,4482,up,2020-07-01
TM-09519,ACC-DLR-34,TUBE-STD,4455,up,2024-09-01
TM-09520,ACC-DLR-1,TUBE-STD,4455,up,2019-04-01
TM-09521,ACC-DLR-8,TUBE-DLX,4468,up,2022-11-01
TM-09522,ACC-DLR-15,TUBE-STD,4455,up,2025-03-01
TM-09523,ACC-DLR-22,TUBE-STD,4468,up,2024-03-01
TM-09524,ACC-DLR-29,TUBE-DLX,4455,up,2019-04-01
TM-09525,ACC-DLR-36,TUBE-STD,4468,up,2022-06-01
TM-09526,ACC-DLR-3,TUBE-STD,4482,up,2020-04-01
TM-09527,ACC-DLR-10,TUBE-STD,4455,up,2025-02-01
TM-09528,ACC-DLR-17,TUBE-DLX,4482,up,2024-12-01
TM-09529,ACC-DLR-24,TUBE-STD,4468,up,2019-01-01
TM-09530,ACC-DLR-31,TUBE-DLX,4455,up,2022-12-01
TM-09531,ACC-DLR-38,TUBE-DLX,4462,up,2019-12-01
TM-09532,ACC-DLR-5,TUBE-STD,4462,up,2026-03-01
TM-09533,ACC-DLR-12,TUBE-STD,4462,up,2020-10-01
TM-09534,ACC-DLR-19,TUBE-STD,4468,up,2024-12-01
TM-09535,ACC-DLR-26,TUBE-DLX,4468,up,2022-03-01
TM-09536,ACC-DLR-33,TUBE-DLX,4455,up,2019-08-01
TM-09537,ACC-DLR-40,TUBE-DLX,4455,up,2022-12-01
TM-09538,ACC-DLR-7,TUBE-STD,4455,up,2024-11-01
TM-09539,ACC-DLR-14,TUBE-DLX,4462,up,2026-04-01
TM-09540,ACC-DLR-21,TUBE-DLX,4468,up,2025-02-01
TM-09541,ACC-DLR-28,TUBE-DLX,4482,up,2024-05-01
TM-09542,ACC-DLR-35,TUBE-DLX,4462,up,2020-02-01
TM-09543,ACC-DLR-2,TUBE-STD,4455,up,2022-06-01
TM-09544,ACC-DLR-9,TUBE-STD,4482,up,2020-11-01
TM-09545,ACC-DLR-16,TUBE-STD,4455,up,2024-12-01
TM-09546,ACC-DLR-23,TUBE-DLX,4462,up,2023-09-01
TM-09547,ACC-DLR-30,TUBE-STD,4462,up,2019-06-01
TM-09548,ACC-DLR-37,TUBE-STD,4482,up,2019-02-01
TM-09549,ACC-DLR-4,TUBE-STD,4482,up,2025-06-01
TM-09550,ACC-DLR-11,TUBE-DLX,4462,up,2023-01-01
TM-09551,ACC-DLR-18,TUBE-DLX,4462,up,2021-08-01
TM-09552,ACC-DLR-25,TUBE-STD,4462,up,2023-08-01
TM-09553,ACC-DLR-32,TUBE-DLX,4462,up,2019-06-01
TM-09554,ACC-DLR-39,TUBE-DLX,4482,up,2026-04-01
TM-09555,ACC-DLR-6,TUBE-STD,4468,up,2023-10-01
TM-09556,ACC-DLR-13,TUBE-STD,4455,up,2021-05-01
TM-09557,ACC-DLR-20,TUBE-STD,4462,up,2022-08-01
TM-09558,ACC-DLR-27,TUBE-DLX,4462,up,2021-03-01
TM-09559,ACC-DLR-34,TUBE-STD,4482,up,2025-07-01
TM-09560,ACC-DLR-1,TUBE-STD,4455,up,2022-12-01
TM-09561,ACC-DLR-8,TUBE-DLX,4482,up,2024-12-01
TM-09562,ACC-DLR-15,TUBE-STD,4455,up,2024-07-01
TM-09563,ACC-DLR-22,TUBE-STD,4482,up,2020-03-01
TM-09564,ACC-DLR-29,TUBE-STD,4468,up,2020-10-01
TM-09565,ACC-DLR-36,TUBE-STD,4468,up,2023-02-01
TM-09566,ACC-DLR-3,TUBE-STD,4455,up,2026-06-01
TM-09567,ACC-DLR-10,TUBE-DLX,4462,up,2021-08-01
TM-09568,ACC-DLR-17,TUBE-DLX,4455,up,2025-12-01
TM-09569,ACC-DLR-24,TUBE-STD,4462,up,2025-09-01
TM-09570,ACC-DLR-31,TUBE-STD,4455,up,2023-07-01
TM-09571,ACC-DLR-38,TUBE-STD,4462,up,2023-01-01
TM-09572,ACC-DLR-5,TUBE-STD,4455,up,2019-04-01
TM-09573,ACC-DLR-12,TUBE-STD,4482,up,2019-03-01
TM-09574,ACC-DLR-19,TUBE-DLX,4482,up,2025-05-01
TM-09575,ACC-DLR-26,TUBE-STD,4468,up,2026-10-01
TM-09576,ACC-DLR-33,TUBE-STD,4468,up,2020-07-01
TM-09577,ACC-DLR-40,TUBE-STD,4482,up,2020-01-01
TM-09578,ACC-DLR-7,TUBE-STD,4468,up,2022-03-01
TM-09579,ACC-DLR-14,TUBE-STD,4455,up,2022-08-01
TM-09580,ACC-DLR-21,TUBE-STD,4462,up,2022-07-01
TM-09581,ACC-DLR-28,TUBE-STD,4468,up,2022-12-01
TM-09582,ACC-DLR-35,TUBE-DLX,4468,up,2021-03-01
TM-09583,ACC-DLR-2,TUBE-DLX,4455,up,2024-12-01
TM-09584,ACC-DLR-9,TUBE-STD,4462,up,2020-12-01
TM-09585,ACC-DLR-16,TUBE-STD,4455,up,2024-01-01
TM-09586,ACC-DLR-23,TUBE-DLX,4455,up,2019-12-01
TM-09587,ACC-DLR-30,TUBE-DLX,4455,up,2022-06-01
TM-09588,ACC-DLR-37,TUBE-DLX,4462,up,2019-02-01
TM-09589,ACC-DLR-4,TUBE-STD,4482,up,2023-03-01
TM-09590,ACC-DLR-11,TUBE-DLX,4455,up,2023-11-01
TM-09591,ACC-DLR-18,TUBE-STD,4455,up,2021-10-01
TM-09592,ACC-DLR-25,TUBE-STD,4455,up,2022-09-01
TM-09593,ACC-DLR-32,TUBE-STD,4455,up,2021-12-01
TM-09594,ACC-DLR-39,TUBE-DLX,4455,up,2021-08-01
TM-09595,ACC-DLR-6,TUBE-DLX,4468,up,2023-12-01
TM-09596,ACC-DLR-13,TUBE-STD,4455,up,2022-02-01
TM-09597,ACC-DLR-20,TUBE-DLX,4468,up,2024-06-01
TM-09598,ACC-DLR-27,TUBE-STD,4455,up,2026-12-01
TM-09599,ACC-DLR-34,TUBE-DLX,4482,up,2023-04-01
TM-09600,ACC-DLR-1,TUBE-DLX,4468,up,2026-06-01
TM-09601,ACC-DLR-8,TUBE-STD,4482,up,2024-10-01
TM-09602,ACC-DLR-15,TUBE-STD,4468,up,2022-10-01
TM-09603,ACC-DLR-22,TUBE-STD,4462,up,2019-01-01
TM-09604,ACC-DLR-29,TUBE-STD,4468,up,2019-11-01
TM-09605,ACC-DLR-36,TUBE-DLX,4455,up,2023-05-01
TM-09606,ACC-DLR-3,TUBE-STD,4462,up,2024-07-01
TM-09607,ACC-DLR-10,TUBE-DLX,4482,up,2021-08-01
TM-09608,ACC-DLR-17,TUBE-STD,4462,up,2026-02-01
TM-09609,ACC-DLR-24,TUBE-STD,4462,up,2019-09-01
TM-09610,ACC-DLR-31,TUBE-STD,4455,up,2025-03-01
TM-09611,ACC-DLR-38,TUBE-STD,4468,up,2019-08-01
TM-09612,ACC-DLR-5,TUBE-STD,4455,up,2024-02-01
TM-09613,ACC-DLR-12,TUBE-STD,4482,up,2026-11-01
TM-09614,ACC-DLR-19,TUBE-DLX,4468,up,2024-11-01
TM-09615,ACC-DLR-26,TUBE-STD,4482,up,2025-04-01
TM-09616,ACC-DLR-33,TUBE-DLX,4482,up,2019-09-01
TM-09617,ACC-DLR-40,TUBE-STD,4482,up,2021-06-01
TM-09618,ACC-DLR-7,TUBE-STD,4468,up,2021-05-01
TM-09619,ACC-DLR-14,TUBE-STD,4482,up,2026-06-01
TM-09620,ACC-DLR-21,TUBE-DLX,4468,up,2025-09-01
TM-09621,ACC-DLR-28,TUBE-STD,4455,up,2020-07-01
TM-09622,ACC-DLR-35,TUBE-DLX,4462,up,2021-03-01
TM-09623,ACC-DLR-2,TUBE-STD,4482,up,2025-05-01
TM-09624,ACC-DLR-9,TUBE-STD,4462,up,2023-09-01
TM-09625,ACC-DLR-16,TUBE-STD,4455,up,2026-12-01
TM-09626,ACC-DLR-23,TUBE-STD,4482,up,2022-01-01
TM-09627,ACC-DLR-30,TUBE-STD,4468,up,2023-10-01
TM-09628,ACC-DLR-37,TUBE-STD,4455,up,2026-08-01
TM-09629,ACC-DLR-4,TUBE-DLX,4455,up,2021-05-01
TM-09630,ACC-DLR-11,TUBE-STD,4455,up,2020-10-01
TM-09631,ACC-DLR-18,TUBE-STD,4462,up,2022-02-01
TM-09632,ACC-DLR-25,TUBE-DLX,4462,up,2023-03-01
TM-09633,ACC-DLR-32,TUBE-STD,4455,up,2022-10-01
TM-09634,ACC-DLR-39,TUBE-STD,4462,up,2023-12-01
TM-09635,ACC-DLR-6,TUBE-STD,4468,up,2020-11-01
TM-09636,ACC-DLR-13,TUBE-STD,4455,up,2024-11-01
TM-09637,ACC-DLR-20,TUBE-STD,4482,up,2020-11-01
TM-09638,ACC-DLR-27,TUBE-STD,4462,up,2024-02-01
TM-09639,ACC-DLR-34,TUBE-DLX,4455,up,2020-07-01
TM-09640,ACC-DLR-1,TUBE-STD,4468,up,2022-10-01
TM-09641,ACC-DLR-8,TUBE-STD,4482,up,2022-09-01
TM-09642,ACC-DLR-15,TUBE-STD,4455,up,2025-12-01
TM-09643,ACC-DLR-22,TUBE-DLX,4482,up,2021-11-01
TM-09644,ACC-DLR-29,TUBE-STD,4455,up,2019-04-01
TM-09645,ACC-DLR-36,TUBE-STD,4482,up,2026-11-01
TM-09646,ACC-DLR-3,TUBE-DLX,4455,up,2019-02-01
TM-09647,ACC-DLR-10,TUBE-DLX,4455,up,2022-06-01
TM-09648,ACC-DLR-17,TUBE-STD,4482,up,2022-11-01
TM-09649,ACC-DLR-24,TUBE-STD,4468,up,2023-12-01
TM-09650,ACC-DLR-31,TUBE-STD,4482,up,2026-10-01
TM-09651,ACC-DLR-38,TUBE-STD,4468,up,2019-06-01
TM-09652,ACC-DLR-5,TUBE-STD,4462,up,2020-01-01
TM-09653,ACC-DLR-12,TUBE-STD,4468,up,2026-07-01
TM-09654,ACC-DLR-19,TUBE-STD,4468,up,2026-11-01
TM-09655,ACC-DLR-26,TUBE-STD,4482,up,2026-01-01
TM-09656,ACC-DLR-33,TUBE-STD,4468,up,2021-10-01
TM-09657,ACC-DLR-40,TUBE-STD,4482,up,2023-10-01
TM-09658,ACC-DLR-7,TUBE-STD,4468,up,2019-02-01
TM-09659,ACC-DLR-14,TUBE-STD,4455,up,2021-04-01
TM-09660,ACC-DLR-21,TUBE-STD,4455,up,2019-11-01
TM-09661,ACC-DLR-28,TUBE-DLX,4468,up,2020-01-01
TM-09662,ACC-DLR-35,TUBE-STD,4482,up,2023-05-01
TM-09663,ACC-DLR-2,TUBE-DLX,4482,up,2022-04-01
TM-09664,ACC-DLR-9,TUBE-STD,4482,up,2025-07-01
TM-09665,ACC-DLR-16,TUBE-STD,4455,up,2019-10-01
TM-09666,ACC-DLR-23,TUBE-STD,4455,up,2019-06-01
TM-09667,ACC-DLR-30,TUBE-DLX,4482,up,2020-09-01
TM-09668,ACC-DLR-37,TUBE-DLX,4482,up,2024-06-01
TM-09669,ACC-DLR-4,TUBE-DLX,4482,up,2019-08-01
TM-09670,ACC-DLR-11,TUBE-STD,4482,up,2019-08-01
TM-09671,ACC-DLR-18,TUBE-DLX,4462,up,2021-12-01
TM-09672,ACC-DLR-25,TUBE-STD,4455,up,2025-03-01
TM-09673,ACC-DLR-32,TUBE-STD,4468,up,2026-03-01
TM-09674,ACC-DLR-39,TUBE-STD,4462,up,2024-12-01
TM-09675,ACC-DLR-6,TUBE-STD,4482,up,2024-09-01
TM-09676,ACC-DLR-13,TUBE-STD,4462,up,2026-05-01
TM-09677,ACC-DLR-20,TUBE-DLX,4455,up,2025-10-01
TM-09678,ACC-DLR-27,TUBE-STD,4462,up,2024-07-01
TM-09679,ACC-DLR-34,TUBE-STD,4462,up,2019-08-01
TM-09680,ACC-DLR-1,TUBE-DLX,4462,up,2024-07-01
TM-09681,ACC-DLR-8,TUBE-STD,4462,up,2026-01-01
TM-09682,ACC-DLR-15,TUBE-STD,4462,up,2024-01-01
TM-09683,ACC-DLR-22,TUBE-STD,4462,up,2020-02-01
TM-09684,ACC-DLR-29,TUBE-STD,4455,up,2024-07-01
TM-09685,ACC-DLR-36,TUBE-STD,4455,up,2025-12-01
TM-09686,ACC-DLR-3,TUBE-STD,4455,up,2019-10-01
TM-09687,ACC-DLR-10,TUBE-DLX,4455,up,2021-02-01
TM-09688,ACC-DLR-17,TUBE-STD,4462,up,2019-12-01
TM-09689,ACC-DLR-24,TUBE-STD,4455,up,2023-01-01
TM-09690,ACC-DLR-31,TUBE-STD,4455,up,2021-03-01
TM-09691,ACC-DLR-38,TUBE-DLX,4482,up,2023-03-01
TM-09692,ACC-DLR-5,TUBE-DLX,4482,up,2023-09-01
TM-09693,ACC-DLR-12,TUBE-STD,4468,up,2020-06-01
TM-09694,ACC-DLR-19,TUBE-DLX,4455,up,2020-05-01
TM-09695,ACC-DLR-26,TUBE-STD,4482,up,2024-06-01
TM-09696,ACC-DLR-33,TUBE-STD,4455,up,2020-06-01
TM-09697,ACC-DLR-40,TUBE-DLX,4468,up,2022-11-01
TM-09698,ACC-DLR-7,TUBE-STD,4482,up,2021-03-01
TM-09699,ACC-DLR-14,TUBE-DLX,4462,up,2026-09-01
TM-09700,ACC-DLR-21,TUBE-STD,4455,up,2025-10-01
TM-09701,ACC-DLR-28,TUBE-DLX,4482,up,2023-06-01
TM-09702,ACC-DLR-35,TUBE-STD,4455,up,2021-03-01
TM-09703,ACC-DLR-2,TUBE-STD,4468,up,2019-06-01
TM-09704,ACC-DLR-9,TUBE-STD,4455,up,2026-08-01
TM-09705,ACC-DLR-16,TUBE-STD,4462,up,2020-07-01
TM-09706,ACC-DLR-23,TUBE-STD,4455,up,2020-06-01
TM-09707,ACC-DLR-30,TUBE-STD,4482,up,2021-06-01
TM-09708,ACC-DLR-37,TUBE-STD,4455,up,2025-01-01
TM-09709,ACC-DLR-4,TUBE-STD,4468,up,2021-09-01
TM-09710,ACC-DLR-11,TUBE-STD,4482,up,2024-06-01
TM-09711,ACC-DLR-18,TUBE-STD,4482,up,2020-08-01
TM-09712,ACC-DLR-25,TUBE-STD,4455,up,2021-01-01
TM-09713,ACC-DLR-32,TUBE-STD,4462,up,2023-01-01
TM-09714,ACC-DLR-39,TUBE-STD,4482,up,2023-06-01
TM-09715,ACC-DLR-6,TUBE-STD,4455,up,2023-04-01
TM-09716,ACC-DLR-13,TUBE-DLX,4468,up,2025-12-01
TM-09717,ACC-DLR-20,TUBE-STD,4468,up,2020-12-01
TM-09718,ACC-DLR-27,TUBE-STD,4455,up,2025-02-01
TM-09719,ACC-DLR-34,TUBE-DLX,4462,up,2026-03-01
TM-09720,ACC-DLR-1,TUBE-DLX,4482,up,2023-06-01
TM-09721,ACC-DLR-8,TUBE-DLX,4462,up,2023-12-01
TM-09722,ACC-DLR-15,TUBE-DLX,4468,up,2022-03-01
TM-09723,ACC-DLR-22,TUBE-DLX,4462,up,2019-09-01
TM-09724,ACC-DLR-29,TUBE-STD,4482,up,2019-07-01
TM-09725,ACC-DLR-36,TUBE-STD,4468,up,2026-12-01
TM-09726,ACC-DLR-3,TUBE-STD,4455,up,2021-08-01
TM-09727,ACC-DLR-10,TUBE-STD,4482,up,2019-03-01
TM-09728,ACC-DLR-17,TUBE-STD,4482,up,2022-07-01
TM-09729,ACC-DLR-24,TUBE-STD,4462,up,2026-08-01
TM-09730,ACC-DLR-31,TUBE-DLX,4482,up,2021-09-01
TM-09731,ACC-DLR-38,TUBE-STD,4468,up,2022-06-01
TM-09732,ACC-DLR-5,TUBE-STD,4468,up,2023-05-01
TM-09733,ACC-DLR-12,TUBE-DLX,4455,up,2023-06-01
TM-09734,ACC-DLR-19,TUBE-STD,4482,up,2025-06-01
TM-09735,ACC-DLR-26,TUBE-DLX,4462,up,2022-05-01
TM-09736,ACC-DLR-33,TUBE-STD,4462,up,2024-05-01
TM-09737,ACC-DLR-40,TUBE-DLX,4468,up,2021-03-01
TM-09738,ACC-DLR-7,TUBE-STD,4462,up,2022-12-01
TM-09739,ACC-DLR-14,TUBE-STD,4462,up,2026-02-01
TM-09740,ACC-DLR-21,TUBE-STD,4482,up,2020-08-01
TM-09741,ACC-DLR-28,TUBE-DLX,4482,up,2024-03-01
TM-09742,ACC-DLR-35,TUBE-STD,4455,up,2019-11-01
TM-09743,ACC-DLR-2,TUBE-STD,4482,up,2024-08-01
TM-09744,ACC-DLR-9,TUBE-DLX,4455,up,2022-09-01
TM-09745,ACC-DLR-16,TUBE-STD,4455,up,2023-10-01
TM-09746,ACC-DLR-23,TUBE-DLX,4482,up,2021-10-01
TM-09747,ACC-DLR-30,TUBE-STD,4482,up,2026-02-01
TM-09748,ACC-DLR-37,TUBE-STD,4455,up,2024-11-01
TM-09749,ACC-DLR-4,TUBE-STD,4455,up,2019-01-01
TM-09750,ACC-DLR-11,TUBE-DLX,4455,up,2020-10-01
TM-09751,ACC-DLR-18,TUBE-STD,4462,up,2025-08-01
TM-09752,ACC-DLR-25,TUBE-STD,4468,up,2024-11-01
TM-09753,ACC-DLR-32,TUBE-STD,4468,up,2024-05-01
TM-09754,ACC-DLR-39,TUBE-STD,4455,up,2025-06-01
TM-09755,ACC-DLR-6,TUBE-STD,4462,up,2020-05-01
TM-09756,ACC-DLR-13,TUBE-STD,4482,up,2022-04-01
TM-09757,ACC-DLR-20,TUBE-STD,4462,up,2021-10-01
TM-09758,ACC-DLR-27,TUBE-STD,4468,up,2021-11-01
TM-09759,ACC-DLR-34,TUBE-STD,4468,up,2020-11-01
TM-09760,ACC-DLR-1,TUBE-DLX,4468,up,2020-04-01
TM-09761,ACC-DLR-8,TUBE-STD,4468,up,2020-11-01
TM-09762,ACC-DLR-15,TUBE-STD,4482,up,2022-02-01
TM-09763,ACC-DLR-22,TUBE-STD,4468,up,2023-03-01
TM-09764,ACC-DLR-29,TUBE-STD,4455,up,2021-04-01
TM-09765,ACC-DLR-36,TUBE-STD,4468,up,2021-08-01
TM-09766,ACC-DLR-3,TUBE-STD,4468,up,2026-07-01
TM-09767,ACC-DLR-10,TUBE-STD,4482,up,2022-10-01
TM-09768,ACC-DLR-17,TUBE-DLX,4468,up,2023-05-01
TM-09769,ACC-DLR-24,TUBE-STD,4468,up,2025-10-01
TM-09770,ACC-DLR-31,TUBE-STD,4455,up,2025-02-01
TM-09771,ACC-DLR-38,TUBE-DLX,4462,up,2022-08-01
TM-09772,ACC-DLR-5,TUBE-DLX,4482,up,2025-01-01
TM-09773,ACC-DLR-12,TUBE-STD,4462,up,2020-06-01
TM-09774,ACC-DLR-19,TUBE-STD,4468,up,2025-06-01
TM-09775,ACC-DLR-26,TUBE-STD,4455,up,2024-06-01
TM-09776,ACC-DLR-33,TUBE-STD,4462,up,2024-10-01
TM-09777,ACC-DLR-40,TUBE-STD,4468,up,2025-10-01
TM-09778,ACC-DLR-7,TUBE-STD,4455,up,2021-06-01
TM-09779,ACC-DLR-14,TUBE-STD,4482,up,2021-08-01
TM-09780,ACC-DLR-21,TUBE-STD,4482,up,2020-03-01
TM-09781,ACC-DLR-28,TUBE-DLX,4462,up,2026-08-01
TM-09782,ACC-DLR-35,TUBE-STD,4455,up,2020-09-01
TM-09783,ACC-DLR-2,TUBE-STD,4455,up,2019-12-01
TM-09784,ACC-DLR-9,TUBE-STD,4455,up,2026-07-01
TM-09785,ACC-DLR-16,TUBE-STD,4468,up,2025-06-01
TM-09786,ACC-DLR-23,TUBE-STD,4455,up,2019-03-01
TM-09787,ACC-DLR-30,TUBE-STD,4462,up,2022-02-01
TM-09788,ACC-DLR-37,TUBE-DLX,4455,up,2026-11-01
TM-09789,ACC-DLR-4,TUBE-DLX,4468,up,2026-10-01
TM-09790,ACC-DLR-11,TUBE-STD,4468,up,2022-10-01
TM-09791,ACC-DLR-18,TUBE-DLX,4455,up,2021-07-01
TM-09792,ACC-DLR-25,TUBE-DLX,4482,up,2021-09-01
TM-09793,ACC-DLR-32,TUBE-STD,4455,up,2021-03-01
TM-09794,ACC-DLR-39,TUBE-STD,4455,up,2026-06-01
TM-09795,ACC-DLR-6,TUBE-STD,4462,up,2019-12-01
TM-09796,ACC-DLR-13,TUBE-STD,4462,up,2024-01-01
TM-09797,ACC-DLR-20,TUBE-STD,4462,up,2022-10-01
TM-09798,ACC-DLR-27,TUBE-STD,4455,up,2022-07-01
TM-09799,ACC-DLR-34,TUBE-STD,4482,up,2025-07-01
TM-09800,ACC-DLR-1,TUBE-DLX,4482,up,2026-11-01
TM-09801,ACC-DLR-8,TUBE-STD,4462,up,2025-10-01
TM-09802,ACC-DLR-15,TUBE-DLX,4462,up,2025-06-01
TM-09803,ACC-DLR-22,TUBE-STD,4462,up,2021-05-01
TM-09804,ACC-DLR-29,TUBE-STD,4455,up,2024-08-01
TM-09805,ACC-DLR-36,TUBE-STD,4462,up,2023-12-01
TM-09806,ACC-DLR-3,TUBE-STD,4468,up,2024-09-01
TM-09807,ACC-DLR-10,TUBE-STD,4468,up,2023-01-01
TM-09808,ACC-DLR-17,TUBE-STD,4468,up,2023-03-01
TM-09809,ACC-DLR-24,TUBE-STD,4455,up,2020-01-01
TM-09810,ACC-DLR-31,TUBE-STD,4462,up,2023-10-01
TM-09811,ACC-DLR-38,TUBE-STD,4455,up,2022-12-01
TM-09812,ACC-DLR-5,TUBE-DLX,4482,up,2019-09-01
TM-09813,ACC-DLR-12,TUBE-STD,4462,up,2026-06-01
TM-09814,ACC-DLR-19,TUBE-DLX,4482,up,2020-04-01
TM-09815,ACC-DLR-26,TUBE-DLX,4455,up,2022-12-01
TM-09816,ACC-DLR-33,TUBE-STD,4482,up,2022-06-01
TM-09817,ACC-DLR-40,TUBE-STD,4468,up,2023-03-01
TM-09818,ACC-DLR-7,TUBE-DLX,4455,up,2021-08-01
TM-09819,ACC-DLR-14,TUBE-STD,4462,up,2019-12-01
TM-09820,ACC-DLR-21,TUBE-STD,4455,up,2023-06-01
TM-09821,ACC-DLR-28,TUBE-STD,4482,up,2022-05-01
TM-09822,ACC-DLR-35,TUBE-DLX,4468,up,2019-06-01
TM-09823,ACC-DLR-2,TUBE-STD,4482,up,2026-09-01
TM-09824,ACC-DLR-9,TUBE-STD,4455,up,2025-07-01
TM-09825,ACC-DLR-16,TUBE-STD,4455,up,2024-02-01
TM-09826,ACC-DLR-23,TUBE-DLX,4455,up,2023-02-01
TM-09827,ACC-DLR-30,TUBE-STD,4462,up,2021-08-01
TM-09828,ACC-DLR-37,TUBE-DLX,4455,up,2022-08-01
TM-09829,ACC-DLR-4,TUBE-DLX,4455,up,2022-08-01
TM-09830,ACC-DLR-11,TUBE-STD,4468,up,2023-05-01
TM-09831,ACC-DLR-18,TUBE-STD,4468,up,2023-10-01
TM-09832,ACC-DLR-25,TUBE-STD,4482,up,2026-07-01
TM-09833,ACC-DLR-32,TUBE-DLX,4455,up,2024-04-01
TM-09834,ACC-DLR-39,TUBE-STD,4455,up,2026-08-01
TM-09835,ACC-DLR-6,TUBE-STD,4455,up,2023-10-01
TM-09836,ACC-DLR-13,TUBE-DLX,4468,up,2019-09-01
TM-09837,ACC-DLR-20,TUBE-STD,4468,up,2024-05-01
TM-09838,ACC-DLR-27,TUBE-STD,4462,up,2023-01-01
TM-09839,ACC-DLR-34,TUBE-STD,4482,up,2021-03-01
TM-09840,ACC-DLR-1,TUBE-DLX,4482,up,2024-08-01
TM-09841,ACC-DLR-8,TUBE-STD,4482,up,2019-10-01
TM-09842,ACC-DLR-15,TUBE-STD,4455,up,2026-07-01
TM-09843,ACC-DLR-22,TUBE-STD,4482,up,2025-03-01
TM-09844,ACC-DLR-29,TUBE-STD,4462,up,2026-08-01
TM-09845,ACC-DLR-36,TUBE-STD,4482,up,2026-12-01
TM-09846,ACC-DLR-3,TUBE-STD,4455,up,2023-02-01
TM-09847,ACC-DLR-10,TUBE-DLX,4482,up,2023-12-01
TM-09848,ACC-DLR-17,TUBE-STD,4462,up,2023-10-01
TM-09849,ACC-DLR-24,TUBE-STD,4462,up,2022-11-01
TM-09850,ACC-DLR-31,TUBE-STD,4455,up,2025-08-01
TM-09851,ACC-DLR-38,TUBE-STD,4455,up,2019-11-01
TM-09852,ACC-DLR-5,TUBE-STD,4468,up,2020-04-01
TM-09853,ACC-DLR-12,TUBE-DLX,4482,up,2025-09-01
TM-09854,ACC-DLR-19,TUBE-DLX,4468,up,2019-10-01
TM-09855,ACC-DLR-26,TUBE-DLX,4482,up,2021-01-01
TM-09856,ACC-DLR-33,TUBE-STD,4462,up,2019-01-01
TM-09857,ACC-DLR-40,TUBE-STD,4468,up,2019-07-01
TM-09858,ACC-DLR-7,TUBE-DLX,4468,up,2026-02-01
TM-09859,ACC-DLR-14,TUBE-DLX,4455,up,2019-10-01
TM-09860,ACC-DLR-21,TUBE-STD,4462,up,2025-09-01
TM-09861,ACC-DLR-28,TUBE-DLX,4462,up,2021-03-01
TM-09862,ACC-DLR-35,TUBE-STD,4455,up,2020-07-01
TM-09863,ACC-DLR-2,TUBE-STD,4462,up,2024-06-01
TM-09864,ACC-DLR-9,TUBE-STD,4482,up,2021-11-01
TM-09865,ACC-DLR-16,TUBE-STD,4468,up,2025-10-01
TM-09866,ACC-DLR-23,TUBE-STD,4455,up,2024-10-01
TM-09867,ACC-DLR-30,TUBE-STD,4468,up,2019-12-01
TM-09868,ACC-DLR-37,TUBE-DLX,4462,up,2023-05-01
TM-09869,ACC-DLR-4,TUBE-STD,4462,up,2022-12-01
TM-09870,ACC-DLR-11,TUBE-DLX,4468,up,2020-05-01
TM-09871,ACC-DLR-18,TUBE-DLX,4482,up,2023-10-01
TM-09872,ACC-DLR-25,TUBE-STD,4455,up,2019-02-01
TM-09873,ACC-DLR-32,TUBE-STD,4455,up,2021-03-01
TM-09874,ACC-DLR-39,TUBE-DLX,4462,up,2019-11-01
TM-09875,ACC-DLR-6,TUBE-DLX,4468,up,2021-05-01
TM-09876,ACC-DLR-13,TUBE-STD,4468,up,2020-02-01
TM-09877,ACC-DLR-20,TUBE-STD,4455,up,2021-11-01
TM-09878,ACC-DLR-27,TUBE-STD,4468,up,2021-08-01
TM-09879,ACC-DLR-34,TUBE-STD,4468,up,2023-11-01
TM-09880,ACC-DLR-1,TUBE-STD,4468,up,2022-04-01
TM-09881,ACC-DLR-8,TUBE-STD,4468,up,2019-02-01
TM-09882,ACC-DLR-15,TUBE-STD,4482,up,2021-08-01
TM-09883,ACC-DLR-22,TUBE-STD,4455,up,2025-09-01
TM-09884,ACC-DLR-29,TUBE-DLX,4455,up,2024-04-01
TM-09885,ACC-DLR-36,TUBE-STD,4482,up,2019-07-01
TM-09886,ACC-DLR-3,TUBE-STD,4455,up,2022-06-01
TM-09887,ACC-DLR-10,TUBE-STD,4468,up,2019-03-01
TM-09888,ACC-DLR-17,TUBE-STD,4462,up,2025-05-01
TM-09889,ACC-DLR-24,TUBE-STD,4482,up,2024-02-01
TM-09890,ACC-DLR-31,TUBE-STD,4455,up,2019-08-01
TM-09891,ACC-DLR-38,TUBE-STD,4455,up,2026-01-01
TM-09892,ACC-DLR-5,TUBE-DLX,4482,up,2026-06-01
TM-09893,ACC-DLR-12,TUBE-DLX,4455,up,2026-07-01
TM-09894,ACC-DLR-19,TUBE-STD,4482,up,2020-01-01
TM-09895,ACC-DLR-26,TUBE-DLX,4468,up,2026-08-01
TM-09896,ACC-DLR-33,TUBE-STD,4468,up,2020-02-01
TM-09897,ACC-DLR-40,TUBE-STD,4462,up,2026-03-01
TM-09898,ACC-DLR-7,TUBE-STD,4482,up,2026-09-01
TM-09899,ACC-DLR-14,TUBE-STD,4462,up,2022-04-01
TM-09900,ACC-DLR-21,TUBE-STD,4468,up,2025-06-01
TM-09901,ACC-DLR-28,TUBE-STD,4462,up,2023-11-01
TM-09902,ACC-DLR-35,TUBE-STD,4462,up,2025-01-01
TM-09903,ACC-DLR-2,TUBE-STD,4455,up,2019-07-01
TM-09904,ACC-DLR-9,TUBE-DLX,4455,up,2022-04-01
TM-09905,ACC-DLR-16,TUBE-STD,4482,up,2019-09-01
TM-09906,ACC-DLR-23,TUBE-STD,4482,up,2024-12-01
TM-09907,ACC-DLR-30,TUBE-STD,4455,up,2025-09-01
TM-09908,ACC-DLR-37,TUBE-STD,4468,up,2019-01-01
TM-09909,ACC-DLR-4,TUBE-DLX,4468,up,2025-01-01
TM-09910,ACC-DLR-11,TUBE-STD,4468,up,2022-03-01
TM-09911,ACC-DLR-18,TUBE-DLX,4482,up,2020-07-01
TM-09912,ACC-DLR-25,TUBE-DLX,4468,up,2020-05-01
TM-09913,ACC-DLR-32,TUBE-STD,4482,up,2019-02-01
TM-09914,ACC-DLR-39,TUBE-STD,4482,up,2026-07-01
TM-09915,ACC-DLR-6,TUBE-STD,4462,up,2024-12-01
TM-09916,ACC-DLR-13,TUBE-STD,4462,up,2020-04-01
TM-09917,ACC-DLR-20,TUBE-STD,4462,up,2020-09-01
TM-09918,ACC-DLR-27,TUBE-STD,4482,up,2020-12-01
TM-09919,ACC-DLR-34,TUBE-DLX,4455,up,2021-03-01
TM-09920,ACC-DLR-1,TUBE-DLX,4468,up,2020-09-01
TM-09921,ACC-DLR-8,TUBE-DLX,4482,up,2025-08-01
TM-09922,ACC-DLR-15,TUBE-STD,4468,up,2021-06-01
TM-09923,ACC-DLR-22,TUBE-DLX,4482,up,2019-08-01
TM-09924,ACC-DLR-29,TUBE-STD,4482,up,2025-03-01
TM-09925,ACC-DLR-36,TUBE-STD,4462,up,2024-12-01
TM-09926,ACC-DLR-3,TUBE-DLX,4462,up,2023-05-01
TM-09927,ACC-DLR-10,TUBE-STD,4468,up,2026-01-01
TM-09928,ACC-DLR-17,TUBE-STD,4462,up,2023-10-01
TM-09929,ACC-DLR-24,TUBE-STD,4455,up,2023-12-01
TM-09930,ACC-DLR-31,TUBE-STD,4455,up,2021-12-01
TM-09931,ACC-DLR-38,TUBE-STD,4468,up,2025-10-01
TM-09932,ACC-DLR-5,TUBE-DLX,4455,up,2022-11-01
TM-09933,ACC-DLR-12,TUBE-STD,4468,up,2023-09-01
TM-09934,ACC-DLR-19,TUBE-DLX,4482,up,2022-03-01
TM-09935,ACC-DLR-26,TUBE-STD,4455,up,2020-11-01
TM-09936,ACC-DLR-33,TUBE-STD,4455,up,2024-01-01
TM-09937,ACC-DLR-40,TUBE-STD,4462,up,2024-07-01
TM-09938,ACC-DLR-7,TUBE-STD,4455,up,2026-11-01
TM-09939,ACC-DLR-14,TUBE-DLX,4482,up,2021-02-01
TM-09940,ACC-DLR-21,TUBE-STD,4468,up,2021-02-01
TM-09941,ACC-DLR-28,TUBE-STD,4455,up,2022-12-01
TM-09942,ACC-DLR-35,TUBE-STD,4462,up,2020-04-01
TM-09943,ACC-DLR-2,TUBE-DLX,4482,up,2020-05-01
TM-09944,ACC-DLR-9,TUBE-STD,4462,up,2024-09-01
TM-09945,ACC-DLR-16,TUBE-STD,4455,up,2019-02-01
TM-09946,ACC-DLR-23,TUBE-STD,4462,up,2026-10-01
TM-09947,ACC-DLR-30,TUBE-STD,4468,up,2019-07-01
TM-09948,ACC-DLR-37,TUBE-STD,4468,up,2023-08-01
TM-09949,ACC-DLR-4,TUBE-STD,4455,up,2022-09-01
TM-09950,ACC-DLR-11,TUBE-DLX,4482,up,2025-04-01
TM-09951,ACC-DLR-18,TUBE-STD,4468,up,2021-02-01
TM-09952,ACC-DLR-25,TUBE-DLX,4462,up,2024-05-01
TM-09953,ACC-DLR-32,TUBE-STD,4455,up,2019-02-01
TM-09954,ACC-DLR-39,TUBE-DLX,4455,up,2019-03-01
TM-09955,ACC-DLR-6,TUBE-STD,4462,up,2022-08-01
TM-09956,ACC-DLR-13,TUBE-STD,4468,up,2021-08-01
TM-09957,ACC-DLR-20,TUBE-STD,4468,up,2026-10-01
TM-09958,ACC-DLR-27,TUBE-DLX,4455,up,2024-07-01
TM-09959,ACC-DLR-34,TUBE-DLX,4482,up,2021-08-01
TM-09960,ACC-DLR-1,TUBE-DLX,4455,up,2025-11-01
TM-09961,ACC-DLR-8,TUBE-STD,4468,up,2026-03-01
TM-09962,ACC-DLR-15,TUBE-STD,4462,up,2021-08-01
TM-09963,ACC-DLR-22,TUBE-DLX,4468,up,2026-10-01
TM-09964,ACC-DLR-29,TUBE-STD,4482,up,2024-06-01
TM-09965,ACC-DLR-36,TUBE-STD,4482,up,2024-04-01
TM-09966,ACC-DLR-3,TUBE-STD,4455,up,2021-07-01
TM-09967,ACC-DLR-10,TUBE-DLX,4462,up,2022-01-01
TM-09968,ACC-DLR-17,TUBE-STD,4468,up,2026-03-01
TM-09969,ACC-DLR-24,TUBE-DLX,4455,up,2020-04-01
TM-09970,ACC-DLR-31,TUBE-STD,4482,up,2020-05-01
TM-09971,ACC-DLR-38,TUBE-STD,4468,up,2023-11-01
TM-09972,ACC-DLR-5,TUBE-DLX,4482,up,2025-07-01
TM-09973,ACC-DLR-12,TUBE-STD,4482,up,2023-06-01
TM-09974,ACC-DLR-19,TUBE-DLX,4468,up,2026-02-01
TM-09975,ACC-DLR-26,TUBE-STD,4462,up,2021-02-01
TM-09976,ACC-DLR-33,TUBE-STD,4482,up,2022-03-01
TM-09977,ACC-DLR-40,TUBE-STD,4468,up,2022-09-01
TM-09978,ACC-DLR-7,TUBE-STD,4468,up,2024-01-01
TM-09979,ACC-DLR-14,TUBE-STD,4455,up,2025-04-01
TM-09980,ACC-DLR-21,TUBE-DLX,4482,up,2025-09-01
TM-09981,ACC-DLR-28,TUBE-STD,4462,up,2019-09-01
TM-09982,ACC-DLR-35,TUBE-STD,4482,up,2023-02-01
TM-09983,ACC-DLR-2,TUBE-DLX,4462,up,2021-02-01
TM-09984,ACC-DLR-9,TUBE-STD,4468,up,2025-11-01
TM-09985,ACC-DLR-16,TUBE-STD,4482,up,2022-10-01
TM-09986,ACC-DLR-23,TUBE-STD,4482,up,2021-09-01
TM-09987,ACC-DLR-30,TUBE-STD,4468,up,2026-09-01
TM-09988,ACC-DLR-37,TUBE-STD,4468,up,2019-02-01
TM-09989,ACC-DLR-4,TUBE-STD,4455,up,2024-02-01
TM-09990,ACC-DLR-11,TUBE-STD,4455,up,2026-06-01
TM-09991,ACC-DLR-18,TUBE-STD,4482,up,2022-09-01
TM-09992,ACC-DLR-25,TUBE-STD,4468,up,2021-04-01
TM-09993,ACC-DLR-32,TUBE-DLX,4455,up,2025-02-01
TM-09994,ACC-DLR-39,TUBE-DLX,4462,up,2026-07-01
TM-09995,ACC-DLR-6,TUBE-STD,4468,up,2026-02-01
TM-09996,ACC-DLR-13,TUBE-STD,4482,up,2019-11-01
TM-09997,ACC-DLR-20,TUBE-DLX,4462,up,2023-08-01
TM-09998,ACC-DLR-27,TUBE-DLX,4462,up,2022-09-01
TM-09999,ACC-DLR-34,TUBE-STD,4482,up,2026-05-01
TM-10000,ACC-DLR-1,TUBE-DLX,4468,up,2022-11-01
TM-10001,ACC-DLR-8,TUBE-DLX,4462,up,2024-04-01
TM-10002,ACC-DLR-15,TUBE-STD,4468,up,2020-06-01
TM-10003,ACC-DLR-22,TUBE-STD,4468,up,2019-06-01
TM-10004,ACC-DLR-29,TUBE-STD,4468,up,2026-10-01
TM-10005,ACC-DLR-36,TUBE-STD,4468,up,2024-07-01
TM-10006,ACC-DLR-3,TUBE-STD,4482,up,2021-09-01
TM-10007,ACC-DLR-10,TUBE-STD,4482,up,2019-01-01
TM-10008,ACC-DLR-17,TUBE-STD,4482,up,2021-11-01
TM-10009,ACC-DLR-24,TUBE-STD,4462,up,2026-10-01
TM-10010,ACC-DLR-31,TUBE-STD,4482,up,2023-01-01
TM-10011,ACC-DLR-38,TUBE-STD,4462,up,2022-11-01
TM-10012,ACC-DLR-5,TUBE-STD,4482,up,2024-03-01
TM-10013,ACC-DLR-12,TUBE-STD,4455,up,2026-07-01
TM-10014,ACC-DLR-19,TUBE-STD,4455,up,2020-02-01
TM-10015,ACC-DLR-26,TUBE-STD,4468,up,2020-05-01
TM-10016,ACC-DLR-33,TUBE-DLX,4468,up,2023-08-01
TM-10017,ACC-DLR-40,TUBE-STD,4482,up,2026-12-01
TM-10018,ACC-DLR-7,TUBE-DLX,4468,up,2022-10-01
TM-10019,ACC-DLR-14,TUBE-STD,4455,up,2024-04-01
TM-10020,ACC-DLR-21,TUBE-STD,4462,up,2020-04-01
TM-10021,ACC-DLR-28,TUBE-DLX,4462,up,2021-04-01
TM-10022,ACC-DLR-35,TUBE-DLX,4468,up,2023-03-01
TM-10023,ACC-DLR-2,TUBE-STD,4455,up,2020-11-01
TM-10024,ACC-DLR-9,TUBE-STD,4462,up,2025-10-01
TM-10025,ACC-DLR-16,TUBE-DLX,4482,up,2022-11-01
TM-10026,ACC-DLR-23,TUBE-STD,4482,up,2024-01-01
TM-10027,ACC-DLR-30,TUBE-STD,4462,up,2022-10-01
TM-10028,ACC-DLR-37,TUBE-STD,4455,up,2020-04-01
TM-10029,ACC-DLR-4,TUBE-DLX,4482,up,2020-09-01
TM-10030,ACC-DLR-11,TUBE-DLX,4462,up,2020-11-01
TM-10031,ACC-DLR-18,TUBE-DLX,4482,up,2026-04-01
TM-10032,ACC-DLR-25,TUBE-STD,4482,up,2021-12-01
TM-10033,ACC-DLR-32,TUBE-DLX,4482,up,2026-06-01
TM-10034,ACC-DLR-39,TUBE-DLX,4482,up,2026-10-01
TM-10035,ACC-DLR-6,TUBE-STD,4468,up,2024-12-01
TM-10036,ACC-DLR-13,TUBE-STD,4468,up,2023-06-01
TM-10037,ACC-DLR-20,TUBE-STD,4482,up,2024-07-01
TM-10038,ACC-DLR-27,TUBE-DLX,4482,up,2026-02-01
TM-10039,ACC-DLR-34,TUBE-DLX,4455,up,2023-08-01
TM-10040,ACC-DLR-1,TUBE-DLX,4468,up,2019-06-01
TM-10041,ACC-DLR-8,TUBE-STD,4468,up,2019-01-01
TM-10042,ACC-DLR-15,TUBE-DLX,4455,up,2020-01-01
TM-10043,ACC-DLR-22,TUBE-STD,4482,up,2020-08-01
TM-10044,ACC-DLR-29,TUBE-DLX,4455,up,2025-02-01
TM-10045,ACC-DLR-36,TUBE-STD,4455,up,2022-09-01
TM-10046,ACC-DLR-3,TUBE-STD,4468,up,2022-05-01
TM-10047,ACC-DLR-10,TUBE-STD,4468,up,2026-08-01
TM-10048,ACC-DLR-17,TUBE-STD,4468,up,2020-06-01
TM-10049,ACC-DLR-24,TUBE-DLX,4455,up,2019-04-01
TM-10050,ACC-DLR-31,TUBE-STD,4468,up,2026-08-01
TM-10051,ACC-DLR-38,TUBE-STD,4462,up,2019-06-01
TM-10052,ACC-DLR-5,TUBE-STD,4462,up,2019-02-01
TM-10053,ACC-DLR-12,TUBE-DLX,4462,up,2022-09-01
TM-10054,ACC-DLR-19,TUBE-DLX,4482,up,2021-10-01
TM-10055,ACC-DLR-26,TUBE-STD,4455,up,2024-03-01
TM-10056,ACC-DLR-33,TUBE-STD,4462,up,2020-06-01
TM-10057,ACC-DLR-40,TUBE-STD,4455,up,2024-11-01
TM-10058,ACC-DLR-7,TUBE-STD,4455,up,2020-10-01
TM-10059,ACC-DLR-14,TUBE-STD,4468,up,2021-08-01
TM-10060,ACC-DLR-21,TUBE-DLX,4468,up,2019-09-01
TM-10061,ACC-DLR-28,TUBE-STD,4462,up,2020-03-01
TM-10062,ACC-DLR-35,TUBE-STD,4462,up,2023-12-01
TM-10063,ACC-DLR-2,TUBE-STD,4482,up,2020-03-01
TM-10064,ACC-DLR-9,TUBE-STD,4468,up,2025-11-01
TM-10065,ACC-DLR-16,TUBE-STD,4482,up,2024-02-01
TM-10066,ACC-DLR-23,TUBE-STD,4462,up,2026-01-01
TM-10067,ACC-DLR-30,TUBE-STD,4482,up,2020-07-01
TM-10068,ACC-DLR-37,TUBE-DLX,4468,up,2024-09-01
TM-10069,ACC-DLR-4,TUBE-DLX,4462,up,2024-09-01
TM-10070,ACC-DLR-11,TUBE-STD,4482,up,2023-05-01
TM-10071,ACC-DLR-18,TUBE-STD,4468,up,2026-12-01
TM-10072,ACC-DLR-25,TUBE-DLX,4455,up,2022-12-01
TM-10073,ACC-DLR-32,TUBE-STD,4462,up,2021-05-01
TM-10074,ACC-DLR-39,TUBE-STD,4462,up,2026-05-01
TM-10075,ACC-DLR-6,TUBE-STD,4482,up,2026-10-01
TM-10076,ACC-DLR-13,TUBE-STD,4455,up,2024-11-01
TM-10077,ACC-DLR-20,TUBE-DLX,4462,up,2025-08-01
TM-10078,ACC-DLR-27,TUBE-STD,4482,up,2023-07-01
TM-10079,ACC-DLR-34,TUBE-DLX,4462,up,2023-04-01
TM-10080,ACC-DLR-1,TUBE-DLX,4482,up,2019-10-01
TM-10081,ACC-DLR-8,TUBE-STD,4455,up,2025-03-01
TM-10082,ACC-DLR-15,TUBE-STD,4455,up,2023-04-01
TM-10083,ACC-DLR-22,TUBE-DLX,4482,up,2025-04-01
TM-10084,ACC-DLR-29,TUBE-STD,4455,up,2023-12-01
TM-10085,ACC-DLR-36,TUBE-DLX,4468,up,2022-04-01
TM-10086,ACC-DLR-3,TUBE-STD,4468,up,2021-04-01
TM-10087,ACC-DLR-10,TUBE-STD,4468,up,2019-04-01
TM-10088,ACC-DLR-17,TUBE-DLX,4482,up,2022-04-01
TM-10089,ACC-DLR-24,TUBE-STD,4482,up,2021-10-01
TM-10090,ACC-DLR-31,TUBE-DLX,4468,up,2026-11-01
TM-10091,ACC-DLR-38,TUBE-STD,4468,up,2024-01-01
TM-10092,ACC-DLR-5,TUBE-DLX,4468,up,2019-08-01
TM-10093,ACC-DLR-12,TUBE-DLX,4468,up,2019-01-01
TM-10094,ACC-DLR-19,TUBE-STD,4468,up,2021-02-01
TM-10095,ACC-DLR-26,TUBE-DLX,4462,up,2024-10-01
TM-10096,ACC-DLR-33,TUBE-STD,4482,up,2022-01-01
TM-10097,ACC-DLR-40,TUBE-STD,4482,up,2025-10-01
TM-10098,ACC-DLR-7,TUBE-DLX,4468,up,2024-01-01
TM-10099,ACC-DLR-14,TUBE-STD,4462,up,2023-12-01
TM-10100,ACC-DLR-21,TUBE-STD,4462,up,2026-03-01
TM-10101,ACC-DLR-28,TUBE-STD,4455,up,2024-02-01
TM-10102,ACC-DLR-35,TUBE-STD,4468,up,2022-07-01
TM-10103,ACC-DLR-2,TUBE-STD,4468,up,2026-01-01
TM-10104,ACC-DLR-9,TUBE-STD,4462,up,2022-05-01
TM-10105,ACC-DLR-16,TUBE-STD,4455,up,2022-03-01
TM-10106,ACC-DLR-23,TUBE-STD,4468,up,2025-04-01
TM-10107,ACC-DLR-30,TUBE-STD,4462,up,2022-08-01
TM-10108,ACC-DLR-37,TUBE-STD,4455,up,2020-07-01
TM-10109,ACC-DLR-4,TUBE-STD,4462,up,2022-06-01
TM-10110,ACC-DLR-11,TUBE-DLX,4482,up,2023-04-01
TM-10111,ACC-DLR-18,TUBE-STD,4468,up,2022-11-01
TM-10112,ACC-DLR-25,TUBE-DLX,4468,up,2024-11-01
TM-10113,ACC-DLR-32,TUBE-STD,4455,up,2020-01-01
TM-10114,ACC-DLR-39,TUBE-DLX,4455,up,2021-12-01
TM-10115,ACC-DLR-6,TUBE-STD,4455,up,2019-04-01
TM-10116,ACC-DLR-13,TUBE-STD,4468,up,2023-11-01
TM-10117,ACC-DLR-20,TUBE-STD,4482,up,2019-06-01
TM-10118,ACC-DLR-27,TUBE-DLX,4455,up,2026-08-01
TM-10119,ACC-DLR-34,TUBE-STD,4455,up,2022-05-01
TM-10120,ACC-DLR-1,TUBE-DLX,4455,up,2021-09-01
TM-10121,ACC-DLR-8,TUBE-STD,4482,up,2020-01-01
TM-10122,ACC-DLR-15,TUBE-DLX,4455,up,2026-09-01
TM-10123,ACC-DLR-22,TUBE-STD,4468,up,2021-04-01
TM-10124,ACC-DLR-29,TUBE-STD,4482,up,2026-08-01
TM-10125,ACC-DLR-36,TUBE-STD,4482,up,2024-03-01
TM-10126,ACC-DLR-3,TUBE-STD,4455,up,2019-08-01
TM-10127,ACC-DLR-10,TUBE-STD,4455,up,2020-06-01
TM-10128,ACC-DLR-17,TUBE-DLX,4455,up,2025-09-01
TM-10129,ACC-DLR-24,TUBE-STD,4455,up,2025-11-01
TM-10130,ACC-DLR-31,TUBE-DLX,4482,up,2020-11-01
TM-10131,ACC-DLR-38,TUBE-STD,4482,up,2021-07-01
TM-10132,ACC-DLR-5,TUBE-STD,4482,up,2021-05-01
TM-10133,ACC-DLR-12,TUBE-STD,4462,up,2019-03-01
TM-10134,ACC-DLR-19,TUBE-DLX,4482,up,2024-11-01
TM-10135,ACC-DLR-26,TUBE-DLX,4455,up,2025-10-01
TM-10136,ACC-DLR-33,TUBE-STD,4462,up,2023-12-01
TM-10137,ACC-DLR-40,TUBE-STD,4468,up,2019-03-01
TM-10138,ACC-DLR-7,TUBE-STD,4482,up,2019-01-01
TM-10139,ACC-DLR-14,TUBE-STD,4482,up,2023-07-01
TM-10140,ACC-DLR-21,TUBE-STD,4462,up,2022-07-01
TM-10141,ACC-DLR-28,TUBE-STD,4468,up,2019-08-01
TM-10142,ACC-DLR-35,TUBE-STD,4468,up,2024-05-01
TM-10143,ACC-DLR-2,TUBE-DLX,4455,up,2021-07-01
TM-10144,ACC-DLR-9,TUBE-STD,4482,up,2025-04-01
TM-10145,ACC-DLR-16,TUBE-DLX,4468,up,2019-01-01
TM-10146,ACC-DLR-23,TUBE-STD,4482,up,2020-09-01
TM-10147,ACC-DLR-30,TUBE-STD,4482,up,2019-06-01
TM-10148,ACC-DLR-37,TUBE-DLX,4455,up,2026-11-01
TM-10149,ACC-DLR-4,TUBE-DLX,4462,up,2021-11-01
TM-10150,ACC-DLR-11,TUBE-STD,4462,up,2022-11-01
TM-10151,ACC-DLR-18,TUBE-STD,4462,up,2020-09-01
TM-10152,ACC-DLR-25,TUBE-DLX,4455,up,2025-12-01
TM-10153,ACC-DLR-32,TUBE-STD,4468,up,2026-05-01
TM-10154,ACC-DLR-39,TUBE-DLX,4462,up,2026-06-01
TM-10155,ACC-DLR-6,TUBE-STD,4482,up,2024-12-01
TM-10156,ACC-DLR-13,TUBE-STD,4455,up,2026-05-01
TM-10157,ACC-DLR-20,TUBE-DLX,4468,up,2020-06-01
TM-10158,ACC-DLR-27,TUBE-STD,4455,up,2025-04-01
TM-10159,ACC-DLR-34,TUBE-DLX,4455,up,2023-07-01
TM-10160,ACC-DLR-1,TUBE-STD,4482,up,2022-08-01
TM-10161,ACC-DLR-8,TUBE-DLX,4462,up,2026-05-01
TM-10162,ACC-DLR-15,TUBE-STD,4455,up,2025-04-01
TM-10163,ACC-DLR-22,TUBE-STD,4462,up,2022-09-01
TM-10164,ACC-DLR-29,TUBE-DLX,4482,up,2019-03-01
TM-10165,ACC-DLR-36,TUBE-STD,4482,up,2019-06-01
TM-10166,ACC-DLR-3,TUBE-DLX,4455,up,2020-10-01
TM-10167,ACC-DLR-10,TUBE-STD,4468,up,2019-08-01
TM-10168,ACC-DLR-17,TUBE-STD,4468,up,2023-03-01
TM-10169,ACC-DLR-24,TUBE-DLX,4462,up,2020-12-01
TM-10170,ACC-DLR-31,TUBE-STD,4455,up,2023-06-01
TM-10171,ACC-DLR-38,TUBE-STD,4455,up,2021-11-01
TM-10172,ACC-DLR-5,TUBE-STD,4468,up,2023-02-01
TM-10173,ACC-DLR-12,TUBE-STD,4468,up,2024-12-01
TM-10174,ACC-DLR-19,TUBE-STD,4462,up,2025-06-01
TM-10175,ACC-DLR-26,TUBE-DLX,4482,up,2021-01-01
TM-10176,ACC-DLR-33,TUBE-DLX,4462,up,2021-02-01
TM-10177,ACC-DLR-40,TUBE-STD,4468,up,2026-05-01
TM-10178,ACC-DLR-7,TUBE-STD,4482,up,2020-08-01
TM-10179,ACC-DLR-14,TUBE-STD,4482,up,2023-11-01
TM-10180,ACC-DLR-21,TUBE-STD,4482,up,2024-03-01
TM-10181,ACC-DLR-28,TUBE-STD,4462,up,2024-06-01
TM-10182,ACC-DLR-35,TUBE-STD,4482,up,2020-05-01
TM-10183,ACC-DLR-2,TUBE-STD,4468,up,2026-02-01
TM-10184,ACC-DLR-9,TUBE-STD,4455,up,2020-11-01
TM-10185,ACC-DLR-16,TUBE-DLX,4455,up,2024-09-01
TM-10186,ACC-DLR-23,TUBE-STD,4468,up,2025-09-01
TM-10187,ACC-DLR-30,TUBE-STD,4462,up,2024-05-01
TM-10188,ACC-DLR-37,TUBE-STD,4468,up,2020-08-01
TM-10189,ACC-DLR-4,TUBE-STD,4468,up,2020-10-01
TM-10190,ACC-DLR-11,TUBE-STD,4482,up,2024-12-01
TM-10191,ACC-DLR-18,TUBE-DLX,4455,up,2019-09-01
TM-10192,ACC-DLR-25,TUBE-STD,4462,up,2021-04-01
TM-10193,ACC-DLR-32,TUBE-STD,4455,up,2026-01-01
TM-10194,ACC-DLR-39,TUBE-STD,4468,up,2021-05-01
TM-10195,ACC-DLR-6,TUBE-DLX,4455,up,2019-04-01
TM-10196,ACC-DLR-13,TUBE-STD,4482,up,2019-07-01
TM-10197,ACC-DLR-20,TUBE-STD,4468,up,2026-12-01
TM-10198,ACC-DLR-27,TUBE-STD,4462,up,2019-09-01
TM-10199,ACC-DLR-34,TUBE-DLX,4455,up,2020-01-01
TM-10200,ACC-DLR-1,TUBE-STD,4468,up,2024-09-01
TM-10201,ACC-DLR-8,TUBE-STD,4455,up,2021-01-01
TM-10202,ACC-DLR-15,TUBE-STD,4468,up,2026-01-01
TM-10203,ACC-DLR-22,TUBE-DLX,4482,up,2022-12-01
TM-10204,ACC-DLR-29,TUBE-STD,4482,up,2020-04-01
TM-10205,ACC-DLR-36,TUBE-STD,4482,up,2019-05-01
TM-10206,ACC-DLR-3,TUBE-STD,4462,up,2023-11-01
TM-10207,ACC-DLR-10,TUBE-DLX,4462,up,2023-08-01
TM-10208,ACC-DLR-17,TUBE-STD,4482,up,2020-02-01
TM-10209,ACC-DLR-24,TUBE-STD,4468,up,2019-12-01
TM-10210,ACC-DLR-31,TUBE-DLX,4482,up,2022-01-01
TM-10211,ACC-DLR-38,TUBE-DLX,4482,up,2022-12-01
TM-10212,ACC-DLR-5,TUBE-STD,4455,up,2024-10-01
TM-10213,ACC-DLR-12,TUBE-STD,4482,up,2025-09-01
TM-10214,ACC-DLR-19,TUBE-STD,4468,up,2022-10-01
TM-10215,ACC-DLR-26,TUBE-DLX,4468,up,2019-07-01
TM-10216,ACC-DLR-33,TUBE-STD,4468,up,2026-07-01
TM-10217,ACC-DLR-40,TUBE-STD,4455,up,2023-03-01
TM-10218,ACC-DLR-7,TUBE-STD,4482,up,2025-07-01
TM-10219,ACC-DLR-14,TUBE-DLX,4482,up,2021-12-01
TM-10220,ACC-DLR-21,TUBE-STD,4455,up,2026-01-01
TM-10221,ACC-DLR-28,TUBE-DLX,4468,up,2026-03-01
TM-10222,ACC-DLR-35,TUBE-STD,4468,up,2023-03-01
TM-10223,ACC-DLR-2,TUBE-STD,4482,up,2021-05-01
TM-10224,ACC-DLR-9,TUBE-STD,4468,up,2021-08-01
TM-10225,ACC-DLR-16,TUBE-STD,4462,up,2026-10-01
TM-10226,ACC-DLR-23,TUBE-STD,4482,up,2024-10-01
TM-10227,ACC-DLR-30,TUBE-STD,4455,up,2022-04-01
TM-10228,ACC-DLR-37,TUBE-STD,4462,up,2019-04-01
TM-10229,ACC-DLR-4,TUBE-STD,4462,up,2022-07-01
TM-10230,ACC-DLR-11,TUBE-STD,4455,up,2020-03-01
TM-10231,ACC-DLR-18,TUBE-DLX,4468,up,2026-05-01
TM-10232,ACC-DLR-25,TUBE-STD,4455,up,2021-01-01
TM-10233,ACC-DLR-32,TUBE-STD,4482,up,2026-03-01
TM-10234,ACC-DLR-39,TUBE-DLX,4468,up,2025-06-01
TM-10235,ACC-DLR-6,TUBE-DLX,4462,up,2019-01-01
TM-10236,ACC-DLR-13,TUBE-DLX,4455,up,2021-04-01
TM-10237,ACC-DLR-20,TUBE-DLX,4482,up,2024-09-01
TM-10238,ACC-DLR-27,TUBE-STD,4462,up,2020-08-01
TM-10239,ACC-DLR-34,TUBE-STD,4468,up,2026-10-01
TM-10240,ACC-DLR-1,TUBE-STD,4455,up,2019-04-01
TM-10241,ACC-DLR-8,TUBE-STD,4462,up,2026-02-01
TM-10242,ACC-DLR-15,TUBE-STD,4462,up,2022-09-01
TM-10243,ACC-DLR-22,TUBE-STD,4468,up,2023-11-01
TM-10244,ACC-DLR-29,TUBE-STD,4468,up,2024-05-01
TM-10245,ACC-DLR-36,TUBE-STD,4462,up,2024-08-01
TM-10246,ACC-DLR-3,TUBE-DLX,4468,up,2019-07-01
TM-10247,ACC-DLR-10,TUBE-DLX,4462,up,2019-10-01
TM-10248,ACC-DLR-17,TUBE-DLX,4482,up,2021-08-01
TM-10249,ACC-DLR-24,TUBE-DLX,4462,up,2022-03-01
TM-10250,ACC-DLR-31,TUBE-STD,4482,up,2026-04-01
TM-10251,ACC-DLR-38,TUBE-STD,4468,up,2020-03-01
TM-10252,ACC-DLR-5,TUBE-STD,4462,up,2020-09-01
TM-10253,ACC-DLR-12,TUBE-DLX,4462,up,2024-02-01
TM-10254,ACC-DLR-19,TUBE-STD,4482,up,2020-09-01
TM-10255,ACC-DLR-26,TUBE-STD,4482,up,2019-09-01
TM-10256,ACC-DLR-33,TUBE-STD,4455,up,2023-08-01
TM-10257,ACC-DLR-40,TUBE-STD,4482,up,2019-09-01
TM-10258,ACC-DLR-7,TUBE-STD,4482,up,2021-04-01
TM-10259,ACC-DLR-14,TUBE-STD,4462,up,2019-06-01
TM-10260,ACC-DLR-21,TUBE-STD,4462,up,2020-05-01
TM-10261,ACC-DLR-28,TUBE-STD,4468,up,2022-11-01
TM-10262,ACC-DLR-35,TUBE-DLX,4455,up,2020-05-01
TM-10263,ACC-DLR-2,TUBE-STD,4462,up,2026-05-01
TM-10264,ACC-DLR-9,TUBE-STD,4462,up,2023-06-01
TM-10265,ACC-DLR-16,TUBE-STD,4468,up,2022-10-01
TM-10266,ACC-DLR-23,TUBE-STD,4482,up,2025-08-01
TM-10267,ACC-DLR-30,TUBE-STD,4482,up,2026-07-01
TM-10268,ACC-DLR-37,TUBE-DLX,4468,up,2021-06-01
TM-10269,ACC-DLR-4,TUBE-STD,4482,up,2022-03-01
TM-10270,ACC-DLR-11,TUBE-STD,4468,up,2025-03-01
TM-10271,ACC-DLR-18,TUBE-DLX,4482,up,2019-03-01
TM-10272,ACC-DLR-25,TUBE-DLX,4462,up,2026-03-01
TM-10273,ACC-DLR-32,TUBE-STD,4468,up,2023-07-01
TM-10274,ACC-DLR-39,TUBE-STD,4482,up,2020-09-01
TM-10275,ACC-DLR-6,TUBE-STD,4462,up,2019-04-01
TM-10276,ACC-DLR-13,TUBE-STD,4468,up,2022-03-01
TM-10277,ACC-DLR-20,TUBE-STD,4455,up,2026-08-01
TM-10278,ACC-DLR-27,TUBE-DLX,4468,up,2026-05-01
TM-10279,ACC-DLR-34,TUBE-STD,4468,up,2019-05-01
TM-10280,ACC-DLR-1,TUBE-STD,4455,up,2019-05-01
TM-10281,ACC-DLR-8,TUBE-STD,4455,up,2020-12-01
TM-10282,ACC-DLR-15,TUBE-STD,4468,up,2026-09-01
TM-10283,ACC-DLR-22,TUBE-DLX,4482,up,2025-03-01
TM-10284,ACC-DLR-29,TUBE-STD,4468,up,2026-10-01
TM-10285,ACC-DLR-36,TUBE-DLX,4468,up,2023-01-01
TM-10286,ACC-DLR-3,TUBE-STD,4462,up,2022-02-01
TM-10287,ACC-DLR-10,TUBE-STD,4468,up,2022-01-01
TM-10288,ACC-DLR-17,TUBE-DLX,4468,up,2024-06-01
TM-10289,ACC-DLR-24,TUBE-STD,4482,up,2019-02-01
TM-10290,ACC-DLR-31,TUBE-DLX,4468,up,2022-03-01
TM-10291,ACC-DLR-38,TUBE-STD,4462,up,2023-03-01
TM-10292,ACC-DLR-5,TUBE-STD,4482,up,2021-01-01
TM-10293,ACC-DLR-12,TUBE-STD,4468,up,2019-03-01
TM-10294,ACC-DLR-19,TUBE-DLX,4482,up,2024-10-01
TM-10295,ACC-DLR-26,TUBE-STD,4482,up,2023-07-01
TM-10296,ACC-DLR-33,TUBE-DLX,4482,up,2024-11-01
TM-10297,ACC-DLR-40,TUBE-DLX,4462,up,2022-09-01
TM-10298,ACC-DLR-7,TUBE-STD,4468,up,2021-03-01
TM-10299,ACC-DLR-14,TUBE-STD,4462,up,2020-10-01
TM-10300,ACC-DLR-21,TUBE-STD,4468,up,2022-04-01
TM-10301,ACC-DLR-28,TUBE-STD,4468,up,2019-07-01
TM-10302,ACC-DLR-35,TUBE-STD,4468,up,2026-11-01
TM-10303,ACC-DLR-2,TUBE-STD,4455,up,2025-10-01
TM-10304,ACC-DLR-9,TUBE-STD,4468,up,2025-09-01
TM-10305,ACC-DLR-16,TUBE-STD,4455,up,2021-01-01
TM-10306,ACC-DLR-23,TUBE-DLX,4468,up,2023-09-01
TM-10307,ACC-DLR-30,TUBE-STD,4462,up,2019-06-01
TM-10308,ACC-DLR-37,TUBE-STD,4462,up,2025-09-01
TM-10309,ACC-DLR-4,TUBE-STD,4482,up,2023-05-01
TM-10310,ACC-DLR-11,TUBE-DLX,4482,up,2024-02-01
TM-10311,ACC-DLR-18,TUBE-STD,4482,up,2020-12-01
TM-10312,ACC-DLR-25,TUBE-STD,4482,up,2024-12-01
TM-10313,ACC-DLR-32,TUBE-DLX,4462,up,2019-03-01
TM-10314,ACC-DLR-39,TUBE-DLX,4462,up,2021-11-01
TM-10315,ACC-DLR-6,TUBE-STD,4468,up,2026-10-01
TM-10316,ACC-DLR-13,TUBE-STD,4482,up,2025-10-01
TM-10317,ACC-DLR-20,TUBE-DLX,4462,up,2025-05-01
TM-10318,ACC-DLR-27,TUBE-STD,4455,up,2025-12-01
TM-10319,ACC-DLR-34,TUBE-DLX,4468,up,2025-11-01
TM-10320,ACC-DLR-1,TUBE-STD,4455,up,2024-03-01
TM-10321,ACC-DLR-8,TUBE-STD,4462,up,2022-04-01
TM-10322,ACC-DLR-15,TUBE-STD,4468,up,2021-12-01
TM-10323,ACC-DLR-22,TUBE-STD,4455,up,2020-08-01
TM-10324,ACC-DLR-29,TUBE-DLX,4455,up,2025-07-01
TM-10325,ACC-DLR-36,TUBE-STD,4468,up,2024-07-01
TM-10326,ACC-DLR-3,TUBE-STD,4482,up,2024-09-01
TM-10327,ACC-DLR-10,TUBE-STD,4462,up,2022-08-01
TM-10328,ACC-DLR-17,TUBE-STD,4482,up,2024-03-01
TM-10329,ACC-DLR-24,TUBE-DLX,4468,up,2025-03-01
TM-10330,ACC-DLR-31,TUBE-DLX,4462,up,2023-06-01
TM-10331,ACC-DLR-38,TUBE-STD,4462,up,2021-01-01
TM-10332,ACC-DLR-5,TUBE-DLX,4462,up,2024-01-01
TM-10333,ACC-DLR-12,TUBE-STD,4462,up,2020-04-01
TM-10334,ACC-DLR-19,TUBE-STD,4462,up,2023-04-01
TM-10335,ACC-DLR-26,TUBE-DLX,4468,up,2019-12-01
TM-10336,ACC-DLR-33,TUBE-DLX,4462,up,2019-05-01
TM-10337,ACC-DLR-40,TUBE-STD,4468,up,2026-11-01
TM-10338,ACC-DLR-7,TUBE-DLX,4455,up,2026-10-01
TM-10339,ACC-DLR-14,TUBE-DLX,4462,up,2020-02-01
TM-10340,ACC-DLR-21,TUBE-STD,4455,up,2022-06-01
TM-10341,ACC-DLR-28,TUBE-STD,4455,up,2024-02-01
TM-10342,ACC-DLR-35,TUBE-STD,4482,up,2021-03-01
TM-10343,ACC-DLR-2,TUBE-DLX,4462,up,2021-03-01
TM-10344,ACC-DLR-9,TUBE-STD,4455,up,2020-08-01
TM-10345,ACC-DLR-16,TUBE-STD,4455,up,2026-01-01
TM-10346,ACC-DLR-23,TUBE-STD,4455,up,2020-12-01
TM-10347,ACC-DLR-30,TUBE-STD,4455,up,2021-03-01
TM-10348,ACC-DLR-37,TUBE-DLX,4482,up,2022-01-01
TM-10349,ACC-DLR-4,TUBE-STD,4468,up,2021-06-01
TM-10350,ACC-DLR-11,TUBE-STD,4482,up,2019-05-01
TM-10351,ACC-DLR-18,TUBE-STD,4455,up,2021-11-01
TM-10352,ACC-DLR-25,TUBE-DLX,4455,up,2026-11-01
TM-10353,ACC-DLR-32,TUBE-STD,4468,up,2022-03-01
TM-10354,ACC-DLR-39,TUBE-DLX,4468,up,2023-08-01
TM-10355,ACC-DLR-6,TUBE-STD,4455,up,2025-08-01
TM-10356,ACC-DLR-13,TUBE-STD,4455,up,2021-12-01
TM-10357,ACC-DLR-20,TUBE-STD,4462,up,2020-09-01
TM-10358,ACC-DLR-27,TUBE-STD,4455,up,2025-12-01
TM-10359,ACC-DLR-34,TUBE-STD,4462,up,2023-07-01
TM-10360,ACC-DLR-1,TUBE-STD,4455,up,2023-01-01
TM-10361,ACC-DLR-8,TUBE-STD,4482,up,2025-11-01
TM-10362,ACC-DLR-15,TUBE-STD,4455,up,2024-08-01
TM-10363,ACC-DLR-22,TUBE-STD,4482,up,2019-10-01
TM-10364,ACC-DLR-29,TUBE-STD,4455,up,2026-04-01
TM-10365,ACC-DLR-36,TUBE-DLX,4482,up,2019-09-01
TM-10366,ACC-DLR-3,TUBE-DLX,4455,up,2022-08-01
TM-10367,ACC-DLR-10,TUBE-STD,4455,up,2021-12-01
TM-10368,ACC-DLR-17,TUBE-STD,4482,up,2026-09-01
TM-10369,ACC-DLR-24,TUBE-STD,4462,up,2026-03-01
TM-10370,ACC-DLR-31,TUBE-STD,4468,up,2024-02-01
TM-10371,ACC-DLR-38,TUBE-STD,4462,up,2019-12-01
TM-10372,ACC-DLR-5,TUBE-STD,4482,up,2024-07-01
TM-10373,ACC-DLR-12,TUBE-STD,4468,up,2022-02-01
TM-10374,ACC-DLR-19,TUBE-DLX,4482,up,2025-09-01
TM-10375,ACC-DLR-26,TUBE-STD,4462,up,2020-05-01
TM-10376,ACC-DLR-33,TUBE-DLX,4482,up,2025-11-01
TM-10377,ACC-DLR-40,TUBE-STD,4462,up,2019-02-01
TM-10378,ACC-DLR-7,TUBE-STD,4462,up,2019-10-01
TM-10379,ACC-DLR-14,TUBE-STD,4468,up,2022-02-01
TM-10380,ACC-DLR-21,TUBE-STD,4482,up,2019-06-01
TM-10381,ACC-DLR-28,TUBE-STD,4462,up,2025-05-01
TM-10382,ACC-DLR-35,TUBE-STD,4455,up,2024-06-01
TM-10383,ACC-DLR-2,TUBE-DLX,4482,up,2019-05-01
TM-10384,ACC-DLR-9,TUBE-DLX,4462,up,2026-07-01
TM-10385,ACC-DLR-16,TUBE-DLX,4455,up,2023-02-01
TM-10386,ACC-DLR-23,TUBE-DLX,4482,up,2023-04-01
TM-10387,ACC-DLR-30,TUBE-DLX,4482,up,2022-09-01
TM-10388,ACC-DLR-37,TUBE-STD,4468,up,2022-03-01
TM-10389,ACC-DLR-4,TUBE-STD,4482,up,2019-12-01
TM-10390,ACC-DLR-11,TUBE-DLX,4455,up,2019-04-01
TM-10391,ACC-DLR-18,TUBE-STD,4455,up,2020-04-01
TM-10392,ACC-DLR-25,TUBE-STD,4462,up,2025-04-01
TM-10393,ACC-DLR-32,TUBE-STD,4482,up,2026-02-01
TM-10394,ACC-DLR-39,TUBE-STD,4462,up,2020-07-01
TM-10395,ACC-DLR-6,TUBE-STD,4455,up,2024-02-01
TM-10396,ACC-DLR-13,TUBE-STD,4482,up,2024-03-01
TM-10397,ACC-DLR-20,TUBE-STD,4468,up,2024-01-01
TM-10398,ACC-DLR-27,TUBE-STD,4462,up,2023-11-01
TM-10399,ACC-DLR-34,TUBE-STD,4455,up,2020-04-01
TM-10400,ACC-DLR-1,TUBE-STD,4468,up,2023-10-01
TM-10401,ACC-DLR-8,TUBE-STD,4482,up,2021-05-01
TM-10402,ACC-DLR-15,TUBE-STD,4455,up,2023-12-01
TM-10403,ACC-DLR-22,TUBE-STD,4482,up,2019-01-01
TM-10404,ACC-DLR-29,TUBE-DLX,4455,up,2021-01-01
TM-10405,ACC-DLR-36,TUBE-STD,4482,up,2024-04-01
TM-10406,ACC-DLR-3,TUBE-DLX,4482,up,2021-10-01
TM-10407,ACC-DLR-10,TUBE-DLX,4482,up,2021-11-01
TM-10408,ACC-DLR-17,TUBE-STD,4455,up,2025-09-01
TM-10409,ACC-DLR-24,TUBE-STD,4455,up,2019-11-01
TM-10410,ACC-DLR-31,TUBE-STD,4455,up,2025-02-01
TM-10411,ACC-DLR-38,TUBE-STD,4482,up,2024-01-01
TM-10412,ACC-DLR-5,TUBE-STD,4462,up,2025-08-01
TM-10413,ACC-DLR-12,TUBE-DLX,4462,up,2019-04-01
TM-10414,ACC-DLR-19,TUBE-STD,4455,up,2022-10-01
TM-10415,ACC-DLR-26,TUBE-STD,4482,up,2020-03-01
TM-10416,ACC-DLR-33,TUBE-STD,4482,up,2019-05-01
TM-10417,ACC-DLR-40,TUBE-DLX,4455,up,2023-02-01
TM-10418,ACC-DLR-7,TUBE-STD,4482,up,2020-11-01
TM-10419,ACC-DLR-14,TUBE-STD,4482,up,2025-01-01
TM-10420,ACC-DLR-21,TUBE-STD,4455,up,2021-06-01
TM-10421,ACC-DLR-28,TUBE-STD,4462,up,2020-04-01
TM-10422,ACC-DLR-35,TUBE-STD,4455,up,2022-05-01
TM-10423,ACC-DLR-2,TUBE-STD,4468,up,2021-01-01
TM-10424,ACC-DLR-9,TUBE-STD,4455,up,2026-09-01
TM-10425,ACC-DLR-16,TUBE-DLX,4482,up,2019-02-01
TM-10426,ACC-DLR-23,TUBE-STD,4462,up,2026-02-01
TM-10427,ACC-DLR-30,TUBE-DLX,4468,up,2024-12-01
TM-10428,ACC-DLR-37,TUBE-STD,4468,up,2021-12-01
TM-10429,ACC-DLR-4,TUBE-STD,4482,up,2026-05-01
TM-10430,ACC-DLR-11,TUBE-STD,4455,up,2021-10-01
TM-10431,ACC-DLR-18,TUBE-DLX,4482,up,2024-08-01
TM-10432,ACC-DLR-25,TUBE-STD,4468,up,2021-06-01
TM-10433,ACC-DLR-32,TUBE-DLX,4482,up,2024-07-01
TM-10434,ACC-DLR-39,TUBE-DLX,4482,up,2019-10-01
TM-10435,ACC-DLR-6,TUBE-STD,4482,up,2026-05-01
TM-10436,ACC-DLR-13,TUBE-STD,4462,up,2023-10-01
TM-10437,ACC-DLR-20,TUBE-STD,4462,up,2021-12-01
TM-10438,ACC-DLR-27,TUBE-STD,4468,up,2026-08-01
TM-10439,ACC-DLR-34,TUBE-DLX,4462,up,2023-10-01
TM-10440,ACC-DLR-1,TUBE-STD,4468,up,2023-08-01
TM-10441,ACC-DLR-8,TUBE-STD,4455,up,2023-03-01
TM-10442,ACC-DLR-15,TUBE-STD,4462,up,2023-05-01
TM-10443,ACC-DLR-22,TUBE-STD,4455,up,2024-08-01
TM-10444,ACC-DLR-29,TUBE-STD,4468,up,2019-03-01
TM-10445,ACC-DLR-36,TUBE-STD,4468,up,2024-05-01
TM-10446,ACC-DLR-3,TUBE-STD,4462,up,2026-10-01
TM-10447,ACC-DLR-10,TUBE-STD,4462,up,2022-10-01
TM-10448,ACC-DLR-17,TUBE-DLX,4455,up,2019-06-01
TM-10449,ACC-DLR-24,TUBE-STD,4462,up,2021-03-01
TM-10450,ACC-DLR-31,TUBE-STD,4462,up,2020-11-01
TM-10451,ACC-DLR-38,TUBE-STD,4455,up,2021-11-01
TM-10452,ACC-DLR-5,TUBE-STD,4482,up,2022-06-01
TM-10453,ACC-DLR-12,TUBE-DLX,4468,up,2020-10-01
TM-10454,ACC-DLR-19,TUBE-DLX,4482,up,2020-12-01
TM-10455,ACC-DLR-26,TUBE-DLX,4455,up,2020-02-01
TM-10456,ACC-DLR-33,TUBE-STD,4468,up,2023-01-01
TM-10457,ACC-DLR-40,TUBE-STD,4482,up,2019-09-01
TM-10458,ACC-DLR-7,TUBE-DLX,4468,up,2025-06-01
TM-10459,ACC-DLR-14,TUBE-STD,4468,up,2020-12-01
TM-10460,ACC-DLR-21,TUBE-STD,4482,up,2021-01-01
TM-10461,ACC-DLR-28,TUBE-STD,4468,up,2019-03-01
TM-10462,ACC-DLR-35,TUBE-STD,4455,up,2026-07-01
TM-10463,ACC-DLR-2,TUBE-STD,4468,up,2025-09-01
TM-10464,ACC-DLR-9,TUBE-STD,4482,up,2021-10-01
TM-10465,ACC-DLR-16,TUBE-STD,4455,up,2021-10-01
TM-10466,ACC-DLR-23,TUBE-STD,4482,up,2020-09-01
TM-10467,ACC-DLR-30,TUBE-DLX,4482,up,2024-07-01
TM-10468,ACC-DLR-37,TUBE-STD,4455,up,2024-06-01
TM-10469,ACC-DLR-4,TUBE-STD,4462,up,2024-05-01
TM-10470,ACC-DLR-11,TUBE-STD,4455,up,2024-06-01
TM-10471,ACC-DLR-18,TUBE-STD,4468,up,2024-11-01
TM-10472,ACC-DLR-25,TUBE-STD,4468,up,2020-09-01
TM-10473,ACC-DLR-32,TUBE-DLX,4482,up,2019-11-01
TM-10474,ACC-DLR-39,TUBE-STD,4455,up,2019-03-01
TM-10475,ACC-DLR-6,TUBE-STD,4468,up,2022-08-01
TM-10476,ACC-DLR-13,TUBE-DLX,4455,up,2020-07-01
TM-10477,ACC-DLR-20,TUBE-STD,4468,up,2022-06-01
TM-10478,ACC-DLR-27,TUBE-STD,4468,up,2024-01-01
TM-10479,ACC-DLR-34,TUBE-STD,4462,up,2025-08-01
TM-10480,ACC-DLR-1,TUBE-STD,4455,up,2022-02-01
TM-10481,ACC-DLR-8,TUBE-DLX,4468,up,2022-08-01
TM-10482,ACC-DLR-15,TUBE-STD,4462,up,2023-07-01
TM-10483,ACC-DLR-22,TUBE-STD,4455,up,2019-08-01
TM-10484,ACC-DLR-29,TUBE-STD,4468,up,2021-01-01
TM-10485,ACC-DLR-36,TUBE-DLX,4482,up,2020-03-01
TM-10486,ACC-DLR-3,TUBE-STD,4482,up,2026-08-01
TM-10487,ACC-DLR-10,TUBE-STD,4455,up,2026-09-01
TM-10488,ACC-DLR-17,TUBE-STD,4482,up,2022-06-01
TM-10489,ACC-DLR-24,TUBE-STD,4462,up,2022-10-01
TM-10490,ACC-DLR-31,TUBE-DLX,4482,up,2020-08-01
TM-10491,ACC-DLR-38,TUBE-STD,4462,up,2021-05-01
TM-10492,ACC-DLR-5,TUBE-STD,4462,up,2025-10-01
TM-10493,ACC-DLR-12,TUBE-DLX,4455,up,2022-08-01
TM-10494,ACC-DLR-19,TUBE-STD,4462,up,2025-10-01
TM-10495,ACC-DLR-26,TUBE-STD,4482,up,2026-09-01
TM-10496,ACC-DLR-33,TUBE-STD,4468,up,2024-12-01
TM-10497,ACC-DLR-40,TUBE-STD,4462,up,2024-12-01
TM-10498,ACC-DLR-7,TUBE-STD,4468,up,2021-06-01
TM-10499,ACC-DLR-14,TUBE-DLX,4482,up,2023-11-01
TM-10500,ACC-DLR-21,TUBE-STD,4462,up,2023-01-01
TM-10501,ACC-DLR-28,TUBE-DLX,4462,up,2020-07-01
TM-10502,ACC-DLR-35,TUBE-DLX,4468,up,2019-07-01
TM-10503,ACC-DLR-2,TUBE-DLX,4462,up,2022-10-01
TM-10504,ACC-DLR-9,TUBE-DLX,4482,up,2019-07-01
TM-10505,ACC-DLR-16,TUBE-STD,4482,up,2026-07-01
TM-10506,ACC-DLR-23,TUBE-STD,4468,up,2026-03-01
TM-10507,ACC-DLR-30,TUBE-STD,4462,up,2025-06-01
TM-10508,ACC-DLR-37,TUBE-DLX,4468,up,2020-12-01
TM-10509,ACC-DLR-4,TUBE-STD,4462,up,2022-11-01
TM-10510,ACC-DLR-11,TUBE-DLX,4482,up,2022-10-01
TM-10511,ACC-DLR-18,TUBE-STD,4455,up,2025-04-01
TM-10512,ACC-DLR-25,TUBE-STD,4468,up,2026-05-01
TM-10513,ACC-DLR-32,TUBE-STD,4455,up,2023-05-01
TM-10514,ACC-DLR-39,TUBE-DLX,4468,up,2026-06-01
TM-10515,ACC-DLR-6,TUBE-DLX,4482,up,2026-11-01
TM-10516,ACC-DLR-13,TUBE-DLX,4462,up,2026-09-01
TM-10517,ACC-DLR-20,TUBE-STD,4468,up,2026-08-01
TM-10518,ACC-DLR-27,TUBE-STD,4468,up,2022-04-01
TM-10519,ACC-DLR-34,TUBE-STD,4455,up,2022-11-01
TM-10520,ACC-DLR-1,TUBE-STD,4455,up,2021-02-01
TM-10521,ACC-DLR-8,TUBE-DLX,4462,up,2025-10-01
TM-10522,ACC-DLR-15,TUBE-STD,4468,up,2026-10-01
TM-10523,ACC-DLR-22,TUBE-DLX,4462,up,2021-02-01
TM-10524,ACC-DLR-29,TUBE-STD,4482,up,2020-02-01
TM-10525,ACC-DLR-36,TUBE-STD,4462,up,2019-11-01
TM-10526,ACC-DLR-3,TUBE-STD,4462,up,2020-05-01
TM-10527,ACC-DLR-10,TUBE-STD,4468,up,2022-01-01
TM-10528,ACC-DLR-17,TUBE-DLX,4468,up,2021-05-01
TM-10529,ACC-DLR-24,TUBE-DLX,4462,up,2021-07-01
TM-10530,ACC-DLR-31,TUBE-DLX,4482,up,2019-10-01
TM-10531,ACC-DLR-38,TUBE-DLX,4455,up,2022-01-01
TM-10532,ACC-DLR-5,TUBE-DLX,4468,up,2019-06-01
TM-10533,ACC-DLR-12,TUBE-DLX,4455,up,2022-02-01
TM-10534,ACC-DLR-19,TUBE-STD,4455,up,2022-03-01
TM-10535,ACC-DLR-26,TUBE-DLX,4462,up,2021-05-01
TM-10536,ACC-DLR-33,TUBE-DLX,4455,up,2020-04-01
TM-10537,ACC-DLR-40,TUBE-DLX,4482,up,2019-11-01
TM-10538,ACC-DLR-7,TUBE-DLX,4462,up,2021-10-01
TM-10539,ACC-DLR-14,TUBE-STD,4468,up,2020-04-01
TM-10540,ACC-DLR-21,TUBE-DLX,4455,up,2022-11-01
TM-10541,ACC-DLR-28,TUBE-STD,4482,up,2026-05-01
TM-10542,ACC-DLR-35,TUBE-STD,4455,up,2022-09-01
TM-10543,ACC-DLR-2,TUBE-STD,4468,up,2020-06-01
TM-10544,ACC-DLR-9,TUBE-DLX,4468,up,2023-04-01
TM-10545,ACC-DLR-16,TUBE-DLX,4482,up,2025-08-01
TM-10546,ACC-DLR-23,TUBE-STD,4455,up,2022-04-01
TM-10547,ACC-DLR-30,TUBE-DLX,4462,up,2024-06-01
TM-10548,ACC-DLR-37,TUBE-STD,4462,up,2022-02-01
TM-10549,ACC-DLR-4,TUBE-STD,4468,up,2026-09-01
TM-10550,ACC-DLR-11,TUBE-DLX,4462,up,2019-05-01
TM-10551,ACC-DLR-18,TUBE-DLX,4462,up,2023-09-01
TM-10552,ACC-DLR-25,TUBE-STD,4468,up,2020-09-01
TM-10553,ACC-DLR-32,TUBE-STD,4455,up,2020-12-01
TM-10554,ACC-DLR-39,TUBE-STD,4482,up,2023-04-01
TM-10555,ACC-DLR-6,TUBE-STD,4462,up,2020-08-01
TM-10556,ACC-DLR-13,TUBE-DLX,4455,up,2024-11-01
TM-10557,ACC-DLR-20,TUBE-DLX,4468,up,2021-04-01
TM-10558,ACC-DLR-27,TUBE-STD,4462,up,2019-08-01
TM-10559,ACC-DLR-34,TUBE-STD,4468,up,2025-03-01
TM-10560,ACC-DLR-1,TUBE-STD,4462,up,2021-02-01
TM-10561,ACC-DLR-8,TUBE-STD,4455,up,2021-03-01
TM-10562,ACC-DLR-15,TUBE-STD,4482,up,2023-07-01
TM-10563,ACC-DLR-22,TUBE-DLX,4482,up,2020-10-01
TM-10564,ACC-DLR-29,TUBE-DLX,4468,up,2024-09-01
TM-10565,ACC-DLR-36,TUBE-STD,4462,up,2022-01-01
TM-10566,ACC-DLR-3,TUBE-DLX,4455,up,2020-12-01
TM-10567,ACC-DLR-10,TUBE-STD,4468,up,2024-02-01
TM-10568,ACC-DLR-17,TUBE-STD,4462,up,2021-03-01
TM-10569,ACC-DLR-24,TUBE-STD,4455,up,2024-06-01
TM-10570,ACC-DLR-31,TUBE-STD,4482,up,2024-10-01
TM-10571,ACC-DLR-38,TUBE-STD,4468,up,2022-11-01
TM-10572,ACC-DLR-5,TUBE-STD,4462,up,2020-10-01
TM-10573,ACC-DLR-12,TUBE-STD,4468,up,2021-12-01
TM-10574,ACC-DLR-19,TUBE-STD,4455,up,2019-07-01
TM-10575,ACC-DLR-26,TUBE-STD,4462,up,2025-02-01
TM-10576,ACC-DLR-33,TUBE-STD,4462,up,2019-12-01
TM-10577,ACC-DLR-40,TUBE-STD,4462,up,2021-06-01
TM-10578,ACC-DLR-7,TUBE-STD,4455,up,2021-06-01
TM-10579,ACC-DLR-14,TUBE-STD,4462,up,2021-02-01
TM-10580,ACC-DLR-21,TUBE-STD,4468,up,2026-08-01
TM-10581,ACC-DLR-28,TUBE-STD,4455,up,2020-06-01
TM-10582,ACC-DLR-35,TUBE-STD,4462,up,2025-06-01
TM-10583,ACC-DLR-2,TUBE-STD,4462,up,2023-11-01
TM-10584,ACC-DLR-9,TUBE-STD,4468,up,2023-10-01
TM-10585,ACC-DLR-16,TUBE-STD,4462,up,2025-02-01
TM-10586,ACC-DLR-23,TUBE-DLX,4468,up,2020-04-01
TM-10587,ACC-DLR-30,TUBE-DLX,4482,up,2023-08-01
TM-10588,ACC-DLR-37,TUBE-DLX,4462,up,2024-03-01
TM-10589,ACC-DLR-4,TUBE-STD,4482,up,2021-11-01
TM-10590,ACC-DLR-11,TUBE-STD,4468,up,2024-06-01
TM-10591,ACC-DLR-18,TUBE-STD,4468,up,2025-10-01
TM-10592,ACC-DLR-25,TUBE-STD,4482,up,2025-05-01
TM-10593,ACC-DLR-32,TUBE-STD,4468,up,2021-11-01
TM-10594,ACC-DLR-39,TUBE-DLX,4455,up,2022-09-01
TM-10595,ACC-DLR-6,TUBE-DLX,4462,up,2019-08-01
TM-10596,ACC-DLR-13,TUBE-STD,4482,up,2019-08-01
TM-10597,ACC-DLR-20,TUBE-STD,4455,up,2026-11-01
TM-10598,ACC-DLR-27,TUBE-STD,4482,up,2019-08-01
TM-10599,ACC-DLR-34,TUBE-STD,4455,up,2024-07-01
TM-10600,ACC-DLR-1,TUBE-DLX,4462,up,2024-12-01
TM-10601,ACC-DLR-8,TUBE-STD,4468,up,2023-12-01
TM-10602,ACC-DLR-15,TUBE-STD,4462,up,2019-01-01
TM-10603,ACC-DLR-22,TUBE-DLX,4482,up,2026-06-01
TM-10604,ACC-DLR-29,TUBE-STD,4482,up,2021-12-01
TM-10605,ACC-DLR-36,TUBE-DLX,4482,up,2024-07-01
TM-10606,ACC-DLR-3,TUBE-STD,4482,up,2026-02-01
TM-10607,ACC-DLR-10,TUBE-DLX,4462,up,2019-05-01
TM-10608,ACC-DLR-17,TUBE-STD,4462,up,2024-02-01
TM-10609,ACC-DLR-24,TUBE-STD,4468,up,2024-04-01
TM-10610,ACC-DLR-31,TUBE-STD,4462,up,2025-08-01
TM-10611,ACC-DLR-38,TUBE-DLX,4462,up,2022-05-01
TM-10612,ACC-DLR-5,TUBE-DLX,4455,up,2021-08-01
TM-10613,ACC-DLR-12,TUBE-STD,4462,up,2024-01-01
TM-10614,ACC-DLR-19,TUBE-STD,4468,up,2024-10-01
TM-10615,ACC-DLR-26,TUBE-STD,4468,up,2019-09-01
TM-10616,ACC-DLR-33,TUBE-STD,4468,up,2022-03-01
TM-10617,ACC-DLR-40,TUBE-STD,4455,up,2020-02-01
TM-10618,ACC-DLR-7,TUBE-STD,4468,up,2023-07-01
TM-10619,ACC-DLR-14,TUBE-STD,4462,up,2020-09-01
TM-10620,ACC-DLR-21,TUBE-DLX,4455,up,2026-02-01
TM-10621,ACC-DLR-28,TUBE-DLX,4455,up,2020-04-01
TM-10622,ACC-DLR-35,TUBE-STD,4468,up,2025-12-01
TM-10623,ACC-DLR-2,TUBE-STD,4455,up,2019-08-01
TM-10624,ACC-DLR-9,TUBE-STD,4455,up,2024-08-01
TM-10625,ACC-DLR-16,TUBE-STD,4468,up,2023-03-01
TM-10626,ACC-DLR-23,TUBE-STD,4462,up,2026-07-01
TM-10627,ACC-DLR-30,TUBE-DLX,4482,up,2019-04-01
TM-10628,ACC-DLR-37,TUBE-DLX,4455,up,2023-09-01
TM-10629,ACC-DLR-4,TUBE-DLX,4468,up,2026-07-01
TM-10630,ACC-DLR-11,TUBE-STD,4455,up,2025-09-01
TM-10631,ACC-DLR-18,TUBE-DLX,4462,up,2026-01-01
TM-10632,ACC-DLR-25,TUBE-STD,4455,up,2023-06-01
TM-10633,ACC-DLR-32,TUBE-STD,4455,up,2023-07-01
TM-10634,ACC-DLR-39,TUBE-DLX,4455,up,2026-02-01
TM-10635,ACC-DLR-6,TUBE-STD,4462,up,2022-09-01
TM-10636,ACC-DLR-13,TUBE-STD,4482,up,2026-10-01
TM-10637,ACC-DLR-20,TUBE-STD,4455,up,2026-05-01
TM-10638,ACC-DLR-27,TUBE-STD,4468,up,2025-04-01
TM-10639,ACC-DLR-34,TUBE-DLX,4462,up,2024-06-01
TM-10640,ACC-DLR-1,TUBE-DLX,4468,up,2024-10-01
TM-10641,ACC-DLR-8,TUBE-STD,4468,up,2021-09-01
TM-10642,ACC-DLR-15,TUBE-STD,4482,up,2022-02-01
TM-10643,ACC-DLR-22,TUBE-STD,4482,up,2023-12-01
TM-10644,ACC-DLR-29,TUBE-STD,4482,up,2023-10-01
TM-10645,ACC-DLR-36,TUBE-STD,4462,up,2020-08-01
TM-10646,ACC-DLR-3,TUBE-DLX,4468,up,2023-06-01
TM-10647,ACC-DLR-10,TUBE-STD,4462,up,2021-02-01
TM-10648,ACC-DLR-17,TUBE-DLX,4482,up,2025-02-01
TM-10649,ACC-DLR-24,TUBE-STD,4455,up,2023-01-01
TM-10650,ACC-DLR-31,TUBE-DLX,4482,up,2023-12-01
TM-10651,ACC-DLR-38,TUBE-DLX,4468,up,2026-10-01
TM-10652,ACC-DLR-5,TUBE-DLX,4482,up,2023-05-01
TM-10653,ACC-DLR-12,TUBE-STD,4455,up,2019-10-01
TM-10654,ACC-DLR-19,TUBE-DLX,4468,up,2020-04-01
TM-10655,ACC-DLR-26,TUBE-DLX,4468,up,2021-12-01
TM-10656,ACC-DLR-33,TUBE-STD,4482,up,2025-04-01
TM-10657,ACC-DLR-40,TUBE-DLX,4455,up,2026-06-01
TM-10658,ACC-DLR-7,TUBE-STD,4482,up,2023-11-01
TM-10659,ACC-DLR-14,TUBE-STD,4482,up,2022-12-01
TM-10660,ACC-DLR-21,TUBE-STD,4455,up,2026-07-01
TM-10661,ACC-DLR-28,TUBE-DLX,4455,up,2022-08-01
TM-10662,ACC-DLR-35,TUBE-STD,4462,up,2026-08-01
TM-10663,ACC-DLR-2,TUBE-DLX,4468,up,2022-02-01
TM-10664,ACC-DLR-9,TUBE-STD,4482,up,2021-03-01
TM-10665,ACC-DLR-16,TUBE-DLX,4482,up,2025-02-01
TM-10666,ACC-DLR-23,TUBE-DLX,4468,up,2022-09-01
TM-10667,ACC-DLR-30,TUBE-DLX,4462,up,2023-12-01
TM-10668,ACC-DLR-37,TUBE-DLX,4482,up,2023-02-01
TM-10669,ACC-DLR-4,TUBE-STD,4462,up,2023-04-01
TM-10670,ACC-DLR-11,TUBE-STD,4462,up,2020-07-01
TM-10671,ACC-DLR-18,TUBE-DLX,4482,up,2025-10-01
TM-10672,ACC-DLR-25,TUBE-DLX,4482,up,2025-05-01
TM-10673,ACC-DLR-32,TUBE-STD,4468,up,2019-08-01
TM-10674,ACC-DLR-39,TUBE-DLX,4462,up,2022-07-01
TM-10675,ACC-DLR-6,TUBE-DLX,4468,up,2023-08-01
TM-10676,ACC-DLR-13,TUBE-STD,4462,up,2022-02-01
TM-10677,ACC-DLR-20,TUBE-STD,4482,up,2026-04-01
TM-10678,ACC-DLR-27,TUBE-STD,4455,up,2022-11-01
TM-10679,ACC-DLR-34,TUBE-DLX,4482,up,2019-03-01
TM-10680,ACC-DLR-1,TUBE-DLX,4462,up,2022-06-01
TM-10681,ACC-DLR-8,TUBE-STD,4455,up,2025-12-01
TM-10682,ACC-DLR-15,TUBE-STD,4462,up,2026-12-01
TM-10683,ACC-DLR-22,TUBE-STD,4482,up,2019-05-01
TM-10684,ACC-DLR-29,TUBE-STD,4455,up,2025-02-01
TM-10685,ACC-DLR-36,TUBE-DLX,4468,up,2021-04-01
TM-10686,ACC-DLR-3,TUBE-STD,4482,up,2019-03-01
TM-10687,ACC-DLR-10,TUBE-STD,4482,up,2025-02-01
TM-10688,ACC-DLR-17,TUBE-STD,4462,up,2020-12-01
TM-10689,ACC-DLR-24,TUBE-STD,4455,up,2021-08-01
TM-10690,ACC-DLR-31,TUBE-STD,4468,up,2023-12-01
TM-10691,ACC-DLR-38,TUBE-DLX,4455,up,2022-10-01
TM-10692,ACC-DLR-5,TUBE-STD,4455,up,2021-04-01
TM-10693,ACC-DLR-12,TUBE-STD,4455,up,2026-04-01
TM-10694,ACC-DLR-19,TUBE-DLX,4468,up,2023-07-01
TM-10695,ACC-DLR-26,TUBE-STD,4482,up,2022-04-01
TM-10696,ACC-DLR-33,TUBE-STD,4468,up,2023-02-01
TM-10697,ACC-DLR-40,TUBE-DLX,4482,up,2024-09-01
TM-10698,ACC-DLR-7,TUBE-DLX,4455,up,2019-08-01
TM-10699,ACC-DLR-14,TUBE-STD,4482,up,2021-11-01
TM-10700,ACC-DLR-21,TUBE-STD,4455,up,2026-05-01
TM-10701,ACC-DLR-28,TUBE-STD,4462,up,2020-02-01
TM-10702,ACC-DLR-35,TUBE-STD,4482,up,2019-10-01
TM-10703,ACC-DLR-2,TUBE-STD,4455,up,2020-04-01
TM-10704,ACC-DLR-9,TUBE-STD,4468,up,2026-10-01
TM-10705,ACC-DLR-16,TUBE-STD,4462,up,2024-08-01
TM-10706,ACC-DLR-23,TUBE-STD,4462,up,2023-03-01
TM-10707,ACC-DLR-30,TUBE-STD,4482,up,2024-07-01
TM-10708,ACC-DLR-37,TUBE-STD,4462,up,2021-05-01
TM-10709,ACC-DLR-4,TUBE-STD,4468,up,2021-05-01
TM-10710,ACC-DLR-11,TUBE-STD,4462,up,2021-06-01
TM-10711,ACC-DLR-18,TUBE-STD,4455,up,2026-05-01
TM-10712,ACC-DLR-25,TUBE-DLX,4468,up,2024-04-01
TM-10713,ACC-DLR-32,TUBE-DLX,4455,up,2025-05-01
TM-10714,ACC-DLR-39,TUBE-STD,4482,up,2020-04-01
TM-10715,ACC-DLR-6,TUBE-STD,4482,up,2023-05-01
TM-10716,ACC-DLR-13,TUBE-STD,4468,up,2019-11-01
TM-10717,ACC-DLR-20,TUBE-STD,4482,up,2024-09-01
TM-10718,ACC-DLR-27,TUBE-STD,4482,up,2021-04-01
TM-10719,ACC-DLR-34,TUBE-DLX,4462,up,2024-08-01
TM-10720,ACC-DLR-1,TUBE-DLX,4462,up,2024-10-01
TM-10721,ACC-DLR-8,TUBE-STD,4482,up,2024-07-01
TM-10722,ACC-DLR-15,TUBE-DLX,4455,up,2025-11-01
TM-10723,ACC-DLR-22,TUBE-STD,4462,up,2023-01-01
TM-10724,ACC-DLR-29,TUBE-DLX,4482,up,2025-12-01
TM-10725,ACC-DLR-36,TUBE-STD,4482,up,2026-01-01
TM-10726,ACC-DLR-3,TUBE-DLX,4455,up,2026-11-01
TM-10727,ACC-DLR-10,TUBE-STD,4482,up,2022-09-01
TM-10728,ACC-DLR-17,TUBE-STD,4482,up,2024-09-01
TM-10729,ACC-DLR-24,TUBE-DLX,4462,up,2023-08-01
TM-10730,ACC-DLR-31,TUBE-DLX,4468,up,2024-10-01
TM-10731,ACC-DLR-38,TUBE-DLX,4455,up,2026-07-01
TM-10732,ACC-DLR-5,TUBE-STD,4455,up,2026-03-01
TM-10733,ACC-DLR-12,TUBE-DLX,4455,up,2021-03-01
TM-10734,ACC-DLR-19,TUBE-STD,4482,up,2020-04-01
TM-10735,ACC-DLR-26,TUBE-DLX,4462,up,2021-10-01
TM-10736,ACC-DLR-33,TUBE-DLX,4482,up,2021-12-01
TM-10737,ACC-DLR-40,TUBE-DLX,4455,up,2023-08-01
TM-10738,ACC-DLR-7,TUBE-STD,4482,up,2026-09-01
TM-10739,ACC-DLR-14,TUBE-DLX,4462,up,2020-01-01
TM-10740,ACC-DLR-21,TUBE-STD,4462,up,2023-10-01
TM-10741,ACC-DLR-28,TUBE-STD,4468,up,2020-07-01
TM-10742,ACC-DLR-35,TUBE-STD,4468,up,2022-08-01
TM-10743,ACC-DLR-2,TUBE-DLX,4468,up,2022-09-01
TM-10744,ACC-DLR-9,TUBE-DLX,4462,up,2026-10-01
TM-10745,ACC-DLR-16,TUBE-STD,4482,up,2025-06-01
TM-10746,ACC-DLR-23,TUBE-STD,4462,up,2026-06-01
TM-10747,ACC-DLR-30,TUBE-DLX,4482,up,2020-07-01
TM-10748,ACC-DLR-37,TUBE-STD,4455,up,2025-06-01
TM-10749,ACC-DLR-4,TUBE-STD,4468,up,2026-08-01
TM-10750,ACC-DLR-11,TUBE-STD,4482,up,2026-11-01
TM-10751,ACC-DLR-18,TUBE-DLX,4468,up,2025-02-01
TM-10752,ACC-DLR-25,TUBE-STD,4462,up,2025-02-01
TM-10753,ACC-DLR-32,TUBE-DLX,4455,up,2025-02-01
TM-10754,ACC-DLR-39,TUBE-DLX,4462,up,2026-05-01
TM-10755,ACC-DLR-6,TUBE-STD,4482,up,2026-11-01
TM-10756,ACC-DLR-13,TUBE-DLX,4468,up,2023-03-01
TM-10757,ACC-DLR-20,TUBE-STD,4468,up,2023-12-01
TM-10758,ACC-DLR-27,TUBE-DLX,4462,up,2021-12-01
TM-10759,ACC-DLR-34,TUBE-STD,4455,up,2022-05-01
TM-10760,ACC-DLR-1,TUBE-DLX,4462,up,2023-06-01
TM-10761,ACC-DLR-8,TUBE-STD,4462,up,2024-04-01
TM-10762,ACC-DLR-15,TUBE-DLX,4468,up,2019-10-01
TM-10763,ACC-DLR-22,TUBE-STD,4468,up,2019-01-01
TM-10764,ACC-DLR-29,TUBE-STD,4455,up,2020-05-01
TM-10765,ACC-DLR-36,TUBE-STD,4482,up,2019-01-01
TM-10766,ACC-DLR-3,TUBE-STD,4482,up,2025-12-01
TM-10767,ACC-DLR-10,TUBE-STD,4482,up,2020-05-01
TM-10768,ACC-DLR-17,TUBE-STD,4455,up,2024-03-01
TM-10769,ACC-DLR-24,TUBE-STD,4455,up,2022-10-01
TM-10770,ACC-DLR-31,TUBE-STD,4462,up,2026-02-01
TM-10771,ACC-DLR-38,TUBE-STD,4462,up,2025-03-01
TM-10772,ACC-DLR-5,TUBE-DLX,4455,up,2019-12-01
TM-10773,ACC-DLR-12,TUBE-STD,4482,up,2024-11-01
TM-10774,ACC-DLR-19,TUBE-STD,4462,up,2019-09-01
TM-10775,ACC-DLR-26,TUBE-STD,4468,up,2021-02-01
TM-10776,ACC-DLR-33,TUBE-DLX,4482,up,2024-12-01
TM-10777,ACC-DLR-40,TUBE-STD,4462,up,2026-09-01
TM-10778,ACC-DLR-7,TUBE-STD,4482,up,2024-10-01
TM-10779,ACC-DLR-14,TUBE-DLX,4455,up,2024-01-01
TM-10780,ACC-DLR-21,TUBE-DLX,4482,up,2024-09-01
TM-10781,ACC-DLR-28,TUBE-STD,4455,up,2021-09-01
TM-10782,ACC-DLR-35,TUBE-DLX,4468,up,2023-08-01
TM-10783,ACC-DLR-2,TUBE-STD,4468,up,2024-03-01
TM-10784,ACC-DLR-9,TUBE-STD,4455,up,2023-12-01
TM-10785,ACC-DLR-16,TUBE-STD,4468,up,2024-12-01
TM-10786,ACC-DLR-23,TUBE-STD,4462,up,2022-12-01
TM-10787,ACC-DLR-30,TUBE-STD,4455,up,2019-12-01
TM-10788,ACC-DLR-37,TUBE-STD,4482,up,2022-09-01
TM-10789,ACC-DLR-4,TUBE-STD,4455,up,2019-11-01
TM-10790,ACC-DLR-11,TUBE-DLX,4455,up,2026-03-01
TM-10791,ACC-DLR-18,TUBE-DLX,4482,up,2022-08-01
TM-10792,ACC-DLR-25,TUBE-STD,4482,up,2025-05-01
TM-10793,ACC-DLR-32,TUBE-DLX,4462,up,2023-11-01
TM-10794,ACC-DLR-39,TUBE-DLX,4462,up,2020-02-01
TM-10795,ACC-DLR-6,TUBE-STD,4462,up,2020-06-01
TM-10796,ACC-DLR-13,TUBE-STD,4455,up,2024-05-01
TM-10797,ACC-DLR-20,TUBE-STD,4468,up,2021-03-01
TM-10798,ACC-DLR-27,TUBE-DLX,4468,up,2023-01-01
TM-10799,ACC-DLR-34,TUBE-STD,4462,up,2024-11-01
TM-10800,ACC-DLR-1,TUBE-STD,4462,up,2020-12-01
TM-10801,ACC-DLR-8,TUBE-STD,4468,up,2020-10-01
TM-10802,ACC-DLR-15,TUBE-STD,4462,up,2022-10-01
TM-10803,ACC-DLR-22,TUBE-STD,4455,up,2021-12-01
TM-10804,ACC-DLR-29,TUBE-STD,4455,up,2023-09-01
TM-10805,ACC-DLR-36,TUBE-DLX,4462,up,2021-12-01
TM-10806,ACC-DLR-3,TUBE-STD,4462,up,2025-02-01
TM-10807,ACC-DLR-10,TUBE-STD,4455,up,2021-10-01
TM-10808,ACC-DLR-17,TUBE-STD,4455,up,2020-05-01
TM-10809,ACC-DLR-24,TUBE-STD,4482,up,2019-11-01
TM-10810,ACC-DLR-31,TUBE-STD,4468,up,2022-06-01
TM-10811,ACC-DLR-38,TUBE-DLX,4462,up,2025-04-01
TM-10812,ACC-DLR-5,TUBE-STD,4462,up,2020-07-01
TM-10813,ACC-DLR-12,TUBE-DLX,4455,up,2019-03-01
TM-10814,ACC-DLR-19,TUBE-STD,4455,up,2025-07-01
TM-10815,ACC-DLR-26,TUBE-STD,4455,up,2020-05-01
TM-10816,ACC-DLR-33,TUBE-STD,4462,up,2023-08-01
TM-10817,ACC-DLR-40,TUBE-DLX,4468,up,2019-12-01
TM-10818,ACC-DLR-7,TUBE-STD,4482,up,2019-11-01
TM-10819,ACC-DLR-14,TUBE-STD,4468,up,2021-01-01
TM-10820,ACC-DLR-21,TUBE-DLX,4455,up,2026-04-01
TM-10821,ACC-DLR-28,TUBE-STD,4482,up,2019-09-01
TM-10822,ACC-DLR-35,TUBE-DLX,4462,up,2019-07-01
TM-10823,ACC-DLR-2,TUBE-STD,4455,up,2025-06-01
TM-10824,ACC-DLR-9,TUBE-STD,4482,up,2021-03-01
TM-10825,ACC-DLR-16,TUBE-DLX,4468,up,2020-04-01
TM-10826,ACC-DLR-23,TUBE-DLX,4455,up,2020-08-01
TM-10827,ACC-DLR-30,TUBE-STD,4468,up,2026-02-01
TM-10828,ACC-DLR-37,TUBE-STD,4468,up,2025-05-01
TM-10829,ACC-DLR-4,TUBE-DLX,4462,up,2024-03-01
TM-10830,ACC-DLR-11,TUBE-STD,4455,up,2024-07-01
TM-10831,ACC-DLR-18,TUBE-DLX,4455,up,2025-03-01
TM-10832,ACC-DLR-25,TUBE-DLX,4455,up,2020-03-01
TM-10833,ACC-DLR-32,TUBE-DLX,4455,up,2024-05-01
TM-10834,ACC-DLR-39,TUBE-STD,4462,up,2022-07-01
TM-10835,ACC-DLR-6,TUBE-STD,4482,up,2023-04-01
TM-10836,ACC-DLR-13,TUBE-STD,4455,up,2023-06-01
TM-10837,ACC-DLR-20,TUBE-STD,4468,up,2026-01-01
TM-10838,ACC-DLR-27,TUBE-DLX,4468,up,2025-05-01
TM-10839,ACC-DLR-34,TUBE-STD,4455,up,2025-02-01
TM-10840,ACC-DLR-1,TUBE-STD,4462,up,2020-08-01
TM-10841,ACC-DLR-8,TUBE-STD,4455,up,2025-08-01
TM-10842,ACC-DLR-15,TUBE-DLX,4468,up,2021-12-01
TM-10843,ACC-DLR-22,TUBE-STD,4455,up,2024-03-01
TM-10844,ACC-DLR-29,TUBE-STD,4455,up,2026-08-01
TM-10845,ACC-DLR-36,TUBE-STD,4455,up,2025-10-01
TM-10846,ACC-DLR-3,TUBE-STD,4468,up,2021-01-01
TM-10847,ACC-DLR-10,TUBE-STD,4482,up,2022-04-01
TM-10848,ACC-DLR-17,TUBE-DLX,4455,up,2024-01-01
TM-10849,ACC-DLR-24,TUBE-STD,4468,up,2024-07-01
TM-10850,ACC-DLR-31,TUBE-DLX,4482,up,2024-02-01
TM-10851,ACC-DLR-38,TUBE-STD,4462,up,2026-01-01
TM-10852,ACC-DLR-5,TUBE-STD,4482,up,2022-05-01
TM-10853,ACC-DLR-12,TUBE-STD,4462,up,2021-03-01
TM-10854,ACC-DLR-19,TUBE-STD,4462,up,2023-08-01
TM-10855,ACC-DLR-26,TUBE-STD,4468,up,2020-09-01
TM-10856,ACC-DLR-33,TUBE-STD,4462,up,2025-09-01
TM-10857,ACC-DLR-40,TUBE-DLX,4482,up,2020-01-01
TM-10858,ACC-DLR-7,TUBE-STD,4468,up,2026-06-01
TM-10859,ACC-DLR-14,TUBE-DLX,4482,up,2025-06-01
TM-10860,ACC-DLR-21,TUBE-STD,4462,up,2023-08-01
TM-10861,ACC-DLR-28,TUBE-DLX,4462,up,2019-06-01
TM-10862,ACC-DLR-35,TUBE-STD,4455,up,2024-12-01
TM-10863,ACC-DLR-2,TUBE-STD,4455,up,2019-08-01
TM-10864,ACC-DLR-9,TUBE-STD,4482,up,2020-03-01
TM-10865,ACC-DLR-16,TUBE-DLX,4462,up,2020-05-01
TM-10866,ACC-DLR-23,TUBE-STD,4482,up,2020-10-01
TM-10867,ACC-DLR-30,TUBE-DLX,4455,up,2021-11-01
TM-10868,ACC-DLR-37,TUBE-STD,4455,up,2026-07-01
TM-10869,ACC-DLR-4,TUBE-STD,4468,up,2022-04-01
TM-10870,ACC-DLR-11,TUBE-DLX,4462,up,2024-11-01
TM-10871,ACC-DLR-18,TUBE-DLX,4455,up,2025-06-01
TM-10872,ACC-DLR-25,TUBE-DLX,4455,up,2025-07-01
TM-10873,ACC-DLR-32,TUBE-DLX,4455,up,2023-02-01
TM-10874,ACC-DLR-39,TUBE-STD,4455,up,2024-09-01
TM-10875,ACC-DLR-6,TUBE-DLX,4482,up,2024-03-01
TM-10876,ACC-DLR-13,TUBE-DLX,4468,up,2019-08-01
TM-10877,ACC-DLR-20,TUBE-STD,4462,up,2022-08-01
TM-10878,ACC-DLR-27,TUBE-STD,4482,up,2024-09-01
TM-10879,ACC-DLR-34,TUBE-STD,4455,up,2020-07-01
TM-10880,ACC-DLR-1,TUBE-DLX,4455,up,2019-05-01
TM-10881,ACC-DLR-8,TUBE-DLX,4468,up,2020-02-01
TM-10882,ACC-DLR-15,TUBE-STD,4482,up,2020-07-01
TM-10883,ACC-DLR-22,TUBE-STD,4482,up,2020-08-01
TM-10884,ACC-DLR-29,TUBE-STD,4482,up,2026-06-01
TM-10885,ACC-DLR-36,TUBE-STD,4482,up,2020-07-01
TM-10886,ACC-DLR-3,TUBE-STD,4468,up,2025-09-01
TM-10887,ACC-DLR-10,TUBE-STD,4455,up,2021-09-01
TM-10888,ACC-DLR-17,TUBE-STD,4468,up,2025-10-01
TM-10889,ACC-DLR-24,TUBE-DLX,4482,up,2022-04-01
TM-10890,ACC-DLR-31,TUBE-STD,4482,up,2022-11-01
TM-10891,ACC-DLR-38,TUBE-STD,4455,up,2020-01-01
TM-10892,ACC-DLR-5,TUBE-STD,4468,up,2025-01-01
TM-10893,ACC-DLR-12,TUBE-STD,4468,up,2019-11-01
TM-10894,ACC-DLR-19,TUBE-STD,4455,up,2026-03-01
TM-10895,ACC-DLR-26,TUBE-STD,4455,up,2025-03-01
TM-10896,ACC-DLR-33,TUBE-STD,4482,up,2026-07-01
TM-10897,ACC-DLR-40,TUBE-STD,4462,up,2021-09-01
TM-10898,ACC-DLR-7,TUBE-STD,4468,up,2019-06-01
TM-10899,ACC-DLR-14,TUBE-STD,4455,up,2026-04-01
TM-10900,ACC-DLR-21,TUBE-STD,4462,up,2019-09-01
TM-10901,ACC-DLR-28,TUBE-STD,4462,up,2024-06-01
TM-10902,ACC-DLR-35,TUBE-DLX,4455,up,2019-07-01
TM-10903,ACC-DLR-2,TUBE-DLX,4482,up,2021-07-01
TM-10904,ACC-DLR-9,TUBE-STD,4482,up,2024-01-01
TM-10905,ACC-DLR-16,TUBE-STD,4468,up,2021-10-01
TM-10906,ACC-DLR-23,TUBE-DLX,4482,up,2019-09-01
TM-10907,ACC-DLR-30,TUBE-STD,4468,up,2024-11-01
TM-10908,ACC-DLR-37,TUBE-STD,4482,up,2025-09-01
TM-10909,ACC-DLR-4,TUBE-STD,4482,up,2022-05-01
TM-10910,ACC-DLR-11,TUBE-STD,4462,up,2021-08-01
TM-10911,ACC-DLR-18,TUBE-STD,4462,up,2023-10-01
TM-10912,ACC-DLR-25,TUBE-DLX,4468,up,2025-11-01
TM-10913,ACC-DLR-32,TUBE-DLX,4462,up,2024-07-01
TM-10914,ACC-DLR-39,TUBE-DLX,4482,up,2020-06-01
TM-10915,ACC-DLR-6,TUBE-STD,4482,up,2025-05-01
TM-10916,ACC-DLR-13,TUBE-STD,4482,up,2026-07-01
TM-10917,ACC-DLR-20,TUBE-DLX,4468,up,2019-03-01
TM-10918,ACC-DLR-27,TUBE-STD,4455,up,2022-09-01
TM-10919,ACC-DLR-34,TUBE-STD,4462,up,2019-05-01
TM-10920,ACC-DLR-1,TUBE-STD,4455,up,2025-08-01
TM-10921,ACC-DLR-8,TUBE-STD,4462,up,2024-04-01
TM-10922,ACC-DLR-15,TUBE-STD,4482,up,2022-11-01
TM-10923,ACC-DLR-22,TUBE-STD,4468,up,2022-08-01
TM-10924,ACC-DLR-29,TUBE-STD,4468,up,2022-10-01
TM-10925,ACC-DLR-36,TUBE-STD,4482,up,2021-07-01
TM-10926,ACC-DLR-3,TUBE-DLX,4462,up,2021-08-01
TM-10927,ACC-DLR-10,TUBE-STD,4468,up,2020-03-01
TM-10928,ACC-DLR-17,TUBE-STD,4462,up,2024-10-01
TM-10929,ACC-DLR-24,TUBE-STD,4468,up,2024-08-01
TM-10930,ACC-DLR-31,TUBE-STD,4462,up,2019-12-01
TM-10931,ACC-DLR-38,TUBE-DLX,4468,up,2026-05-01
TM-10932,ACC-DLR-5,TUBE-STD,4482,up,2021-09-01
TM-10933,ACC-DLR-12,TUBE-STD,4455,up,2019-02-01
TM-10934,ACC-DLR-19,TUBE-STD,4482,up,2020-09-01
TM-10935,ACC-DLR-26,TUBE-DLX,4468,up,2020-01-01
TM-10936,ACC-DLR-33,TUBE-STD,4482,up,2021-12-01
TM-10937,ACC-DLR-40,TUBE-STD,4482,up,2025-08-01
TM-10938,ACC-DLR-7,TUBE-STD,4468,up,2021-12-01
TM-10939,ACC-DLR-14,TUBE-STD,4462,up,2024-04-01
TM-10940,ACC-DLR-21,TUBE-DLX,4455,up,2020-11-01
TM-10941,ACC-DLR-28,TUBE-STD,4468,up,2023-05-01
TM-10942,ACC-DLR-35,TUBE-STD,4455,up,2021-07-01
TM-10943,ACC-DLR-2,TUBE-DLX,4462,up,2023-06-01
TM-10944,ACC-DLR-9,TUBE-DLX,4462,up,2020-12-01
TM-10945,ACC-DLR-16,TUBE-DLX,4462,up,2026-02-01
TM-10946,ACC-DLR-23,TUBE-STD,4455,up,2026-05-01
TM-10947,ACC-DLR-30,TUBE-STD,4462,up,2020-01-01
TM-10948,ACC-DLR-37,TUBE-STD,4482,up,2021-07-01
TM-10949,ACC-DLR-4,TUBE-DLX,4462,up,2022-09-01
TM-10950,ACC-DLR-11,TUBE-DLX,4482,up,2026-09-01
TM-10951,ACC-DLR-18,TUBE-STD,4468,up,2020-05-01
TM-10952,ACC-DLR-25,TUBE-DLX,4482,up,2022-02-01
TM-10953,ACC-DLR-32,TUBE-DLX,4455,up,2024-03-01
TM-10954,ACC-DLR-39,TUBE-STD,4455,up,2020-07-01
TM-10955,ACC-DLR-6,TUBE-DLX,4455,up,2024-05-01
TM-10956,ACC-DLR-13,TUBE-DLX,4462,up,2023-10-01
TM-10957,ACC-DLR-20,TUBE-STD,4468,up,2021-11-01
TM-10958,ACC-DLR-27,TUBE-STD,4468,up,2019-12-01
TM-10959,ACC-DLR-34,TUBE-STD,4468,up,2026-12-01
TM-10960,ACC-DLR-1,TUBE-STD,4468,up,2023-11-01
TM-10961,ACC-DLR-8,TUBE-DLX,4455,up,2022-05-01
TM-10962,ACC-DLR-15,TUBE-STD,4462,up,2023-04-01
TM-10963,ACC-DLR-22,TUBE-STD,4482,up,2026-04-01
TM-10964,ACC-DLR-29,TUBE-STD,4455,up,2019-11-01
TM-10965,ACC-DLR-36,TUBE-STD,4468,up,2021-04-01
TM-10966,ACC-DLR-3,TUBE-STD,4455,up,2025-08-01
TM-10967,ACC-DLR-10,TUBE-STD,4468,up,2023-11-01
TM-10968,ACC-DLR-17,TUBE-STD,4482,up,2026-07-01
TM-10969,ACC-DLR-24,TUBE-STD,4455,up,2021-06-01
TM-10970,ACC-DLR-31,TUBE-STD,4455,up,2021-07-01
TM-10971,ACC-DLR-38,TUBE-STD,4455,up,2025-03-01
TM-10972,ACC-DLR-5,TUBE-STD,4462,up,2026-02-01
TM-10973,ACC-DLR-12,TUBE-STD,4462,up,2025-04-01
TM-10974,ACC-DLR-19,TUBE-STD,4462,up,2019-08-01
TM-10975,ACC-DLR-26,TUBE-STD,4455,up,2026-08-01
TM-10976,ACC-DLR-33,TUBE-DLX,4455,up,2026-10-01
TM-10977,ACC-DLR-40,TUBE-DLX,4455,up,2020-05-01
TM-10978,ACC-DLR-7,TUBE-STD,4455,up,2022-01-01
TM-10979,ACC-DLR-14,TUBE-STD,4468,up,2022-07-01
TM-10980,ACC-DLR-21,TUBE-STD,4462,up,2026-12-01
TM-10981,ACC-DLR-28,TUBE-STD,4455,up,2019-07-01
TM-10982,ACC-DLR-35,TUBE-STD,4482,up,2025-05-01
TM-10983,ACC-DLR-2,TUBE-DLX,4482,up,2024-10-01
TM-10984,ACC-DLR-9,TUBE-STD,4455,up,2020-07-01
TM-10985,ACC-DLR-16,TUBE-STD,4462,up,2021-09-01
TM-10986,ACC-DLR-23,TUBE-STD,4455,up,2025-04-01
TM-10987,ACC-DLR-30,TUBE-STD,4455,up,2024-04-01
TM-10988,ACC-DLR-37,TUBE-STD,4468,up,2026-06-01
TM-10989,ACC-DLR-4,TUBE-STD,4482,up,2024-03-01
TM-10990,ACC-DLR-11,TUBE-STD,4455,up,2023-03-01
TM-10991,ACC-DLR-18,TUBE-STD,4455,up,2025-01-01
TM-10992,ACC-DLR-25,TUBE-STD,4455,up,2024-03-01
TM-10993,ACC-DLR-32,TUBE-STD,4482,up,2020-12-01
TM-10994,ACC-DLR-39,TUBE-STD,4455,up,2024-07-01
TM-10995,ACC-DLR-6,TUBE-DLX,4482,up,2020-10-01
TM-10996,ACC-DLR-13,TUBE-DLX,4482,up,2019-04-01
TM-10997,ACC-DLR-20,TUBE-DLX,4455,up,2019-08-01
TM-10998,ACC-DLR-27,TUBE-STD,4462,up,2023-09-01
TM-10999,ACC-DLR-34,TUBE-DLX,4482,up,2020-08-01
TM-11000,ACC-DLR-1,TUBE-STD,4468,up,2026-05-01
