id,subject,body,status,priority,customer_email,tags,created_at,updated_at
TCK-SRG-00071,September?? Really?,Quoted September delivery. Summer ENDS. Explain the plan or refund me.,open,high,greg883@example.com,"[""surge"",""wismo""]",1799,1799
TCK-SRG-00428,September?? Really?,Quoted September delivery. Summer ENDS. Explain the plan or refund me.,solved,high,umar255@example.com,"[""surge"",""wismo""]",1831,1831
TCK-SRG-00784,September?? Really?,Quoted September delivery. Summer ENDS. Explain the plan or refund me.,open,high,margaret636@example.com,"[""surge"",""wismo""]",1519,1519
TCK-SRG-00821,September?? Really?,Quoted September delivery. Summer ENDS. Explain the plan or refund me.,open,high,curtis616@example.com,"[""surge"",""wismo""]",1744,1744
TCK-SRG-01142,September?? Really?,Quoted September delivery. Summer ENDS. Explain the plan or refund me.,open,high,rosa340@example.com,"[""surge"",""wismo""]",1938,1938
TCK-SRG-00000,WHERE IS MY SWAN,Ordered the second I saw the video. Confirmation says yesterday. Nothing since. The pool party is SUNDAY.,open,high,ray816@example.com,"[""wismo"",""surge""]",1729,1729
TCK-SRG-00001,Order status: swan,"I understand you are busy. I am simply asking for any information at all about order ORD-107941. Anything. A vibe, even.",solved,normal,curtis235@example.com,"[""wismo"",""surge""]",1910,1910
TCK-SRG-00002,Cancel if not shipping this week,"If the Colossal Swan cannot arrive before the 14th, cancel order ORD-105227. The moment will have passed.",open,normal,mabel490@example.com,"[""surge"",""cancel""]",1534,1534
TCK-SRG-00003,WHERE IS MY SWAN,Ordered the second I saw the video. Confirmation says yesterday. Nothing since. The pool party is SUNDAY.,open,high,ivan859@example.com,"[""wismo"",""surge""]",1488,1488
TCK-SRG-00004,Order status: swan,"I understand you are busy. I am simply asking for any information at all about order ORD-107348. Anything. A vibe, even.",open,normal,priya501@example.com,"[""wismo"",""surge""]",1459,1459
TCK-SRG-00005,September?? Really?,Quoted September delivery. Summer ENDS. Explain the plan or refund me.,open,high,tomasz381@example.com,"[""surge"",""wismo""]",1322,1322
TCK-SRG-00006,Order status: swan,"I understand you are busy. I am simply asking for any information at all about order ORD-105189. Anything. A vibe, even.",open,normal,harriet730@example.com,"[""wismo"",""surge""]",1875,1875
TCK-SRG-00007,Swan restock date?,Site says backordered. When is restock? Asking for a group chat of 200 people.,open,normal,umar431@example.com,"[""surge"",""presales""]",1836,1836
TCK-SRG-00008,September?? Really?,Quoted September delivery. Summer ENDS. Explain the plan or refund me.,open,high,paloma167@example.com,"[""surge"",""wismo""]",1518,1518
TCK-SRG-00009,Did my order go through?,Site spun for 5 minutes at checkout. Charged but no confirmation email. Did I buy a swan or donate to one?,open,normal,aisha968@example.com,"[""surge"",""billing""]",1402,1402
TCK-SRG-00010,Order status: swan,"I understand you are busy. I am simply asking for any information at all about order ORD-106011. Anything. A vibe, even.",solved,normal,carlos720@example.com,"[""wismo"",""surge""]",1371,1371
TCK-SRG-00011,September?? Really?,Quoted September delivery. Summer ENDS. Explain the plan or refund me.,open,high,lamar772@example.com,"[""surge"",""wismo""]",1418,1418
TCK-SRG-00012,Cancel if not shipping this week,"If the Colossal Swan cannot arrive before the 14th, cancel order ORD-106531. The moment will have passed.",open,normal,stan824@example.com,"[""surge"",""cancel""]",1407,1407
TCK-SRG-00013,Buying 30 swans for a sorority event,Can we get 30 units and a bulk discount? Flexible on color. Not flexible on date.,open,normal,omar195@example.com,"[""surge"",""presales"",""bulk""]",1821,1821
TCK-SRG-00014,Buying 30 swans for a sorority event,Can we get 30 units and a bulk discount? Flexible on color. Not flexible on date.,open,normal,wes461@example.com,"[""surge"",""presales"",""bulk""]",1434,1434
TCK-SRG-00015,September?? Really?,Quoted September delivery. Summer ENDS. Explain the plan or refund me.,solved,high,otis605@example.com,"[""surge"",""wismo""]",1689,1689
TCK-SRG-00016,Did my order go through?,Site spun for 5 minutes at checkout. Charged but no confirmation email. Did I buy a swan or donate to one?,open,normal,margaret766@example.com,"[""surge"",""billing""]",1413,1413
TCK-SRG-00017,Swan restock date?,Site says backordered. When is restock? Asking for a group chat of 200 people.,open,normal,jamal794@example.com,"[""surge"",""presales""]",1564,1564
TCK-SRG-00018,Cancel if not shipping this week,"If the Colossal Swan cannot arrive before the 14th, cancel order ORD-107510. The moment will have passed.",open,normal,rosa376@example.com,"[""surge"",""cancel""]",1555,1555
TCK-SRG-00019,September?? Really?,Quoted September delivery. Summer ENDS. Explain the plan or refund me.,open,high,paloma335@example.com,"[""surge"",""wismo""]",1623,1623
TCK-SRG-00020,Swan restock date?,Site says backordered. When is restock? Asking for a group chat of 200 people.,open,normal,deshawn337@example.com,"[""surge"",""presales""]",1329,1329
TCK-SRG-00021,Did my order go through?,Site spun for 5 minutes at checkout. Charged but no confirmation email. Did I buy a swan or donate to one?,open,normal,greg148@example.com,"[""surge"",""billing""]",1409,1409
TCK-SRG-00022,Buying 30 swans for a sorority event,Can we get 30 units and a bulk discount? Flexible on color. Not flexible on date.,open,normal,zoe624@example.com,"[""surge"",""presales"",""bulk""]",1510,1510
TCK-SRG-00023,Cancel if not shipping this week,"If the Colossal Swan cannot arrive before the 14th, cancel order ORD-103663. The moment will have passed.",open,normal,otis800@example.com,"[""surge"",""cancel""]",1657,1657
TCK-SRG-00024,Did my order go through?,Site spun for 5 minutes at checkout. Charged but no confirmation email. Did I buy a swan or donate to one?,open,normal,margaret139@example.com,"[""surge"",""billing""]",1452,1452
TCK-SRG-00025,September?? Really?,Quoted September delivery. Summer ENDS. Explain the plan or refund me.,open,high,carlos194@example.com,"[""surge"",""wismo""]",1368,1368
TCK-SRG-00026,Cancel if not shipping this week,"If the Colossal Swan cannot arrive before the 14th, cancel order ORD-104939. The moment will have passed.",open,normal,greg509@example.com,"[""surge"",""cancel""]",1786,1786
TCK-SRG-00027,Order status: swan,"I understand you are busy. I am simply asking for any information at all about order ORD-106492. Anything. A vibe, even.",open,normal,bob449@example.com,"[""wismo"",""surge""]",1774,1774
TCK-SRG-00028,WHERE IS MY SWAN,Ordered the second I saw the video. Confirmation says yesterday. Nothing since. The pool party is SUNDAY.,open,high,tomasz753@example.com,"[""wismo"",""surge""]",1441,1441
TCK-SRG-00029,Swan restock date?,Site says backordered. When is restock? Asking for a group chat of 200 people.,solved,normal,flo768@example.com,"[""surge"",""presales""]",1412,1412
TCK-SRG-00030,Buying 30 swans for a sorority event,Can we get 30 units and a bulk discount? Flexible on color. Not flexible on date.,open,normal,priya831@example.com,"[""surge"",""presales"",""bulk""]",1658,1658
TCK-SRG-00031,Order status: swan,"I understand you are busy. I am simply asking for any information at all about order ORD-106654. Anything. A vibe, even.",open,normal,yosef657@example.com,"[""wismo"",""surge""]",1882,1882
TCK-SRG-00032,Cancel if not shipping this week,"If the Colossal Swan cannot arrive before the 14th, cancel order ORD-104614. The moment will have passed.",open,normal,yuki883@example.com,"[""surge"",""cancel""]",1772,1772
TCK-SRG-00033,Order status: swan,"I understand you are busy. I am simply asking for any information at all about order ORD-104172. Anything. A vibe, even.",solved,normal,nellie748@example.com,"[""wismo"",""surge""]",1757,1757
TCK-SRG-00034,Swan restock date?,Site says backordered. When is restock? Asking for a group chat of 200 people.,open,normal,bettye816@example.com,"[""surge"",""presales""]",1762,1762
TCK-SRG-00035,Cancel if not shipping this week,"If the Colossal Swan cannot arrive before the 14th, cancel order ORD-107852. The moment will have passed.",open,normal,stan989@example.com,"[""surge"",""cancel""]",1341,1341
TCK-SRG-00036,Did my order go through?,Site spun for 5 minutes at checkout. Charged but no confirmation email. Did I buy a swan or donate to one?,open,normal,ingrid650@example.com,"[""surge"",""billing""]",1528,1528
TCK-SRG-00037,WHERE IS MY SWAN,Ordered the second I saw the video. Confirmation says yesterday. Nothing since. The pool party is SUNDAY.,open,high,jerome657@example.com,"[""wismo"",""surge""]",1665,1665
TCK-SRG-00038,Buying 30 swans for a sorority event,Can we get 30 units and a bulk discount? Flexible on color. Not flexible on date.,open,normal,ximena947@example.com,"[""surge"",""presales"",""bulk""]",1882,1882
TCK-SRG-00039,WHERE IS MY SWAN,Ordered the second I saw the video. Confirmation says yesterday. Nothing since. The pool party is SUNDAY.,open,high,gus405@example.com,"[""wismo"",""surge""]",1838,1838
TCK-SRG-00040,September?? Really?,Quoted September delivery. Summer ENDS. Explain the plan or refund me.,open,high,linda401@example.com,"[""surge"",""wismo""]",1829,1829
TCK-SRG-00041,WHERE IS MY SWAN,Ordered the second I saw the video. Confirmation says yesterday. Nothing since. The pool party is SUNDAY.,open,high,bob427@example.com,"[""wismo"",""surge""]",1699,1699
TCK-SRG-00042,September?? Really?,Quoted September delivery. Summer ENDS. Explain the plan or refund me.,solved,high,ernesto502@example.com,"[""surge"",""wismo""]",1475,1475
TCK-SRG-00043,Did my order go through?,Site spun for 5 minutes at checkout. Charged but no confirmation email. Did I buy a swan or donate to one?,open,normal,yosef233@example.com,"[""surge"",""billing""]",1920,1920
TCK-SRG-00044,Order status: swan,"I understand you are busy. I am simply asking for any information at all about order ORD-105959. Anything. A vibe, even.",open,normal,quinn366@example.com,"[""wismo"",""surge""]",1396,1396
TCK-SRG-00045,Buying 30 swans for a sorority event,Can we get 30 units and a bulk discount? Flexible on color. Not flexible on date.,solved,normal,yosef301@example.com,"[""surge"",""presales"",""bulk""]",1866,1866
TCK-SRG-00046,WHERE IS MY SWAN,Ordered the second I saw the video. Confirmation says yesterday. Nothing since. The pool party is SUNDAY.,open,high,keiko968@example.com,"[""wismo"",""surge""]",1633,1633
TCK-SRG-00047,WHERE IS MY SWAN,Ordered the second I saw the video. Confirmation says yesterday. Nothing since. The pool party is SUNDAY.,open,high,nadia295@example.com,"[""wismo"",""surge""]",1491,1491
TCK-SRG-00048,WHERE IS MY SWAN,Ordered the second I saw the video. Confirmation says yesterday. Nothing since. The pool party is SUNDAY.,open,high,luis447@example.com,"[""wismo"",""surge""]",1881,1881
TCK-SRG-00049,Did my order go through?,Site spun for 5 minutes at checkout. Charged but no confirmation email. Did I buy a swan or donate to one?,open,normal,nellie361@example.com,"[""surge"",""billing""]",1652,1652
TCK-SRG-00050,Did my order go through?,Site spun for 5 minutes at checkout. Charged but no confirmation email. Did I buy a swan or donate to one?,open,normal,stan365@example.com,"[""surge"",""billing""]",1555,1555
TCK-SRG-00051,Buying 30 swans for a sorority event,Can we get 30 units and a bulk discount? Flexible on color. Not flexible on date.,open,normal,ingrid922@example.com,"[""surge"",""presales"",""bulk""]",1416,1416
TCK-SRG-00052,Did my order go through?,Site spun for 5 minutes at checkout. Charged but no confirmation email. Did I buy a swan or donate to one?,open,normal,dolores757@example.com,"[""surge"",""billing""]",1864,1864
TCK-SRG-00053,Swan restock date?,Site says backordered. When is restock? Asking for a group chat of 200 people.,open,normal,margaret278@example.com,"[""surge"",""presales""]",1901,1901
TCK-SRG-00054,Buying 30 swans for a sorority event,Can we get 30 units and a bulk discount? Flexible on color. Not flexible on date.,open,normal,ivan676@example.com,"[""surge"",""presales"",""bulk""]",1412,1412
TCK-SRG-00055,Buying 30 swans for a sorority event,Can we get 30 units and a bulk discount? Flexible on color. Not flexible on date.,open,normal,rosa326@example.com,"[""surge"",""presales"",""bulk""]",1831,1831
TCK-SRG-00056,WHERE IS MY SWAN,Ordered the second I saw the video. Confirmation says yesterday. Nothing since. The pool party is SUNDAY.,open,high,rosa479@example.com,"[""wismo"",""surge""]",1881,1881
TCK-SRG-00057,Buying 30 swans for a sorority event,Can we get 30 units and a bulk discount? Flexible on color. Not flexible on date.,open,normal,ernesto638@example.com,"[""surge"",""presales"",""bulk""]",1610,1610
TCK-SRG-00058,Order status: swan,"I understand you are busy. I am simply asking for any information at all about order ORD-103469. Anything. A vibe, even.",open,normal,jerome556@example.com,"[""wismo"",""surge""]",1329,1329
TCK-SRG-00059,September?? Really?,Quoted September delivery. Summer ENDS. Explain the plan or refund me.,open,high,priya824@example.com,"[""surge"",""wismo""]",1868,1868
TCK-SRG-00060,Buying 30 swans for a sorority event,Can we get 30 units and a bulk discount? Flexible on color. Not flexible on date.,open,normal,luis281@example.com,"[""surge"",""presales"",""bulk""]",1394,1394
TCK-SRG-00061,WHERE IS MY SWAN,Ordered the second I saw the video. Confirmation says yesterday. Nothing since. The pool party is SUNDAY.,open,high,arthur650@example.com,"[""wismo"",""surge""]",1463,1463
TCK-SRG-00062,Cancel if not shipping this week,"If the Colossal Swan cannot arrive before the 14th, cancel order ORD-105468. The moment will have passed.",open,normal,bob842@example.com,"[""surge"",""cancel""]",1741,1741
TCK-SRG-00063,Order status: swan,"I understand you are busy. I am simply asking for any information at all about order ORD-107304. Anything. A vibe, even.",open,normal,nadia370@example.com,"[""wismo"",""surge""]",1795,1795
TCK-SRG-00064,Cancel if not shipping this week,"If the Colossal Swan cannot arrive before the 14th, cancel order ORD-105650. The moment will have passed.",open,normal,carlos234@example.com,"[""surge"",""cancel""]",1780,1780
TCK-SRG-00065,WHERE IS MY SWAN,Ordered the second I saw the video. Confirmation says yesterday. Nothing since. The pool party is SUNDAY.,open,high,bettye763@example.com,"[""wismo"",""surge""]",1882,1882
TCK-SRG-00066,September?? Really?,Quoted September delivery. Summer ENDS. Explain the plan or refund me.,open,high,stan836@example.com,"[""surge"",""wismo""]",1878,1878
TCK-SRG-00067,Did my order go through?,Site spun for 5 minutes at checkout. Charged but no confirmation email. Did I buy a swan or donate to one?,open,normal,jamal219@example.com,"[""surge"",""billing""]",1433,1433
TCK-SRG-00068,WHERE IS MY SWAN,Ordered the second I saw the video. Confirmation says yesterday. Nothing since. The pool party is SUNDAY.,open,high,ximena133@example.com,"[""wismo"",""surge""]",1327,1327
TCK-SRG-00069,September?? Really?,Quoted September delivery. Summer ENDS. Explain the plan or refund me.,open,high,nadia977@example.com,"[""surge"",""wismo""]",1560,1560
TCK-SRG-00070,Did my order go through?,Site spun for 5 minutes at checkout. Charged but no confirmation email. Did I buy a swan or donate to one?,open,normal,pearl797@example.com,"[""surge"",""billing""]",1603,1603
TCK-SRG-00072,Cancel if not shipping this week,"If the Colossal Swan cannot arrive before the 14th, cancel order ORD-107550. The moment will have passed.",open,normal,deshawn486@example.com,"[""surge"",""cancel""]",1717,1717
TCK-SRG-00073,WHERE IS MY SWAN,Ordered the second I saw the video. Confirmation says yesterday. Nothing since. The pool party is SUNDAY.,open,high,stan524@example.com,"[""wismo"",""surge""]",1613,1613
TCK-SRG-00074,September?? Really?,Quoted September delivery. Summer ENDS. Explain the plan or refund me.,open,high,lamar712@example.com,"[""surge"",""wismo""]",1668,1668
TCK-SRG-00075,Did my order go through?,Site spun for 5 minutes at checkout. Charged but no confirmation email. Did I buy a swan or donate to one?,open,normal,jerome278@example.com,"[""surge"",""billing""]",1848,1848
TCK-SRG-00076,September?? Really?,Quoted September delivery. Summer ENDS. Explain the plan or refund me.,open,high,paloma497@example.com,"[""surge"",""wismo""]",1622,1622
TCK-SRG-00077,Cancel if not shipping this week,"If the Colossal Swan cannot arrive before the 14th, cancel order ORD-106780. The moment will have passed.",open,normal,otis321@example.com,"[""surge"",""cancel""]",1851,1851
TCK-SRG-00078,Order status: swan,"I understand you are busy. I am simply asking for any information at all about order ORD-107105. Anything. A vibe, even.",open,normal,mo769@example.com,"[""wismo"",""surge""]",1777,1777
TCK-SRG-00079,Cancel if not shipping this week,"If the Colossal Swan cannot arrive before the 14th, cancel order ORD-105511. The moment will have passed.",open,normal,keiko194@example.com,"[""surge"",""cancel""]",1377,1377
TCK-SRG-00080,Cancel if not shipping this week,"If the Colossal Swan cannot arrive before the 14th, cancel order ORD-106982. The moment will have passed.",open,normal,aisha509@example.com,"[""surge"",""cancel""]",1652,1652
TCK-SRG-00081,Swan restock date?,Site says backordered. When is restock? Asking for a group chat of 200 people.,open,normal,luis809@example.com,"[""surge"",""presales""]",1743,1743
TCK-SRG-00082,Buying 30 swans for a sorority event,Can we get 30 units and a bulk discount? Flexible on color. Not flexible on date.,open,normal,harriet137@example.com,"[""surge"",""presales"",""bulk""]",1937,1937
TCK-SRG-00083,Swan restock date?,Site says backordered. When is restock? Asking for a group chat of 200 people.,open,normal,ingrid980@example.com,"[""surge"",""presales""]",1372,1372
TCK-SRG-00084,WHERE IS MY SWAN,Ordered the second I saw the video. Confirmation says yesterday. Nothing since. The pool party is SUNDAY.,open,high,tomasz103@example.com,"[""wismo"",""surge""]",1752,1752
TCK-SRG-00085,Cancel if not shipping this week,"If the Colossal Swan cannot arrive before the 14th, cancel order ORD-103162. The moment will have passed.",open,normal,paloma163@example.com,"[""surge"",""cancel""]",1924,1924
TCK-SRG-00086,WHERE IS MY SWAN,Ordered the second I saw the video. Confirmation says yesterday. Nothing since. The pool party is SUNDAY.,open,high,yuki381@example.com,"[""wismo"",""surge""]",1718,1718
TCK-SRG-00087,Cancel if not shipping this week,"If the Colossal Swan cannot arrive before the 14th, cancel order ORD-104834. The moment will have passed.",open,normal,tomasz536@example.com,"[""surge"",""cancel""]",1922,1922
TCK-SRG-00088,Buying 30 swans for a sorority event,Can we get 30 units and a bulk discount? Flexible on color. Not flexible on date.,open,normal,harriet839@example.com,"[""surge"",""presales"",""bulk""]",1543,1543
TCK-SRG-00089,WHERE IS MY SWAN,Ordered the second I saw the video. Confirmation says yesterday. Nothing since. The pool party is SUNDAY.,open,high,tina880@example.com,"[""wismo"",""surge""]",1679,1679
TCK-SRG-00090,Buying 30 swans for a sorority event,Can we get 30 units and a bulk discount? Flexible on color. Not flexible on date.,open,normal,kitty235@example.com,"[""surge"",""presales"",""bulk""]",1812,1812
TCK-SRG-00091,Cancel if not shipping this week,"If the Colossal Swan cannot arrive before the 14th, cancel order ORD-103592. The moment will have passed.",open,normal,arthur122@example.com,"[""surge"",""cancel""]",1650,1650
TCK-SRG-00092,September?? Really?,Quoted September delivery. Summer ENDS. Explain the plan or refund me.,open,high,aisha385@example.com,"[""surge"",""wismo""]",1627,1627
TCK-SRG-00093,Order status: swan,"I understand you are busy. I am simply asking for any information at all about order ORD-105869. Anything. A vibe, even.",open,normal,flo770@example.com,"[""wismo"",""surge""]",1720,1720
TCK-SRG-00094,Swan restock date?,Site says backordered. When is restock? Asking for a group chat of 200 people.,open,normal,wes701@example.com,"[""surge"",""presales""]",1718,1718
TCK-SRG-00095,Order status: swan,"I understand you are busy. I am simply asking for any information at all about order ORD-106295. Anything. A vibe, even.",open,normal,priya367@example.com,"[""wismo"",""surge""]",1539,1539
TCK-SRG-00096,September?? Really?,Quoted September delivery. Summer ENDS. Explain the plan or refund me.,open,high,yuki983@example.com,"[""surge"",""wismo""]",1805,1805
TCK-SRG-00097,WHERE IS MY SWAN,Ordered the second I saw the video. Confirmation says yesterday. Nothing since. The pool party is SUNDAY.,open,high,flo524@example.com,"[""wismo"",""surge""]",1685,1685
TCK-SRG-00098,Order status: swan,"I understand you are busy. I am simply asking for any information at all about order ORD-105732. Anything. A vibe, even.",open,normal,rosa981@example.com,"[""wismo"",""surge""]",1460,1460
TCK-SRG-00099,Did my order go through?,Site spun for 5 minutes at checkout. Charged but no confirmation email. Did I buy a swan or donate to one?,open,normal,margaret648@example.com,"[""surge"",""billing""]",1420,1420
TCK-SRG-00100,Did my order go through?,Site spun for 5 minutes at checkout. Charged but no confirmation email. Did I buy a swan or donate to one?,open,normal,chen800@example.com,"[""surge"",""billing""]",1918,1918
TCK-SRG-00101,September?? Really?,Quoted September delivery. Summer ENDS. Explain the plan or refund me.,open,high,carlos811@example.com,"[""surge"",""wismo""]",1893,1893
TCK-SRG-00102,Did my order go through?,Site spun for 5 minutes at checkout. Charged but no confirmation email. Did I buy a swan or donate to one?,open,normal,fatima143@example.com,"[""surge"",""billing""]",1733,1733
TCK-SRG-00103,September?? Really?,Quoted September delivery. Summer ENDS. Explain the plan or refund me.,open,high,nellie175@example.com,"[""surge"",""wismo""]",1556,1556
TCK-SRG-00104,Cancel if not shipping this week,"If the Colossal Swan cannot arrive before the 14th, cancel order ORD-105564. The moment will have passed.",open,normal,keiko404@example.com,"[""surge"",""cancel""]",1487,1487
TCK-SRG-00105,September?? Really?,Quoted September delivery. Summer ENDS. Explain the plan or refund me.,open,high,nadia806@example.com,"[""surge"",""wismo""]",1937,1937
TCK-SRG-00106,Order status: swan,"I understand you are busy. I am simply asking for any information at all about order ORD-106171. Anything. A vibe, even.",open,normal,ximena755@example.com,"[""wismo"",""surge""]",1341,1341
TCK-SRG-00107,Buying 30 swans for a sorority event,Can we get 30 units and a bulk discount? Flexible on color. Not flexible on date.,open,normal,bettye536@example.com,"[""surge"",""presales"",""bulk""]",1532,1532
TCK-SRG-00108,WHERE IS MY SWAN,Ordered the second I saw the video. Confirmation says yesterday. Nothing since. The pool party is SUNDAY.,open,high,rosa927@example.com,"[""wismo"",""surge""]",1765,1765
TCK-SRG-00109,Did my order go through?,Site spun for 5 minutes at checkout. Charged but no confirmation email. Did I buy a swan or donate to one?,open,normal,fatima242@example.com,"[""surge"",""billing""]",1761,1761
TCK-SRG-00110,WHERE IS MY SWAN,Ordered the second I saw the video. Confirmation says yesterday. Nothing since. The pool party is SUNDAY.,open,high,hannah997@example.com,"[""wismo"",""surge""]",1944,1944
TCK-SRG-00111,September?? Really?,Quoted September delivery. Summer ENDS. Explain the plan or refund me.,open,high,gus936@example.com,"[""surge"",""wismo""]",1930,1930
TCK-SRG-00112,Swan restock date?,Site says backordered. When is restock? Asking for a group chat of 200 people.,open,normal,vera919@example.com,"[""surge"",""presales""]",1914,1914
TCK-SRG-00113,Order status: swan,"I understand you are busy. I am simply asking for any information at all about order ORD-107852. Anything. A vibe, even.",open,normal,mo346@example.com,"[""wismo"",""surge""]",1741,1741
TCK-SRG-00114,Order status: swan,"I understand you are busy. I am simply asking for any information at all about order ORD-104437. Anything. A vibe, even.",solved,normal,keiko597@example.com,"[""wismo"",""surge""]",1425,1425
TCK-SRG-00115,Swan restock date?,Site says backordered. When is restock? Asking for a group chat of 200 people.,open,normal,yosef326@example.com,"[""surge"",""presales""]",1651,1651
TCK-SRG-00116,Swan restock date?,Site says backordered. When is restock? Asking for a group chat of 200 people.,open,normal,linda873@example.com,"[""surge"",""presales""]",1948,1948
TCK-SRG-00117,Cancel if not shipping this week,"If the Colossal Swan cannot arrive before the 14th, cancel order ORD-107119. The moment will have passed.",open,normal,luis876@example.com,"[""surge"",""cancel""]",1822,1822
TCK-SRG-00118,Order status: swan,"I understand you are busy. I am simply asking for any information at all about order ORD-103154. Anything. A vibe, even.",open,normal,flo899@example.com,"[""wismo"",""surge""]",1768,1768
TCK-SRG-00119,Order status: swan,"I understand you are busy. I am simply asking for any information at all about order ORD-107582. Anything. A vibe, even.",open,normal,dolores327@example.com,"[""wismo"",""surge""]",1490,1490
TCK-SRG-00120,Order status: swan,"I understand you are busy. I am simply asking for any information at all about order ORD-104903. Anything. A vibe, even.",open,normal,linda363@example.com,"[""wismo"",""surge""]",1914,1914
TCK-SRG-00121,Cancel if not shipping this week,"If the Colossal Swan cannot arrive before the 14th, cancel order ORD-103133. The moment will have passed.",open,normal,quinn211@example.com,"[""surge"",""cancel""]",1391,1391
TCK-SRG-00122,Swan restock date?,Site says backordered. When is restock? Asking for a group chat of 200 people.,open,normal,linda562@example.com,"[""surge"",""presales""]",1489,1489
TCK-SRG-00123,Cancel if not shipping this week,"If the Colossal Swan cannot arrive before the 14th, cancel order ORD-105317. The moment will have passed.",open,normal,mo720@example.com,"[""surge"",""cancel""]",1687,1687
TCK-SRG-00124,Did my order go through?,Site spun for 5 minutes at checkout. Charged but no confirmation email. Did I buy a swan or donate to one?,open,normal,tomasz429@example.com,"[""surge"",""billing""]",1353,1353
TCK-SRG-00125,September?? Really?,Quoted September delivery. Summer ENDS. Explain the plan or refund me.,open,high,lamar393@example.com,"[""surge"",""wismo""]",1590,1590
TCK-SRG-00126,WHERE IS MY SWAN,Ordered the second I saw the video. Confirmation says yesterday. Nothing since. The pool party is SUNDAY.,open,high,kitty282@example.com,"[""wismo"",""surge""]",1854,1854
TCK-SRG-00127,Swan restock date?,Site says backordered. When is restock? Asking for a group chat of 200 people.,open,normal,harriet466@example.com,"[""surge"",""presales""]",1885,1885
TCK-SRG-00128,Buying 30 swans for a sorority event,Can we get 30 units and a bulk discount? Flexible on color. Not flexible on date.,open,normal,curtis780@example.com,"[""surge"",""presales"",""bulk""]",1393,1393
TCK-SRG-00129,WHERE IS MY SWAN,Ordered the second I saw the video. Confirmation says yesterday. Nothing since. The pool party is SUNDAY.,solved,high,harriet576@example.com,"[""wismo"",""surge""]",1822,1822
TCK-SRG-00130,Order status: swan,"I understand you are busy. I am simply asking for any information at all about order ORD-104599. Anything. A vibe, even.",open,normal,flo349@example.com,"[""wismo"",""surge""]",1598,1598
TCK-SRG-00131,September?? Really?,Quoted September delivery. Summer ENDS. Explain the plan or refund me.,open,high,rosa740@example.com,"[""surge"",""wismo""]",1557,1557
TCK-SRG-00132,Did my order go through?,Site spun for 5 minutes at checkout. Charged but no confirmation email. Did I buy a swan or donate to one?,open,normal,carlos450@example.com,"[""surge"",""billing""]",1912,1912
TCK-SRG-00133,Did my order go through?,Site spun for 5 minutes at checkout. Charged but no confirmation email. Did I buy a swan or donate to one?,open,normal,otis806@example.com,"[""surge"",""billing""]",1754,1754
TCK-SRG-00134,Did my order go through?,Site spun for 5 minutes at checkout. Charged but no confirmation email. Did I buy a swan or donate to one?,open,normal,jerome364@example.com,"[""surge"",""billing""]",1734,1734
TCK-SRG-00135,September?? Really?,Quoted September delivery. Summer ENDS. Explain the plan or refund me.,open,high,otis535@example.com,"[""surge"",""wismo""]",1773,1773
TCK-SRG-00136,Swan restock date?,Site says backordered. When is restock? Asking for a group chat of 200 people.,open,normal,bettye613@example.com,"[""surge"",""presales""]",1586,1586
TCK-SRG-00137,Swan restock date?,Site says backordered. When is restock? Asking for a group chat of 200 people.,open,normal,keiko897@example.com,"[""surge"",""presales""]",1609,1609
TCK-SRG-00138,Cancel if not shipping this week,"If the Colossal Swan cannot arrive before the 14th, cancel order ORD-103781. The moment will have passed.",open,normal,fatima849@example.com,"[""surge"",""cancel""]",1700,1700
TCK-SRG-00139,Swan restock date?,Site says backordered. When is restock? Asking for a group chat of 200 people.,open,normal,jerome398@example.com,"[""surge"",""presales""]",1341,1341
TCK-SRG-00140,WHERE IS MY SWAN,Ordered the second I saw the video. Confirmation says yesterday. Nothing since. The pool party is SUNDAY.,open,high,kitty389@example.com,"[""wismo"",""surge""]",1627,1627
TCK-SRG-00141,Buying 30 swans for a sorority event,Can we get 30 units and a bulk discount? Flexible on color. Not flexible on date.,open,normal,dolores125@example.com,"[""surge"",""presales"",""bulk""]",1527,1527
TCK-SRG-00142,Swan restock date?,Site says backordered. When is restock? Asking for a group chat of 200 people.,open,normal,bettye664@example.com,"[""surge"",""presales""]",1539,1539
TCK-SRG-00143,WHERE IS MY SWAN,Ordered the second I saw the video. Confirmation says yesterday. Nothing since. The pool party is SUNDAY.,open,high,keiko559@example.com,"[""wismo"",""surge""]",1704,1704
TCK-SRG-00144,Swan restock date?,Site says backordered. When is restock? Asking for a group chat of 200 people.,open,normal,nellie415@example.com,"[""surge"",""presales""]",1364,1364
TCK-SRG-00145,September?? Really?,Quoted September delivery. Summer ENDS. Explain the plan or refund me.,open,high,yuki841@example.com,"[""surge"",""wismo""]",1432,1432
TCK-SRG-00146,WHERE IS MY SWAN,Ordered the second I saw the video. Confirmation says yesterday. Nothing since. The pool party is SUNDAY.,open,high,quinn618@example.com,"[""wismo"",""surge""]",1330,1330
TCK-SRG-00147,Buying 30 swans for a sorority event,Can we get 30 units and a bulk discount? Flexible on color. Not flexible on date.,open,normal,harriet909@example.com,"[""surge"",""presales"",""bulk""]",1364,1364
TCK-SRG-00148,Order status: swan,"I understand you are busy. I am simply asking for any information at all about order ORD-103328. Anything. A vibe, even.",open,normal,chen656@example.com,"[""wismo"",""surge""]",1761,1761
TCK-SRG-00149,September?? Really?,Quoted September delivery. Summer ENDS. Explain the plan or refund me.,open,high,hannah500@example.com,"[""surge"",""wismo""]",1710,1710
TCK-SRG-00150,Buying 30 swans for a sorority event,Can we get 30 units and a bulk discount? Flexible on color. Not flexible on date.,open,normal,rosa223@example.com,"[""surge"",""presales"",""bulk""]",1627,1627
TCK-SRG-00151,Order status: swan,"I understand you are busy. I am simply asking for any information at all about order ORD-104621. Anything. A vibe, even.",open,normal,greg385@example.com,"[""wismo"",""surge""]",1841,1841
TCK-SRG-00152,WHERE IS MY SWAN,Ordered the second I saw the video. Confirmation says yesterday. Nothing since. The pool party is SUNDAY.,solved,high,quinn948@example.com,"[""wismo"",""surge""]",1840,1840
TCK-SRG-00153,Buying 30 swans for a sorority event,Can we get 30 units and a bulk discount? Flexible on color. Not flexible on date.,open,normal,harriet576@example.com,"[""surge"",""presales"",""bulk""]",1660,1660
TCK-SRG-00154,WHERE IS MY SWAN,Ordered the second I saw the video. Confirmation says yesterday. Nothing since. The pool party is SUNDAY.,open,high,ingrid936@example.com,"[""wismo"",""surge""]",1892,1892
TCK-SRG-00155,Order status: swan,"I understand you are busy. I am simply asking for any information at all about order ORD-105023. Anything. A vibe, even.",open,normal,umar868@example.com,"[""wismo"",""surge""]",1584,1584
TCK-SRG-00156,Buying 30 swans for a sorority event,Can we get 30 units and a bulk discount? Flexible on color. Not flexible on date.,open,normal,nellie447@example.com,"[""surge"",""presales"",""bulk""]",1772,1772
TCK-SRG-00157,Did my order go through?,Site spun for 5 minutes at checkout. Charged but no confirmation email. Did I buy a swan or donate to one?,open,normal,stan647@example.com,"[""surge"",""billing""]",1495,1495
TCK-SRG-00158,Did my order go through?,Site spun for 5 minutes at checkout. Charged but no confirmation email. Did I buy a swan or donate to one?,open,normal,deshawn672@example.com,"[""surge"",""billing""]",1504,1504
TCK-SRG-00159,Did my order go through?,Site spun for 5 minutes at checkout. Charged but no confirmation email. Did I buy a swan or donate to one?,open,normal,luis384@example.com,"[""surge"",""billing""]",1617,1617
TCK-SRG-00160,Did my order go through?,Site spun for 5 minutes at checkout. Charged but no confirmation email. Did I buy a swan or donate to one?,solved,normal,arthur159@example.com,"[""surge"",""billing""]",1710,1710
TCK-SRG-00161,Did my order go through?,Site spun for 5 minutes at checkout. Charged but no confirmation email. Did I buy a swan or donate to one?,open,normal,aisha279@example.com,"[""surge"",""billing""]",1347,1347
TCK-SRG-00162,Swan restock date?,Site says backordered. When is restock? Asking for a group chat of 200 people.,open,normal,linda887@example.com,"[""surge"",""presales""]",1768,1768
TCK-SRG-00163,Order status: swan,"I understand you are busy. I am simply asking for any information at all about order ORD-103775. Anything. A vibe, even.",open,normal,keiko142@example.com,"[""wismo"",""surge""]",1598,1598
TCK-SRG-00164,Cancel if not shipping this week,"If the Colossal Swan cannot arrive before the 14th, cancel order ORD-105598. The moment will have passed.",open,normal,stan496@example.com,"[""surge"",""cancel""]",1481,1481
TCK-SRG-00165,Swan restock date?,Site says backordered. When is restock? Asking for a group chat of 200 people.,open,normal,jerome472@example.com,"[""surge"",""presales""]",1567,1567
TCK-SRG-00166,Did my order go through?,Site spun for 5 minutes at checkout. Charged but no confirmation email. Did I buy a swan or donate to one?,open,normal,fatima937@example.com,"[""surge"",""billing""]",1669,1669
TCK-SRG-00167,Order status: swan,"I understand you are busy. I am simply asking for any information at all about order ORD-107722. Anything. A vibe, even.",open,normal,dolores288@example.com,"[""wismo"",""surge""]",1693,1693
TCK-SRG-00168,Order status: swan,"I understand you are busy. I am simply asking for any information at all about order ORD-106486. Anything. A vibe, even.",open,normal,ximena376@example.com,"[""wismo"",""surge""]",1472,1472
TCK-SRG-00169,Swan restock date?,Site says backordered. When is restock? Asking for a group chat of 200 people.,open,normal,jamal364@example.com,"[""surge"",""presales""]",1923,1923
TCK-SRG-00170,September?? Really?,Quoted September delivery. Summer ENDS. Explain the plan or refund me.,open,high,otis253@example.com,"[""surge"",""wismo""]",1904,1904
TCK-SRG-00171,Did my order go through?,Site spun for 5 minutes at checkout. Charged but no confirmation email. Did I buy a swan or donate to one?,open,normal,dolores396@example.com,"[""surge"",""billing""]",1321,1321
TCK-SRG-00172,Order status: swan,"I understand you are busy. I am simply asking for any information at all about order ORD-103146. Anything. A vibe, even.",open,normal,hannah271@example.com,"[""wismo"",""surge""]",1506,1506
TCK-SRG-00173,Cancel if not shipping this week,"If the Colossal Swan cannot arrive before the 14th, cancel order ORD-104265. The moment will have passed.",open,normal,kitty291@example.com,"[""surge"",""cancel""]",1657,1657
TCK-SRG-00174,Did my order go through?,Site spun for 5 minutes at checkout. Charged but no confirmation email. Did I buy a swan or donate to one?,open,normal,margaret243@example.com,"[""surge"",""billing""]",1576,1576
TCK-SRG-00175,Buying 30 swans for a sorority event,Can we get 30 units and a bulk discount? Flexible on color. Not flexible on date.,open,normal,ximena895@example.com,"[""surge"",""presales"",""bulk""]",1557,1557
TCK-SRG-00176,Order status: swan,"I understand you are busy. I am simply asking for any information at all about order ORD-104455. Anything. A vibe, even.",open,normal,vera605@example.com,"[""wismo"",""surge""]",1623,1623
TCK-SRG-00177,Did my order go through?,Site spun for 5 minutes at checkout. Charged but no confirmation email. Did I buy a swan or donate to one?,solved,normal,stan878@example.com,"[""surge"",""billing""]",1362,1362
TCK-SRG-00178,WHERE IS MY SWAN,Ordered the second I saw the video. Confirmation says yesterday. Nothing since. The pool party is SUNDAY.,open,high,carlos633@example.com,"[""wismo"",""surge""]",1909,1909
TCK-SRG-00179,Order status: swan,"I understand you are busy. I am simply asking for any information at all about order ORD-107617. Anything. A vibe, even.",open,normal,paloma346@example.com,"[""wismo"",""surge""]",1525,1525
TCK-SRG-00180,September?? Really?,Quoted September delivery. Summer ENDS. Explain the plan or refund me.,open,high,flo310@example.com,"[""surge"",""wismo""]",1774,1774
TCK-SRG-00181,Buying 30 swans for a sorority event,Can we get 30 units and a bulk discount? Flexible on color. Not flexible on date.,open,normal,yosef894@example.com,"[""surge"",""presales"",""bulk""]",1669,1669
TCK-SRG-00182,Did my order go through?,Site spun for 5 minutes at checkout. Charged but no confirmation email. Did I buy a swan or donate to one?,open,normal,zoe603@example.com,"[""surge"",""billing""]",1586,1586
TCK-SRG-00183,September?? Really?,Quoted September delivery. Summer ENDS. Explain the plan or refund me.,open,high,umar197@example.com,"[""surge"",""wismo""]",1463,1463
TCK-SRG-00184,Cancel if not shipping this week,"If the Colossal Swan cannot arrive before the 14th, cancel order ORD-103671. The moment will have passed.",open,normal,mo954@example.com,"[""surge"",""cancel""]",1760,1760
TCK-SRG-00185,WHERE IS MY SWAN,Ordered the second I saw the video. Confirmation says yesterday. Nothing since. The pool party is SUNDAY.,solved,high,ernesto456@example.com,"[""wismo"",""surge""]",1927,1927
TCK-SRG-00186,Order status: swan,"I understand you are busy. I am simply asking for any information at all about order ORD-107307. Anything. A vibe, even.",open,normal,rosa138@example.com,"[""wismo"",""surge""]",1849,1849
TCK-SRG-00187,September?? Really?,Quoted September delivery. Summer ENDS. Explain the plan or refund me.,open,high,harriet905@example.com,"[""surge"",""wismo""]",1744,1744
TCK-SRG-00188,Order status: swan,"I understand you are busy. I am simply asking for any information at all about order ORD-106438. Anything. A vibe, even.",open,normal,yuki585@example.com,"[""wismo"",""surge""]",1829,1829
TCK-SRG-00189,September?? Really?,Quoted September delivery. Summer ENDS. Explain the plan or refund me.,open,high,jerome225@example.com,"[""surge"",""wismo""]",1768,1768
TCK-SRG-00190,Cancel if not shipping this week,"If the Colossal Swan cannot arrive before the 14th, cancel order ORD-103586. The moment will have passed.",solved,normal,hannah214@example.com,"[""surge"",""cancel""]",1821,1821
TCK-SRG-00191,September?? Really?,Quoted September delivery. Summer ENDS. Explain the plan or refund me.,open,high,rosa889@example.com,"[""surge"",""wismo""]",1736,1736
TCK-SRG-00192,Buying 30 swans for a sorority event,Can we get 30 units and a bulk discount? Flexible on color. Not flexible on date.,open,normal,nellie337@example.com,"[""surge"",""presales"",""bulk""]",1402,1402
TCK-SRG-00193,Order status: swan,"I understand you are busy. I am simply asking for any information at all about order ORD-105835. Anything. A vibe, even.",open,normal,ivan642@example.com,"[""wismo"",""surge""]",1593,1593
TCK-SRG-00194,Did my order go through?,Site spun for 5 minutes at checkout. Charged but no confirmation email. Did I buy a swan or donate to one?,open,normal,pearl980@example.com,"[""surge"",""billing""]",1550,1550
TCK-SRG-00195,Did my order go through?,Site spun for 5 minutes at checkout. Charged but no confirmation email. Did I buy a swan or donate to one?,open,normal,paloma690@example.com,"[""surge"",""billing""]",1522,1522
TCK-SRG-00196,September?? Really?,Quoted September delivery. Summer ENDS. Explain the plan or refund me.,open,high,ingrid825@example.com,"[""surge"",""wismo""]",1807,1807
TCK-SRG-00197,September?? Really?,Quoted September delivery. Summer ENDS. Explain the plan or refund me.,open,high,luis101@example.com,"[""surge"",""wismo""]",1332,1332
TCK-SRG-00198,September?? Really?,Quoted September delivery. Summer ENDS. Explain the plan or refund me.,open,high,dolores641@example.com,"[""surge"",""wismo""]",1703,1703
TCK-SRG-00199,Did my order go through?,Site spun for 5 minutes at checkout. Charged but no confirmation email. Did I buy a swan or donate to one?,open,normal,chen678@example.com,"[""surge"",""billing""]",1474,1474
TCK-SRG-00200,Buying 30 swans for a sorority event,Can we get 30 units and a bulk discount? Flexible on color. Not flexible on date.,open,normal,paloma533@example.com,"[""surge"",""presales"",""bulk""]",1436,1436
TCK-SRG-00201,Cancel if not shipping this week,"If the Colossal Swan cannot arrive before the 14th, cancel order ORD-106994. The moment will have passed.",open,normal,gus948@example.com,"[""surge"",""cancel""]",1893,1893
TCK-SRG-00202,Order status: swan,"I understand you are busy. I am simply asking for any information at all about order ORD-105981. Anything. A vibe, even.",open,normal,vera686@example.com,"[""wismo"",""surge""]",1821,1821
TCK-SRG-00203,Order status: swan,"I understand you are busy. I am simply asking for any information at all about order ORD-105546. Anything. A vibe, even.",open,normal,bettye893@example.com,"[""wismo"",""surge""]",1339,1339
TCK-SRG-00204,Buying 30 swans for a sorority event,Can we get 30 units and a bulk discount? Flexible on color. Not flexible on date.,open,normal,aisha251@example.com,"[""surge"",""presales"",""bulk""]",1918,1918
TCK-SRG-00205,Order status: swan,"I understand you are busy. I am simply asking for any information at all about order ORD-104288. Anything. A vibe, even.",open,normal,ximena281@example.com,"[""wismo"",""surge""]",1572,1572
TCK-SRG-00206,Did my order go through?,Site spun for 5 minutes at checkout. Charged but no confirmation email. Did I buy a swan or donate to one?,open,normal,mo228@example.com,"[""surge"",""billing""]",1809,1809
TCK-SRG-00207,WHERE IS MY SWAN,Ordered the second I saw the video. Confirmation says yesterday. Nothing since. The pool party is SUNDAY.,open,high,bob527@example.com,"[""wismo"",""surge""]",1517,1517
TCK-SRG-00208,September?? Really?,Quoted September delivery. Summer ENDS. Explain the plan or refund me.,open,high,keiko828@example.com,"[""surge"",""wismo""]",1782,1782
TCK-SRG-00209,Cancel if not shipping this week,"If the Colossal Swan cannot arrive before the 14th, cancel order ORD-105976. The moment will have passed.",open,normal,mabel229@example.com,"[""surge"",""cancel""]",1572,1572
TCK-SRG-00210,Swan restock date?,Site says backordered. When is restock? Asking for a group chat of 200 people.,open,normal,kitty446@example.com,"[""surge"",""presales""]",1874,1874
TCK-SRG-00211,Cancel if not shipping this week,"If the Colossal Swan cannot arrive before the 14th, cancel order ORD-104127. The moment will have passed.",open,normal,yosef700@example.com,"[""surge"",""cancel""]",1701,1701
TCK-SRG-00212,Swan restock date?,Site says backordered. When is restock? Asking for a group chat of 200 people.,open,normal,wes728@example.com,"[""surge"",""presales""]",1325,1325
TCK-SRG-00213,Order status: swan,"I understand you are busy. I am simply asking for any information at all about order ORD-106809. Anything. A vibe, even.",open,normal,keiko284@example.com,"[""wismo"",""surge""]",1570,1570
TCK-SRG-00214,Order status: swan,"I understand you are busy. I am simply asking for any information at all about order ORD-106730. Anything. A vibe, even.",open,normal,mabel662@example.com,"[""wismo"",""surge""]",1638,1638
TCK-SRG-00215,WHERE IS MY SWAN,Ordered the second I saw the video. Confirmation says yesterday. Nothing since. The pool party is SUNDAY.,open,high,bob740@example.com,"[""wismo"",""surge""]",1704,1704
TCK-SRG-00216,Cancel if not shipping this week,"If the Colossal Swan cannot arrive before the 14th, cancel order ORD-107874. The moment will have passed.",open,normal,yosef244@example.com,"[""surge"",""cancel""]",1833,1833
TCK-SRG-00217,September?? Really?,Quoted September delivery. Summer ENDS. Explain the plan or refund me.,open,high,greg113@example.com,"[""surge"",""wismo""]",1584,1584
TCK-SRG-00218,Swan restock date?,Site says backordered. When is restock? Asking for a group chat of 200 people.,open,normal,linda285@example.com,"[""surge"",""presales""]",1619,1619
TCK-SRG-00219,Did my order go through?,Site spun for 5 minutes at checkout. Charged but no confirmation email. Did I buy a swan or donate to one?,open,normal,chen361@example.com,"[""surge"",""billing""]",1835,1835
TCK-SRG-00220,Cancel if not shipping this week,"If the Colossal Swan cannot arrive before the 14th, cancel order ORD-106212. The moment will have passed.",open,normal,dolores927@example.com,"[""surge"",""cancel""]",1894,1894
TCK-SRG-00221,Buying 30 swans for a sorority event,Can we get 30 units and a bulk discount? Flexible on color. Not flexible on date.,solved,normal,carlos644@example.com,"[""surge"",""presales"",""bulk""]",1925,1925
TCK-SRG-00222,WHERE IS MY SWAN,Ordered the second I saw the video. Confirmation says yesterday. Nothing since. The pool party is SUNDAY.,open,high,chen362@example.com,"[""wismo"",""surge""]",1532,1532
TCK-SRG-00223,Cancel if not shipping this week,"If the Colossal Swan cannot arrive before the 14th, cancel order ORD-104384. The moment will have passed.",open,normal,rosa470@example.com,"[""surge"",""cancel""]",1356,1356
TCK-SRG-00224,Buying 30 swans for a sorority event,Can we get 30 units and a bulk discount? Flexible on color. Not flexible on date.,open,normal,yuki411@example.com,"[""surge"",""presales"",""bulk""]",1684,1684
TCK-SRG-00225,Buying 30 swans for a sorority event,Can we get 30 units and a bulk discount? Flexible on color. Not flexible on date.,open,normal,arthur752@example.com,"[""surge"",""presales"",""bulk""]",1354,1354
TCK-SRG-00226,September?? Really?,Quoted September delivery. Summer ENDS. Explain the plan or refund me.,open,high,keiko138@example.com,"[""surge"",""wismo""]",1407,1407
TCK-SRG-00227,Swan restock date?,Site says backordered. When is restock? Asking for a group chat of 200 people.,open,normal,umar131@example.com,"[""surge"",""presales""]",1761,1761
TCK-SRG-00228,September?? Really?,Quoted September delivery. Summer ENDS. Explain the plan or refund me.,open,high,yosef409@example.com,"[""surge"",""wismo""]",1722,1722
TCK-SRG-00229,September?? Really?,Quoted September delivery. Summer ENDS. Explain the plan or refund me.,open,high,tina996@example.com,"[""surge"",""wismo""]",1498,1498
TCK-SRG-00230,Order status: swan,"I understand you are busy. I am simply asking for any information at all about order ORD-106310. Anything. A vibe, even.",open,normal,ingrid746@example.com,"[""wismo"",""surge""]",1518,1518
TCK-SRG-00231,Order status: swan,"I understand you are busy. I am simply asking for any information at all about order ORD-104763. Anything. A vibe, even.",open,normal,lamar807@example.com,"[""wismo"",""surge""]",1734,1734
TCK-SRG-00232,Cancel if not shipping this week,"If the Colossal Swan cannot arrive before the 14th, cancel order ORD-105359. The moment will have passed.",open,normal,curtis259@example.com,"[""surge"",""cancel""]",1896,1896
TCK-SRG-00233,September?? Really?,Quoted September delivery. Summer ENDS. Explain the plan or refund me.,open,high,fatima826@example.com,"[""surge"",""wismo""]",1478,1478
TCK-SRG-00234,Did my order go through?,Site spun for 5 minutes at checkout. Charged but no confirmation email. Did I buy a swan or donate to one?,open,normal,arthur775@example.com,"[""surge"",""billing""]",1613,1613
TCK-SRG-00235,September?? Really?,Quoted September delivery. Summer ENDS. Explain the plan or refund me.,open,high,margaret955@example.com,"[""surge"",""wismo""]",1824,1824
TCK-SRG-00236,September?? Really?,Quoted September delivery. Summer ENDS. Explain the plan or refund me.,open,high,paloma629@example.com,"[""surge"",""wismo""]",1538,1538
TCK-SRG-00237,September?? Really?,Quoted September delivery. Summer ENDS. Explain the plan or refund me.,open,high,luis893@example.com,"[""surge"",""wismo""]",1756,1756
TCK-SRG-00238,Swan restock date?,Site says backordered. When is restock? Asking for a group chat of 200 people.,open,normal,ernesto643@example.com,"[""surge"",""presales""]",1689,1689
TCK-SRG-00239,Order status: swan,"I understand you are busy. I am simply asking for any information at all about order ORD-106702. Anything. A vibe, even.",open,normal,quinn254@example.com,"[""wismo"",""surge""]",1664,1664
TCK-SRG-00240,Swan restock date?,Site says backordered. When is restock? Asking for a group chat of 200 people.,open,normal,gus480@example.com,"[""surge"",""presales""]",1738,1738
TCK-SRG-00241,Order status: swan,"I understand you are busy. I am simply asking for any information at all about order ORD-106952. Anything. A vibe, even.",open,normal,priya650@example.com,"[""wismo"",""surge""]",1379,1379
TCK-SRG-00242,September?? Really?,Quoted September delivery. Summer ENDS. Explain the plan or refund me.,open,high,dolores245@example.com,"[""surge"",""wismo""]",1638,1638
TCK-SRG-00243,Cancel if not shipping this week,"If the Colossal Swan cannot arrive before the 14th, cancel order ORD-104915. The moment will have passed.",open,normal,zoe779@example.com,"[""surge"",""cancel""]",1377,1377
TCK-SRG-00244,Swan restock date?,Site says backordered. When is restock? Asking for a group chat of 200 people.,open,normal,fatima908@example.com,"[""surge"",""presales""]",1335,1335
TCK-SRG-00245,Did my order go through?,Site spun for 5 minutes at checkout. Charged but no confirmation email. Did I buy a swan or donate to one?,open,normal,ivan324@example.com,"[""surge"",""billing""]",1790,1790
TCK-SRG-00246,September?? Really?,Quoted September delivery. Summer ENDS. Explain the plan or refund me.,open,high,ingrid598@example.com,"[""surge"",""wismo""]",1741,1741
TCK-SRG-00247,Cancel if not shipping this week,"If the Colossal Swan cannot arrive before the 14th, cancel order ORD-103389. The moment will have passed.",open,normal,keiko610@example.com,"[""surge"",""cancel""]",1427,1427
TCK-SRG-00248,WHERE IS MY SWAN,Ordered the second I saw the video. Confirmation says yesterday. Nothing since. The pool party is SUNDAY.,open,high,nadia531@example.com,"[""wismo"",""surge""]",1611,1611
TCK-SRG-00249,Cancel if not shipping this week,"If the Colossal Swan cannot arrive before the 14th, cancel order ORD-104010. The moment will have passed.",open,normal,carlos983@example.com,"[""surge"",""cancel""]",1941,1941
TCK-SRG-00250,Order status: swan,"I understand you are busy. I am simply asking for any information at all about order ORD-106381. Anything. A vibe, even.",open,normal,hannah768@example.com,"[""wismo"",""surge""]",1676,1676
TCK-SRG-00251,WHERE IS MY SWAN,Ordered the second I saw the video. Confirmation says yesterday. Nothing since. The pool party is SUNDAY.,open,high,vera343@example.com,"[""wismo"",""surge""]",1553,1553
TCK-SRG-00252,September?? Really?,Quoted September delivery. Summer ENDS. Explain the plan or refund me.,open,high,ingrid434@example.com,"[""surge"",""wismo""]",1325,1325
TCK-SRG-00253,September?? Really?,Quoted September delivery. Summer ENDS. Explain the plan or refund me.,open,high,bettye986@example.com,"[""surge"",""wismo""]",1344,1344
TCK-SRG-00254,September?? Really?,Quoted September delivery. Summer ENDS. Explain the plan or refund me.,open,high,otis916@example.com,"[""surge"",""wismo""]",1328,1328
TCK-SRG-00255,WHERE IS MY SWAN,Ordered the second I saw the video. Confirmation says yesterday. Nothing since. The pool party is SUNDAY.,open,high,bettye661@example.com,"[""wismo"",""surge""]",1575,1575
TCK-SRG-00256,Buying 30 swans for a sorority event,Can we get 30 units and a bulk discount? Flexible on color. Not flexible on date.,open,normal,pearl568@example.com,"[""surge"",""presales"",""bulk""]",1342,1342
TCK-SRG-00257,September?? Really?,Quoted September delivery. Summer ENDS. Explain the plan or refund me.,open,high,omar360@example.com,"[""surge"",""wismo""]",1472,1472
TCK-SRG-00258,Buying 30 swans for a sorority event,Can we get 30 units and a bulk discount? Flexible on color. Not flexible on date.,open,normal,ernesto458@example.com,"[""surge"",""presales"",""bulk""]",1808,1808
TCK-SRG-00259,Cancel if not shipping this week,"If the Colossal Swan cannot arrive before the 14th, cancel order ORD-106771. The moment will have passed.",open,normal,quinn228@example.com,"[""surge"",""cancel""]",1400,1400
TCK-SRG-00260,Order status: swan,"I understand you are busy. I am simply asking for any information at all about order ORD-107450. Anything. A vibe, even.",open,normal,nadia638@example.com,"[""wismo"",""surge""]",1421,1421
TCK-SRG-00261,WHERE IS MY SWAN,Ordered the second I saw the video. Confirmation says yesterday. Nothing since. The pool party is SUNDAY.,open,high,umar532@example.com,"[""wismo"",""surge""]",1354,1354
TCK-SRG-00262,Order status: swan,"I understand you are busy. I am simply asking for any information at all about order ORD-104291. Anything. A vibe, even.",open,normal,fatima459@example.com,"[""wismo"",""surge""]",1476,1476
TCK-SRG-00263,Did my order go through?,Site spun for 5 minutes at checkout. Charged but no confirmation email. Did I buy a swan or donate to one?,open,normal,tomasz464@example.com,"[""surge"",""billing""]",1320,1320
TCK-SRG-00264,Did my order go through?,Site spun for 5 minutes at checkout. Charged but no confirmation email. Did I buy a swan or donate to one?,open,normal,greg876@example.com,"[""surge"",""billing""]",1905,1905
TCK-SRG-00265,Swan restock date?,Site says backordered. When is restock? Asking for a group chat of 200 people.,open,normal,mabel707@example.com,"[""surge"",""presales""]",1938,1938
TCK-SRG-00266,Cancel if not shipping this week,"If the Colossal Swan cannot arrive before the 14th, cancel order ORD-105243. The moment will have passed.",open,normal,quinn125@example.com,"[""surge"",""cancel""]",1438,1438
TCK-SRG-00267,Swan restock date?,Site says backordered. When is restock? Asking for a group chat of 200 people.,open,normal,keiko822@example.com,"[""surge"",""presales""]",1409,1409
TCK-SRG-00268,Did my order go through?,Site spun for 5 minutes at checkout. Charged but no confirmation email. Did I buy a swan or donate to one?,open,normal,arthur886@example.com,"[""surge"",""billing""]",1686,1686
TCK-SRG-00269,Swan restock date?,Site says backordered. When is restock? Asking for a group chat of 200 people.,open,normal,carlos829@example.com,"[""surge"",""presales""]",1390,1390
TCK-SRG-00270,WHERE IS MY SWAN,Ordered the second I saw the video. Confirmation says yesterday. Nothing since. The pool party is SUNDAY.,open,high,otis162@example.com,"[""wismo"",""surge""]",1810,1810
TCK-SRG-00271,September?? Really?,Quoted September delivery. Summer ENDS. Explain the plan or refund me.,open,high,priya214@example.com,"[""surge"",""wismo""]",1391,1391
TCK-SRG-00272,Swan restock date?,Site says backordered. When is restock? Asking for a group chat of 200 people.,open,normal,zoe690@example.com,"[""surge"",""presales""]",1550,1550
TCK-SRG-00273,Buying 30 swans for a sorority event,Can we get 30 units and a bulk discount? Flexible on color. Not flexible on date.,open,normal,stan520@example.com,"[""surge"",""presales"",""bulk""]",1362,1362
TCK-SRG-00274,Swan restock date?,Site says backordered. When is restock? Asking for a group chat of 200 people.,open,normal,gus406@example.com,"[""surge"",""presales""]",1732,1732
TCK-SRG-00275,Buying 30 swans for a sorority event,Can we get 30 units and a bulk discount? Flexible on color. Not flexible on date.,open,normal,rosa749@example.com,"[""surge"",""presales"",""bulk""]",1818,1818
TCK-SRG-00276,Order status: swan,"I understand you are busy. I am simply asking for any information at all about order ORD-105331. Anything. A vibe, even.",open,normal,tomasz408@example.com,"[""wismo"",""surge""]",1535,1535
TCK-SRG-00277,Order status: swan,"I understand you are busy. I am simply asking for any information at all about order ORD-103586. Anything. A vibe, even.",open,normal,dolores519@example.com,"[""wismo"",""surge""]",1320,1320
TCK-SRG-00278,September?? Really?,Quoted September delivery. Summer ENDS. Explain the plan or refund me.,open,high,curtis453@example.com,"[""surge"",""wismo""]",1922,1922
TCK-SRG-00279,Swan restock date?,Site says backordered. When is restock? Asking for a group chat of 200 people.,open,normal,dolores302@example.com,"[""surge"",""presales""]",1497,1497
TCK-SRG-00280,Buying 30 swans for a sorority event,Can we get 30 units and a bulk discount? Flexible on color. Not flexible on date.,solved,normal,jamal649@example.com,"[""surge"",""presales"",""bulk""]",1839,1839
TCK-SRG-00281,September?? Really?,Quoted September delivery. Summer ENDS. Explain the plan or refund me.,open,high,yosef478@example.com,"[""surge"",""wismo""]",1896,1896
TCK-SRG-00282,Buying 30 swans for a sorority event,Can we get 30 units and a bulk discount? Flexible on color. Not flexible on date.,open,normal,hannah494@example.com,"[""surge"",""presales"",""bulk""]",1446,1446
TCK-SRG-00283,Cancel if not shipping this week,"If the Colossal Swan cannot arrive before the 14th, cancel order ORD-104452. The moment will have passed.",open,normal,mabel133@example.com,"[""surge"",""cancel""]",1801,1801
TCK-SRG-00284,Buying 30 swans for a sorority event,Can we get 30 units and a bulk discount? Flexible on color. Not flexible on date.,open,normal,paloma976@example.com,"[""surge"",""presales"",""bulk""]",1880,1880
TCK-SRG-00285,Buying 30 swans for a sorority event,Can we get 30 units and a bulk discount? Flexible on color. Not flexible on date.,open,normal,quinn968@example.com,"[""surge"",""presales"",""bulk""]",1471,1471
TCK-SRG-00286,Buying 30 swans for a sorority event,Can we get 30 units and a bulk discount? Flexible on color. Not flexible on date.,open,normal,luis634@example.com,"[""surge"",""presales"",""bulk""]",1746,1746
TCK-SRG-00287,WHERE IS MY SWAN,Ordered the second I saw the video. Confirmation says yesterday. Nothing since. The pool party is SUNDAY.,open,high,carlos719@example.com,"[""wismo"",""surge""]",1344,1344
TCK-SRG-00288,Cancel if not shipping this week,"If the Colossal Swan cannot arrive before the 14th, cancel order ORD-104381. The moment will have passed.",open,normal,luis594@example.com,"[""surge"",""cancel""]",1740,1740
TCK-SRG-00289,September?? Really?,Quoted September delivery. Summer ENDS. Explain the plan or refund me.,open,high,yuki703@example.com,"[""surge"",""wismo""]",1624,1624
TCK-SRG-00290,Swan restock date?,Site says backordered. When is restock? Asking for a group chat of 200 people.,open,normal,kitty293@example.com,"[""surge"",""presales""]",1517,1517
TCK-SRG-00291,Swan restock date?,Site says backordered. When is restock? Asking for a group chat of 200 people.,open,normal,lamar170@example.com,"[""surge"",""presales""]",1733,1733
TCK-SRG-00292,Did my order go through?,Site spun for 5 minutes at checkout. Charged but no confirmation email. Did I buy a swan or donate to one?,open,normal,gus244@example.com,"[""surge"",""billing""]",1727,1727
TCK-SRG-00293,Swan restock date?,Site says backordered. When is restock? Asking for a group chat of 200 people.,open,normal,ernesto857@example.com,"[""surge"",""presales""]",1444,1444
TCK-SRG-00294,Did my order go through?,Site spun for 5 minutes at checkout. Charged but no confirmation email. Did I buy a swan or donate to one?,open,normal,zoe616@example.com,"[""surge"",""billing""]",1717,1717
TCK-SRG-00295,Swan restock date?,Site says backordered. When is restock? Asking for a group chat of 200 people.,open,normal,fatima244@example.com,"[""surge"",""presales""]",1427,1427
TCK-SRG-00296,WHERE IS MY SWAN,Ordered the second I saw the video. Confirmation says yesterday. Nothing since. The pool party is SUNDAY.,open,high,dolores901@example.com,"[""wismo"",""surge""]",1746,1746
TCK-SRG-00297,Swan restock date?,Site says backordered. When is restock? Asking for a group chat of 200 people.,open,normal,greg417@example.com,"[""surge"",""presales""]",1894,1894
TCK-SRG-00298,Cancel if not shipping this week,"If the Colossal Swan cannot arrive before the 14th, cancel order ORD-106846. The moment will have passed.",open,normal,ray313@example.com,"[""surge"",""cancel""]",1378,1378
TCK-SRG-00299,Swan restock date?,Site says backordered. When is restock? Asking for a group chat of 200 people.,open,normal,ernesto573@example.com,"[""surge"",""presales""]",1677,1677
TCK-SRG-00300,Cancel if not shipping this week,"If the Colossal Swan cannot arrive before the 14th, cancel order ORD-103458. The moment will have passed.",open,normal,chen498@example.com,"[""surge"",""cancel""]",1579,1579
TCK-SRG-00301,WHERE IS MY SWAN,Ordered the second I saw the video. Confirmation says yesterday. Nothing since. The pool party is SUNDAY.,open,high,umar531@example.com,"[""wismo"",""surge""]",1419,1419
TCK-SRG-00302,Order status: swan,"I understand you are busy. I am simply asking for any information at all about order ORD-104567. Anything. A vibe, even.",open,normal,arthur849@example.com,"[""wismo"",""surge""]",1737,1737
TCK-SRG-00303,WHERE IS MY SWAN,Ordered the second I saw the video. Confirmation says yesterday. Nothing since. The pool party is SUNDAY.,open,high,greg552@example.com,"[""wismo"",""surge""]",1325,1325
TCK-SRG-00304,Cancel if not shipping this week,"If the Colossal Swan cannot arrive before the 14th, cancel order ORD-105392. The moment will have passed.",open,normal,carlos144@example.com,"[""surge"",""cancel""]",1585,1585
TCK-SRG-00305,Order status: swan,"I understand you are busy. I am simply asking for any information at all about order ORD-106535. Anything. A vibe, even.",open,normal,wes621@example.com,"[""wismo"",""surge""]",1734,1734
TCK-SRG-00306,Did my order go through?,Site spun for 5 minutes at checkout. Charged but no confirmation email. Did I buy a swan or donate to one?,open,normal,mabel772@example.com,"[""surge"",""billing""]",1618,1618
TCK-SRG-00307,September?? Really?,Quoted September delivery. Summer ENDS. Explain the plan or refund me.,solved,high,hannah734@example.com,"[""surge"",""wismo""]",1591,1591
TCK-SRG-00308,Swan restock date?,Site says backordered. When is restock? Asking for a group chat of 200 people.,open,normal,yosef300@example.com,"[""surge"",""presales""]",1650,1650
TCK-SRG-00309,Buying 30 swans for a sorority event,Can we get 30 units and a bulk discount? Flexible on color. Not flexible on date.,open,normal,ray396@example.com,"[""surge"",""presales"",""bulk""]",1331,1331
TCK-SRG-00310,WHERE IS MY SWAN,Ordered the second I saw the video. Confirmation says yesterday. Nothing since. The pool party is SUNDAY.,open,high,luis395@example.com,"[""wismo"",""surge""]",1925,1925
TCK-SRG-00311,Order status: swan,"I understand you are busy. I am simply asking for any information at all about order ORD-104040. Anything. A vibe, even.",open,normal,dolores866@example.com,"[""wismo"",""surge""]",1935,1935
TCK-SRG-00312,Buying 30 swans for a sorority event,Can we get 30 units and a bulk discount? Flexible on color. Not flexible on date.,open,normal,wes578@example.com,"[""surge"",""presales"",""bulk""]",1502,1502
TCK-SRG-00313,Order status: swan,"I understand you are busy. I am simply asking for any information at all about order ORD-103763. Anything. A vibe, even.",open,normal,paloma131@example.com,"[""wismo"",""surge""]",1819,1819
TCK-SRG-00314,WHERE IS MY SWAN,Ordered the second I saw the video. Confirmation says yesterday. Nothing since. The pool party is SUNDAY.,open,high,ingrid638@example.com,"[""wismo"",""surge""]",1614,1614
TCK-SRG-00315,Swan restock date?,Site says backordered. When is restock? Asking for a group chat of 200 people.,open,normal,bob767@example.com,"[""surge"",""presales""]",1664,1664
TCK-SRG-00316,Cancel if not shipping this week,"If the Colossal Swan cannot arrive before the 14th, cancel order ORD-104067. The moment will have passed.",solved,normal,dolores411@example.com,"[""surge"",""cancel""]",1420,1420
TCK-SRG-00317,WHERE IS MY SWAN,Ordered the second I saw the video. Confirmation says yesterday. Nothing since. The pool party is SUNDAY.,open,high,dolores305@example.com,"[""wismo"",""surge""]",1718,1718
TCK-SRG-00318,Did my order go through?,Site spun for 5 minutes at checkout. Charged but no confirmation email. Did I buy a swan or donate to one?,open,normal,fatima157@example.com,"[""surge"",""billing""]",1938,1938
TCK-SRG-00319,Did my order go through?,Site spun for 5 minutes at checkout. Charged but no confirmation email. Did I buy a swan or donate to one?,open,normal,flo905@example.com,"[""surge"",""billing""]",1858,1858
TCK-SRG-00320,Order status: swan,"I understand you are busy. I am simply asking for any information at all about order ORD-107075. Anything. A vibe, even.",open,normal,dolores177@example.com,"[""wismo"",""surge""]",1331,1331
TCK-SRG-00429,Swan restock date?,Site says backordered. When is restock? Asking for a group chat of 200 people.,open,normal,rosa244@example.com,"[""surge"",""presales""]",1527,1527
TCK-SRG-00321,Cancel if not shipping this week,"If the Colossal Swan cannot arrive before the 14th, cancel order ORD-105275. The moment will have passed.",open,normal,tomasz786@example.com,"[""surge"",""cancel""]",1476,1476
TCK-SRG-00322,Did my order go through?,Site spun for 5 minutes at checkout. Charged but no confirmation email. Did I buy a swan or donate to one?,open,normal,priya810@example.com,"[""surge"",""billing""]",1700,1700
TCK-SRG-00323,Swan restock date?,Site says backordered. When is restock? Asking for a group chat of 200 people.,open,normal,jamal565@example.com,"[""surge"",""presales""]",1696,1696
TCK-SRG-00324,September?? Really?,Quoted September delivery. Summer ENDS. Explain the plan or refund me.,open,high,jamal811@example.com,"[""surge"",""wismo""]",1941,1941
TCK-SRG-00325,WHERE IS MY SWAN,Ordered the second I saw the video. Confirmation says yesterday. Nothing since. The pool party is SUNDAY.,open,high,quinn860@example.com,"[""wismo"",""surge""]",1544,1544
TCK-SRG-00326,Swan restock date?,Site says backordered. When is restock? Asking for a group chat of 200 people.,solved,normal,chen650@example.com,"[""surge"",""presales""]",1486,1486
TCK-SRG-00327,September?? Really?,Quoted September delivery. Summer ENDS. Explain the plan or refund me.,open,high,omar569@example.com,"[""surge"",""wismo""]",1564,1564
TCK-SRG-00328,Order status: swan,"I understand you are busy. I am simply asking for any information at all about order ORD-107486. Anything. A vibe, even.",open,normal,lamar142@example.com,"[""wismo"",""surge""]",1366,1366
TCK-SRG-00329,Buying 30 swans for a sorority event,Can we get 30 units and a bulk discount? Flexible on color. Not flexible on date.,open,normal,stan674@example.com,"[""surge"",""presales"",""bulk""]",1444,1444
TCK-SRG-00330,Swan restock date?,Site says backordered. When is restock? Asking for a group chat of 200 people.,open,normal,tina496@example.com,"[""surge"",""presales""]",1896,1896
TCK-SRG-00331,Cancel if not shipping this week,"If the Colossal Swan cannot arrive before the 14th, cancel order ORD-107875. The moment will have passed.",open,normal,aisha301@example.com,"[""surge"",""cancel""]",1436,1436
TCK-SRG-00332,Swan restock date?,Site says backordered. When is restock? Asking for a group chat of 200 people.,open,normal,zoe819@example.com,"[""surge"",""presales""]",1426,1426
TCK-SRG-00333,Buying 30 swans for a sorority event,Can we get 30 units and a bulk discount? Flexible on color. Not flexible on date.,open,normal,vera436@example.com,"[""surge"",""presales"",""bulk""]",1404,1404
TCK-SRG-00334,WHERE IS MY SWAN,Ordered the second I saw the video. Confirmation says yesterday. Nothing since. The pool party is SUNDAY.,open,high,ximena318@example.com,"[""wismo"",""surge""]",1762,1762
TCK-SRG-00335,WHERE IS MY SWAN,Ordered the second I saw the video. Confirmation says yesterday. Nothing since. The pool party is SUNDAY.,open,high,fatima436@example.com,"[""wismo"",""surge""]",1906,1906
TCK-SRG-00336,Buying 30 swans for a sorority event,Can we get 30 units and a bulk discount? Flexible on color. Not flexible on date.,open,normal,zoe388@example.com,"[""surge"",""presales"",""bulk""]",1719,1719
TCK-SRG-00337,Cancel if not shipping this week,"If the Colossal Swan cannot arrive before the 14th, cancel order ORD-104454. The moment will have passed.",open,normal,bob219@example.com,"[""surge"",""cancel""]",1477,1477
TCK-SRG-00338,Buying 30 swans for a sorority event,Can we get 30 units and a bulk discount? Flexible on color. Not flexible on date.,open,normal,flo248@example.com,"[""surge"",""presales"",""bulk""]",1645,1645
TCK-SRG-00339,Swan restock date?,Site says backordered. When is restock? Asking for a group chat of 200 people.,open,normal,stan915@example.com,"[""surge"",""presales""]",1583,1583
TCK-SRG-00340,Swan restock date?,Site says backordered. When is restock? Asking for a group chat of 200 people.,open,normal,ernesto453@example.com,"[""surge"",""presales""]",1456,1456
TCK-SRG-00341,Swan restock date?,Site says backordered. When is restock? Asking for a group chat of 200 people.,open,normal,lamar780@example.com,"[""surge"",""presales""]",1936,1936
TCK-SRG-00342,WHERE IS MY SWAN,Ordered the second I saw the video. Confirmation says yesterday. Nothing since. The pool party is SUNDAY.,open,high,omar530@example.com,"[""wismo"",""surge""]",1729,1729
TCK-SRG-00343,Order status: swan,"I understand you are busy. I am simply asking for any information at all about order ORD-107670. Anything. A vibe, even.",open,normal,kitty767@example.com,"[""wismo"",""surge""]",1444,1444
TCK-SRG-00344,Swan restock date?,Site says backordered. When is restock? Asking for a group chat of 200 people.,open,normal,rosa727@example.com,"[""surge"",""presales""]",1496,1496
TCK-SRG-00345,Did my order go through?,Site spun for 5 minutes at checkout. Charged but no confirmation email. Did I buy a swan or donate to one?,solved,normal,rosa914@example.com,"[""surge"",""billing""]",1320,1320
TCK-SRG-00346,Cancel if not shipping this week,"If the Colossal Swan cannot arrive before the 14th, cancel order ORD-103401. The moment will have passed.",open,normal,yosef533@example.com,"[""surge"",""cancel""]",1896,1896
TCK-SRG-00347,Swan restock date?,Site says backordered. When is restock? Asking for a group chat of 200 people.,open,normal,flo442@example.com,"[""surge"",""presales""]",1634,1634
TCK-SRG-00348,Buying 30 swans for a sorority event,Can we get 30 units and a bulk discount? Flexible on color. Not flexible on date.,open,normal,kitty687@example.com,"[""surge"",""presales"",""bulk""]",1548,1548
TCK-SRG-00349,September?? Really?,Quoted September delivery. Summer ENDS. Explain the plan or refund me.,open,high,jamal740@example.com,"[""surge"",""wismo""]",1897,1897
TCK-SRG-00350,Cancel if not shipping this week,"If the Colossal Swan cannot arrive before the 14th, cancel order ORD-103742. The moment will have passed.",open,normal,greg839@example.com,"[""surge"",""cancel""]",1725,1725
TCK-SRG-00351,Buying 30 swans for a sorority event,Can we get 30 units and a bulk discount? Flexible on color. Not flexible on date.,open,normal,aisha327@example.com,"[""surge"",""presales"",""bulk""]",1643,1643
TCK-SRG-00352,WHERE IS MY SWAN,Ordered the second I saw the video. Confirmation says yesterday. Nothing since. The pool party is SUNDAY.,open,high,stan834@example.com,"[""wismo"",""surge""]",1867,1867
TCK-SRG-00353,Order status: swan,"I understand you are busy. I am simply asking for any information at all about order ORD-103058. Anything. A vibe, even.",open,normal,bettye488@example.com,"[""wismo"",""surge""]",1549,1549
TCK-SRG-00354,Cancel if not shipping this week,"If the Colossal Swan cannot arrive before the 14th, cancel order ORD-104120. The moment will have passed.",open,normal,tomasz953@example.com,"[""surge"",""cancel""]",1881,1881
TCK-SRG-00355,Order status: swan,"I understand you are busy. I am simply asking for any information at all about order ORD-105429. Anything. A vibe, even.",open,normal,ernesto529@example.com,"[""wismo"",""surge""]",1405,1405
TCK-SRG-00356,September?? Really?,Quoted September delivery. Summer ENDS. Explain the plan or refund me.,open,high,curtis122@example.com,"[""surge"",""wismo""]",1392,1392
TCK-SRG-00357,Did my order go through?,Site spun for 5 minutes at checkout. Charged but no confirmation email. Did I buy a swan or donate to one?,open,normal,chen282@example.com,"[""surge"",""billing""]",1540,1540
TCK-SRG-00358,September?? Really?,Quoted September delivery. Summer ENDS. Explain the plan or refund me.,open,high,harriet122@example.com,"[""surge"",""wismo""]",1468,1468
TCK-SRG-00359,Did my order go through?,Site spun for 5 minutes at checkout. Charged but no confirmation email. Did I buy a swan or donate to one?,open,normal,ximena852@example.com,"[""surge"",""billing""]",1724,1724
TCK-SRG-00360,September?? Really?,Quoted September delivery. Summer ENDS. Explain the plan or refund me.,open,high,mabel737@example.com,"[""surge"",""wismo""]",1388,1388
TCK-SRG-00361,Swan restock date?,Site says backordered. When is restock? Asking for a group chat of 200 people.,open,normal,linda702@example.com,"[""surge"",""presales""]",1471,1471
TCK-SRG-00362,Buying 30 swans for a sorority event,Can we get 30 units and a bulk discount? Flexible on color. Not flexible on date.,open,normal,margaret919@example.com,"[""surge"",""presales"",""bulk""]",1631,1631
TCK-SRG-00363,Buying 30 swans for a sorority event,Can we get 30 units and a bulk discount? Flexible on color. Not flexible on date.,open,normal,vera614@example.com,"[""surge"",""presales"",""bulk""]",1616,1616
TCK-SRG-00364,Order status: swan,"I understand you are busy. I am simply asking for any information at all about order ORD-103346. Anything. A vibe, even.",open,normal,flo129@example.com,"[""wismo"",""surge""]",1886,1886
TCK-SRG-00365,WHERE IS MY SWAN,Ordered the second I saw the video. Confirmation says yesterday. Nothing since. The pool party is SUNDAY.,open,high,mabel547@example.com,"[""wismo"",""surge""]",1325,1325
TCK-SRG-00366,Buying 30 swans for a sorority event,Can we get 30 units and a bulk discount? Flexible on color. Not flexible on date.,open,normal,yosef388@example.com,"[""surge"",""presales"",""bulk""]",1377,1377
TCK-SRG-00367,September?? Really?,Quoted September delivery. Summer ENDS. Explain the plan or refund me.,open,high,jamal787@example.com,"[""surge"",""wismo""]",1726,1726
TCK-SRG-00368,September?? Really?,Quoted September delivery. Summer ENDS. Explain the plan or refund me.,open,high,harriet506@example.com,"[""surge"",""wismo""]",1608,1608
TCK-SRG-00369,Did my order go through?,Site spun for 5 minutes at checkout. Charged but no confirmation email. Did I buy a swan or donate to one?,open,normal,zoe152@example.com,"[""surge"",""billing""]",1683,1683
TCK-SRG-00370,Swan restock date?,Site says backordered. When is restock? Asking for a group chat of 200 people.,open,normal,harriet211@example.com,"[""surge"",""presales""]",1544,1544
TCK-SRG-00371,September?? Really?,Quoted September delivery. Summer ENDS. Explain the plan or refund me.,open,high,mabel799@example.com,"[""surge"",""wismo""]",1898,1898
TCK-SRG-00372,WHERE IS MY SWAN,Ordered the second I saw the video. Confirmation says yesterday. Nothing since. The pool party is SUNDAY.,open,high,nellie333@example.com,"[""wismo"",""surge""]",1666,1666
TCK-SRG-00373,WHERE IS MY SWAN,Ordered the second I saw the video. Confirmation says yesterday. Nothing since. The pool party is SUNDAY.,open,high,margaret362@example.com,"[""wismo"",""surge""]",1586,1586
TCK-SRG-00374,September?? Really?,Quoted September delivery. Summer ENDS. Explain the plan or refund me.,solved,high,aisha490@example.com,"[""surge"",""wismo""]",1568,1568
TCK-SRG-00375,WHERE IS MY SWAN,Ordered the second I saw the video. Confirmation says yesterday. Nothing since. The pool party is SUNDAY.,open,high,stan158@example.com,"[""wismo"",""surge""]",1738,1738
TCK-SRG-00376,Did my order go through?,Site spun for 5 minutes at checkout. Charged but no confirmation email. Did I buy a swan or donate to one?,open,normal,ernesto978@example.com,"[""surge"",""billing""]",1688,1688
TCK-SRG-00377,Did my order go through?,Site spun for 5 minutes at checkout. Charged but no confirmation email. Did I buy a swan or donate to one?,open,normal,stan621@example.com,"[""surge"",""billing""]",1559,1559
TCK-SRG-00378,WHERE IS MY SWAN,Ordered the second I saw the video. Confirmation says yesterday. Nothing since. The pool party is SUNDAY.,open,high,margaret601@example.com,"[""wismo"",""surge""]",1593,1593
TCK-SRG-00379,Order status: swan,"I understand you are busy. I am simply asking for any information at all about order ORD-104908. Anything. A vibe, even.",open,normal,harriet378@example.com,"[""wismo"",""surge""]",1552,1552
TCK-SRG-00380,Order status: swan,"I understand you are busy. I am simply asking for any information at all about order ORD-103724. Anything. A vibe, even.",open,normal,mabel181@example.com,"[""wismo"",""surge""]",1578,1578
TCK-SRG-00381,September?? Really?,Quoted September delivery. Summer ENDS. Explain the plan or refund me.,open,high,keiko502@example.com,"[""surge"",""wismo""]",1775,1775
TCK-SRG-00382,September?? Really?,Quoted September delivery. Summer ENDS. Explain the plan or refund me.,open,high,tina147@example.com,"[""surge"",""wismo""]",1508,1508
TCK-SRG-00383,WHERE IS MY SWAN,Ordered the second I saw the video. Confirmation says yesterday. Nothing since. The pool party is SUNDAY.,open,high,keiko610@example.com,"[""wismo"",""surge""]",1851,1851
TCK-SRG-00384,WHERE IS MY SWAN,Ordered the second I saw the video. Confirmation says yesterday. Nothing since. The pool party is SUNDAY.,open,high,ray299@example.com,"[""wismo"",""surge""]",1894,1894
TCK-SRG-00385,Cancel if not shipping this week,"If the Colossal Swan cannot arrive before the 14th, cancel order ORD-106844. The moment will have passed.",open,normal,quinn137@example.com,"[""surge"",""cancel""]",1860,1860
TCK-SRG-00386,WHERE IS MY SWAN,Ordered the second I saw the video. Confirmation says yesterday. Nothing since. The pool party is SUNDAY.,open,high,nadia974@example.com,"[""wismo"",""surge""]",1729,1729
TCK-SRG-00387,September?? Really?,Quoted September delivery. Summer ENDS. Explain the plan or refund me.,open,high,paloma968@example.com,"[""surge"",""wismo""]",1370,1370
TCK-SRG-00388,Cancel if not shipping this week,"If the Colossal Swan cannot arrive before the 14th, cancel order ORD-103590. The moment will have passed.",open,normal,bob561@example.com,"[""surge"",""cancel""]",1937,1937
TCK-SRG-00389,Did my order go through?,Site spun for 5 minutes at checkout. Charged but no confirmation email. Did I buy a swan or donate to one?,open,normal,ray108@example.com,"[""surge"",""billing""]",1735,1735
TCK-SRG-00390,Did my order go through?,Site spun for 5 minutes at checkout. Charged but no confirmation email. Did I buy a swan or donate to one?,open,normal,tomasz369@example.com,"[""surge"",""billing""]",1455,1455
TCK-SRG-00391,Swan restock date?,Site says backordered. When is restock? Asking for a group chat of 200 people.,open,normal,yuki934@example.com,"[""surge"",""presales""]",1633,1633
TCK-SRG-00392,Order status: swan,"I understand you are busy. I am simply asking for any information at all about order ORD-104954. Anything. A vibe, even.",open,normal,ernesto840@example.com,"[""wismo"",""surge""]",1447,1447
TCK-SRG-00393,Buying 30 swans for a sorority event,Can we get 30 units and a bulk discount? Flexible on color. Not flexible on date.,open,normal,umar205@example.com,"[""surge"",""presales"",""bulk""]",1757,1757
TCK-SRG-00394,WHERE IS MY SWAN,Ordered the second I saw the video. Confirmation says yesterday. Nothing since. The pool party is SUNDAY.,open,high,greg654@example.com,"[""wismo"",""surge""]",1630,1630
TCK-SRG-00395,Swan restock date?,Site says backordered. When is restock? Asking for a group chat of 200 people.,open,normal,deshawn406@example.com,"[""surge"",""presales""]",1643,1643
TCK-SRG-00396,Cancel if not shipping this week,"If the Colossal Swan cannot arrive before the 14th, cancel order ORD-104675. The moment will have passed.",open,normal,mabel488@example.com,"[""surge"",""cancel""]",1371,1371
TCK-SRG-00397,Buying 30 swans for a sorority event,Can we get 30 units and a bulk discount? Flexible on color. Not flexible on date.,open,normal,ingrid660@example.com,"[""surge"",""presales"",""bulk""]",1483,1483
TCK-SRG-00398,September?? Really?,Quoted September delivery. Summer ENDS. Explain the plan or refund me.,open,high,greg903@example.com,"[""surge"",""wismo""]",1662,1662
TCK-SRG-00399,September?? Really?,Quoted September delivery. Summer ENDS. Explain the plan or refund me.,open,high,ray906@example.com,"[""surge"",""wismo""]",1693,1693
TCK-SRG-00400,Buying 30 swans for a sorority event,Can we get 30 units and a bulk discount? Flexible on color. Not flexible on date.,open,normal,fatima127@example.com,"[""surge"",""presales"",""bulk""]",1941,1941
TCK-SRG-00401,Buying 30 swans for a sorority event,Can we get 30 units and a bulk discount? Flexible on color. Not flexible on date.,open,normal,ernesto551@example.com,"[""surge"",""presales"",""bulk""]",1924,1924
TCK-SRG-00402,Cancel if not shipping this week,"If the Colossal Swan cannot arrive before the 14th, cancel order ORD-107865. The moment will have passed.",open,normal,jamal131@example.com,"[""surge"",""cancel""]",1599,1599
TCK-SRG-00403,Order status: swan,"I understand you are busy. I am simply asking for any information at all about order ORD-106323. Anything. A vibe, even.",open,normal,harriet921@example.com,"[""wismo"",""surge""]",1710,1710
TCK-SRG-00404,Cancel if not shipping this week,"If the Colossal Swan cannot arrive before the 14th, cancel order ORD-107621. The moment will have passed.",open,normal,paloma471@example.com,"[""surge"",""cancel""]",1468,1468
TCK-SRG-00405,Did my order go through?,Site spun for 5 minutes at checkout. Charged but no confirmation email. Did I buy a swan or donate to one?,open,normal,bob690@example.com,"[""surge"",""billing""]",1908,1908
TCK-SRG-00406,Cancel if not shipping this week,"If the Colossal Swan cannot arrive before the 14th, cancel order ORD-107899. The moment will have passed.",solved,normal,harriet284@example.com,"[""surge"",""cancel""]",1824,1824
TCK-SRG-00407,Buying 30 swans for a sorority event,Can we get 30 units and a bulk discount? Flexible on color. Not flexible on date.,open,normal,bettye765@example.com,"[""surge"",""presales"",""bulk""]",1418,1418
TCK-SRG-00408,Cancel if not shipping this week,"If the Colossal Swan cannot arrive before the 14th, cancel order ORD-106555. The moment will have passed.",open,normal,tina541@example.com,"[""surge"",""cancel""]",1937,1937
TCK-SRG-00409,Buying 30 swans for a sorority event,Can we get 30 units and a bulk discount? Flexible on color. Not flexible on date.,open,normal,deshawn465@example.com,"[""surge"",""presales"",""bulk""]",1422,1422
TCK-SRG-00410,Did my order go through?,Site spun for 5 minutes at checkout. Charged but no confirmation email. Did I buy a swan or donate to one?,open,normal,arthur827@example.com,"[""surge"",""billing""]",1512,1512
TCK-SRG-00411,Swan restock date?,Site says backordered. When is restock? Asking for a group chat of 200 people.,open,normal,harriet310@example.com,"[""surge"",""presales""]",1912,1912
TCK-SRG-00412,WHERE IS MY SWAN,Ordered the second I saw the video. Confirmation says yesterday. Nothing since. The pool party is SUNDAY.,open,high,vera687@example.com,"[""wismo"",""surge""]",1907,1907
TCK-SRG-00413,Did my order go through?,Site spun for 5 minutes at checkout. Charged but no confirmation email. Did I buy a swan or donate to one?,open,normal,harriet671@example.com,"[""surge"",""billing""]",1416,1416
TCK-SRG-00414,WHERE IS MY SWAN,Ordered the second I saw the video. Confirmation says yesterday. Nothing since. The pool party is SUNDAY.,open,high,arthur712@example.com,"[""wismo"",""surge""]",1529,1529
TCK-SRG-00415,Order status: swan,"I understand you are busy. I am simply asking for any information at all about order ORD-104865. Anything. A vibe, even.",open,normal,dolores398@example.com,"[""wismo"",""surge""]",1699,1699
TCK-SRG-00416,Buying 30 swans for a sorority event,Can we get 30 units and a bulk discount? Flexible on color. Not flexible on date.,open,normal,margaret853@example.com,"[""surge"",""presales"",""bulk""]",1864,1864
TCK-SRG-00417,WHERE IS MY SWAN,Ordered the second I saw the video. Confirmation says yesterday. Nothing since. The pool party is SUNDAY.,open,high,linda547@example.com,"[""wismo"",""surge""]",1715,1715
TCK-SRG-00418,Did my order go through?,Site spun for 5 minutes at checkout. Charged but no confirmation email. Did I buy a swan or donate to one?,open,normal,umar790@example.com,"[""surge"",""billing""]",1876,1876
TCK-SRG-00419,September?? Really?,Quoted September delivery. Summer ENDS. Explain the plan or refund me.,open,high,luis920@example.com,"[""surge"",""wismo""]",1395,1395
TCK-SRG-00420,Buying 30 swans for a sorority event,Can we get 30 units and a bulk discount? Flexible on color. Not flexible on date.,open,normal,mabel811@example.com,"[""surge"",""presales"",""bulk""]",1658,1658
TCK-SRG-00421,Order status: swan,"I understand you are busy. I am simply asking for any information at all about order ORD-105870. Anything. A vibe, even.",open,normal,greg722@example.com,"[""wismo"",""surge""]",1691,1691
TCK-SRG-00422,WHERE IS MY SWAN,Ordered the second I saw the video. Confirmation says yesterday. Nothing since. The pool party is SUNDAY.,open,high,arthur948@example.com,"[""wismo"",""surge""]",1918,1918
TCK-SRG-00423,Buying 30 swans for a sorority event,Can we get 30 units and a bulk discount? Flexible on color. Not flexible on date.,open,normal,bob191@example.com,"[""surge"",""presales"",""bulk""]",1401,1401
TCK-SRG-00424,Order status: swan,"I understand you are busy. I am simply asking for any information at all about order ORD-106501. Anything. A vibe, even.",open,normal,linda703@example.com,"[""wismo"",""surge""]",1873,1873
TCK-SRG-00425,WHERE IS MY SWAN,Ordered the second I saw the video. Confirmation says yesterday. Nothing since. The pool party is SUNDAY.,open,high,nellie868@example.com,"[""wismo"",""surge""]",1833,1833
TCK-SRG-00426,Did my order go through?,Site spun for 5 minutes at checkout. Charged but no confirmation email. Did I buy a swan or donate to one?,open,normal,linda349@example.com,"[""surge"",""billing""]",1551,1551
TCK-SRG-00427,Order status: swan,"I understand you are busy. I am simply asking for any information at all about order ORD-107560. Anything. A vibe, even.",open,normal,ernesto830@example.com,"[""wismo"",""surge""]",1473,1473
TCK-SRG-00430,Cancel if not shipping this week,"If the Colossal Swan cannot arrive before the 14th, cancel order ORD-106476. The moment will have passed.",open,normal,keiko998@example.com,"[""surge"",""cancel""]",1632,1632
TCK-SRG-00431,Did my order go through?,Site spun for 5 minutes at checkout. Charged but no confirmation email. Did I buy a swan or donate to one?,open,normal,gus970@example.com,"[""surge"",""billing""]",1907,1907
TCK-SRG-00432,Cancel if not shipping this week,"If the Colossal Swan cannot arrive before the 14th, cancel order ORD-106490. The moment will have passed.",open,normal,harriet199@example.com,"[""surge"",""cancel""]",1767,1767
TCK-SRG-00433,WHERE IS MY SWAN,Ordered the second I saw the video. Confirmation says yesterday. Nothing since. The pool party is SUNDAY.,open,high,pearl578@example.com,"[""wismo"",""surge""]",1361,1361
TCK-SRG-00434,WHERE IS MY SWAN,Ordered the second I saw the video. Confirmation says yesterday. Nothing since. The pool party is SUNDAY.,open,high,priya452@example.com,"[""wismo"",""surge""]",1710,1710
TCK-SRG-00435,WHERE IS MY SWAN,Ordered the second I saw the video. Confirmation says yesterday. Nothing since. The pool party is SUNDAY.,solved,high,gus584@example.com,"[""wismo"",""surge""]",1875,1875
TCK-SRG-00436,Did my order go through?,Site spun for 5 minutes at checkout. Charged but no confirmation email. Did I buy a swan or donate to one?,solved,normal,umar252@example.com,"[""surge"",""billing""]",1845,1845
TCK-SRG-00437,September?? Really?,Quoted September delivery. Summer ENDS. Explain the plan or refund me.,open,high,chen983@example.com,"[""surge"",""wismo""]",1623,1623
TCK-SRG-00438,Swan restock date?,Site says backordered. When is restock? Asking for a group chat of 200 people.,open,normal,luis326@example.com,"[""surge"",""presales""]",1462,1462
TCK-SRG-00439,Swan restock date?,Site says backordered. When is restock? Asking for a group chat of 200 people.,open,normal,ivan682@example.com,"[""surge"",""presales""]",1616,1616
TCK-SRG-00440,September?? Really?,Quoted September delivery. Summer ENDS. Explain the plan or refund me.,open,high,deshawn910@example.com,"[""surge"",""wismo""]",1466,1466
TCK-SRG-00441,September?? Really?,Quoted September delivery. Summer ENDS. Explain the plan or refund me.,open,high,curtis485@example.com,"[""surge"",""wismo""]",1662,1662
TCK-SRG-00442,Did my order go through?,Site spun for 5 minutes at checkout. Charged but no confirmation email. Did I buy a swan or donate to one?,open,normal,wes874@example.com,"[""surge"",""billing""]",1618,1618
TCK-SRG-00443,Buying 30 swans for a sorority event,Can we get 30 units and a bulk discount? Flexible on color. Not flexible on date.,open,normal,tomasz993@example.com,"[""surge"",""presales"",""bulk""]",1771,1771
TCK-SRG-00444,September?? Really?,Quoted September delivery. Summer ENDS. Explain the plan or refund me.,open,high,ray433@example.com,"[""surge"",""wismo""]",1414,1414
TCK-SRG-00445,Cancel if not shipping this week,"If the Colossal Swan cannot arrive before the 14th, cancel order ORD-104967. The moment will have passed.",open,normal,luis343@example.com,"[""surge"",""cancel""]",1346,1346
TCK-SRG-00446,September?? Really?,Quoted September delivery. Summer ENDS. Explain the plan or refund me.,open,high,hannah775@example.com,"[""surge"",""wismo""]",1496,1496
TCK-SRG-00447,Swan restock date?,Site says backordered. When is restock? Asking for a group chat of 200 people.,open,normal,yuki205@example.com,"[""surge"",""presales""]",1591,1591
TCK-SRG-00448,September?? Really?,Quoted September delivery. Summer ENDS. Explain the plan or refund me.,open,high,umar869@example.com,"[""surge"",""wismo""]",1814,1814
TCK-SRG-00449,Cancel if not shipping this week,"If the Colossal Swan cannot arrive before the 14th, cancel order ORD-104992. The moment will have passed.",open,normal,margaret425@example.com,"[""surge"",""cancel""]",1675,1675
TCK-SRG-00450,Cancel if not shipping this week,"If the Colossal Swan cannot arrive before the 14th, cancel order ORD-107698. The moment will have passed.",open,normal,keiko353@example.com,"[""surge"",""cancel""]",1331,1331
TCK-SRG-00451,WHERE IS MY SWAN,Ordered the second I saw the video. Confirmation says yesterday. Nothing since. The pool party is SUNDAY.,open,high,luis773@example.com,"[""wismo"",""surge""]",1539,1539
TCK-SRG-00452,Cancel if not shipping this week,"If the Colossal Swan cannot arrive before the 14th, cancel order ORD-106846. The moment will have passed.",open,normal,keiko796@example.com,"[""surge"",""cancel""]",1338,1338
TCK-SRG-00453,Swan restock date?,Site says backordered. When is restock? Asking for a group chat of 200 people.,open,normal,yuki134@example.com,"[""surge"",""presales""]",1394,1394
TCK-SRG-00454,Did my order go through?,Site spun for 5 minutes at checkout. Charged but no confirmation email. Did I buy a swan or donate to one?,open,normal,greg438@example.com,"[""surge"",""billing""]",1699,1699
TCK-SRG-00455,Swan restock date?,Site says backordered. When is restock? Asking for a group chat of 200 people.,solved,normal,linda742@example.com,"[""surge"",""presales""]",1823,1823
TCK-SRG-00456,Order status: swan,"I understand you are busy. I am simply asking for any information at all about order ORD-107915. Anything. A vibe, even.",solved,normal,jamal611@example.com,"[""wismo"",""surge""]",1403,1403
TCK-SRG-00457,WHERE IS MY SWAN,Ordered the second I saw the video. Confirmation says yesterday. Nothing since. The pool party is SUNDAY.,open,high,curtis190@example.com,"[""wismo"",""surge""]",1352,1352
TCK-SRG-00458,Cancel if not shipping this week,"If the Colossal Swan cannot arrive before the 14th, cancel order ORD-105501. The moment will have passed.",open,normal,tina768@example.com,"[""surge"",""cancel""]",1467,1467
TCK-SRG-00459,Order status: swan,"I understand you are busy. I am simply asking for any information at all about order ORD-104972. Anything. A vibe, even.",open,normal,deshawn245@example.com,"[""wismo"",""surge""]",1577,1577
TCK-SRG-00460,Buying 30 swans for a sorority event,Can we get 30 units and a bulk discount? Flexible on color. Not flexible on date.,open,normal,gus629@example.com,"[""surge"",""presales"",""bulk""]",1387,1387
TCK-SRG-00461,Swan restock date?,Site says backordered. When is restock? Asking for a group chat of 200 people.,open,normal,ray639@example.com,"[""surge"",""presales""]",1616,1616
TCK-SRG-00462,Did my order go through?,Site spun for 5 minutes at checkout. Charged but no confirmation email. Did I buy a swan or donate to one?,open,normal,rosa375@example.com,"[""surge"",""billing""]",1437,1437
TCK-SRG-00463,Buying 30 swans for a sorority event,Can we get 30 units and a bulk discount? Flexible on color. Not flexible on date.,open,normal,arthur132@example.com,"[""surge"",""presales"",""bulk""]",1840,1840
TCK-SRG-00464,Cancel if not shipping this week,"If the Colossal Swan cannot arrive before the 14th, cancel order ORD-105709. The moment will have passed.",open,normal,rosa382@example.com,"[""surge"",""cancel""]",1780,1780
TCK-SRG-00465,Order status: swan,"I understand you are busy. I am simply asking for any information at all about order ORD-107979. Anything. A vibe, even.",open,normal,otis173@example.com,"[""wismo"",""surge""]",1372,1372
TCK-SRG-00466,Swan restock date?,Site says backordered. When is restock? Asking for a group chat of 200 people.,open,normal,ernesto194@example.com,"[""surge"",""presales""]",1664,1664
TCK-SRG-00467,Did my order go through?,Site spun for 5 minutes at checkout. Charged but no confirmation email. Did I buy a swan or donate to one?,open,normal,nellie652@example.com,"[""surge"",""billing""]",1869,1869
TCK-SRG-00468,Order status: swan,"I understand you are busy. I am simply asking for any information at all about order ORD-107093. Anything. A vibe, even.",open,normal,carlos368@example.com,"[""wismo"",""surge""]",1655,1655
TCK-SRG-00469,Swan restock date?,Site says backordered. When is restock? Asking for a group chat of 200 people.,open,normal,jamal186@example.com,"[""surge"",""presales""]",1943,1943
TCK-SRG-00470,Swan restock date?,Site says backordered. When is restock? Asking for a group chat of 200 people.,open,normal,rosa795@example.com,"[""surge"",""presales""]",1571,1571
TCK-SRG-00471,Swan restock date?,Site says backordered. When is restock? Asking for a group chat of 200 people.,open,normal,yuki306@example.com,"[""surge"",""presales""]",1787,1787
TCK-SRG-00472,Order status: swan,"I understand you are busy. I am simply asking for any information at all about order ORD-104219. Anything. A vibe, even.",open,normal,fatima969@example.com,"[""wismo"",""surge""]",1466,1466
TCK-SRG-00473,Cancel if not shipping this week,"If the Colossal Swan cannot arrive before the 14th, cancel order ORD-105983. The moment will have passed.",open,normal,quinn510@example.com,"[""surge"",""cancel""]",1481,1481
TCK-SRG-00474,Buying 30 swans for a sorority event,Can we get 30 units and a bulk discount? Flexible on color. Not flexible on date.,open,normal,arthur199@example.com,"[""surge"",""presales"",""bulk""]",1647,1647
TCK-SRG-00475,Swan restock date?,Site says backordered. When is restock? Asking for a group chat of 200 people.,solved,normal,mo565@example.com,"[""surge"",""presales""]",1418,1418
TCK-SRG-00476,September?? Really?,Quoted September delivery. Summer ENDS. Explain the plan or refund me.,open,high,luis975@example.com,"[""surge"",""wismo""]",1615,1615
TCK-SRG-00477,Order status: swan,"I understand you are busy. I am simply asking for any information at all about order ORD-106613. Anything. A vibe, even.",open,normal,quinn589@example.com,"[""wismo"",""surge""]",1745,1745
TCK-SRG-00478,Cancel if not shipping this week,"If the Colossal Swan cannot arrive before the 14th, cancel order ORD-103134. The moment will have passed.",open,normal,yuki170@example.com,"[""surge"",""cancel""]",1886,1886
TCK-SRG-00479,September?? Really?,Quoted September delivery. Summer ENDS. Explain the plan or refund me.,open,high,tina686@example.com,"[""surge"",""wismo""]",1392,1392
TCK-SRG-00480,Buying 30 swans for a sorority event,Can we get 30 units and a bulk discount? Flexible on color. Not flexible on date.,open,normal,hannah618@example.com,"[""surge"",""presales"",""bulk""]",1926,1926
TCK-SRG-00481,Buying 30 swans for a sorority event,Can we get 30 units and a bulk discount? Flexible on color. Not flexible on date.,open,normal,chen131@example.com,"[""surge"",""presales"",""bulk""]",1667,1667
TCK-SRG-00482,WHERE IS MY SWAN,Ordered the second I saw the video. Confirmation says yesterday. Nothing since. The pool party is SUNDAY.,open,high,carlos198@example.com,"[""wismo"",""surge""]",1529,1529
TCK-SRG-00483,WHERE IS MY SWAN,Ordered the second I saw the video. Confirmation says yesterday. Nothing since. The pool party is SUNDAY.,open,high,hannah913@example.com,"[""wismo"",""surge""]",1387,1387
TCK-SRG-00484,Did my order go through?,Site spun for 5 minutes at checkout. Charged but no confirmation email. Did I buy a swan or donate to one?,open,normal,tina663@example.com,"[""surge"",""billing""]",1817,1817
TCK-SRG-00485,Buying 30 swans for a sorority event,Can we get 30 units and a bulk discount? Flexible on color. Not flexible on date.,open,normal,chen814@example.com,"[""surge"",""presales"",""bulk""]",1842,1842
TCK-SRG-00486,Order status: swan,"I understand you are busy. I am simply asking for any information at all about order ORD-104606. Anything. A vibe, even.",open,normal,linda451@example.com,"[""wismo"",""surge""]",1890,1890
TCK-SRG-00487,Order status: swan,"I understand you are busy. I am simply asking for any information at all about order ORD-105767. Anything. A vibe, even.",open,normal,ivan425@example.com,"[""wismo"",""surge""]",1572,1572
TCK-SRG-00488,Swan restock date?,Site says backordered. When is restock? Asking for a group chat of 200 people.,open,normal,mabel653@example.com,"[""surge"",""presales""]",1596,1596
TCK-SRG-00489,September?? Really?,Quoted September delivery. Summer ENDS. Explain the plan or refund me.,open,high,rosa865@example.com,"[""surge"",""wismo""]",1416,1416
TCK-SRG-00490,Swan restock date?,Site says backordered. When is restock? Asking for a group chat of 200 people.,open,normal,priya846@example.com,"[""surge"",""presales""]",1618,1618
TCK-SRG-00491,Swan restock date?,Site says backordered. When is restock? Asking for a group chat of 200 people.,open,normal,nellie709@example.com,"[""surge"",""presales""]",1931,1931
TCK-SRG-00492,Swan restock date?,Site says backordered. When is restock? Asking for a group chat of 200 people.,solved,normal,tina269@example.com,"[""surge"",""presales""]",1641,1641
TCK-SRG-00493,Did my order go through?,Site spun for 5 minutes at checkout. Charged but no confirmation email. Did I buy a swan or donate to one?,solved,normal,yosef532@example.com,"[""surge"",""billing""]",1516,1516
TCK-SRG-00494,Did my order go through?,Site spun for 5 minutes at checkout. Charged but no confirmation email. Did I buy a swan or donate to one?,open,normal,wes957@example.com,"[""surge"",""billing""]",1663,1663
TCK-SRG-00495,Order status: swan,"I understand you are busy. I am simply asking for any information at all about order ORD-103420. Anything. A vibe, even.",open,normal,dolores255@example.com,"[""wismo"",""surge""]",1787,1787
TCK-SRG-00496,Swan restock date?,Site says backordered. When is restock? Asking for a group chat of 200 people.,open,normal,arthur202@example.com,"[""surge"",""presales""]",1579,1579
TCK-SRG-00497,Swan restock date?,Site says backordered. When is restock? Asking for a group chat of 200 people.,open,normal,greg868@example.com,"[""surge"",""presales""]",1846,1846
TCK-SRG-00498,Buying 30 swans for a sorority event,Can we get 30 units and a bulk discount? Flexible on color. Not flexible on date.,open,normal,ximena928@example.com,"[""surge"",""presales"",""bulk""]",1842,1842
TCK-SRG-00499,Did my order go through?,Site spun for 5 minutes at checkout. Charged but no confirmation email. Did I buy a swan or donate to one?,open,normal,harriet781@example.com,"[""surge"",""billing""]",1947,1947
TCK-SRG-00500,Did my order go through?,Site spun for 5 minutes at checkout. Charged but no confirmation email. Did I buy a swan or donate to one?,open,normal,keiko904@example.com,"[""surge"",""billing""]",1640,1640
TCK-SRG-00501,Did my order go through?,Site spun for 5 minutes at checkout. Charged but no confirmation email. Did I buy a swan or donate to one?,open,normal,ernesto599@example.com,"[""surge"",""billing""]",1568,1568
TCK-SRG-00502,Order status: swan,"I understand you are busy. I am simply asking for any information at all about order ORD-105303. Anything. A vibe, even.",open,normal,arthur320@example.com,"[""wismo"",""surge""]",1943,1943
TCK-SRG-00503,Cancel if not shipping this week,"If the Colossal Swan cannot arrive before the 14th, cancel order ORD-104256. The moment will have passed.",open,normal,paloma602@example.com,"[""surge"",""cancel""]",1632,1632
TCK-SRG-00504,Buying 30 swans for a sorority event,Can we get 30 units and a bulk discount? Flexible on color. Not flexible on date.,open,normal,jamal355@example.com,"[""surge"",""presales"",""bulk""]",1870,1870
TCK-SRG-00505,Cancel if not shipping this week,"If the Colossal Swan cannot arrive before the 14th, cancel order ORD-105972. The moment will have passed.",open,normal,linda891@example.com,"[""surge"",""cancel""]",1941,1941
TCK-SRG-00506,September?? Really?,Quoted September delivery. Summer ENDS. Explain the plan or refund me.,open,high,arthur944@example.com,"[""surge"",""wismo""]",1646,1646
TCK-SRG-00507,September?? Really?,Quoted September delivery. Summer ENDS. Explain the plan or refund me.,open,high,jamal113@example.com,"[""surge"",""wismo""]",1505,1505
TCK-SRG-00508,September?? Really?,Quoted September delivery. Summer ENDS. Explain the plan or refund me.,open,high,zoe880@example.com,"[""surge"",""wismo""]",1486,1486
TCK-SRG-00509,September?? Really?,Quoted September delivery. Summer ENDS. Explain the plan or refund me.,open,high,bettye854@example.com,"[""surge"",""wismo""]",1937,1937
TCK-SRG-00510,Swan restock date?,Site says backordered. When is restock? Asking for a group chat of 200 people.,open,normal,gus975@example.com,"[""surge"",""presales""]",1469,1469
TCK-SRG-00511,September?? Really?,Quoted September delivery. Summer ENDS. Explain the plan or refund me.,open,high,mo341@example.com,"[""surge"",""wismo""]",1753,1753
TCK-SRG-00512,WHERE IS MY SWAN,Ordered the second I saw the video. Confirmation says yesterday. Nothing since. The pool party is SUNDAY.,open,high,ernesto510@example.com,"[""wismo"",""surge""]",1584,1584
TCK-SRG-00513,Did my order go through?,Site spun for 5 minutes at checkout. Charged but no confirmation email. Did I buy a swan or donate to one?,open,normal,arthur974@example.com,"[""surge"",""billing""]",1355,1355
TCK-SRG-00514,WHERE IS MY SWAN,Ordered the second I saw the video. Confirmation says yesterday. Nothing since. The pool party is SUNDAY.,open,high,gus851@example.com,"[""wismo"",""surge""]",1450,1450
TCK-SRG-00515,September?? Really?,Quoted September delivery. Summer ENDS. Explain the plan or refund me.,open,high,ingrid488@example.com,"[""surge"",""wismo""]",1553,1553
TCK-SRG-00516,Cancel if not shipping this week,"If the Colossal Swan cannot arrive before the 14th, cancel order ORD-104581. The moment will have passed.",open,normal,stan562@example.com,"[""surge"",""cancel""]",1845,1845
TCK-SRG-00517,Did my order go through?,Site spun for 5 minutes at checkout. Charged but no confirmation email. Did I buy a swan or donate to one?,open,normal,paloma428@example.com,"[""surge"",""billing""]",1543,1543
TCK-SRG-00518,September?? Really?,Quoted September delivery. Summer ENDS. Explain the plan or refund me.,open,high,stan223@example.com,"[""surge"",""wismo""]",1358,1358
TCK-SRG-00519,September?? Really?,Quoted September delivery. Summer ENDS. Explain the plan or refund me.,open,high,jamal700@example.com,"[""surge"",""wismo""]",1734,1734
TCK-SRG-00520,Buying 30 swans for a sorority event,Can we get 30 units and a bulk discount? Flexible on color. Not flexible on date.,open,normal,otis102@example.com,"[""surge"",""presales"",""bulk""]",1515,1515
TCK-SRG-00521,Swan restock date?,Site says backordered. When is restock? Asking for a group chat of 200 people.,open,normal,nadia919@example.com,"[""surge"",""presales""]",1872,1872
TCK-SRG-00522,Order status: swan,"I understand you are busy. I am simply asking for any information at all about order ORD-103541. Anything. A vibe, even.",open,normal,jamal524@example.com,"[""wismo"",""surge""]",1443,1443
TCK-SRG-00523,September?? Really?,Quoted September delivery. Summer ENDS. Explain the plan or refund me.,open,high,yuki288@example.com,"[""surge"",""wismo""]",1847,1847
TCK-SRG-00524,Cancel if not shipping this week,"If the Colossal Swan cannot arrive before the 14th, cancel order ORD-105812. The moment will have passed.",open,normal,kitty169@example.com,"[""surge"",""cancel""]",1586,1586
TCK-SRG-00525,Did my order go through?,Site spun for 5 minutes at checkout. Charged but no confirmation email. Did I buy a swan or donate to one?,open,normal,omar353@example.com,"[""surge"",""billing""]",1746,1746
TCK-SRG-00526,Swan restock date?,Site says backordered. When is restock? Asking for a group chat of 200 people.,open,normal,ernesto923@example.com,"[""surge"",""presales""]",1843,1843
TCK-SRG-00527,Cancel if not shipping this week,"If the Colossal Swan cannot arrive before the 14th, cancel order ORD-107292. The moment will have passed.",open,normal,tomasz475@example.com,"[""surge"",""cancel""]",1755,1755
TCK-SRG-00528,Buying 30 swans for a sorority event,Can we get 30 units and a bulk discount? Flexible on color. Not flexible on date.,open,normal,lamar672@example.com,"[""surge"",""presales"",""bulk""]",1636,1636
TCK-SRG-00529,Swan restock date?,Site says backordered. When is restock? Asking for a group chat of 200 people.,open,normal,flo534@example.com,"[""surge"",""presales""]",1889,1889
TCK-SRG-00530,Did my order go through?,Site spun for 5 minutes at checkout. Charged but no confirmation email. Did I buy a swan or donate to one?,open,normal,umar222@example.com,"[""surge"",""billing""]",1594,1594
TCK-SRG-00531,Order status: swan,"I understand you are busy. I am simply asking for any information at all about order ORD-103510. Anything. A vibe, even.",solved,normal,jamal375@example.com,"[""wismo"",""surge""]",1458,1458
TCK-SRG-00532,Cancel if not shipping this week,"If the Colossal Swan cannot arrive before the 14th, cancel order ORD-104869. The moment will have passed.",open,normal,ximena689@example.com,"[""surge"",""cancel""]",1574,1574
TCK-SRG-00533,Did my order go through?,Site spun for 5 minutes at checkout. Charged but no confirmation email. Did I buy a swan or donate to one?,solved,normal,jerome791@example.com,"[""surge"",""billing""]",1718,1718
TCK-SRG-00534,Order status: swan,"I understand you are busy. I am simply asking for any information at all about order ORD-107370. Anything. A vibe, even.",open,normal,zoe349@example.com,"[""wismo"",""surge""]",1530,1530
TCK-SRG-00535,WHERE IS MY SWAN,Ordered the second I saw the video. Confirmation says yesterday. Nothing since. The pool party is SUNDAY.,open,high,ivan692@example.com,"[""wismo"",""surge""]",1481,1481
TCK-SRG-00536,Buying 30 swans for a sorority event,Can we get 30 units and a bulk discount? Flexible on color. Not flexible on date.,open,normal,curtis407@example.com,"[""surge"",""presales"",""bulk""]",1872,1872
TCK-SRG-00537,Buying 30 swans for a sorority event,Can we get 30 units and a bulk discount? Flexible on color. Not flexible on date.,open,normal,ray673@example.com,"[""surge"",""presales"",""bulk""]",1416,1416
TCK-SRG-00538,Order status: swan,"I understand you are busy. I am simply asking for any information at all about order ORD-107648. Anything. A vibe, even.",open,normal,lamar793@example.com,"[""wismo"",""surge""]",1474,1474
TCK-SRG-00539,Swan restock date?,Site says backordered. When is restock? Asking for a group chat of 200 people.,open,normal,paloma187@example.com,"[""surge"",""presales""]",1436,1436
TCK-SRG-00540,Buying 30 swans for a sorority event,Can we get 30 units and a bulk discount? Flexible on color. Not flexible on date.,open,normal,fatima319@example.com,"[""surge"",""presales"",""bulk""]",1347,1347
TCK-SRG-00541,Did my order go through?,Site spun for 5 minutes at checkout. Charged but no confirmation email. Did I buy a swan or donate to one?,open,normal,kitty920@example.com,"[""surge"",""billing""]",1949,1949
TCK-SRG-00542,Order status: swan,"I understand you are busy. I am simply asking for any information at all about order ORD-107484. Anything. A vibe, even.",open,normal,vera990@example.com,"[""wismo"",""surge""]",1927,1927
TCK-SRG-00543,Buying 30 swans for a sorority event,Can we get 30 units and a bulk discount? Flexible on color. Not flexible on date.,open,normal,mo672@example.com,"[""surge"",""presales"",""bulk""]",1618,1618
TCK-SRG-00544,Buying 30 swans for a sorority event,Can we get 30 units and a bulk discount? Flexible on color. Not flexible on date.,open,normal,ivan210@example.com,"[""surge"",""presales"",""bulk""]",1498,1498
TCK-SRG-00545,Buying 30 swans for a sorority event,Can we get 30 units and a bulk discount? Flexible on color. Not flexible on date.,open,normal,vera129@example.com,"[""surge"",""presales"",""bulk""]",1723,1723
TCK-SRG-00546,Cancel if not shipping this week,"If the Colossal Swan cannot arrive before the 14th, cancel order ORD-104484. The moment will have passed.",open,normal,jamal996@example.com,"[""surge"",""cancel""]",1807,1807
TCK-SRG-00547,September?? Really?,Quoted September delivery. Summer ENDS. Explain the plan or refund me.,open,high,paloma157@example.com,"[""surge"",""wismo""]",1330,1330
TCK-SRG-00548,Order status: swan,"I understand you are busy. I am simply asking for any information at all about order ORD-104700. Anything. A vibe, even.",open,normal,aisha672@example.com,"[""wismo"",""surge""]",1519,1519
TCK-SRG-00549,Order status: swan,"I understand you are busy. I am simply asking for any information at all about order ORD-104509. Anything. A vibe, even.",open,normal,greg466@example.com,"[""wismo"",""surge""]",1722,1722
TCK-SRG-00550,Order status: swan,"I understand you are busy. I am simply asking for any information at all about order ORD-107418. Anything. A vibe, even.",open,normal,yosef524@example.com,"[""wismo"",""surge""]",1694,1694
TCK-SRG-00551,Cancel if not shipping this week,"If the Colossal Swan cannot arrive before the 14th, cancel order ORD-104406. The moment will have passed.",open,normal,priya357@example.com,"[""surge"",""cancel""]",1746,1746
TCK-SRG-00552,Did my order go through?,Site spun for 5 minutes at checkout. Charged but no confirmation email. Did I buy a swan or donate to one?,open,normal,umar865@example.com,"[""surge"",""billing""]",1838,1838
TCK-SRG-00553,Did my order go through?,Site spun for 5 minutes at checkout. Charged but no confirmation email. Did I buy a swan or donate to one?,open,normal,vera829@example.com,"[""surge"",""billing""]",1552,1552
TCK-SRG-00554,Cancel if not shipping this week,"If the Colossal Swan cannot arrive before the 14th, cancel order ORD-103069. The moment will have passed.",solved,normal,mabel536@example.com,"[""surge"",""cancel""]",1484,1484
TCK-SRG-00555,Buying 30 swans for a sorority event,Can we get 30 units and a bulk discount? Flexible on color. Not flexible on date.,open,normal,yosef399@example.com,"[""surge"",""presales"",""bulk""]",1403,1403
TCK-SRG-00556,September?? Really?,Quoted September delivery. Summer ENDS. Explain the plan or refund me.,open,high,fatima357@example.com,"[""surge"",""wismo""]",1907,1907
TCK-SRG-00557,Did my order go through?,Site spun for 5 minutes at checkout. Charged but no confirmation email. Did I buy a swan or donate to one?,open,normal,yosef876@example.com,"[""surge"",""billing""]",1795,1795
TCK-SRG-00558,WHERE IS MY SWAN,Ordered the second I saw the video. Confirmation says yesterday. Nothing since. The pool party is SUNDAY.,open,high,kitty451@example.com,"[""wismo"",""surge""]",1488,1488
TCK-SRG-00559,Swan restock date?,Site says backordered. When is restock? Asking for a group chat of 200 people.,open,normal,vera535@example.com,"[""surge"",""presales""]",1684,1684
TCK-SRG-00560,Did my order go through?,Site spun for 5 minutes at checkout. Charged but no confirmation email. Did I buy a swan or donate to one?,open,normal,vera174@example.com,"[""surge"",""billing""]",1466,1466
TCK-SRG-00561,Buying 30 swans for a sorority event,Can we get 30 units and a bulk discount? Flexible on color. Not flexible on date.,open,normal,kitty209@example.com,"[""surge"",""presales"",""bulk""]",1887,1887
TCK-SRG-00562,Did my order go through?,Site spun for 5 minutes at checkout. Charged but no confirmation email. Did I buy a swan or donate to one?,open,normal,wes625@example.com,"[""surge"",""billing""]",1933,1933
TCK-SRG-00563,Order status: swan,"I understand you are busy. I am simply asking for any information at all about order ORD-104808. Anything. A vibe, even.",open,normal,linda718@example.com,"[""wismo"",""surge""]",1504,1504
TCK-SRG-00564,Buying 30 swans for a sorority event,Can we get 30 units and a bulk discount? Flexible on color. Not flexible on date.,open,normal,curtis389@example.com,"[""surge"",""presales"",""bulk""]",1847,1847
TCK-SRG-00565,September?? Really?,Quoted September delivery. Summer ENDS. Explain the plan or refund me.,open,high,rosa531@example.com,"[""surge"",""wismo""]",1824,1824
TCK-SRG-00566,Cancel if not shipping this week,"If the Colossal Swan cannot arrive before the 14th, cancel order ORD-105418. The moment will have passed.",open,normal,zoe593@example.com,"[""surge"",""cancel""]",1729,1729
TCK-SRG-00567,Buying 30 swans for a sorority event,Can we get 30 units and a bulk discount? Flexible on color. Not flexible on date.,open,normal,vera950@example.com,"[""surge"",""presales"",""bulk""]",1346,1346
TCK-SRG-00568,WHERE IS MY SWAN,Ordered the second I saw the video. Confirmation says yesterday. Nothing since. The pool party is SUNDAY.,open,high,flo791@example.com,"[""wismo"",""surge""]",1435,1435
TCK-SRG-00569,WHERE IS MY SWAN,Ordered the second I saw the video. Confirmation says yesterday. Nothing since. The pool party is SUNDAY.,open,high,bettye372@example.com,"[""wismo"",""surge""]",1530,1530
TCK-SRG-00570,Cancel if not shipping this week,"If the Colossal Swan cannot arrive before the 14th, cancel order ORD-103990. The moment will have passed.",open,normal,tina151@example.com,"[""surge"",""cancel""]",1793,1793
TCK-SRG-00571,Cancel if not shipping this week,"If the Colossal Swan cannot arrive before the 14th, cancel order ORD-103448. The moment will have passed.",open,normal,jerome392@example.com,"[""surge"",""cancel""]",1755,1755
TCK-SRG-00572,Order status: swan,"I understand you are busy. I am simply asking for any information at all about order ORD-106524. Anything. A vibe, even.",open,normal,curtis752@example.com,"[""wismo"",""surge""]",1475,1475
TCK-SRG-00573,Buying 30 swans for a sorority event,Can we get 30 units and a bulk discount? Flexible on color. Not flexible on date.,open,normal,tina801@example.com,"[""surge"",""presales"",""bulk""]",1411,1411
TCK-SRG-00574,Buying 30 swans for a sorority event,Can we get 30 units and a bulk discount? Flexible on color. Not flexible on date.,open,normal,ximena342@example.com,"[""surge"",""presales"",""bulk""]",1845,1845
TCK-SRG-00575,Buying 30 swans for a sorority event,Can we get 30 units and a bulk discount? Flexible on color. Not flexible on date.,open,normal,wes715@example.com,"[""surge"",""presales"",""bulk""]",1356,1356
TCK-SRG-00576,Order status: swan,"I understand you are busy. I am simply asking for any information at all about order ORD-105675. Anything. A vibe, even.",open,normal,jerome136@example.com,"[""wismo"",""surge""]",1906,1906
TCK-SRG-00577,Buying 30 swans for a sorority event,Can we get 30 units and a bulk discount? Flexible on color. Not flexible on date.,open,normal,aisha842@example.com,"[""surge"",""presales"",""bulk""]",1866,1866
TCK-SRG-00578,Cancel if not shipping this week,"If the Colossal Swan cannot arrive before the 14th, cancel order ORD-106708. The moment will have passed.",solved,normal,ray416@example.com,"[""surge"",""cancel""]",1519,1519
TCK-SRG-00579,Cancel if not shipping this week,"If the Colossal Swan cannot arrive before the 14th, cancel order ORD-105788. The moment will have passed.",open,normal,hannah299@example.com,"[""surge"",""cancel""]",1330,1330
TCK-SRG-00580,Cancel if not shipping this week,"If the Colossal Swan cannot arrive before the 14th, cancel order ORD-105970. The moment will have passed.",open,normal,greg101@example.com,"[""surge"",""cancel""]",1674,1674
TCK-SRG-00581,Order status: swan,"I understand you are busy. I am simply asking for any information at all about order ORD-105613. Anything. A vibe, even.",open,normal,mo569@example.com,"[""wismo"",""surge""]",1495,1495
TCK-SRG-00582,Buying 30 swans for a sorority event,Can we get 30 units and a bulk discount? Flexible on color. Not flexible on date.,open,normal,tina792@example.com,"[""surge"",""presales"",""bulk""]",1498,1498
TCK-SRG-00583,Did my order go through?,Site spun for 5 minutes at checkout. Charged but no confirmation email. Did I buy a swan or donate to one?,open,normal,harriet777@example.com,"[""surge"",""billing""]",1622,1622
TCK-SRG-00584,Did my order go through?,Site spun for 5 minutes at checkout. Charged but no confirmation email. Did I buy a swan or donate to one?,open,normal,curtis135@example.com,"[""surge"",""billing""]",1872,1872
TCK-SRG-00585,Swan restock date?,Site says backordered. When is restock? Asking for a group chat of 200 people.,open,normal,tomasz110@example.com,"[""surge"",""presales""]",1686,1686
TCK-SRG-00586,Cancel if not shipping this week,"If the Colossal Swan cannot arrive before the 14th, cancel order ORD-103969. The moment will have passed.",open,normal,umar530@example.com,"[""surge"",""cancel""]",1349,1349
TCK-SRG-00587,September?? Really?,Quoted September delivery. Summer ENDS. Explain the plan or refund me.,open,high,carlos499@example.com,"[""surge"",""wismo""]",1589,1589
TCK-SRG-00588,Cancel if not shipping this week,"If the Colossal Swan cannot arrive before the 14th, cancel order ORD-106551. The moment will have passed.",open,normal,dolores615@example.com,"[""surge"",""cancel""]",1886,1886
TCK-SRG-00589,Cancel if not shipping this week,"If the Colossal Swan cannot arrive before the 14th, cancel order ORD-105904. The moment will have passed.",open,normal,curtis388@example.com,"[""surge"",""cancel""]",1888,1888
TCK-SRG-00590,Buying 30 swans for a sorority event,Can we get 30 units and a bulk discount? Flexible on color. Not flexible on date.,open,normal,rosa966@example.com,"[""surge"",""presales"",""bulk""]",1801,1801
TCK-SRG-00591,WHERE IS MY SWAN,Ordered the second I saw the video. Confirmation says yesterday. Nothing since. The pool party is SUNDAY.,open,high,luis346@example.com,"[""wismo"",""surge""]",1934,1934
TCK-SRG-00592,Buying 30 swans for a sorority event,Can we get 30 units and a bulk discount? Flexible on color. Not flexible on date.,open,normal,luis234@example.com,"[""surge"",""presales"",""bulk""]",1705,1705
TCK-SRG-00593,Cancel if not shipping this week,"If the Colossal Swan cannot arrive before the 14th, cancel order ORD-105294. The moment will have passed.",open,normal,paloma624@example.com,"[""surge"",""cancel""]",1372,1372
TCK-SRG-00594,Buying 30 swans for a sorority event,Can we get 30 units and a bulk discount? Flexible on color. Not flexible on date.,open,normal,bob429@example.com,"[""surge"",""presales"",""bulk""]",1428,1428
TCK-SRG-00595,September?? Really?,Quoted September delivery. Summer ENDS. Explain the plan or refund me.,open,high,greg708@example.com,"[""surge"",""wismo""]",1335,1335
TCK-SRG-00596,Did my order go through?,Site spun for 5 minutes at checkout. Charged but no confirmation email. Did I buy a swan or donate to one?,open,normal,ximena204@example.com,"[""surge"",""billing""]",1837,1837
TCK-SRG-00597,Cancel if not shipping this week,"If the Colossal Swan cannot arrive before the 14th, cancel order ORD-106293. The moment will have passed.",open,normal,deshawn286@example.com,"[""surge"",""cancel""]",1750,1750
TCK-SRG-00598,September?? Really?,Quoted September delivery. Summer ENDS. Explain the plan or refund me.,open,high,linda582@example.com,"[""surge"",""wismo""]",1706,1706
TCK-SRG-00599,WHERE IS MY SWAN,Ordered the second I saw the video. Confirmation says yesterday. Nothing since. The pool party is SUNDAY.,open,high,gus511@example.com,"[""wismo"",""surge""]",1631,1631
TCK-SRG-00600,Buying 30 swans for a sorority event,Can we get 30 units and a bulk discount? Flexible on color. Not flexible on date.,open,normal,curtis417@example.com,"[""surge"",""presales"",""bulk""]",1928,1928
TCK-SRG-00601,September?? Really?,Quoted September delivery. Summer ENDS. Explain the plan or refund me.,open,high,umar626@example.com,"[""surge"",""wismo""]",1459,1459
TCK-SRG-00602,Buying 30 swans for a sorority event,Can we get 30 units and a bulk discount? Flexible on color. Not flexible on date.,open,normal,arthur220@example.com,"[""surge"",""presales"",""bulk""]",1744,1744
TCK-SRG-00603,WHERE IS MY SWAN,Ordered the second I saw the video. Confirmation says yesterday. Nothing since. The pool party is SUNDAY.,solved,high,kitty291@example.com,"[""wismo"",""surge""]",1658,1658
TCK-SRG-00604,September?? Really?,Quoted September delivery. Summer ENDS. Explain the plan or refund me.,open,high,ray244@example.com,"[""surge"",""wismo""]",1350,1350
TCK-SRG-00605,Did my order go through?,Site spun for 5 minutes at checkout. Charged but no confirmation email. Did I buy a swan or donate to one?,open,normal,carlos598@example.com,"[""surge"",""billing""]",1504,1504
TCK-SRG-00606,Did my order go through?,Site spun for 5 minutes at checkout. Charged but no confirmation email. Did I buy a swan or donate to one?,open,normal,jerome325@example.com,"[""surge"",""billing""]",1811,1811
TCK-SRG-00607,Buying 30 swans for a sorority event,Can we get 30 units and a bulk discount? Flexible on color. Not flexible on date.,open,normal,priya516@example.com,"[""surge"",""presales"",""bulk""]",1413,1413
TCK-SRG-00608,WHERE IS MY SWAN,Ordered the second I saw the video. Confirmation says yesterday. Nothing since. The pool party is SUNDAY.,open,high,arthur573@example.com,"[""wismo"",""surge""]",1851,1851
TCK-SRG-00609,Buying 30 swans for a sorority event,Can we get 30 units and a bulk discount? Flexible on color. Not flexible on date.,open,normal,umar543@example.com,"[""surge"",""presales"",""bulk""]",1818,1818
TCK-SRG-00610,Swan restock date?,Site says backordered. When is restock? Asking for a group chat of 200 people.,open,normal,zoe781@example.com,"[""surge"",""presales""]",1665,1665
TCK-SRG-00611,Did my order go through?,Site spun for 5 minutes at checkout. Charged but no confirmation email. Did I buy a swan or donate to one?,open,normal,gus868@example.com,"[""surge"",""billing""]",1394,1394
TCK-SRG-00612,Order status: swan,"I understand you are busy. I am simply asking for any information at all about order ORD-106467. Anything. A vibe, even.",open,normal,dolores443@example.com,"[""wismo"",""surge""]",1816,1816
TCK-SRG-00613,Order status: swan,"I understand you are busy. I am simply asking for any information at all about order ORD-106979. Anything. A vibe, even.",open,normal,harriet120@example.com,"[""wismo"",""surge""]",1902,1902
TCK-SRG-00614,Order status: swan,"I understand you are busy. I am simply asking for any information at all about order ORD-106704. Anything. A vibe, even.",open,normal,gus603@example.com,"[""wismo"",""surge""]",1485,1485
TCK-SRG-00615,Swan restock date?,Site says backordered. When is restock? Asking for a group chat of 200 people.,open,normal,linda166@example.com,"[""surge"",""presales""]",1563,1563
TCK-SRG-00616,Buying 30 swans for a sorority event,Can we get 30 units and a bulk discount? Flexible on color. Not flexible on date.,open,normal,nadia362@example.com,"[""surge"",""presales"",""bulk""]",1395,1395
TCK-SRG-00617,WHERE IS MY SWAN,Ordered the second I saw the video. Confirmation says yesterday. Nothing since. The pool party is SUNDAY.,open,high,hannah889@example.com,"[""wismo"",""surge""]",1853,1853
TCK-SRG-00618,Swan restock date?,Site says backordered. When is restock? Asking for a group chat of 200 people.,open,normal,greg816@example.com,"[""surge"",""presales""]",1840,1840
TCK-SRG-00619,Buying 30 swans for a sorority event,Can we get 30 units and a bulk discount? Flexible on color. Not flexible on date.,open,normal,paloma307@example.com,"[""surge"",""presales"",""bulk""]",1928,1928
TCK-SRG-00620,Cancel if not shipping this week,"If the Colossal Swan cannot arrive before the 14th, cancel order ORD-104564. The moment will have passed.",open,normal,kitty794@example.com,"[""surge"",""cancel""]",1587,1587
TCK-SRG-00621,Cancel if not shipping this week,"If the Colossal Swan cannot arrive before the 14th, cancel order ORD-103509. The moment will have passed.",open,normal,hannah932@example.com,"[""surge"",""cancel""]",1759,1759
TCK-SRG-00622,Buying 30 swans for a sorority event,Can we get 30 units and a bulk discount? Flexible on color. Not flexible on date.,open,normal,ernesto155@example.com,"[""surge"",""presales"",""bulk""]",1836,1836
TCK-SRG-00623,WHERE IS MY SWAN,Ordered the second I saw the video. Confirmation says yesterday. Nothing since. The pool party is SUNDAY.,open,high,vera372@example.com,"[""wismo"",""surge""]",1336,1336
TCK-SRG-00624,Buying 30 swans for a sorority event,Can we get 30 units and a bulk discount? Flexible on color. Not flexible on date.,open,normal,flo998@example.com,"[""surge"",""presales"",""bulk""]",1437,1437
TCK-SRG-00625,September?? Really?,Quoted September delivery. Summer ENDS. Explain the plan or refund me.,open,high,greg693@example.com,"[""surge"",""wismo""]",1612,1612
TCK-SRG-00626,Order status: swan,"I understand you are busy. I am simply asking for any information at all about order ORD-107965. Anything. A vibe, even.",open,normal,nadia241@example.com,"[""wismo"",""surge""]",1450,1450
TCK-SRG-00627,Swan restock date?,Site says backordered. When is restock? Asking for a group chat of 200 people.,open,normal,nadia926@example.com,"[""surge"",""presales""]",1444,1444
TCK-SRG-00628,Buying 30 swans for a sorority event,Can we get 30 units and a bulk discount? Flexible on color. Not flexible on date.,open,normal,bettye907@example.com,"[""surge"",""presales"",""bulk""]",1517,1517
TCK-SRG-00629,Swan restock date?,Site says backordered. When is restock? Asking for a group chat of 200 people.,open,normal,aisha109@example.com,"[""surge"",""presales""]",1345,1345
TCK-SRG-00630,Order status: swan,"I understand you are busy. I am simply asking for any information at all about order ORD-106305. Anything. A vibe, even.",open,normal,flo571@example.com,"[""wismo"",""surge""]",1753,1753
TCK-SRG-00631,Order status: swan,"I understand you are busy. I am simply asking for any information at all about order ORD-107461. Anything. A vibe, even.",open,normal,lamar317@example.com,"[""wismo"",""surge""]",1827,1827
TCK-SRG-00632,Buying 30 swans for a sorority event,Can we get 30 units and a bulk discount? Flexible on color. Not flexible on date.,open,normal,rosa806@example.com,"[""surge"",""presales"",""bulk""]",1621,1621
TCK-SRG-00633,Did my order go through?,Site spun for 5 minutes at checkout. Charged but no confirmation email. Did I buy a swan or donate to one?,open,normal,omar992@example.com,"[""surge"",""billing""]",1926,1926
TCK-SRG-00634,Order status: swan,"I understand you are busy. I am simply asking for any information at all about order ORD-107006. Anything. A vibe, even.",open,normal,gus765@example.com,"[""wismo"",""surge""]",1789,1789
TCK-SRG-00635,Swan restock date?,Site says backordered. When is restock? Asking for a group chat of 200 people.,open,normal,umar795@example.com,"[""surge"",""presales""]",1827,1827
TCK-SRG-00636,Order status: swan,"I understand you are busy. I am simply asking for any information at all about order ORD-106095. Anything. A vibe, even.",open,normal,vera859@example.com,"[""wismo"",""surge""]",1383,1383
TCK-SRG-00637,Did my order go through?,Site spun for 5 minutes at checkout. Charged but no confirmation email. Did I buy a swan or donate to one?,open,normal,kitty426@example.com,"[""surge"",""billing""]",1566,1566
TCK-SRG-00638,September?? Really?,Quoted September delivery. Summer ENDS. Explain the plan or refund me.,open,high,deshawn757@example.com,"[""surge"",""wismo""]",1379,1379
TCK-SRG-00639,Did my order go through?,Site spun for 5 minutes at checkout. Charged but no confirmation email. Did I buy a swan or donate to one?,open,normal,keiko971@example.com,"[""surge"",""billing""]",1763,1763
TCK-SRG-00640,WHERE IS MY SWAN,Ordered the second I saw the video. Confirmation says yesterday. Nothing since. The pool party is SUNDAY.,open,high,nadia482@example.com,"[""wismo"",""surge""]",1365,1365
TCK-SRG-00641,Buying 30 swans for a sorority event,Can we get 30 units and a bulk discount? Flexible on color. Not flexible on date.,open,normal,carlos889@example.com,"[""surge"",""presales"",""bulk""]",1468,1468
TCK-SRG-00642,Order status: swan,"I understand you are busy. I am simply asking for any information at all about order ORD-106424. Anything. A vibe, even.",open,normal,nellie933@example.com,"[""wismo"",""surge""]",1675,1675
TCK-SRG-00643,Order status: swan,"I understand you are busy. I am simply asking for any information at all about order ORD-103243. Anything. A vibe, even.",open,normal,yosef132@example.com,"[""wismo"",""surge""]",1583,1583
TCK-SRG-00644,WHERE IS MY SWAN,Ordered the second I saw the video. Confirmation says yesterday. Nothing since. The pool party is SUNDAY.,open,high,bob406@example.com,"[""wismo"",""surge""]",1810,1810
TCK-SRG-00645,WHERE IS MY SWAN,Ordered the second I saw the video. Confirmation says yesterday. Nothing since. The pool party is SUNDAY.,open,high,harriet831@example.com,"[""wismo"",""surge""]",1657,1657
TCK-SRG-00646,Cancel if not shipping this week,"If the Colossal Swan cannot arrive before the 14th, cancel order ORD-105098. The moment will have passed.",open,normal,nellie314@example.com,"[""surge"",""cancel""]",1430,1430
TCK-SRG-00647,Swan restock date?,Site says backordered. When is restock? Asking for a group chat of 200 people.,open,normal,flo421@example.com,"[""surge"",""presales""]",1479,1479
TCK-SRG-00648,Did my order go through?,Site spun for 5 minutes at checkout. Charged but no confirmation email. Did I buy a swan or donate to one?,open,normal,mabel552@example.com,"[""surge"",""billing""]",1917,1917
TCK-SRG-00649,Buying 30 swans for a sorority event,Can we get 30 units and a bulk discount? Flexible on color. Not flexible on date.,open,normal,hannah554@example.com,"[""surge"",""presales"",""bulk""]",1338,1338
TCK-SRG-00650,Did my order go through?,Site spun for 5 minutes at checkout. Charged but no confirmation email. Did I buy a swan or donate to one?,open,normal,umar439@example.com,"[""surge"",""billing""]",1782,1782
TCK-SRG-00651,WHERE IS MY SWAN,Ordered the second I saw the video. Confirmation says yesterday. Nothing since. The pool party is SUNDAY.,open,high,luis322@example.com,"[""wismo"",""surge""]",1329,1329
TCK-SRG-00652,Cancel if not shipping this week,"If the Colossal Swan cannot arrive before the 14th, cancel order ORD-107707. The moment will have passed.",open,normal,ximena226@example.com,"[""surge"",""cancel""]",1612,1612
TCK-SRG-00653,Did my order go through?,Site spun for 5 minutes at checkout. Charged but no confirmation email. Did I buy a swan or donate to one?,open,normal,linda490@example.com,"[""surge"",""billing""]",1607,1607
TCK-SRG-00654,Swan restock date?,Site says backordered. When is restock? Asking for a group chat of 200 people.,open,normal,nadia425@example.com,"[""surge"",""presales""]",1577,1577
TCK-SRG-00655,Order status: swan,"I understand you are busy. I am simply asking for any information at all about order ORD-104692. Anything. A vibe, even.",open,normal,vera262@example.com,"[""wismo"",""surge""]",1350,1350
TCK-SRG-00656,Did my order go through?,Site spun for 5 minutes at checkout. Charged but no confirmation email. Did I buy a swan or donate to one?,open,normal,yosef451@example.com,"[""surge"",""billing""]",1901,1901
TCK-SRG-00657,Buying 30 swans for a sorority event,Can we get 30 units and a bulk discount? Flexible on color. Not flexible on date.,open,normal,wes800@example.com,"[""surge"",""presales"",""bulk""]",1761,1761
TCK-SRG-00658,Cancel if not shipping this week,"If the Colossal Swan cannot arrive before the 14th, cancel order ORD-106142. The moment will have passed.",open,normal,tomasz941@example.com,"[""surge"",""cancel""]",1521,1521
TCK-SRG-00659,Cancel if not shipping this week,"If the Colossal Swan cannot arrive before the 14th, cancel order ORD-103801. The moment will have passed.",open,normal,lamar461@example.com,"[""surge"",""cancel""]",1770,1770
TCK-SRG-00660,Order status: swan,"I understand you are busy. I am simply asking for any information at all about order ORD-106036. Anything. A vibe, even.",open,normal,mabel323@example.com,"[""wismo"",""surge""]",1538,1538
TCK-SRG-00661,Order status: swan,"I understand you are busy. I am simply asking for any information at all about order ORD-105092. Anything. A vibe, even.",open,normal,dolores358@example.com,"[""wismo"",""surge""]",1365,1365
TCK-SRG-00662,Buying 30 swans for a sorority event,Can we get 30 units and a bulk discount? Flexible on color. Not flexible on date.,open,normal,quinn121@example.com,"[""surge"",""presales"",""bulk""]",1373,1373
TCK-SRG-00663,Order status: swan,"I understand you are busy. I am simply asking for any information at all about order ORD-105497. Anything. A vibe, even.",open,normal,deshawn225@example.com,"[""wismo"",""surge""]",1776,1776
TCK-SRG-00664,Buying 30 swans for a sorority event,Can we get 30 units and a bulk discount? Flexible on color. Not flexible on date.,open,normal,umar444@example.com,"[""surge"",""presales"",""bulk""]",1401,1401
TCK-SRG-00665,Did my order go through?,Site spun for 5 minutes at checkout. Charged but no confirmation email. Did I buy a swan or donate to one?,open,normal,pearl650@example.com,"[""surge"",""billing""]",1546,1546
TCK-SRG-00666,Cancel if not shipping this week,"If the Colossal Swan cannot arrive before the 14th, cancel order ORD-104620. The moment will have passed.",open,normal,rosa659@example.com,"[""surge"",""cancel""]",1719,1719
TCK-SRG-00667,Cancel if not shipping this week,"If the Colossal Swan cannot arrive before the 14th, cancel order ORD-104786. The moment will have passed.",open,normal,ernesto438@example.com,"[""surge"",""cancel""]",1687,1687
TCK-SRG-00668,WHERE IS MY SWAN,Ordered the second I saw the video. Confirmation says yesterday. Nothing since. The pool party is SUNDAY.,open,high,bettye458@example.com,"[""wismo"",""surge""]",1476,1476
TCK-SRG-00669,Swan restock date?,Site says backordered. When is restock? Asking for a group chat of 200 people.,open,normal,pearl433@example.com,"[""surge"",""presales""]",1476,1476
TCK-SRG-00670,September?? Really?,Quoted September delivery. Summer ENDS. Explain the plan or refund me.,open,high,ivan622@example.com,"[""surge"",""wismo""]",1473,1473
TCK-SRG-00671,Did my order go through?,Site spun for 5 minutes at checkout. Charged but no confirmation email. Did I buy a swan or donate to one?,open,normal,zoe164@example.com,"[""surge"",""billing""]",1412,1412
TCK-SRG-00672,WHERE IS MY SWAN,Ordered the second I saw the video. Confirmation says yesterday. Nothing since. The pool party is SUNDAY.,open,high,priya927@example.com,"[""wismo"",""surge""]",1810,1810
TCK-SRG-00673,Swan restock date?,Site says backordered. When is restock? Asking for a group chat of 200 people.,open,normal,deshawn579@example.com,"[""surge"",""presales""]",1879,1879
TCK-SRG-00674,Cancel if not shipping this week,"If the Colossal Swan cannot arrive before the 14th, cancel order ORD-103686. The moment will have passed.",open,normal,paloma891@example.com,"[""surge"",""cancel""]",1427,1427
TCK-SRG-00675,Order status: swan,"I understand you are busy. I am simply asking for any information at all about order ORD-103774. Anything. A vibe, even.",open,normal,linda603@example.com,"[""wismo"",""surge""]",1320,1320
TCK-SRG-00676,Swan restock date?,Site says backordered. When is restock? Asking for a group chat of 200 people.,open,normal,margaret674@example.com,"[""surge"",""presales""]",1693,1693
TCK-SRG-00677,Order status: swan,"I understand you are busy. I am simply asking for any information at all about order ORD-103509. Anything. A vibe, even.",open,normal,mabel494@example.com,"[""wismo"",""surge""]",1526,1526
TCK-SRG-00678,Did my order go through?,Site spun for 5 minutes at checkout. Charged but no confirmation email. Did I buy a swan or donate to one?,open,normal,rosa481@example.com,"[""surge"",""billing""]",1811,1811
TCK-SRG-00679,Did my order go through?,Site spun for 5 minutes at checkout. Charged but no confirmation email. Did I buy a swan or donate to one?,open,normal,lamar509@example.com,"[""surge"",""billing""]",1946,1946
TCK-SRG-00680,Order status: swan,"I understand you are busy. I am simply asking for any information at all about order ORD-103267. Anything. A vibe, even.",open,normal,zoe892@example.com,"[""wismo"",""surge""]",1906,1906
TCK-SRG-00681,WHERE IS MY SWAN,Ordered the second I saw the video. Confirmation says yesterday. Nothing since. The pool party is SUNDAY.,open,high,pearl261@example.com,"[""wismo"",""surge""]",1748,1748
TCK-SRG-00682,Swan restock date?,Site says backordered. When is restock? Asking for a group chat of 200 people.,open,normal,dolores103@example.com,"[""surge"",""presales""]",1933,1933
TCK-SRG-00683,Swan restock date?,Site says backordered. When is restock? Asking for a group chat of 200 people.,open,normal,wes360@example.com,"[""surge"",""presales""]",1931,1931
TCK-SRG-00684,Order status: swan,"I understand you are busy. I am simply asking for any information at all about order ORD-104250. Anything. A vibe, even.",open,normal,greg478@example.com,"[""wismo"",""surge""]",1911,1911
TCK-SRG-00685,WHERE IS MY SWAN,Ordered the second I saw the video. Confirmation says yesterday. Nothing since. The pool party is SUNDAY.,open,high,ingrid562@example.com,"[""wismo"",""surge""]",1936,1936
TCK-SRG-00686,Order status: swan,"I understand you are busy. I am simply asking for any information at all about order ORD-104480. Anything. A vibe, even.",open,normal,rosa970@example.com,"[""wismo"",""surge""]",1860,1860
TCK-SRG-00687,Buying 30 swans for a sorority event,Can we get 30 units and a bulk discount? Flexible on color. Not flexible on date.,open,normal,carlos165@example.com,"[""surge"",""presales"",""bulk""]",1758,1758
TCK-SRG-00688,Buying 30 swans for a sorority event,Can we get 30 units and a bulk discount? Flexible on color. Not flexible on date.,open,normal,kitty979@example.com,"[""surge"",""presales"",""bulk""]",1324,1324
TCK-SRG-00689,WHERE IS MY SWAN,Ordered the second I saw the video. Confirmation says yesterday. Nothing since. The pool party is SUNDAY.,open,high,yosef961@example.com,"[""wismo"",""surge""]",1358,1358
TCK-SRG-00690,Buying 30 swans for a sorority event,Can we get 30 units and a bulk discount? Flexible on color. Not flexible on date.,open,normal,lamar238@example.com,"[""surge"",""presales"",""bulk""]",1647,1647
TCK-SRG-00691,Cancel if not shipping this week,"If the Colossal Swan cannot arrive before the 14th, cancel order ORD-106757. The moment will have passed.",open,normal,keiko824@example.com,"[""surge"",""cancel""]",1437,1437
TCK-SRG-00692,Cancel if not shipping this week,"If the Colossal Swan cannot arrive before the 14th, cancel order ORD-103157. The moment will have passed.",open,normal,vera750@example.com,"[""surge"",""cancel""]",1429,1429
TCK-SRG-00693,Order status: swan,"I understand you are busy. I am simply asking for any information at all about order ORD-105681. Anything. A vibe, even.",open,normal,pearl286@example.com,"[""wismo"",""surge""]",1813,1813
TCK-SRG-00694,Cancel if not shipping this week,"If the Colossal Swan cannot arrive before the 14th, cancel order ORD-105300. The moment will have passed.",open,normal,fatima988@example.com,"[""surge"",""cancel""]",1462,1462
TCK-SRG-00695,Cancel if not shipping this week,"If the Colossal Swan cannot arrive before the 14th, cancel order ORD-107287. The moment will have passed.",open,normal,stan701@example.com,"[""surge"",""cancel""]",1814,1814
TCK-SRG-00696,September?? Really?,Quoted September delivery. Summer ENDS. Explain the plan or refund me.,open,high,luis711@example.com,"[""surge"",""wismo""]",1454,1454
TCK-SRG-00697,Did my order go through?,Site spun for 5 minutes at checkout. Charged but no confirmation email. Did I buy a swan or donate to one?,open,normal,carlos641@example.com,"[""surge"",""billing""]",1633,1633
TCK-SRG-00698,Cancel if not shipping this week,"If the Colossal Swan cannot arrive before the 14th, cancel order ORD-105772. The moment will have passed.",open,normal,nellie667@example.com,"[""surge"",""cancel""]",1860,1860
TCK-SRG-00699,September?? Really?,Quoted September delivery. Summer ENDS. Explain the plan or refund me.,open,high,priya402@example.com,"[""surge"",""wismo""]",1674,1674
TCK-SRG-00700,Buying 30 swans for a sorority event,Can we get 30 units and a bulk discount? Flexible on color. Not flexible on date.,open,normal,omar178@example.com,"[""surge"",""presales"",""bulk""]",1470,1470
TCK-SRG-00701,Order status: swan,"I understand you are busy. I am simply asking for any information at all about order ORD-103602. Anything. A vibe, even.",open,normal,omar296@example.com,"[""wismo"",""surge""]",1492,1492
TCK-SRG-00702,September?? Really?,Quoted September delivery. Summer ENDS. Explain the plan or refund me.,open,high,bettye686@example.com,"[""surge"",""wismo""]",1442,1442
TCK-SRG-00703,Did my order go through?,Site spun for 5 minutes at checkout. Charged but no confirmation email. Did I buy a swan or donate to one?,open,normal,nadia755@example.com,"[""surge"",""billing""]",1356,1356
TCK-SRG-00704,WHERE IS MY SWAN,Ordered the second I saw the video. Confirmation says yesterday. Nothing since. The pool party is SUNDAY.,open,high,keiko710@example.com,"[""wismo"",""surge""]",1834,1834
TCK-SRG-00705,WHERE IS MY SWAN,Ordered the second I saw the video. Confirmation says yesterday. Nothing since. The pool party is SUNDAY.,open,high,vera816@example.com,"[""wismo"",""surge""]",1727,1727
TCK-SRG-00706,Did my order go through?,Site spun for 5 minutes at checkout. Charged but no confirmation email. Did I buy a swan or donate to one?,open,normal,gus963@example.com,"[""surge"",""billing""]",1946,1946
TCK-SRG-00707,Buying 30 swans for a sorority event,Can we get 30 units and a bulk discount? Flexible on color. Not flexible on date.,open,normal,jerome442@example.com,"[""surge"",""presales"",""bulk""]",1441,1441
TCK-SRG-00708,Order status: swan,"I understand you are busy. I am simply asking for any information at all about order ORD-104321. Anything. A vibe, even.",open,normal,ivan915@example.com,"[""wismo"",""surge""]",1500,1500
TCK-SRG-00709,September?? Really?,Quoted September delivery. Summer ENDS. Explain the plan or refund me.,open,high,bob502@example.com,"[""surge"",""wismo""]",1788,1788
TCK-SRG-00710,Did my order go through?,Site spun for 5 minutes at checkout. Charged but no confirmation email. Did I buy a swan or donate to one?,open,normal,jamal600@example.com,"[""surge"",""billing""]",1762,1762
TCK-SRG-00711,Order status: swan,"I understand you are busy. I am simply asking for any information at all about order ORD-105796. Anything. A vibe, even.",open,normal,chen711@example.com,"[""wismo"",""surge""]",1550,1550
TCK-SRG-00712,Buying 30 swans for a sorority event,Can we get 30 units and a bulk discount? Flexible on color. Not flexible on date.,open,normal,yosef775@example.com,"[""surge"",""presales"",""bulk""]",1656,1656
TCK-SRG-00713,Buying 30 swans for a sorority event,Can we get 30 units and a bulk discount? Flexible on color. Not flexible on date.,open,normal,curtis723@example.com,"[""surge"",""presales"",""bulk""]",1760,1760
TCK-SRG-00714,Order status: swan,"I understand you are busy. I am simply asking for any information at all about order ORD-103942. Anything. A vibe, even.",open,normal,umar865@example.com,"[""wismo"",""surge""]",1625,1625
TCK-SRG-00715,Swan restock date?,Site says backordered. When is restock? Asking for a group chat of 200 people.,open,normal,gus192@example.com,"[""surge"",""presales""]",1752,1752
TCK-SRG-00716,Did my order go through?,Site spun for 5 minutes at checkout. Charged but no confirmation email. Did I buy a swan or donate to one?,open,normal,hannah207@example.com,"[""surge"",""billing""]",1734,1734
TCK-SRG-00717,Swan restock date?,Site says backordered. When is restock? Asking for a group chat of 200 people.,open,normal,umar655@example.com,"[""surge"",""presales""]",1637,1637
TCK-SRG-00718,WHERE IS MY SWAN,Ordered the second I saw the video. Confirmation says yesterday. Nothing since. The pool party is SUNDAY.,open,high,aisha955@example.com,"[""wismo"",""surge""]",1860,1860
TCK-SRG-00719,Order status: swan,"I understand you are busy. I am simply asking for any information at all about order ORD-105471. Anything. A vibe, even.",open,normal,omar764@example.com,"[""wismo"",""surge""]",1517,1517
TCK-SRG-00720,Swan restock date?,Site says backordered. When is restock? Asking for a group chat of 200 people.,open,normal,kitty493@example.com,"[""surge"",""presales""]",1659,1659
TCK-SRG-00721,Buying 30 swans for a sorority event,Can we get 30 units and a bulk discount? Flexible on color. Not flexible on date.,open,normal,flo158@example.com,"[""surge"",""presales"",""bulk""]",1683,1683
TCK-SRG-00722,Did my order go through?,Site spun for 5 minutes at checkout. Charged but no confirmation email. Did I buy a swan or donate to one?,open,normal,ray213@example.com,"[""surge"",""billing""]",1747,1747
TCK-SRG-00723,Order status: swan,"I understand you are busy. I am simply asking for any information at all about order ORD-104557. Anything. A vibe, even.",open,normal,nellie384@example.com,"[""wismo"",""surge""]",1465,1465
TCK-SRG-00724,September?? Really?,Quoted September delivery. Summer ENDS. Explain the plan or refund me.,open,high,mo521@example.com,"[""surge"",""wismo""]",1567,1567
TCK-SRG-00725,Order status: swan,"I understand you are busy. I am simply asking for any information at all about order ORD-103814. Anything. A vibe, even.",open,normal,zoe397@example.com,"[""wismo"",""surge""]",1683,1683
TCK-SRG-00726,Did my order go through?,Site spun for 5 minutes at checkout. Charged but no confirmation email. Did I buy a swan or donate to one?,open,normal,tomasz865@example.com,"[""surge"",""billing""]",1686,1686
TCK-SRG-00727,Swan restock date?,Site says backordered. When is restock? Asking for a group chat of 200 people.,open,normal,vera877@example.com,"[""surge"",""presales""]",1811,1811
TCK-SRG-00728,Order status: swan,"I understand you are busy. I am simply asking for any information at all about order ORD-105444. Anything. A vibe, even.",open,normal,flo739@example.com,"[""wismo"",""surge""]",1799,1799
TCK-SRG-00729,Order status: swan,"I understand you are busy. I am simply asking for any information at all about order ORD-106308. Anything. A vibe, even.",open,normal,vera914@example.com,"[""wismo"",""surge""]",1823,1823
TCK-SRG-00730,Did my order go through?,Site spun for 5 minutes at checkout. Charged but no confirmation email. Did I buy a swan or donate to one?,open,normal,vera274@example.com,"[""surge"",""billing""]",1770,1770
TCK-SRG-00731,Cancel if not shipping this week,"If the Colossal Swan cannot arrive before the 14th, cancel order ORD-107763. The moment will have passed.",open,normal,umar771@example.com,"[""surge"",""cancel""]",1623,1623
TCK-SRG-00732,Order status: swan,"I understand you are busy. I am simply asking for any information at all about order ORD-103388. Anything. A vibe, even.",open,normal,rosa495@example.com,"[""wismo"",""surge""]",1740,1740
TCK-SRG-00733,Buying 30 swans for a sorority event,Can we get 30 units and a bulk discount? Flexible on color. Not flexible on date.,open,normal,carlos268@example.com,"[""surge"",""presales"",""bulk""]",1458,1458
TCK-SRG-00734,Buying 30 swans for a sorority event,Can we get 30 units and a bulk discount? Flexible on color. Not flexible on date.,open,normal,luis852@example.com,"[""surge"",""presales"",""bulk""]",1941,1941
TCK-SRG-00735,Cancel if not shipping this week,"If the Colossal Swan cannot arrive before the 14th, cancel order ORD-105722. The moment will have passed.",open,normal,omar340@example.com,"[""surge"",""cancel""]",1392,1392
TCK-SRG-00736,Cancel if not shipping this week,"If the Colossal Swan cannot arrive before the 14th, cancel order ORD-106815. The moment will have passed.",open,normal,fatima903@example.com,"[""surge"",""cancel""]",1746,1746
TCK-SRG-00737,Did my order go through?,Site spun for 5 minutes at checkout. Charged but no confirmation email. Did I buy a swan or donate to one?,open,normal,rosa157@example.com,"[""surge"",""billing""]",1810,1810
TCK-SRG-00738,Order status: swan,"I understand you are busy. I am simply asking for any information at all about order ORD-103886. Anything. A vibe, even.",open,normal,priya171@example.com,"[""wismo"",""surge""]",1589,1589
TCK-SRG-00739,Order status: swan,"I understand you are busy. I am simply asking for any information at all about order ORD-107785. Anything. A vibe, even.",open,normal,linda783@example.com,"[""wismo"",""surge""]",1586,1586
TCK-SRG-00740,Buying 30 swans for a sorority event,Can we get 30 units and a bulk discount? Flexible on color. Not flexible on date.,open,normal,gus192@example.com,"[""surge"",""presales"",""bulk""]",1877,1877
TCK-SRG-00741,Did my order go through?,Site spun for 5 minutes at checkout. Charged but no confirmation email. Did I buy a swan or donate to one?,open,normal,priya904@example.com,"[""surge"",""billing""]",1730,1730
TCK-SRG-00742,WHERE IS MY SWAN,Ordered the second I saw the video. Confirmation says yesterday. Nothing since. The pool party is SUNDAY.,open,high,priya712@example.com,"[""wismo"",""surge""]",1364,1364
TCK-SRG-00743,Order status: swan,"I understand you are busy. I am simply asking for any information at all about order ORD-104566. Anything. A vibe, even.",open,normal,ivan506@example.com,"[""wismo"",""surge""]",1759,1759
TCK-SRG-00744,Cancel if not shipping this week,"If the Colossal Swan cannot arrive before the 14th, cancel order ORD-106288. The moment will have passed.",open,normal,curtis302@example.com,"[""surge"",""cancel""]",1897,1897
TCK-SRG-00745,September?? Really?,Quoted September delivery. Summer ENDS. Explain the plan or refund me.,open,high,jerome242@example.com,"[""surge"",""wismo""]",1417,1417
TCK-SRG-00746,Buying 30 swans for a sorority event,Can we get 30 units and a bulk discount? Flexible on color. Not flexible on date.,open,normal,bettye666@example.com,"[""surge"",""presales"",""bulk""]",1469,1469
TCK-SRG-00747,WHERE IS MY SWAN,Ordered the second I saw the video. Confirmation says yesterday. Nothing since. The pool party is SUNDAY.,open,high,zoe702@example.com,"[""wismo"",""surge""]",1414,1414
TCK-SRG-00748,WHERE IS MY SWAN,Ordered the second I saw the video. Confirmation says yesterday. Nothing since. The pool party is SUNDAY.,open,high,carlos233@example.com,"[""wismo"",""surge""]",1616,1616
TCK-SRG-00749,WHERE IS MY SWAN,Ordered the second I saw the video. Confirmation says yesterday. Nothing since. The pool party is SUNDAY.,open,high,flo212@example.com,"[""wismo"",""surge""]",1649,1649
TCK-SRG-00750,Order status: swan,"I understand you are busy. I am simply asking for any information at all about order ORD-105982. Anything. A vibe, even.",open,normal,luis258@example.com,"[""wismo"",""surge""]",1413,1413
TCK-SRG-00751,September?? Really?,Quoted September delivery. Summer ENDS. Explain the plan or refund me.,open,high,umar755@example.com,"[""surge"",""wismo""]",1394,1394
TCK-SRG-00752,Buying 30 swans for a sorority event,Can we get 30 units and a bulk discount? Flexible on color. Not flexible on date.,open,normal,jamal462@example.com,"[""surge"",""presales"",""bulk""]",1651,1651
TCK-SRG-00753,Did my order go through?,Site spun for 5 minutes at checkout. Charged but no confirmation email. Did I buy a swan or donate to one?,open,normal,gus620@example.com,"[""surge"",""billing""]",1520,1520
TCK-SRG-00754,Cancel if not shipping this week,"If the Colossal Swan cannot arrive before the 14th, cancel order ORD-105060. The moment will have passed.",open,normal,rosa692@example.com,"[""surge"",""cancel""]",1656,1656
TCK-SRG-00755,Did my order go through?,Site spun for 5 minutes at checkout. Charged but no confirmation email. Did I buy a swan or donate to one?,open,normal,fatima702@example.com,"[""surge"",""billing""]",1881,1881
TCK-SRG-00756,WHERE IS MY SWAN,Ordered the second I saw the video. Confirmation says yesterday. Nothing since. The pool party is SUNDAY.,open,high,margaret416@example.com,"[""wismo"",""surge""]",1640,1640
TCK-SRG-00757,WHERE IS MY SWAN,Ordered the second I saw the video. Confirmation says yesterday. Nothing since. The pool party is SUNDAY.,open,high,vera148@example.com,"[""wismo"",""surge""]",1544,1544
TCK-SRG-00758,Buying 30 swans for a sorority event,Can we get 30 units and a bulk discount? Flexible on color. Not flexible on date.,open,normal,vera677@example.com,"[""surge"",""presales"",""bulk""]",1444,1444
TCK-SRG-00759,WHERE IS MY SWAN,Ordered the second I saw the video. Confirmation says yesterday. Nothing since. The pool party is SUNDAY.,open,high,harriet539@example.com,"[""wismo"",""surge""]",1363,1363
TCK-SRG-00760,Swan restock date?,Site says backordered. When is restock? Asking for a group chat of 200 people.,open,normal,dolores212@example.com,"[""surge"",""presales""]",1800,1800
TCK-SRG-00761,Cancel if not shipping this week,"If the Colossal Swan cannot arrive before the 14th, cancel order ORD-105600. The moment will have passed.",open,normal,curtis969@example.com,"[""surge"",""cancel""]",1552,1552
TCK-SRG-00762,Buying 30 swans for a sorority event,Can we get 30 units and a bulk discount? Flexible on color. Not flexible on date.,open,normal,umar133@example.com,"[""surge"",""presales"",""bulk""]",1912,1912
TCK-SRG-00763,Did my order go through?,Site spun for 5 minutes at checkout. Charged but no confirmation email. Did I buy a swan or donate to one?,open,normal,mabel820@example.com,"[""surge"",""billing""]",1657,1657
TCK-SRG-00764,September?? Really?,Quoted September delivery. Summer ENDS. Explain the plan or refund me.,open,high,ximena480@example.com,"[""surge"",""wismo""]",1545,1545
TCK-SRG-00765,September?? Really?,Quoted September delivery. Summer ENDS. Explain the plan or refund me.,open,high,wes731@example.com,"[""surge"",""wismo""]",1793,1793
TCK-SRG-00766,Order status: swan,"I understand you are busy. I am simply asking for any information at all about order ORD-106111. Anything. A vibe, even.",open,normal,zoe435@example.com,"[""wismo"",""surge""]",1580,1580
TCK-SRG-00767,Swan restock date?,Site says backordered. When is restock? Asking for a group chat of 200 people.,open,normal,jamal343@example.com,"[""surge"",""presales""]",1643,1643
TCK-SRG-00768,WHERE IS MY SWAN,Ordered the second I saw the video. Confirmation says yesterday. Nothing since. The pool party is SUNDAY.,open,high,tina734@example.com,"[""wismo"",""surge""]",1887,1887
TCK-SRG-00769,Order status: swan,"I understand you are busy. I am simply asking for any information at all about order ORD-103122. Anything. A vibe, even.",open,normal,ernesto713@example.com,"[""wismo"",""surge""]",1401,1401
TCK-SRG-00770,Cancel if not shipping this week,"If the Colossal Swan cannot arrive before the 14th, cancel order ORD-103890. The moment will have passed.",open,normal,gus761@example.com,"[""surge"",""cancel""]",1905,1905
TCK-SRG-00771,September?? Really?,Quoted September delivery. Summer ENDS. Explain the plan or refund me.,open,high,nellie608@example.com,"[""surge"",""wismo""]",1502,1502
TCK-SRG-00772,Cancel if not shipping this week,"If the Colossal Swan cannot arrive before the 14th, cancel order ORD-103157. The moment will have passed.",open,normal,jamal599@example.com,"[""surge"",""cancel""]",1439,1439
TCK-SRG-00773,Cancel if not shipping this week,"If the Colossal Swan cannot arrive before the 14th, cancel order ORD-105022. The moment will have passed.",open,normal,nadia956@example.com,"[""surge"",""cancel""]",1384,1384
TCK-SRG-00774,Did my order go through?,Site spun for 5 minutes at checkout. Charged but no confirmation email. Did I buy a swan or donate to one?,open,normal,linda129@example.com,"[""surge"",""billing""]",1439,1439
TCK-SRG-00775,Cancel if not shipping this week,"If the Colossal Swan cannot arrive before the 14th, cancel order ORD-107325. The moment will have passed.",open,normal,curtis719@example.com,"[""surge"",""cancel""]",1789,1789
TCK-SRG-00776,Order status: swan,"I understand you are busy. I am simply asking for any information at all about order ORD-103439. Anything. A vibe, even.",open,normal,stan314@example.com,"[""wismo"",""surge""]",1326,1326
TCK-SRG-00777,September?? Really?,Quoted September delivery. Summer ENDS. Explain the plan or refund me.,open,high,lamar772@example.com,"[""surge"",""wismo""]",1917,1917
TCK-SRG-00778,September?? Really?,Quoted September delivery. Summer ENDS. Explain the plan or refund me.,open,high,ximena241@example.com,"[""surge"",""wismo""]",1369,1369
TCK-SRG-00779,Swan restock date?,Site says backordered. When is restock? Asking for a group chat of 200 people.,open,normal,curtis326@example.com,"[""surge"",""presales""]",1404,1404
TCK-SRG-00780,Did my order go through?,Site spun for 5 minutes at checkout. Charged but no confirmation email. Did I buy a swan or donate to one?,open,normal,ingrid855@example.com,"[""surge"",""billing""]",1590,1590
TCK-SRG-00781,WHERE IS MY SWAN,Ordered the second I saw the video. Confirmation says yesterday. Nothing since. The pool party is SUNDAY.,solved,high,luis238@example.com,"[""wismo"",""surge""]",1473,1473
TCK-SRG-00782,Order status: swan,"I understand you are busy. I am simply asking for any information at all about order ORD-104705. Anything. A vibe, even.",open,normal,aisha590@example.com,"[""wismo"",""surge""]",1740,1740
TCK-SRG-00783,Swan restock date?,Site says backordered. When is restock? Asking for a group chat of 200 people.,open,normal,aisha689@example.com,"[""surge"",""presales""]",1376,1376
TCK-SRG-00785,Swan restock date?,Site says backordered. When is restock? Asking for a group chat of 200 people.,open,normal,ray942@example.com,"[""surge"",""presales""]",1405,1405
TCK-SRG-00786,Cancel if not shipping this week,"If the Colossal Swan cannot arrive before the 14th, cancel order ORD-104337. The moment will have passed.",open,normal,umar447@example.com,"[""surge"",""cancel""]",1865,1865
TCK-SRG-00787,September?? Really?,Quoted September delivery. Summer ENDS. Explain the plan or refund me.,open,high,arthur734@example.com,"[""surge"",""wismo""]",1568,1568
TCK-SRG-00788,September?? Really?,Quoted September delivery. Summer ENDS. Explain the plan or refund me.,open,high,yuki699@example.com,"[""surge"",""wismo""]",1555,1555
TCK-SRG-00789,Did my order go through?,Site spun for 5 minutes at checkout. Charged but no confirmation email. Did I buy a swan or donate to one?,open,normal,ray125@example.com,"[""surge"",""billing""]",1494,1494
TCK-SRG-00790,Cancel if not shipping this week,"If the Colossal Swan cannot arrive before the 14th, cancel order ORD-107351. The moment will have passed.",open,normal,ray638@example.com,"[""surge"",""cancel""]",1441,1441
TCK-SRG-00791,WHERE IS MY SWAN,Ordered the second I saw the video. Confirmation says yesterday. Nothing since. The pool party is SUNDAY.,open,high,tina577@example.com,"[""wismo"",""surge""]",1527,1527
TCK-SRG-00792,Did my order go through?,Site spun for 5 minutes at checkout. Charged but no confirmation email. Did I buy a swan or donate to one?,open,normal,tina490@example.com,"[""surge"",""billing""]",1564,1564
TCK-SRG-00793,Cancel if not shipping this week,"If the Colossal Swan cannot arrive before the 14th, cancel order ORD-104182. The moment will have passed.",open,normal,zoe378@example.com,"[""surge"",""cancel""]",1698,1698
TCK-SRG-00794,Did my order go through?,Site spun for 5 minutes at checkout. Charged but no confirmation email. Did I buy a swan or donate to one?,open,normal,ivan875@example.com,"[""surge"",""billing""]",1925,1925
TCK-SRG-00795,Swan restock date?,Site says backordered. When is restock? Asking for a group chat of 200 people.,open,normal,zoe603@example.com,"[""surge"",""presales""]",1325,1325
TCK-SRG-00796,September?? Really?,Quoted September delivery. Summer ENDS. Explain the plan or refund me.,open,high,dolores351@example.com,"[""surge"",""wismo""]",1845,1845
TCK-SRG-00797,WHERE IS MY SWAN,Ordered the second I saw the video. Confirmation says yesterday. Nothing since. The pool party is SUNDAY.,open,high,ingrid530@example.com,"[""wismo"",""surge""]",1594,1594
TCK-SRG-00798,September?? Really?,Quoted September delivery. Summer ENDS. Explain the plan or refund me.,open,high,nellie587@example.com,"[""surge"",""wismo""]",1489,1489
TCK-SRG-00799,Buying 30 swans for a sorority event,Can we get 30 units and a bulk discount? Flexible on color. Not flexible on date.,open,normal,carlos364@example.com,"[""surge"",""presales"",""bulk""]",1421,1421
TCK-SRG-00800,WHERE IS MY SWAN,Ordered the second I saw the video. Confirmation says yesterday. Nothing since. The pool party is SUNDAY.,open,high,quinn916@example.com,"[""wismo"",""surge""]",1324,1324
TCK-SRG-00801,WHERE IS MY SWAN,Ordered the second I saw the video. Confirmation says yesterday. Nothing since. The pool party is SUNDAY.,open,high,yosef560@example.com,"[""wismo"",""surge""]",1443,1443
TCK-SRG-00802,Order status: swan,"I understand you are busy. I am simply asking for any information at all about order ORD-104273. Anything. A vibe, even.",open,normal,otis747@example.com,"[""wismo"",""surge""]",1655,1655
TCK-SRG-00803,WHERE IS MY SWAN,Ordered the second I saw the video. Confirmation says yesterday. Nothing since. The pool party is SUNDAY.,open,high,yosef898@example.com,"[""wismo"",""surge""]",1777,1777
TCK-SRG-00804,Cancel if not shipping this week,"If the Colossal Swan cannot arrive before the 14th, cancel order ORD-107412. The moment will have passed.",open,normal,nellie847@example.com,"[""surge"",""cancel""]",1668,1668
TCK-SRG-00805,Did my order go through?,Site spun for 5 minutes at checkout. Charged but no confirmation email. Did I buy a swan or donate to one?,open,normal,zoe581@example.com,"[""surge"",""billing""]",1671,1671
TCK-SRG-00806,Order status: swan,"I understand you are busy. I am simply asking for any information at all about order ORD-103037. Anything. A vibe, even.",open,normal,mo869@example.com,"[""wismo"",""surge""]",1747,1747
TCK-SRG-00807,Swan restock date?,Site says backordered. When is restock? Asking for a group chat of 200 people.,open,normal,bob369@example.com,"[""surge"",""presales""]",1848,1848
TCK-SRG-00808,Buying 30 swans for a sorority event,Can we get 30 units and a bulk discount? Flexible on color. Not flexible on date.,open,normal,carlos689@example.com,"[""surge"",""presales"",""bulk""]",1379,1379
TCK-SRG-00809,WHERE IS MY SWAN,Ordered the second I saw the video. Confirmation says yesterday. Nothing since. The pool party is SUNDAY.,open,high,kitty888@example.com,"[""wismo"",""surge""]",1759,1759
TCK-SRG-00810,Buying 30 swans for a sorority event,Can we get 30 units and a bulk discount? Flexible on color. Not flexible on date.,open,normal,stan878@example.com,"[""surge"",""presales"",""bulk""]",1830,1830
TCK-SRG-00811,Order status: swan,"I understand you are busy. I am simply asking for any information at all about order ORD-104523. Anything. A vibe, even.",open,normal,otis803@example.com,"[""wismo"",""surge""]",1823,1823
TCK-SRG-00812,September?? Really?,Quoted September delivery. Summer ENDS. Explain the plan or refund me.,open,high,omar737@example.com,"[""surge"",""wismo""]",1574,1574
TCK-SRG-00813,Swan restock date?,Site says backordered. When is restock? Asking for a group chat of 200 people.,open,normal,wes270@example.com,"[""surge"",""presales""]",1620,1620
TCK-SRG-00814,September?? Really?,Quoted September delivery. Summer ENDS. Explain the plan or refund me.,open,high,gus768@example.com,"[""surge"",""wismo""]",1535,1535
TCK-SRG-00815,Cancel if not shipping this week,"If the Colossal Swan cannot arrive before the 14th, cancel order ORD-103894. The moment will have passed.",open,normal,lamar933@example.com,"[""surge"",""cancel""]",1801,1801
TCK-SRG-00816,September?? Really?,Quoted September delivery. Summer ENDS. Explain the plan or refund me.,open,high,greg349@example.com,"[""surge"",""wismo""]",1539,1539
TCK-SRG-00817,Order status: swan,"I understand you are busy. I am simply asking for any information at all about order ORD-105564. Anything. A vibe, even.",open,normal,carlos344@example.com,"[""wismo"",""surge""]",1509,1509
TCK-SRG-00818,September?? Really?,Quoted September delivery. Summer ENDS. Explain the plan or refund me.,open,high,ernesto710@example.com,"[""surge"",""wismo""]",1882,1882
TCK-SRG-00819,September?? Really?,Quoted September delivery. Summer ENDS. Explain the plan or refund me.,open,high,vera866@example.com,"[""surge"",""wismo""]",1701,1701
TCK-SRG-00820,Cancel if not shipping this week,"If the Colossal Swan cannot arrive before the 14th, cancel order ORD-105455. The moment will have passed.",open,normal,tina461@example.com,"[""surge"",""cancel""]",1327,1327
TCK-SRG-00822,Buying 30 swans for a sorority event,Can we get 30 units and a bulk discount? Flexible on color. Not flexible on date.,open,normal,nadia858@example.com,"[""surge"",""presales"",""bulk""]",1899,1899
TCK-SRG-00823,WHERE IS MY SWAN,Ordered the second I saw the video. Confirmation says yesterday. Nothing since. The pool party is SUNDAY.,open,high,jerome587@example.com,"[""wismo"",""surge""]",1708,1708
TCK-SRG-00824,Swan restock date?,Site says backordered. When is restock? Asking for a group chat of 200 people.,open,normal,bettye333@example.com,"[""surge"",""presales""]",1883,1883
TCK-SRG-00825,Cancel if not shipping this week,"If the Colossal Swan cannot arrive before the 14th, cancel order ORD-104144. The moment will have passed.",open,normal,ernesto195@example.com,"[""surge"",""cancel""]",1883,1883
TCK-SRG-00826,Order status: swan,"I understand you are busy. I am simply asking for any information at all about order ORD-104796. Anything. A vibe, even.",open,normal,yuki991@example.com,"[""wismo"",""surge""]",1657,1657
TCK-SRG-00827,Order status: swan,"I understand you are busy. I am simply asking for any information at all about order ORD-107082. Anything. A vibe, even.",open,normal,umar906@example.com,"[""wismo"",""surge""]",1461,1461
TCK-SRG-00828,WHERE IS MY SWAN,Ordered the second I saw the video. Confirmation says yesterday. Nothing since. The pool party is SUNDAY.,open,high,priya216@example.com,"[""wismo"",""surge""]",1406,1406
TCK-SRG-00829,Did my order go through?,Site spun for 5 minutes at checkout. Charged but no confirmation email. Did I buy a swan or donate to one?,open,normal,rosa192@example.com,"[""surge"",""billing""]",1331,1331
TCK-SRG-00830,Did my order go through?,Site spun for 5 minutes at checkout. Charged but no confirmation email. Did I buy a swan or donate to one?,open,normal,tomasz978@example.com,"[""surge"",""billing""]",1909,1909
TCK-SRG-00831,Swan restock date?,Site says backordered. When is restock? Asking for a group chat of 200 people.,open,normal,fatima636@example.com,"[""surge"",""presales""]",1777,1777
TCK-SRG-00832,Swan restock date?,Site says backordered. When is restock? Asking for a group chat of 200 people.,open,normal,aisha873@example.com,"[""surge"",""presales""]",1880,1880
TCK-SRG-00833,Buying 30 swans for a sorority event,Can we get 30 units and a bulk discount? Flexible on color. Not flexible on date.,open,normal,ray190@example.com,"[""surge"",""presales"",""bulk""]",1355,1355
TCK-SRG-00834,Order status: swan,"I understand you are busy. I am simply asking for any information at all about order ORD-105614. Anything. A vibe, even.",open,normal,kitty853@example.com,"[""wismo"",""surge""]",1392,1392
TCK-SRG-00835,Did my order go through?,Site spun for 5 minutes at checkout. Charged but no confirmation email. Did I buy a swan or donate to one?,open,normal,jerome239@example.com,"[""surge"",""billing""]",1431,1431
TCK-SRG-00836,Swan restock date?,Site says backordered. When is restock? Asking for a group chat of 200 people.,open,normal,gus881@example.com,"[""surge"",""presales""]",1815,1815
TCK-SRG-00837,WHERE IS MY SWAN,Ordered the second I saw the video. Confirmation says yesterday. Nothing since. The pool party is SUNDAY.,open,high,mo157@example.com,"[""wismo"",""surge""]",1340,1340
TCK-SRG-00838,Did my order go through?,Site spun for 5 minutes at checkout. Charged but no confirmation email. Did I buy a swan or donate to one?,open,normal,omar355@example.com,"[""surge"",""billing""]",1454,1454
TCK-SRG-00839,Swan restock date?,Site says backordered. When is restock? Asking for a group chat of 200 people.,open,normal,dolores860@example.com,"[""surge"",""presales""]",1466,1466
TCK-SRG-00840,WHERE IS MY SWAN,Ordered the second I saw the video. Confirmation says yesterday. Nothing since. The pool party is SUNDAY.,open,high,ingrid452@example.com,"[""wismo"",""surge""]",1786,1786
TCK-SRG-00841,Order status: swan,"I understand you are busy. I am simply asking for any information at all about order ORD-104045. Anything. A vibe, even.",open,normal,pearl682@example.com,"[""wismo"",""surge""]",1556,1556
TCK-SRG-00842,Order status: swan,"I understand you are busy. I am simply asking for any information at all about order ORD-106759. Anything. A vibe, even.",open,normal,carlos481@example.com,"[""wismo"",""surge""]",1524,1524
TCK-SRG-00843,Did my order go through?,Site spun for 5 minutes at checkout. Charged but no confirmation email. Did I buy a swan or donate to one?,open,normal,ray169@example.com,"[""surge"",""billing""]",1484,1484
TCK-SRG-00844,WHERE IS MY SWAN,Ordered the second I saw the video. Confirmation says yesterday. Nothing since. The pool party is SUNDAY.,solved,high,ximena385@example.com,"[""wismo"",""surge""]",1669,1669
TCK-SRG-00845,Buying 30 swans for a sorority event,Can we get 30 units and a bulk discount? Flexible on color. Not flexible on date.,open,normal,margaret278@example.com,"[""surge"",""presales"",""bulk""]",1404,1404
TCK-SRG-00846,Cancel if not shipping this week,"If the Colossal Swan cannot arrive before the 14th, cancel order ORD-103635. The moment will have passed.",open,normal,ingrid587@example.com,"[""surge"",""cancel""]",1649,1649
TCK-SRG-00847,September?? Really?,Quoted September delivery. Summer ENDS. Explain the plan or refund me.,open,high,ray632@example.com,"[""surge"",""wismo""]",1760,1760
TCK-SRG-00848,Cancel if not shipping this week,"If the Colossal Swan cannot arrive before the 14th, cancel order ORD-103178. The moment will have passed.",open,normal,jamal869@example.com,"[""surge"",""cancel""]",1738,1738
TCK-SRG-00849,Swan restock date?,Site says backordered. When is restock? Asking for a group chat of 200 people.,open,normal,priya677@example.com,"[""surge"",""presales""]",1525,1525
TCK-SRG-00850,September?? Really?,Quoted September delivery. Summer ENDS. Explain the plan or refund me.,open,high,flo230@example.com,"[""surge"",""wismo""]",1884,1884
TCK-SRG-00851,Swan restock date?,Site says backordered. When is restock? Asking for a group chat of 200 people.,open,normal,lamar870@example.com,"[""surge"",""presales""]",1770,1770
TCK-SRG-00852,September?? Really?,Quoted September delivery. Summer ENDS. Explain the plan or refund me.,open,high,zoe248@example.com,"[""surge"",""wismo""]",1912,1912
TCK-SRG-00853,WHERE IS MY SWAN,Ordered the second I saw the video. Confirmation says yesterday. Nothing since. The pool party is SUNDAY.,open,high,stan774@example.com,"[""wismo"",""surge""]",1621,1621
TCK-SRG-00854,Order status: swan,"I understand you are busy. I am simply asking for any information at all about order ORD-107179. Anything. A vibe, even.",open,normal,gus859@example.com,"[""wismo"",""surge""]",1698,1698
TCK-SRG-00855,September?? Really?,Quoted September delivery. Summer ENDS. Explain the plan or refund me.,open,high,deshawn621@example.com,"[""surge"",""wismo""]",1607,1607
TCK-SRG-00856,Order status: swan,"I understand you are busy. I am simply asking for any information at all about order ORD-107538. Anything. A vibe, even.",open,normal,quinn720@example.com,"[""wismo"",""surge""]",1887,1887
TCK-SRG-00857,September?? Really?,Quoted September delivery. Summer ENDS. Explain the plan or refund me.,open,high,tomasz969@example.com,"[""surge"",""wismo""]",1511,1511
TCK-SRG-00858,WHERE IS MY SWAN,Ordered the second I saw the video. Confirmation says yesterday. Nothing since. The pool party is SUNDAY.,solved,high,hannah579@example.com,"[""wismo"",""surge""]",1529,1529
TCK-SRG-00859,Cancel if not shipping this week,"If the Colossal Swan cannot arrive before the 14th, cancel order ORD-104394. The moment will have passed.",open,normal,margaret741@example.com,"[""surge"",""cancel""]",1468,1468
TCK-SRG-00860,Order status: swan,"I understand you are busy. I am simply asking for any information at all about order ORD-103693. Anything. A vibe, even.",open,normal,carlos645@example.com,"[""wismo"",""surge""]",1781,1781
TCK-SRG-00861,Cancel if not shipping this week,"If the Colossal Swan cannot arrive before the 14th, cancel order ORD-105896. The moment will have passed.",open,normal,chen767@example.com,"[""surge"",""cancel""]",1607,1607
TCK-SRG-00862,WHERE IS MY SWAN,Ordered the second I saw the video. Confirmation says yesterday. Nothing since. The pool party is SUNDAY.,open,high,nadia673@example.com,"[""wismo"",""surge""]",1821,1821
TCK-SRG-00863,Order status: swan,"I understand you are busy. I am simply asking for any information at all about order ORD-105871. Anything. A vibe, even.",open,normal,paloma878@example.com,"[""wismo"",""surge""]",1602,1602
TCK-SRG-00864,Swan restock date?,Site says backordered. When is restock? Asking for a group chat of 200 people.,open,normal,greg984@example.com,"[""surge"",""presales""]",1750,1750
TCK-SRG-00865,WHERE IS MY SWAN,Ordered the second I saw the video. Confirmation says yesterday. Nothing since. The pool party is SUNDAY.,open,high,ray224@example.com,"[""wismo"",""surge""]",1558,1558
TCK-SRG-00866,Did my order go through?,Site spun for 5 minutes at checkout. Charged but no confirmation email. Did I buy a swan or donate to one?,open,normal,vera863@example.com,"[""surge"",""billing""]",1841,1841
TCK-SRG-00867,Cancel if not shipping this week,"If the Colossal Swan cannot arrive before the 14th, cancel order ORD-103715. The moment will have passed.",open,normal,ray845@example.com,"[""surge"",""cancel""]",1785,1785
TCK-SRG-00868,Buying 30 swans for a sorority event,Can we get 30 units and a bulk discount? Flexible on color. Not flexible on date.,open,normal,ximena300@example.com,"[""surge"",""presales"",""bulk""]",1478,1478
TCK-SRG-00869,Did my order go through?,Site spun for 5 minutes at checkout. Charged but no confirmation email. Did I buy a swan or donate to one?,open,normal,kitty702@example.com,"[""surge"",""billing""]",1569,1569
TCK-SRG-00870,Did my order go through?,Site spun for 5 minutes at checkout. Charged but no confirmation email. Did I buy a swan or donate to one?,open,normal,ivan676@example.com,"[""surge"",""billing""]",1660,1660
TCK-SRG-00871,Order status: swan,"I understand you are busy. I am simply asking for any information at all about order ORD-106522. Anything. A vibe, even.",open,normal,priya154@example.com,"[""wismo"",""surge""]",1919,1919
TCK-SRG-00872,Order status: swan,"I understand you are busy. I am simply asking for any information at all about order ORD-107947. Anything. A vibe, even.",solved,normal,bettye356@example.com,"[""wismo"",""surge""]",1824,1824
TCK-SRG-00873,WHERE IS MY SWAN,Ordered the second I saw the video. Confirmation says yesterday. Nothing since. The pool party is SUNDAY.,open,high,lamar952@example.com,"[""wismo"",""surge""]",1791,1791
TCK-SRG-00874,Buying 30 swans for a sorority event,Can we get 30 units and a bulk discount? Flexible on color. Not flexible on date.,open,normal,chen299@example.com,"[""surge"",""presales"",""bulk""]",1524,1524
TCK-SRG-00875,Buying 30 swans for a sorority event,Can we get 30 units and a bulk discount? Flexible on color. Not flexible on date.,open,normal,carlos410@example.com,"[""surge"",""presales"",""bulk""]",1428,1428
TCK-SRG-00876,WHERE IS MY SWAN,Ordered the second I saw the video. Confirmation says yesterday. Nothing since. The pool party is SUNDAY.,open,high,arthur992@example.com,"[""wismo"",""surge""]",1800,1800
TCK-SRG-00877,September?? Really?,Quoted September delivery. Summer ENDS. Explain the plan or refund me.,open,high,yosef846@example.com,"[""surge"",""wismo""]",1484,1484
TCK-SRG-00878,Order status: swan,"I understand you are busy. I am simply asking for any information at all about order ORD-106340. Anything. A vibe, even.",open,normal,zoe102@example.com,"[""wismo"",""surge""]",1761,1761
TCK-SRG-00879,September?? Really?,Quoted September delivery. Summer ENDS. Explain the plan or refund me.,open,high,omar734@example.com,"[""surge"",""wismo""]",1690,1690
TCK-SRG-00880,WHERE IS MY SWAN,Ordered the second I saw the video. Confirmation says yesterday. Nothing since. The pool party is SUNDAY.,open,high,deshawn525@example.com,"[""wismo"",""surge""]",1778,1778
TCK-SRG-00881,Buying 30 swans for a sorority event,Can we get 30 units and a bulk discount? Flexible on color. Not flexible on date.,open,normal,curtis443@example.com,"[""surge"",""presales"",""bulk""]",1440,1440
TCK-SRG-00882,Did my order go through?,Site spun for 5 minutes at checkout. Charged but no confirmation email. Did I buy a swan or donate to one?,open,normal,kitty139@example.com,"[""surge"",""billing""]",1859,1859
TCK-SRG-00883,Swan restock date?,Site says backordered. When is restock? Asking for a group chat of 200 people.,open,normal,fatima513@example.com,"[""surge"",""presales""]",1821,1821
TCK-SRG-00884,Did my order go through?,Site spun for 5 minutes at checkout. Charged but no confirmation email. Did I buy a swan or donate to one?,open,normal,yosef185@example.com,"[""surge"",""billing""]",1853,1853
TCK-SRG-00885,WHERE IS MY SWAN,Ordered the second I saw the video. Confirmation says yesterday. Nothing since. The pool party is SUNDAY.,open,high,paloma475@example.com,"[""wismo"",""surge""]",1874,1874
TCK-SRG-00886,Swan restock date?,Site says backordered. When is restock? Asking for a group chat of 200 people.,open,normal,pearl509@example.com,"[""surge"",""presales""]",1559,1559
TCK-SRG-00887,Cancel if not shipping this week,"If the Colossal Swan cannot arrive before the 14th, cancel order ORD-105582. The moment will have passed.",open,normal,vera530@example.com,"[""surge"",""cancel""]",1844,1844
TCK-SRG-00888,Did my order go through?,Site spun for 5 minutes at checkout. Charged but no confirmation email. Did I buy a swan or donate to one?,open,normal,priya364@example.com,"[""surge"",""billing""]",1396,1396
TCK-SRG-00889,Cancel if not shipping this week,"If the Colossal Swan cannot arrive before the 14th, cancel order ORD-104192. The moment will have passed.",open,normal,yuki128@example.com,"[""surge"",""cancel""]",1910,1910
TCK-SRG-00890,Did my order go through?,Site spun for 5 minutes at checkout. Charged but no confirmation email. Did I buy a swan or donate to one?,open,normal,nellie793@example.com,"[""surge"",""billing""]",1626,1626
TCK-SRG-00891,WHERE IS MY SWAN,Ordered the second I saw the video. Confirmation says yesterday. Nothing since. The pool party is SUNDAY.,solved,high,jerome540@example.com,"[""wismo"",""surge""]",1469,1469
TCK-SRG-00892,WHERE IS MY SWAN,Ordered the second I saw the video. Confirmation says yesterday. Nothing since. The pool party is SUNDAY.,open,high,zoe655@example.com,"[""wismo"",""surge""]",1428,1428
TCK-SRG-00893,Order status: swan,"I understand you are busy. I am simply asking for any information at all about order ORD-103671. Anything. A vibe, even.",open,normal,otis563@example.com,"[""wismo"",""surge""]",1869,1869
TCK-SRG-00894,September?? Really?,Quoted September delivery. Summer ENDS. Explain the plan or refund me.,open,high,zoe703@example.com,"[""surge"",""wismo""]",1532,1532
TCK-SRG-00895,WHERE IS MY SWAN,Ordered the second I saw the video. Confirmation says yesterday. Nothing since. The pool party is SUNDAY.,open,high,chen778@example.com,"[""wismo"",""surge""]",1536,1536
TCK-SRG-00896,Cancel if not shipping this week,"If the Colossal Swan cannot arrive before the 14th, cancel order ORD-103257. The moment will have passed.",open,normal,ivan552@example.com,"[""surge"",""cancel""]",1919,1919
TCK-SRG-00897,Order status: swan,"I understand you are busy. I am simply asking for any information at all about order ORD-106510. Anything. A vibe, even.",open,normal,tina798@example.com,"[""wismo"",""surge""]",1927,1927
TCK-SRG-00898,Cancel if not shipping this week,"If the Colossal Swan cannot arrive before the 14th, cancel order ORD-105303. The moment will have passed.",solved,normal,flo676@example.com,"[""surge"",""cancel""]",1746,1746
TCK-SRG-00899,September?? Really?,Quoted September delivery. Summer ENDS. Explain the plan or refund me.,open,high,ivan998@example.com,"[""surge"",""wismo""]",1631,1631
TCK-SRG-00900,Buying 30 swans for a sorority event,Can we get 30 units and a bulk discount? Flexible on color. Not flexible on date.,open,normal,greg445@example.com,"[""surge"",""presales"",""bulk""]",1750,1750
TCK-SRG-00901,September?? Really?,Quoted September delivery. Summer ENDS. Explain the plan or refund me.,open,high,aisha675@example.com,"[""surge"",""wismo""]",1382,1382
TCK-SRG-00902,Did my order go through?,Site spun for 5 minutes at checkout. Charged but no confirmation email. Did I buy a swan or donate to one?,open,normal,wes356@example.com,"[""surge"",""billing""]",1668,1668
TCK-SRG-00903,Order status: swan,"I understand you are busy. I am simply asking for any information at all about order ORD-105721. Anything. A vibe, even.",open,normal,arthur390@example.com,"[""wismo"",""surge""]",1587,1587
TCK-SRG-00904,Did my order go through?,Site spun for 5 minutes at checkout. Charged but no confirmation email. Did I buy a swan or donate to one?,open,normal,mabel183@example.com,"[""surge"",""billing""]",1751,1751
TCK-SRG-00905,September?? Really?,Quoted September delivery. Summer ENDS. Explain the plan or refund me.,open,high,jamal349@example.com,"[""surge"",""wismo""]",1591,1591
TCK-SRG-00906,WHERE IS MY SWAN,Ordered the second I saw the video. Confirmation says yesterday. Nothing since. The pool party is SUNDAY.,open,high,mo683@example.com,"[""wismo"",""surge""]",1389,1389
TCK-SRG-00907,WHERE IS MY SWAN,Ordered the second I saw the video. Confirmation says yesterday. Nothing since. The pool party is SUNDAY.,open,high,quinn381@example.com,"[""wismo"",""surge""]",1443,1443
TCK-SRG-00908,Order status: swan,"I understand you are busy. I am simply asking for any information at all about order ORD-106244. Anything. A vibe, even.",open,normal,tomasz508@example.com,"[""wismo"",""surge""]",1568,1568
TCK-SRG-00909,WHERE IS MY SWAN,Ordered the second I saw the video. Confirmation says yesterday. Nothing since. The pool party is SUNDAY.,open,high,chen462@example.com,"[""wismo"",""surge""]",1582,1582
TCK-SRG-00910,Cancel if not shipping this week,"If the Colossal Swan cannot arrive before the 14th, cancel order ORD-106822. The moment will have passed.",open,normal,wes239@example.com,"[""surge"",""cancel""]",1646,1646
TCK-SRG-00911,September?? Really?,Quoted September delivery. Summer ENDS. Explain the plan or refund me.,open,high,greg114@example.com,"[""surge"",""wismo""]",1635,1635
TCK-SRG-00912,Did my order go through?,Site spun for 5 minutes at checkout. Charged but no confirmation email. Did I buy a swan or donate to one?,open,normal,wes843@example.com,"[""surge"",""billing""]",1502,1502
TCK-SRG-00913,Swan restock date?,Site says backordered. When is restock? Asking for a group chat of 200 people.,open,normal,chen225@example.com,"[""surge"",""presales""]",1904,1904
TCK-SRG-00914,September?? Really?,Quoted September delivery. Summer ENDS. Explain the plan or refund me.,open,high,mabel469@example.com,"[""surge"",""wismo""]",1824,1824
TCK-SRG-00915,Order status: swan,"I understand you are busy. I am simply asking for any information at all about order ORD-104675. Anything. A vibe, even.",open,normal,keiko230@example.com,"[""wismo"",""surge""]",1949,1949
TCK-SRG-00916,September?? Really?,Quoted September delivery. Summer ENDS. Explain the plan or refund me.,open,high,harriet229@example.com,"[""surge"",""wismo""]",1395,1395
TCK-SRG-00917,Cancel if not shipping this week,"If the Colossal Swan cannot arrive before the 14th, cancel order ORD-104090. The moment will have passed.",open,normal,bob296@example.com,"[""surge"",""cancel""]",1556,1556
TCK-SRG-00918,Swan restock date?,Site says backordered. When is restock? Asking for a group chat of 200 people.,open,normal,harriet964@example.com,"[""surge"",""presales""]",1352,1352
TCK-SRG-00919,Swan restock date?,Site says backordered. When is restock? Asking for a group chat of 200 people.,open,normal,jerome358@example.com,"[""surge"",""presales""]",1476,1476
TCK-SRG-00920,WHERE IS MY SWAN,Ordered the second I saw the video. Confirmation says yesterday. Nothing since. The pool party is SUNDAY.,open,high,margaret799@example.com,"[""wismo"",""surge""]",1512,1512
TCK-SRG-00921,WHERE IS MY SWAN,Ordered the second I saw the video. Confirmation says yesterday. Nothing since. The pool party is SUNDAY.,open,high,kitty443@example.com,"[""wismo"",""surge""]",1536,1536
TCK-SRG-00922,September?? Really?,Quoted September delivery. Summer ENDS. Explain the plan or refund me.,open,high,pearl424@example.com,"[""surge"",""wismo""]",1712,1712
TCK-SRG-00923,Order status: swan,"I understand you are busy. I am simply asking for any information at all about order ORD-105963. Anything. A vibe, even.",open,normal,mo900@example.com,"[""wismo"",""surge""]",1721,1721
TCK-SRG-00924,Did my order go through?,Site spun for 5 minutes at checkout. Charged but no confirmation email. Did I buy a swan or donate to one?,open,normal,tina871@example.com,"[""surge"",""billing""]",1815,1815
TCK-SRG-00925,Swan restock date?,Site says backordered. When is restock? Asking for a group chat of 200 people.,open,normal,dolores397@example.com,"[""surge"",""presales""]",1810,1810
TCK-SRG-00926,Buying 30 swans for a sorority event,Can we get 30 units and a bulk discount? Flexible on color. Not flexible on date.,open,normal,lamar498@example.com,"[""surge"",""presales"",""bulk""]",1869,1869
TCK-SRG-00927,Order status: swan,"I understand you are busy. I am simply asking for any information at all about order ORD-107081. Anything. A vibe, even.",open,normal,stan478@example.com,"[""wismo"",""surge""]",1458,1458
TCK-SRG-00928,Order status: swan,"I understand you are busy. I am simply asking for any information at all about order ORD-106579. Anything. A vibe, even.",open,normal,keiko796@example.com,"[""wismo"",""surge""]",1499,1499
TCK-SRG-00929,Swan restock date?,Site says backordered. When is restock? Asking for a group chat of 200 people.,open,normal,gus323@example.com,"[""surge"",""presales""]",1394,1394
TCK-SRG-00930,Did my order go through?,Site spun for 5 minutes at checkout. Charged but no confirmation email. Did I buy a swan or donate to one?,open,normal,yosef343@example.com,"[""surge"",""billing""]",1557,1557
TCK-SRG-00931,Order status: swan,"I understand you are busy. I am simply asking for any information at all about order ORD-107464. Anything. A vibe, even.",open,normal,chen199@example.com,"[""wismo"",""surge""]",1483,1483
TCK-SRG-00932,September?? Really?,Quoted September delivery. Summer ENDS. Explain the plan or refund me.,open,high,quinn654@example.com,"[""surge"",""wismo""]",1673,1673
TCK-SRG-00933,September?? Really?,Quoted September delivery. Summer ENDS. Explain the plan or refund me.,open,high,vera813@example.com,"[""surge"",""wismo""]",1771,1771
TCK-SRG-00934,September?? Really?,Quoted September delivery. Summer ENDS. Explain the plan or refund me.,open,high,fatima740@example.com,"[""surge"",""wismo""]",1417,1417
TCK-SRG-00935,September?? Really?,Quoted September delivery. Summer ENDS. Explain the plan or refund me.,open,high,umar175@example.com,"[""surge"",""wismo""]",1410,1410
TCK-SRG-00936,Did my order go through?,Site spun for 5 minutes at checkout. Charged but no confirmation email. Did I buy a swan or donate to one?,open,normal,omar506@example.com,"[""surge"",""billing""]",1833,1833
TCK-SRG-00937,Swan restock date?,Site says backordered. When is restock? Asking for a group chat of 200 people.,open,normal,nadia436@example.com,"[""surge"",""presales""]",1655,1655
TCK-SRG-00938,WHERE IS MY SWAN,Ordered the second I saw the video. Confirmation says yesterday. Nothing since. The pool party is SUNDAY.,open,high,curtis728@example.com,"[""wismo"",""surge""]",1755,1755
TCK-SRG-00939,Buying 30 swans for a sorority event,Can we get 30 units and a bulk discount? Flexible on color. Not flexible on date.,open,normal,tina180@example.com,"[""surge"",""presales"",""bulk""]",1386,1386
TCK-SRG-00940,WHERE IS MY SWAN,Ordered the second I saw the video. Confirmation says yesterday. Nothing since. The pool party is SUNDAY.,solved,high,jamal999@example.com,"[""wismo"",""surge""]",1530,1530
TCK-SRG-00941,Swan restock date?,Site says backordered. When is restock? Asking for a group chat of 200 people.,open,normal,otis268@example.com,"[""surge"",""presales""]",1830,1830
TCK-SRG-00942,WHERE IS MY SWAN,Ordered the second I saw the video. Confirmation says yesterday. Nothing since. The pool party is SUNDAY.,open,high,ingrid570@example.com,"[""wismo"",""surge""]",1577,1577
TCK-SRG-00943,Cancel if not shipping this week,"If the Colossal Swan cannot arrive before the 14th, cancel order ORD-105245. The moment will have passed.",open,normal,nadia898@example.com,"[""surge"",""cancel""]",1750,1750
TCK-SRG-00944,Cancel if not shipping this week,"If the Colossal Swan cannot arrive before the 14th, cancel order ORD-107600. The moment will have passed.",open,normal,mabel116@example.com,"[""surge"",""cancel""]",1807,1807
TCK-SRG-00945,Buying 30 swans for a sorority event,Can we get 30 units and a bulk discount? Flexible on color. Not flexible on date.,open,normal,paloma192@example.com,"[""surge"",""presales"",""bulk""]",1476,1476
TCK-SRG-00946,Did my order go through?,Site spun for 5 minutes at checkout. Charged but no confirmation email. Did I buy a swan or donate to one?,open,normal,hannah945@example.com,"[""surge"",""billing""]",1600,1600
TCK-SRG-00947,Swan restock date?,Site says backordered. When is restock? Asking for a group chat of 200 people.,open,normal,kitty443@example.com,"[""surge"",""presales""]",1591,1591
TCK-SRG-00948,Swan restock date?,Site says backordered. When is restock? Asking for a group chat of 200 people.,open,normal,priya453@example.com,"[""surge"",""presales""]",1428,1428
TCK-SRG-00949,Buying 30 swans for a sorority event,Can we get 30 units and a bulk discount? Flexible on color. Not flexible on date.,open,normal,bob464@example.com,"[""surge"",""presales"",""bulk""]",1424,1424
TCK-SRG-00950,Order status: swan,"I understand you are busy. I am simply asking for any information at all about order ORD-103672. Anything. A vibe, even.",open,normal,yosef824@example.com,"[""wismo"",""surge""]",1680,1680
TCK-SRG-00951,Cancel if not shipping this week,"If the Colossal Swan cannot arrive before the 14th, cancel order ORD-105472. The moment will have passed.",open,normal,fatima578@example.com,"[""surge"",""cancel""]",1648,1648
TCK-SRG-00952,Buying 30 swans for a sorority event,Can we get 30 units and a bulk discount? Flexible on color. Not flexible on date.,open,normal,ingrid476@example.com,"[""surge"",""presales"",""bulk""]",1919,1919
TCK-SRG-00953,WHERE IS MY SWAN,Ordered the second I saw the video. Confirmation says yesterday. Nothing since. The pool party is SUNDAY.,open,high,quinn146@example.com,"[""wismo"",""surge""]",1787,1787
TCK-SRG-00954,Buying 30 swans for a sorority event,Can we get 30 units and a bulk discount? Flexible on color. Not flexible on date.,open,normal,ivan978@example.com,"[""surge"",""presales"",""bulk""]",1920,1920
TCK-SRG-00955,Buying 30 swans for a sorority event,Can we get 30 units and a bulk discount? Flexible on color. Not flexible on date.,open,normal,greg686@example.com,"[""surge"",""presales"",""bulk""]",1599,1599
TCK-SRG-00956,Cancel if not shipping this week,"If the Colossal Swan cannot arrive before the 14th, cancel order ORD-103396. The moment will have passed.",open,normal,tina168@example.com,"[""surge"",""cancel""]",1871,1871
TCK-SRG-00957,September?? Really?,Quoted September delivery. Summer ENDS. Explain the plan or refund me.,open,high,yosef727@example.com,"[""surge"",""wismo""]",1818,1818
TCK-SRG-00958,Swan restock date?,Site says backordered. When is restock? Asking for a group chat of 200 people.,open,normal,greg330@example.com,"[""surge"",""presales""]",1940,1940
TCK-SRG-00959,Swan restock date?,Site says backordered. When is restock? Asking for a group chat of 200 people.,open,normal,quinn285@example.com,"[""surge"",""presales""]",1500,1500
TCK-SRG-00960,Cancel if not shipping this week,"If the Colossal Swan cannot arrive before the 14th, cancel order ORD-107364. The moment will have passed.",open,normal,quinn920@example.com,"[""surge"",""cancel""]",1556,1556
TCK-SRG-00961,WHERE IS MY SWAN,Ordered the second I saw the video. Confirmation says yesterday. Nothing since. The pool party is SUNDAY.,open,high,hannah219@example.com,"[""wismo"",""surge""]",1512,1512
TCK-SRG-00962,Did my order go through?,Site spun for 5 minutes at checkout. Charged but no confirmation email. Did I buy a swan or donate to one?,open,normal,pearl571@example.com,"[""surge"",""billing""]",1453,1453
TCK-SRG-00963,Cancel if not shipping this week,"If the Colossal Swan cannot arrive before the 14th, cancel order ORD-105869. The moment will have passed.",open,normal,flo538@example.com,"[""surge"",""cancel""]",1933,1933
TCK-SRG-00964,Buying 30 swans for a sorority event,Can we get 30 units and a bulk discount? Flexible on color. Not flexible on date.,open,normal,ingrid744@example.com,"[""surge"",""presales"",""bulk""]",1545,1545
TCK-SRG-00965,Did my order go through?,Site spun for 5 minutes at checkout. Charged but no confirmation email. Did I buy a swan or donate to one?,solved,normal,keiko873@example.com,"[""surge"",""billing""]",1597,1597
TCK-SRG-00966,WHERE IS MY SWAN,Ordered the second I saw the video. Confirmation says yesterday. Nothing since. The pool party is SUNDAY.,open,high,dolores124@example.com,"[""wismo"",""surge""]",1554,1554
TCK-SRG-00967,Buying 30 swans for a sorority event,Can we get 30 units and a bulk discount? Flexible on color. Not flexible on date.,open,normal,omar435@example.com,"[""surge"",""presales"",""bulk""]",1372,1372
TCK-SRG-00968,Order status: swan,"I understand you are busy. I am simply asking for any information at all about order ORD-103030. Anything. A vibe, even.",open,normal,fatima914@example.com,"[""wismo"",""surge""]",1613,1613
TCK-SRG-00969,Buying 30 swans for a sorority event,Can we get 30 units and a bulk discount? Flexible on color. Not flexible on date.,open,normal,zoe130@example.com,"[""surge"",""presales"",""bulk""]",1402,1402
TCK-SRG-00970,Swan restock date?,Site says backordered. When is restock? Asking for a group chat of 200 people.,open,normal,yosef824@example.com,"[""surge"",""presales""]",1627,1627
TCK-SRG-00971,September?? Really?,Quoted September delivery. Summer ENDS. Explain the plan or refund me.,open,high,jerome965@example.com,"[""surge"",""wismo""]",1438,1438
TCK-SRG-00972,Swan restock date?,Site says backordered. When is restock? Asking for a group chat of 200 people.,open,normal,otis883@example.com,"[""surge"",""presales""]",1534,1534
TCK-SRG-00973,September?? Really?,Quoted September delivery. Summer ENDS. Explain the plan or refund me.,open,high,ingrid593@example.com,"[""surge"",""wismo""]",1801,1801
TCK-SRG-00974,Buying 30 swans for a sorority event,Can we get 30 units and a bulk discount? Flexible on color. Not flexible on date.,open,normal,vera194@example.com,"[""surge"",""presales"",""bulk""]",1536,1536
TCK-SRG-00975,Did my order go through?,Site spun for 5 minutes at checkout. Charged but no confirmation email. Did I buy a swan or donate to one?,open,normal,tina176@example.com,"[""surge"",""billing""]",1496,1496
TCK-SRG-00976,Buying 30 swans for a sorority event,Can we get 30 units and a bulk discount? Flexible on color. Not flexible on date.,solved,normal,deshawn212@example.com,"[""surge"",""presales"",""bulk""]",1882,1882
TCK-SRG-00977,Order status: swan,"I understand you are busy. I am simply asking for any information at all about order ORD-104732. Anything. A vibe, even.",open,normal,linda615@example.com,"[""wismo"",""surge""]",1411,1411
TCK-SRG-00978,Cancel if not shipping this week,"If the Colossal Swan cannot arrive before the 14th, cancel order ORD-103264. The moment will have passed.",open,normal,kitty820@example.com,"[""surge"",""cancel""]",1367,1367
TCK-SRG-00979,September?? Really?,Quoted September delivery. Summer ENDS. Explain the plan or refund me.,open,high,kitty408@example.com,"[""surge"",""wismo""]",1519,1519
TCK-SRG-00980,Swan restock date?,Site says backordered. When is restock? Asking for a group chat of 200 people.,open,normal,carlos217@example.com,"[""surge"",""presales""]",1777,1777
TCK-SRG-00981,WHERE IS MY SWAN,Ordered the second I saw the video. Confirmation says yesterday. Nothing since. The pool party is SUNDAY.,open,high,gus565@example.com,"[""wismo"",""surge""]",1919,1919
TCK-SRG-00982,Order status: swan,"I understand you are busy. I am simply asking for any information at all about order ORD-105147. Anything. A vibe, even.",open,normal,ray208@example.com,"[""wismo"",""surge""]",1924,1924
TCK-SRG-00983,Cancel if not shipping this week,"If the Colossal Swan cannot arrive before the 14th, cancel order ORD-105938. The moment will have passed.",open,normal,margaret357@example.com,"[""surge"",""cancel""]",1450,1450
TCK-SRG-00984,Did my order go through?,Site spun for 5 minutes at checkout. Charged but no confirmation email. Did I buy a swan or donate to one?,open,normal,aisha567@example.com,"[""surge"",""billing""]",1561,1561
TCK-SRG-00985,Buying 30 swans for a sorority event,Can we get 30 units and a bulk discount? Flexible on color. Not flexible on date.,open,normal,zoe291@example.com,"[""surge"",""presales"",""bulk""]",1507,1507
TCK-SRG-00986,September?? Really?,Quoted September delivery. Summer ENDS. Explain the plan or refund me.,open,high,stan831@example.com,"[""surge"",""wismo""]",1639,1639
TCK-SRG-00987,Buying 30 swans for a sorority event,Can we get 30 units and a bulk discount? Flexible on color. Not flexible on date.,open,normal,mabel703@example.com,"[""surge"",""presales"",""bulk""]",1748,1748
TCK-SRG-00988,September?? Really?,Quoted September delivery. Summer ENDS. Explain the plan or refund me.,open,high,carlos666@example.com,"[""surge"",""wismo""]",1875,1875
TCK-SRG-00989,Cancel if not shipping this week,"If the Colossal Swan cannot arrive before the 14th, cancel order ORD-104870. The moment will have passed.",open,normal,umar340@example.com,"[""surge"",""cancel""]",1763,1763
TCK-SRG-00990,Buying 30 swans for a sorority event,Can we get 30 units and a bulk discount? Flexible on color. Not flexible on date.,solved,normal,nellie372@example.com,"[""surge"",""presales"",""bulk""]",1390,1390
TCK-SRG-00991,Swan restock date?,Site says backordered. When is restock? Asking for a group chat of 200 people.,open,normal,luis778@example.com,"[""surge"",""presales""]",1414,1414
TCK-SRG-00992,September?? Really?,Quoted September delivery. Summer ENDS. Explain the plan or refund me.,open,high,kitty968@example.com,"[""surge"",""wismo""]",1768,1768
TCK-SRG-00993,WHERE IS MY SWAN,Ordered the second I saw the video. Confirmation says yesterday. Nothing since. The pool party is SUNDAY.,open,high,dolores255@example.com,"[""wismo"",""surge""]",1937,1937
TCK-SRG-00994,Order status: swan,"I understand you are busy. I am simply asking for any information at all about order ORD-105858. Anything. A vibe, even.",open,normal,tina255@example.com,"[""wismo"",""surge""]",1646,1646
TCK-SRG-00995,Cancel if not shipping this week,"If the Colossal Swan cannot arrive before the 14th, cancel order ORD-107943. The moment will have passed.",open,normal,wes502@example.com,"[""surge"",""cancel""]",1907,1907
TCK-SRG-00996,September?? Really?,Quoted September delivery. Summer ENDS. Explain the plan or refund me.,open,high,hannah252@example.com,"[""surge"",""wismo""]",1371,1371
TCK-SRG-00997,Did my order go through?,Site spun for 5 minutes at checkout. Charged but no confirmation email. Did I buy a swan or donate to one?,open,normal,jamal241@example.com,"[""surge"",""billing""]",1566,1566
TCK-SRG-00998,Buying 30 swans for a sorority event,Can we get 30 units and a bulk discount? Flexible on color. Not flexible on date.,open,normal,harriet335@example.com,"[""surge"",""presales"",""bulk""]",1457,1457
TCK-SRG-00999,WHERE IS MY SWAN,Ordered the second I saw the video. Confirmation says yesterday. Nothing since. The pool party is SUNDAY.,open,high,ingrid969@example.com,"[""wismo"",""surge""]",1563,1563
TCK-SRG-01000,WHERE IS MY SWAN,Ordered the second I saw the video. Confirmation says yesterday. Nothing since. The pool party is SUNDAY.,open,high,curtis228@example.com,"[""wismo"",""surge""]",1461,1461
TCK-SRG-01001,Order status: swan,"I understand you are busy. I am simply asking for any information at all about order ORD-104188. Anything. A vibe, even.",open,normal,margaret786@example.com,"[""wismo"",""surge""]",1628,1628
TCK-SRG-01002,Cancel if not shipping this week,"If the Colossal Swan cannot arrive before the 14th, cancel order ORD-104838. The moment will have passed.",open,normal,umar628@example.com,"[""surge"",""cancel""]",1369,1369
TCK-SRG-01003,Did my order go through?,Site spun for 5 minutes at checkout. Charged but no confirmation email. Did I buy a swan or donate to one?,open,normal,flo501@example.com,"[""surge"",""billing""]",1441,1441
TCK-SRG-01004,September?? Really?,Quoted September delivery. Summer ENDS. Explain the plan or refund me.,open,high,tina639@example.com,"[""surge"",""wismo""]",1813,1813
TCK-SRG-01005,Cancel if not shipping this week,"If the Colossal Swan cannot arrive before the 14th, cancel order ORD-107671. The moment will have passed.",open,normal,vera218@example.com,"[""surge"",""cancel""]",1647,1647
TCK-SRG-01006,WHERE IS MY SWAN,Ordered the second I saw the video. Confirmation says yesterday. Nothing since. The pool party is SUNDAY.,open,high,greg504@example.com,"[""wismo"",""surge""]",1349,1349
TCK-SRG-01007,Swan restock date?,Site says backordered. When is restock? Asking for a group chat of 200 people.,open,normal,ivan173@example.com,"[""surge"",""presales""]",1520,1520
TCK-SRG-01008,Cancel if not shipping this week,"If the Colossal Swan cannot arrive before the 14th, cancel order ORD-106142. The moment will have passed.",open,normal,nellie650@example.com,"[""surge"",""cancel""]",1785,1785
TCK-SRG-01009,Buying 30 swans for a sorority event,Can we get 30 units and a bulk discount? Flexible on color. Not flexible on date.,open,normal,tina219@example.com,"[""surge"",""presales"",""bulk""]",1590,1590
TCK-SRG-01010,WHERE IS MY SWAN,Ordered the second I saw the video. Confirmation says yesterday. Nothing since. The pool party is SUNDAY.,open,high,keiko557@example.com,"[""wismo"",""surge""]",1734,1734
TCK-SRG-01011,WHERE IS MY SWAN,Ordered the second I saw the video. Confirmation says yesterday. Nothing since. The pool party is SUNDAY.,open,high,otis928@example.com,"[""wismo"",""surge""]",1757,1757
TCK-SRG-01012,Order status: swan,"I understand you are busy. I am simply asking for any information at all about order ORD-104023. Anything. A vibe, even.",open,normal,greg748@example.com,"[""wismo"",""surge""]",1759,1759
TCK-SRG-01013,September?? Really?,Quoted September delivery. Summer ENDS. Explain the plan or refund me.,open,high,aisha368@example.com,"[""surge"",""wismo""]",1343,1343
TCK-SRG-01014,Did my order go through?,Site spun for 5 minutes at checkout. Charged but no confirmation email. Did I buy a swan or donate to one?,open,normal,greg394@example.com,"[""surge"",""billing""]",1609,1609
TCK-SRG-01015,September?? Really?,Quoted September delivery. Summer ENDS. Explain the plan or refund me.,open,high,chen181@example.com,"[""surge"",""wismo""]",1814,1814
TCK-SRG-01016,Did my order go through?,Site spun for 5 minutes at checkout. Charged but no confirmation email. Did I buy a swan or donate to one?,open,normal,umar215@example.com,"[""surge"",""billing""]",1399,1399
TCK-SRG-01017,Did my order go through?,Site spun for 5 minutes at checkout. Charged but no confirmation email. Did I buy a swan or donate to one?,open,normal,rosa165@example.com,"[""surge"",""billing""]",1391,1391
TCK-SRG-01018,Order status: swan,"I understand you are busy. I am simply asking for any information at all about order ORD-105653. Anything. A vibe, even.",open,normal,jamal445@example.com,"[""wismo"",""surge""]",1792,1792
TCK-SRG-01019,Buying 30 swans for a sorority event,Can we get 30 units and a bulk discount? Flexible on color. Not flexible on date.,open,normal,gus321@example.com,"[""surge"",""presales"",""bulk""]",1940,1940
TCK-SRG-01020,Order status: swan,"I understand you are busy. I am simply asking for any information at all about order ORD-106361. Anything. A vibe, even.",open,normal,yosef530@example.com,"[""wismo"",""surge""]",1348,1348
TCK-SRG-01021,Buying 30 swans for a sorority event,Can we get 30 units and a bulk discount? Flexible on color. Not flexible on date.,open,normal,vera312@example.com,"[""surge"",""presales"",""bulk""]",1888,1888
TCK-SRG-01022,Did my order go through?,Site spun for 5 minutes at checkout. Charged but no confirmation email. Did I buy a swan or donate to one?,open,normal,nellie726@example.com,"[""surge"",""billing""]",1641,1641
TCK-SRG-01023,Buying 30 swans for a sorority event,Can we get 30 units and a bulk discount? Flexible on color. Not flexible on date.,open,normal,wes768@example.com,"[""surge"",""presales"",""bulk""]",1671,1671
TCK-SRG-01024,Did my order go through?,Site spun for 5 minutes at checkout. Charged but no confirmation email. Did I buy a swan or donate to one?,open,normal,wes416@example.com,"[""surge"",""billing""]",1853,1853
TCK-SRG-01025,WHERE IS MY SWAN,Ordered the second I saw the video. Confirmation says yesterday. Nothing since. The pool party is SUNDAY.,solved,high,carlos508@example.com,"[""wismo"",""surge""]",1822,1822
TCK-SRG-01026,Order status: swan,"I understand you are busy. I am simply asking for any information at all about order ORD-106668. Anything. A vibe, even.",open,normal,kitty577@example.com,"[""wismo"",""surge""]",1941,1941
TCK-SRG-01027,Did my order go through?,Site spun for 5 minutes at checkout. Charged but no confirmation email. Did I buy a swan or donate to one?,open,normal,curtis220@example.com,"[""surge"",""billing""]",1643,1643
TCK-SRG-01028,Did my order go through?,Site spun for 5 minutes at checkout. Charged but no confirmation email. Did I buy a swan or donate to one?,open,normal,greg555@example.com,"[""surge"",""billing""]",1823,1823
TCK-SRG-01029,Order status: swan,"I understand you are busy. I am simply asking for any information at all about order ORD-107658. Anything. A vibe, even.",open,normal,otis608@example.com,"[""wismo"",""surge""]",1925,1925
TCK-SRG-01030,Cancel if not shipping this week,"If the Colossal Swan cannot arrive before the 14th, cancel order ORD-105377. The moment will have passed.",open,normal,omar932@example.com,"[""surge"",""cancel""]",1497,1497
TCK-SRG-01031,Did my order go through?,Site spun for 5 minutes at checkout. Charged but no confirmation email. Did I buy a swan or donate to one?,open,normal,tina824@example.com,"[""surge"",""billing""]",1778,1778
TCK-SRG-01032,Order status: swan,"I understand you are busy. I am simply asking for any information at all about order ORD-104311. Anything. A vibe, even.",open,normal,curtis281@example.com,"[""wismo"",""surge""]",1330,1330
TCK-SRG-01033,Buying 30 swans for a sorority event,Can we get 30 units and a bulk discount? Flexible on color. Not flexible on date.,open,normal,rosa139@example.com,"[""surge"",""presales"",""bulk""]",1888,1888
TCK-SRG-01034,Buying 30 swans for a sorority event,Can we get 30 units and a bulk discount? Flexible on color. Not flexible on date.,open,normal,curtis437@example.com,"[""surge"",""presales"",""bulk""]",1539,1539
TCK-SRG-01035,Cancel if not shipping this week,"If the Colossal Swan cannot arrive before the 14th, cancel order ORD-103418. The moment will have passed.",open,normal,jerome764@example.com,"[""surge"",""cancel""]",1376,1376
TCK-SRG-01036,Did my order go through?,Site spun for 5 minutes at checkout. Charged but no confirmation email. Did I buy a swan or donate to one?,open,normal,bettye489@example.com,"[""surge"",""billing""]",1754,1754
TCK-SRG-01037,Swan restock date?,Site says backordered. When is restock? Asking for a group chat of 200 people.,open,normal,omar803@example.com,"[""surge"",""presales""]",1880,1880
TCK-SRG-01038,Did my order go through?,Site spun for 5 minutes at checkout. Charged but no confirmation email. Did I buy a swan or donate to one?,open,normal,nellie255@example.com,"[""surge"",""billing""]",1354,1354
TCK-SRG-01039,Cancel if not shipping this week,"If the Colossal Swan cannot arrive before the 14th, cancel order ORD-104530. The moment will have passed.",open,normal,jamal243@example.com,"[""surge"",""cancel""]",1910,1910
TCK-SRG-01040,September?? Really?,Quoted September delivery. Summer ENDS. Explain the plan or refund me.,open,high,rosa642@example.com,"[""surge"",""wismo""]",1409,1409
TCK-SRG-01041,September?? Really?,Quoted September delivery. Summer ENDS. Explain the plan or refund me.,open,high,linda861@example.com,"[""surge"",""wismo""]",1688,1688
TCK-SRG-01042,Swan restock date?,Site says backordered. When is restock? Asking for a group chat of 200 people.,open,normal,otis250@example.com,"[""surge"",""presales""]",1917,1917
TCK-SRG-01043,Order status: swan,"I understand you are busy. I am simply asking for any information at all about order ORD-107483. Anything. A vibe, even.",solved,normal,bob904@example.com,"[""wismo"",""surge""]",1669,1669
TCK-SRG-01044,Did my order go through?,Site spun for 5 minutes at checkout. Charged but no confirmation email. Did I buy a swan or donate to one?,open,normal,ernesto573@example.com,"[""surge"",""billing""]",1642,1642
TCK-SRG-01045,Swan restock date?,Site says backordered. When is restock? Asking for a group chat of 200 people.,open,normal,pearl393@example.com,"[""surge"",""presales""]",1909,1909
TCK-SRG-01046,Swan restock date?,Site says backordered. When is restock? Asking for a group chat of 200 people.,open,normal,greg858@example.com,"[""surge"",""presales""]",1783,1783
TCK-SRG-01047,Cancel if not shipping this week,"If the Colossal Swan cannot arrive before the 14th, cancel order ORD-106042. The moment will have passed.",open,normal,aisha550@example.com,"[""surge"",""cancel""]",1521,1521
TCK-SRG-01048,Cancel if not shipping this week,"If the Colossal Swan cannot arrive before the 14th, cancel order ORD-107923. The moment will have passed.",open,normal,lamar361@example.com,"[""surge"",""cancel""]",1379,1379
TCK-SRG-01049,Did my order go through?,Site spun for 5 minutes at checkout. Charged but no confirmation email. Did I buy a swan or donate to one?,open,normal,paloma534@example.com,"[""surge"",""billing""]",1895,1895
TCK-SRG-01050,Cancel if not shipping this week,"If the Colossal Swan cannot arrive before the 14th, cancel order ORD-106945. The moment will have passed.",open,normal,bob751@example.com,"[""surge"",""cancel""]",1503,1503
TCK-SRG-01051,September?? Really?,Quoted September delivery. Summer ENDS. Explain the plan or refund me.,open,high,tomasz129@example.com,"[""surge"",""wismo""]",1433,1433
TCK-SRG-01052,Swan restock date?,Site says backordered. When is restock? Asking for a group chat of 200 people.,open,normal,kitty780@example.com,"[""surge"",""presales""]",1849,1849
TCK-SRG-01053,Buying 30 swans for a sorority event,Can we get 30 units and a bulk discount? Flexible on color. Not flexible on date.,open,normal,ximena596@example.com,"[""surge"",""presales"",""bulk""]",1895,1895
TCK-SRG-01054,September?? Really?,Quoted September delivery. Summer ENDS. Explain the plan or refund me.,open,high,omar930@example.com,"[""surge"",""wismo""]",1658,1658
TCK-SRG-01055,Cancel if not shipping this week,"If the Colossal Swan cannot arrive before the 14th, cancel order ORD-106639. The moment will have passed.",open,normal,umar506@example.com,"[""surge"",""cancel""]",1610,1610
TCK-SRG-01056,Order status: swan,"I understand you are busy. I am simply asking for any information at all about order ORD-104243. Anything. A vibe, even.",open,normal,chen470@example.com,"[""wismo"",""surge""]",1676,1676
TCK-SRG-01057,September?? Really?,Quoted September delivery. Summer ENDS. Explain the plan or refund me.,open,high,nadia744@example.com,"[""surge"",""wismo""]",1495,1495
TCK-SRG-01058,Order status: swan,"I understand you are busy. I am simply asking for any information at all about order ORD-107402. Anything. A vibe, even.",open,normal,mo185@example.com,"[""wismo"",""surge""]",1895,1895
TCK-SRG-01059,Buying 30 swans for a sorority event,Can we get 30 units and a bulk discount? Flexible on color. Not flexible on date.,open,normal,deshawn692@example.com,"[""surge"",""presales"",""bulk""]",1407,1407
TCK-SRG-01060,Did my order go through?,Site spun for 5 minutes at checkout. Charged but no confirmation email. Did I buy a swan or donate to one?,open,normal,harriet384@example.com,"[""surge"",""billing""]",1751,1751
TCK-SRG-01061,Swan restock date?,Site says backordered. When is restock? Asking for a group chat of 200 people.,open,normal,margaret467@example.com,"[""surge"",""presales""]",1679,1679
TCK-SRG-01062,Cancel if not shipping this week,"If the Colossal Swan cannot arrive before the 14th, cancel order ORD-105631. The moment will have passed.",open,normal,ivan250@example.com,"[""surge"",""cancel""]",1668,1668
TCK-SRG-01063,Order status: swan,"I understand you are busy. I am simply asking for any information at all about order ORD-107551. Anything. A vibe, even.",open,normal,wes601@example.com,"[""wismo"",""surge""]",1725,1725
TCK-SRG-01064,Did my order go through?,Site spun for 5 minutes at checkout. Charged but no confirmation email. Did I buy a swan or donate to one?,open,normal,jerome521@example.com,"[""surge"",""billing""]",1395,1395
TCK-SRG-01065,Swan restock date?,Site says backordered. When is restock? Asking for a group chat of 200 people.,open,normal,mabel722@example.com,"[""surge"",""presales""]",1643,1643
TCK-SRG-01066,Cancel if not shipping this week,"If the Colossal Swan cannot arrive before the 14th, cancel order ORD-107080. The moment will have passed.",open,normal,mabel500@example.com,"[""surge"",""cancel""]",1380,1380
TCK-SRG-01067,September?? Really?,Quoted September delivery. Summer ENDS. Explain the plan or refund me.,open,high,stan769@example.com,"[""surge"",""wismo""]",1800,1800
TCK-SRG-01068,Cancel if not shipping this week,"If the Colossal Swan cannot arrive before the 14th, cancel order ORD-103177. The moment will have passed.",open,normal,rosa587@example.com,"[""surge"",""cancel""]",1509,1509
TCK-SRG-01069,Buying 30 swans for a sorority event,Can we get 30 units and a bulk discount? Flexible on color. Not flexible on date.,open,normal,bettye920@example.com,"[""surge"",""presales"",""bulk""]",1793,1793
TCK-SRG-01070,Swan restock date?,Site says backordered. When is restock? Asking for a group chat of 200 people.,open,normal,otis651@example.com,"[""surge"",""presales""]",1588,1588
TCK-SRG-01071,Did my order go through?,Site spun for 5 minutes at checkout. Charged but no confirmation email. Did I buy a swan or donate to one?,open,normal,linda372@example.com,"[""surge"",""billing""]",1920,1920
TCK-SRG-01072,WHERE IS MY SWAN,Ordered the second I saw the video. Confirmation says yesterday. Nothing since. The pool party is SUNDAY.,open,high,quinn732@example.com,"[""wismo"",""surge""]",1560,1560
TCK-SRG-01073,Cancel if not shipping this week,"If the Colossal Swan cannot arrive before the 14th, cancel order ORD-103841. The moment will have passed.",open,normal,priya463@example.com,"[""surge"",""cancel""]",1588,1588
TCK-SRG-01074,Swan restock date?,Site says backordered. When is restock? Asking for a group chat of 200 people.,open,normal,ingrid160@example.com,"[""surge"",""presales""]",1329,1329
TCK-SRG-01075,Order status: swan,"I understand you are busy. I am simply asking for any information at all about order ORD-103671. Anything. A vibe, even.",solved,normal,margaret377@example.com,"[""wismo"",""surge""]",1615,1615
TCK-SRG-01076,September?? Really?,Quoted September delivery. Summer ENDS. Explain the plan or refund me.,open,high,lamar625@example.com,"[""surge"",""wismo""]",1637,1637
TCK-SRG-01077,WHERE IS MY SWAN,Ordered the second I saw the video. Confirmation says yesterday. Nothing since. The pool party is SUNDAY.,open,high,aisha964@example.com,"[""wismo"",""surge""]",1591,1591
TCK-SRG-01078,WHERE IS MY SWAN,Ordered the second I saw the video. Confirmation says yesterday. Nothing since. The pool party is SUNDAY.,solved,high,tomasz491@example.com,"[""wismo"",""surge""]",1490,1490
TCK-SRG-01079,Order status: swan,"I understand you are busy. I am simply asking for any information at all about order ORD-105270. Anything. A vibe, even.",open,normal,vera436@example.com,"[""wismo"",""surge""]",1482,1482
TCK-SRG-01080,Did my order go through?,Site spun for 5 minutes at checkout. Charged but no confirmation email. Did I buy a swan or donate to one?,open,normal,dolores121@example.com,"[""surge"",""billing""]",1486,1486
TCK-SRG-01081,Did my order go through?,Site spun for 5 minutes at checkout. Charged but no confirmation email. Did I buy a swan or donate to one?,open,normal,aisha674@example.com,"[""surge"",""billing""]",1507,1507
TCK-SRG-01082,Buying 30 swans for a sorority event,Can we get 30 units and a bulk discount? Flexible on color. Not flexible on date.,open,normal,bob617@example.com,"[""surge"",""presales"",""bulk""]",1550,1550
TCK-SRG-01083,Cancel if not shipping this week,"If the Colossal Swan cannot arrive before the 14th, cancel order ORD-104759. The moment will have passed.",solved,normal,deshawn565@example.com,"[""surge"",""cancel""]",1530,1530
TCK-SRG-01084,Buying 30 swans for a sorority event,Can we get 30 units and a bulk discount? Flexible on color. Not flexible on date.,open,normal,omar159@example.com,"[""surge"",""presales"",""bulk""]",1620,1620
TCK-SRG-01085,Swan restock date?,Site says backordered. When is restock? Asking for a group chat of 200 people.,open,normal,hannah499@example.com,"[""surge"",""presales""]",1775,1775
TCK-SRG-01086,September?? Really?,Quoted September delivery. Summer ENDS. Explain the plan or refund me.,open,high,chen575@example.com,"[""surge"",""wismo""]",1355,1355
TCK-SRG-01087,WHERE IS MY SWAN,Ordered the second I saw the video. Confirmation says yesterday. Nothing since. The pool party is SUNDAY.,open,high,priya989@example.com,"[""wismo"",""surge""]",1839,1839
TCK-SRG-01088,Order status: swan,"I understand you are busy. I am simply asking for any information at all about order ORD-104896. Anything. A vibe, even.",open,normal,pearl667@example.com,"[""wismo"",""surge""]",1740,1740
TCK-SRG-01089,Cancel if not shipping this week,"If the Colossal Swan cannot arrive before the 14th, cancel order ORD-103264. The moment will have passed.",open,normal,yuki949@example.com,"[""surge"",""cancel""]",1563,1563
TCK-SRG-01090,Order status: swan,"I understand you are busy. I am simply asking for any information at all about order ORD-103046. Anything. A vibe, even.",open,normal,quinn461@example.com,"[""wismo"",""surge""]",1614,1614
TCK-SRG-01091,Cancel if not shipping this week,"If the Colossal Swan cannot arrive before the 14th, cancel order ORD-107258. The moment will have passed.",open,normal,priya178@example.com,"[""surge"",""cancel""]",1328,1328
TCK-SRG-01092,Swan restock date?,Site says backordered. When is restock? Asking for a group chat of 200 people.,open,normal,priya419@example.com,"[""surge"",""presales""]",1761,1761
TCK-SRG-01093,September?? Really?,Quoted September delivery. Summer ENDS. Explain the plan or refund me.,open,high,tina621@example.com,"[""surge"",""wismo""]",1865,1865
TCK-SRG-01094,Did my order go through?,Site spun for 5 minutes at checkout. Charged but no confirmation email. Did I buy a swan or donate to one?,open,normal,deshawn998@example.com,"[""surge"",""billing""]",1575,1575
TCK-SRG-01095,WHERE IS MY SWAN,Ordered the second I saw the video. Confirmation says yesterday. Nothing since. The pool party is SUNDAY.,open,high,luis137@example.com,"[""wismo"",""surge""]",1799,1799
TCK-SRG-01096,Buying 30 swans for a sorority event,Can we get 30 units and a bulk discount? Flexible on color. Not flexible on date.,open,normal,wes780@example.com,"[""surge"",""presales"",""bulk""]",1877,1877
TCK-SRG-01097,Order status: swan,"I understand you are busy. I am simply asking for any information at all about order ORD-105392. Anything. A vibe, even.",open,normal,harriet480@example.com,"[""wismo"",""surge""]",1888,1888
TCK-SRG-01098,Cancel if not shipping this week,"If the Colossal Swan cannot arrive before the 14th, cancel order ORD-107947. The moment will have passed.",open,normal,yosef775@example.com,"[""surge"",""cancel""]",1479,1479
TCK-SRG-01099,Cancel if not shipping this week,"If the Colossal Swan cannot arrive before the 14th, cancel order ORD-105305. The moment will have passed.",open,normal,jerome656@example.com,"[""surge"",""cancel""]",1618,1618
TCK-SRG-01100,WHERE IS MY SWAN,Ordered the second I saw the video. Confirmation says yesterday. Nothing since. The pool party is SUNDAY.,open,high,umar180@example.com,"[""wismo"",""surge""]",1570,1570
TCK-SRG-01101,Did my order go through?,Site spun for 5 minutes at checkout. Charged but no confirmation email. Did I buy a swan or donate to one?,open,normal,gus708@example.com,"[""surge"",""billing""]",1654,1654
TCK-SRG-01102,Order status: swan,"I understand you are busy. I am simply asking for any information at all about order ORD-105709. Anything. A vibe, even.",open,normal,yosef239@example.com,"[""wismo"",""surge""]",1658,1658
TCK-SRG-01103,Order status: swan,"I understand you are busy. I am simply asking for any information at all about order ORD-107587. Anything. A vibe, even.",open,normal,keiko533@example.com,"[""wismo"",""surge""]",1741,1741
TCK-SRG-01104,Did my order go through?,Site spun for 5 minutes at checkout. Charged but no confirmation email. Did I buy a swan or donate to one?,open,normal,stan243@example.com,"[""surge"",""billing""]",1811,1811
TCK-SRG-01105,September?? Really?,Quoted September delivery. Summer ENDS. Explain the plan or refund me.,open,high,ray954@example.com,"[""surge"",""wismo""]",1356,1356
TCK-SRG-01106,Did my order go through?,Site spun for 5 minutes at checkout. Charged but no confirmation email. Did I buy a swan or donate to one?,open,normal,ernesto388@example.com,"[""surge"",""billing""]",1434,1434
TCK-SRG-01107,Order status: swan,"I understand you are busy. I am simply asking for any information at all about order ORD-105234. Anything. A vibe, even.",open,normal,yuki926@example.com,"[""wismo"",""surge""]",1598,1598
TCK-SRG-01108,Order status: swan,"I understand you are busy. I am simply asking for any information at all about order ORD-107055. Anything. A vibe, even.",open,normal,bob712@example.com,"[""wismo"",""surge""]",1571,1571
TCK-SRG-01109,Swan restock date?,Site says backordered. When is restock? Asking for a group chat of 200 people.,open,normal,aisha845@example.com,"[""surge"",""presales""]",1432,1432
TCK-SRG-01110,WHERE IS MY SWAN,Ordered the second I saw the video. Confirmation says yesterday. Nothing since. The pool party is SUNDAY.,open,high,pearl668@example.com,"[""wismo"",""surge""]",1329,1329
TCK-SRG-01111,WHERE IS MY SWAN,Ordered the second I saw the video. Confirmation says yesterday. Nothing since. The pool party is SUNDAY.,open,high,paloma649@example.com,"[""wismo"",""surge""]",1499,1499
TCK-SRG-01112,Order status: swan,"I understand you are busy. I am simply asking for any information at all about order ORD-105987. Anything. A vibe, even.",open,normal,pearl231@example.com,"[""wismo"",""surge""]",1761,1761
TCK-SRG-01113,September?? Really?,Quoted September delivery. Summer ENDS. Explain the plan or refund me.,open,high,hannah827@example.com,"[""surge"",""wismo""]",1718,1718
TCK-SRG-01114,September?? Really?,Quoted September delivery. Summer ENDS. Explain the plan or refund me.,open,high,wes138@example.com,"[""surge"",""wismo""]",1540,1540
TCK-SRG-01115,Swan restock date?,Site says backordered. When is restock? Asking for a group chat of 200 people.,open,normal,dolores781@example.com,"[""surge"",""presales""]",1628,1628
TCK-SRG-01116,Did my order go through?,Site spun for 5 minutes at checkout. Charged but no confirmation email. Did I buy a swan or donate to one?,open,normal,carlos236@example.com,"[""surge"",""billing""]",1451,1451
TCK-SRG-01117,Did my order go through?,Site spun for 5 minutes at checkout. Charged but no confirmation email. Did I buy a swan or donate to one?,open,normal,linda617@example.com,"[""surge"",""billing""]",1847,1847
TCK-SRG-01118,Order status: swan,"I understand you are busy. I am simply asking for any information at all about order ORD-103166. Anything. A vibe, even.",open,normal,ivan228@example.com,"[""wismo"",""surge""]",1894,1894
TCK-SRG-01119,September?? Really?,Quoted September delivery. Summer ENDS. Explain the plan or refund me.,open,high,tina131@example.com,"[""surge"",""wismo""]",1526,1526
TCK-SRG-01120,Swan restock date?,Site says backordered. When is restock? Asking for a group chat of 200 people.,open,normal,yosef234@example.com,"[""surge"",""presales""]",1357,1357
TCK-SRG-01121,Did my order go through?,Site spun for 5 minutes at checkout. Charged but no confirmation email. Did I buy a swan or donate to one?,open,normal,yosef501@example.com,"[""surge"",""billing""]",1585,1585
TCK-SRG-01122,Cancel if not shipping this week,"If the Colossal Swan cannot arrive before the 14th, cancel order ORD-105263. The moment will have passed.",open,normal,fatima385@example.com,"[""surge"",""cancel""]",1564,1564
TCK-SRG-01123,Buying 30 swans for a sorority event,Can we get 30 units and a bulk discount? Flexible on color. Not flexible on date.,open,normal,harriet313@example.com,"[""surge"",""presales"",""bulk""]",1859,1859
TCK-SRG-01124,Cancel if not shipping this week,"If the Colossal Swan cannot arrive before the 14th, cancel order ORD-103012. The moment will have passed.",open,normal,harriet420@example.com,"[""surge"",""cancel""]",1494,1494
TCK-SRG-01125,Buying 30 swans for a sorority event,Can we get 30 units and a bulk discount? Flexible on color. Not flexible on date.,open,normal,omar480@example.com,"[""surge"",""presales"",""bulk""]",1891,1891
TCK-SRG-01126,Did my order go through?,Site spun for 5 minutes at checkout. Charged but no confirmation email. Did I buy a swan or donate to one?,open,normal,pearl985@example.com,"[""surge"",""billing""]",1323,1323
TCK-SRG-01127,Order status: swan,"I understand you are busy. I am simply asking for any information at all about order ORD-103331. Anything. A vibe, even.",solved,normal,umar516@example.com,"[""wismo"",""surge""]",1341,1341
TCK-SRG-01128,Did my order go through?,Site spun for 5 minutes at checkout. Charged but no confirmation email. Did I buy a swan or donate to one?,open,normal,gus203@example.com,"[""surge"",""billing""]",1325,1325
TCK-SRG-01129,Cancel if not shipping this week,"If the Colossal Swan cannot arrive before the 14th, cancel order ORD-105534. The moment will have passed.",open,normal,gus737@example.com,"[""surge"",""cancel""]",1722,1722
TCK-SRG-01130,WHERE IS MY SWAN,Ordered the second I saw the video. Confirmation says yesterday. Nothing since. The pool party is SUNDAY.,open,high,ernesto155@example.com,"[""wismo"",""surge""]",1868,1868
TCK-SRG-01131,Swan restock date?,Site says backordered. When is restock? Asking for a group chat of 200 people.,open,normal,nellie741@example.com,"[""surge"",""presales""]",1748,1748
TCK-SRG-01132,Order status: swan,"I understand you are busy. I am simply asking for any information at all about order ORD-104285. Anything. A vibe, even.",open,normal,curtis789@example.com,"[""wismo"",""surge""]",1925,1925
TCK-SRG-01133,Did my order go through?,Site spun for 5 minutes at checkout. Charged but no confirmation email. Did I buy a swan or donate to one?,open,normal,nellie205@example.com,"[""surge"",""billing""]",1457,1457
TCK-SRG-01134,Did my order go through?,Site spun for 5 minutes at checkout. Charged but no confirmation email. Did I buy a swan or donate to one?,open,normal,otis441@example.com,"[""surge"",""billing""]",1366,1366
TCK-SRG-01135,Buying 30 swans for a sorority event,Can we get 30 units and a bulk discount? Flexible on color. Not flexible on date.,open,normal,zoe633@example.com,"[""surge"",""presales"",""bulk""]",1447,1447
TCK-SRG-01136,September?? Really?,Quoted September delivery. Summer ENDS. Explain the plan or refund me.,open,high,curtis910@example.com,"[""surge"",""wismo""]",1603,1603
TCK-SRG-01137,Cancel if not shipping this week,"If the Colossal Swan cannot arrive before the 14th, cancel order ORD-104113. The moment will have passed.",open,normal,umar154@example.com,"[""surge"",""cancel""]",1719,1719
TCK-SRG-01138,Cancel if not shipping this week,"If the Colossal Swan cannot arrive before the 14th, cancel order ORD-104061. The moment will have passed.",open,normal,luis459@example.com,"[""surge"",""cancel""]",1477,1477
TCK-SRG-01139,Buying 30 swans for a sorority event,Can we get 30 units and a bulk discount? Flexible on color. Not flexible on date.,open,normal,chen853@example.com,"[""surge"",""presales"",""bulk""]",1680,1680
TCK-SRG-01140,Cancel if not shipping this week,"If the Colossal Swan cannot arrive before the 14th, cancel order ORD-104257. The moment will have passed.",open,normal,fatima275@example.com,"[""surge"",""cancel""]",1899,1899
TCK-SRG-01141,Order status: swan,"I understand you are busy. I am simply asking for any information at all about order ORD-103655. Anything. A vibe, even.",solved,normal,dolores103@example.com,"[""wismo"",""surge""]",1925,1925
TCK-SRG-01143,Buying 30 swans for a sorority event,Can we get 30 units and a bulk discount? Flexible on color. Not flexible on date.,open,normal,harriet153@example.com,"[""surge"",""presales"",""bulk""]",1688,1688
TCK-SRG-01144,Buying 30 swans for a sorority event,Can we get 30 units and a bulk discount? Flexible on color. Not flexible on date.,open,normal,curtis980@example.com,"[""surge"",""presales"",""bulk""]",1763,1763
TCK-SRG-01145,Did my order go through?,Site spun for 5 minutes at checkout. Charged but no confirmation email. Did I buy a swan or donate to one?,open,normal,mo311@example.com,"[""surge"",""billing""]",1724,1724
TCK-SRG-01146,Order status: swan,"I understand you are busy. I am simply asking for any information at all about order ORD-106863. Anything. A vibe, even.",open,normal,harriet302@example.com,"[""wismo"",""surge""]",1647,1647
TCK-SRG-01147,Buying 30 swans for a sorority event,Can we get 30 units and a bulk discount? Flexible on color. Not flexible on date.,open,normal,kitty537@example.com,"[""surge"",""presales"",""bulk""]",1914,1914
TCK-SRG-01148,September?? Really?,Quoted September delivery. Summer ENDS. Explain the plan or refund me.,open,high,linda418@example.com,"[""surge"",""wismo""]",1752,1752
TCK-SRG-01149,Cancel if not shipping this week,"If the Colossal Swan cannot arrive before the 14th, cancel order ORD-105465. The moment will have passed.",open,normal,gus488@example.com,"[""surge"",""cancel""]",1449,1449
TCK-SRG-01150,Order status: swan,"I understand you are busy. I am simply asking for any information at all about order ORD-105877. Anything. A vibe, even.",open,normal,ivan279@example.com,"[""wismo"",""surge""]",1323,1323
TCK-SRG-01151,Did my order go through?,Site spun for 5 minutes at checkout. Charged but no confirmation email. Did I buy a swan or donate to one?,open,normal,gus198@example.com,"[""surge"",""billing""]",1352,1352
TCK-SRG-01152,September?? Really?,Quoted September delivery. Summer ENDS. Explain the plan or refund me.,open,high,aisha837@example.com,"[""surge"",""wismo""]",1651,1651
TCK-SRG-01153,September?? Really?,Quoted September delivery. Summer ENDS. Explain the plan or refund me.,open,high,ingrid895@example.com,"[""surge"",""wismo""]",1451,1451
TCK-SRG-01154,Order status: swan,"I understand you are busy. I am simply asking for any information at all about order ORD-106871. Anything. A vibe, even.",open,normal,omar133@example.com,"[""wismo"",""surge""]",1790,1790
TCK-SRG-01155,Cancel if not shipping this week,"If the Colossal Swan cannot arrive before the 14th, cancel order ORD-105439. The moment will have passed.",open,normal,lamar657@example.com,"[""surge"",""cancel""]",1654,1654
TCK-SRG-01156,WHERE IS MY SWAN,Ordered the second I saw the video. Confirmation says yesterday. Nothing since. The pool party is SUNDAY.,open,high,ximena281@example.com,"[""wismo"",""surge""]",1745,1745
TCK-SRG-01157,Swan restock date?,Site says backordered. When is restock? Asking for a group chat of 200 people.,open,normal,stan664@example.com,"[""surge"",""presales""]",1440,1440
TCK-SRG-01158,WHERE IS MY SWAN,Ordered the second I saw the video. Confirmation says yesterday. Nothing since. The pool party is SUNDAY.,open,high,kitty143@example.com,"[""wismo"",""surge""]",1639,1639
TCK-SRG-01159,Order status: swan,"I understand you are busy. I am simply asking for any information at all about order ORD-106746. Anything. A vibe, even.",open,normal,aisha698@example.com,"[""wismo"",""surge""]",1717,1717
TCK-SRG-01160,Order status: swan,"I understand you are busy. I am simply asking for any information at all about order ORD-104944. Anything. A vibe, even.",open,normal,luis792@example.com,"[""wismo"",""surge""]",1773,1773
TCK-SRG-01161,Did my order go through?,Site spun for 5 minutes at checkout. Charged but no confirmation email. Did I buy a swan or donate to one?,open,normal,bettye252@example.com,"[""surge"",""billing""]",1718,1718
TCK-SRG-01162,Order status: swan,"I understand you are busy. I am simply asking for any information at all about order ORD-106796. Anything. A vibe, even.",solved,normal,vera419@example.com,"[""wismo"",""surge""]",1763,1763
TCK-SRG-01163,Did my order go through?,Site spun for 5 minutes at checkout. Charged but no confirmation email. Did I buy a swan or donate to one?,open,normal,harriet770@example.com,"[""surge"",""billing""]",1645,1645
TCK-SRG-01164,WHERE IS MY SWAN,Ordered the second I saw the video. Confirmation says yesterday. Nothing since. The pool party is SUNDAY.,open,high,umar445@example.com,"[""wismo"",""surge""]",1887,1887
TCK-SRG-01165,Swan restock date?,Site says backordered. When is restock? Asking for a group chat of 200 people.,open,normal,bob352@example.com,"[""surge"",""presales""]",1481,1481
TCK-SRG-01166,Cancel if not shipping this week,"If the Colossal Swan cannot arrive before the 14th, cancel order ORD-105934. The moment will have passed.",open,normal,wes440@example.com,"[""surge"",""cancel""]",1569,1569
TCK-SRG-01167,Cancel if not shipping this week,"If the Colossal Swan cannot arrive before the 14th, cancel order ORD-104982. The moment will have passed.",open,normal,rosa243@example.com,"[""surge"",""cancel""]",1839,1839
TCK-SRG-01168,WHERE IS MY SWAN,Ordered the second I saw the video. Confirmation says yesterday. Nothing since. The pool party is SUNDAY.,open,high,priya649@example.com,"[""wismo"",""surge""]",1471,1471
TCK-SRG-01169,Buying 30 swans for a sorority event,Can we get 30 units and a bulk discount? Flexible on color. Not flexible on date.,open,normal,ingrid735@example.com,"[""surge"",""presales"",""bulk""]",1907,1907
TCK-SRG-01170,Order status: swan,"I understand you are busy. I am simply asking for any information at all about order ORD-104595. Anything. A vibe, even.",open,normal,hannah574@example.com,"[""wismo"",""surge""]",1597,1597
TCK-SRG-01171,Cancel if not shipping this week,"If the Colossal Swan cannot arrive before the 14th, cancel order ORD-104400. The moment will have passed.",open,normal,hannah444@example.com,"[""surge"",""cancel""]",1431,1431
TCK-SRG-01172,Order status: swan,"I understand you are busy. I am simply asking for any information at all about order ORD-103946. Anything. A vibe, even.",open,normal,deshawn171@example.com,"[""wismo"",""surge""]",1354,1354
TCK-SRG-01173,Did my order go through?,Site spun for 5 minutes at checkout. Charged but no confirmation email. Did I buy a swan or donate to one?,open,normal,tomasz115@example.com,"[""surge"",""billing""]",1392,1392
TCK-SRG-01174,Order status: swan,"I understand you are busy. I am simply asking for any information at all about order ORD-106341. Anything. A vibe, even.",open,normal,chen117@example.com,"[""wismo"",""surge""]",1561,1561
TCK-SRG-01175,Cancel if not shipping this week,"If the Colossal Swan cannot arrive before the 14th, cancel order ORD-104015. The moment will have passed.",open,normal,ernesto101@example.com,"[""surge"",""cancel""]",1669,1669
TCK-SRG-01176,Buying 30 swans for a sorority event,Can we get 30 units and a bulk discount? Flexible on color. Not flexible on date.,open,normal,vera831@example.com,"[""surge"",""presales"",""bulk""]",1360,1360
TCK-SRG-01213,Swan restock date?,Site says backordered. When is restock? Asking for a group chat of 200 people.,open,normal,kitty988@example.com,"[""surge"",""presales""]",1841,1841
TCK-SRG-01177,Did my order go through?,Site spun for 5 minutes at checkout. Charged but no confirmation email. Did I buy a swan or donate to one?,open,normal,tina666@example.com,"[""surge"",""billing""]",1914,1914
TCK-SRG-01178,September?? Really?,Quoted September delivery. Summer ENDS. Explain the plan or refund me.,open,high,chen666@example.com,"[""surge"",""wismo""]",1334,1334
TCK-SRG-01179,Did my order go through?,Site spun for 5 minutes at checkout. Charged but no confirmation email. Did I buy a swan or donate to one?,solved,normal,fatima329@example.com,"[""surge"",""billing""]",1690,1690
TCK-SRG-01180,Cancel if not shipping this week,"If the Colossal Swan cannot arrive before the 14th, cancel order ORD-104200. The moment will have passed.",open,normal,chen980@example.com,"[""surge"",""cancel""]",1680,1680
TCK-SRG-01181,WHERE IS MY SWAN,Ordered the second I saw the video. Confirmation says yesterday. Nothing since. The pool party is SUNDAY.,open,high,zoe796@example.com,"[""wismo"",""surge""]",1923,1923
TCK-SRG-01182,Buying 30 swans for a sorority event,Can we get 30 units and a bulk discount? Flexible on color. Not flexible on date.,open,normal,otis419@example.com,"[""surge"",""presales"",""bulk""]",1934,1934
TCK-SRG-01183,Cancel if not shipping this week,"If the Colossal Swan cannot arrive before the 14th, cancel order ORD-105223. The moment will have passed.",open,normal,tomasz386@example.com,"[""surge"",""cancel""]",1508,1508
TCK-SRG-01184,September?? Really?,Quoted September delivery. Summer ENDS. Explain the plan or refund me.,open,high,harriet551@example.com,"[""surge"",""wismo""]",1321,1321
TCK-SRG-01185,Cancel if not shipping this week,"If the Colossal Swan cannot arrive before the 14th, cancel order ORD-104782. The moment will have passed.",open,normal,stan684@example.com,"[""surge"",""cancel""]",1514,1514
TCK-SRG-01186,September?? Really?,Quoted September delivery. Summer ENDS. Explain the plan or refund me.,open,high,tomasz240@example.com,"[""surge"",""wismo""]",1886,1886
TCK-SRG-01187,Did my order go through?,Site spun for 5 minutes at checkout. Charged but no confirmation email. Did I buy a swan or donate to one?,open,normal,stan781@example.com,"[""surge"",""billing""]",1576,1576
TCK-SRG-01188,Did my order go through?,Site spun for 5 minutes at checkout. Charged but no confirmation email. Did I buy a swan or donate to one?,open,normal,rosa816@example.com,"[""surge"",""billing""]",1687,1687
TCK-SRG-01189,Swan restock date?,Site says backordered. When is restock? Asking for a group chat of 200 people.,open,normal,ivan660@example.com,"[""surge"",""presales""]",1542,1542
TCK-SRG-01190,Buying 30 swans for a sorority event,Can we get 30 units and a bulk discount? Flexible on color. Not flexible on date.,open,normal,nadia475@example.com,"[""surge"",""presales"",""bulk""]",1663,1663
TCK-SRG-01191,Did my order go through?,Site spun for 5 minutes at checkout. Charged but no confirmation email. Did I buy a swan or donate to one?,open,normal,wes297@example.com,"[""surge"",""billing""]",1870,1870
TCK-SRG-01192,September?? Really?,Quoted September delivery. Summer ENDS. Explain the plan or refund me.,open,high,aisha264@example.com,"[""surge"",""wismo""]",1906,1906
TCK-SRG-01193,Order status: swan,"I understand you are busy. I am simply asking for any information at all about order ORD-104075. Anything. A vibe, even.",open,normal,ernesto611@example.com,"[""wismo"",""surge""]",1436,1436
TCK-SRG-01194,Buying 30 swans for a sorority event,Can we get 30 units and a bulk discount? Flexible on color. Not flexible on date.,open,normal,linda571@example.com,"[""surge"",""presales"",""bulk""]",1332,1332
TCK-SRG-01195,Buying 30 swans for a sorority event,Can we get 30 units and a bulk discount? Flexible on color. Not flexible on date.,open,normal,ivan836@example.com,"[""surge"",""presales"",""bulk""]",1918,1918
TCK-SRG-01196,Did my order go through?,Site spun for 5 minutes at checkout. Charged but no confirmation email. Did I buy a swan or donate to one?,open,normal,zoe204@example.com,"[""surge"",""billing""]",1665,1665
TCK-SRG-01197,September?? Really?,Quoted September delivery. Summer ENDS. Explain the plan or refund me.,open,high,harriet900@example.com,"[""surge"",""wismo""]",1557,1557
TCK-SRG-01198,Did my order go through?,Site spun for 5 minutes at checkout. Charged but no confirmation email. Did I buy a swan or donate to one?,open,normal,paloma654@example.com,"[""surge"",""billing""]",1596,1596
TCK-SRG-01199,Cancel if not shipping this week,"If the Colossal Swan cannot arrive before the 14th, cancel order ORD-103148. The moment will have passed.",open,normal,stan566@example.com,"[""surge"",""cancel""]",1756,1756
TCK-SRG-01200,Swan restock date?,Site says backordered. When is restock? Asking for a group chat of 200 people.,open,normal,umar529@example.com,"[""surge"",""presales""]",1467,1467
TCK-SRG-01201,Cancel if not shipping this week,"If the Colossal Swan cannot arrive before the 14th, cancel order ORD-103989. The moment will have passed.",open,normal,hannah792@example.com,"[""surge"",""cancel""]",1573,1573
TCK-SRG-01202,WHERE IS MY SWAN,Ordered the second I saw the video. Confirmation says yesterday. Nothing since. The pool party is SUNDAY.,open,high,gus368@example.com,"[""wismo"",""surge""]",1844,1844
TCK-SRG-01203,September?? Really?,Quoted September delivery. Summer ENDS. Explain the plan or refund me.,open,high,quinn642@example.com,"[""surge"",""wismo""]",1359,1359
TCK-SRG-01204,Did my order go through?,Site spun for 5 minutes at checkout. Charged but no confirmation email. Did I buy a swan or donate to one?,open,normal,otis594@example.com,"[""surge"",""billing""]",1369,1369
TCK-SRG-01205,Buying 30 swans for a sorority event,Can we get 30 units and a bulk discount? Flexible on color. Not flexible on date.,open,normal,vera730@example.com,"[""surge"",""presales"",""bulk""]",1616,1616
TCK-SRG-01206,Cancel if not shipping this week,"If the Colossal Swan cannot arrive before the 14th, cancel order ORD-103502. The moment will have passed.",open,normal,ximena398@example.com,"[""surge"",""cancel""]",1597,1597
TCK-SRG-01207,WHERE IS MY SWAN,Ordered the second I saw the video. Confirmation says yesterday. Nothing since. The pool party is SUNDAY.,open,high,wes506@example.com,"[""wismo"",""surge""]",1442,1442
TCK-SRG-01208,Order status: swan,"I understand you are busy. I am simply asking for any information at all about order ORD-106546. Anything. A vibe, even.",open,normal,gus480@example.com,"[""wismo"",""surge""]",1495,1495
TCK-SRG-01209,Order status: swan,"I understand you are busy. I am simply asking for any information at all about order ORD-106590. Anything. A vibe, even.",open,normal,bob790@example.com,"[""wismo"",""surge""]",1333,1333
TCK-SRG-01210,September?? Really?,Quoted September delivery. Summer ENDS. Explain the plan or refund me.,open,high,kitty133@example.com,"[""surge"",""wismo""]",1659,1659
TCK-SRG-01211,Cancel if not shipping this week,"If the Colossal Swan cannot arrive before the 14th, cancel order ORD-104993. The moment will have passed.",open,normal,jerome476@example.com,"[""surge"",""cancel""]",1566,1566
TCK-SRG-01212,Swan restock date?,Site says backordered. When is restock? Asking for a group chat of 200 people.,open,normal,quinn267@example.com,"[""surge"",""presales""]",1944,1944
TCK-SRG-01214,Did my order go through?,Site spun for 5 minutes at checkout. Charged but no confirmation email. Did I buy a swan or donate to one?,open,normal,pearl884@example.com,"[""surge"",""billing""]",1922,1922
TCK-SRG-01215,Did my order go through?,Site spun for 5 minutes at checkout. Charged but no confirmation email. Did I buy a swan or donate to one?,open,normal,nadia974@example.com,"[""surge"",""billing""]",1824,1824
TCK-SRG-01216,WHERE IS MY SWAN,Ordered the second I saw the video. Confirmation says yesterday. Nothing since. The pool party is SUNDAY.,open,high,nadia765@example.com,"[""wismo"",""surge""]",1894,1894
TCK-SRG-01217,Swan restock date?,Site says backordered. When is restock? Asking for a group chat of 200 people.,open,normal,ivan503@example.com,"[""surge"",""presales""]",1616,1616
TCK-SRG-01218,Buying 30 swans for a sorority event,Can we get 30 units and a bulk discount? Flexible on color. Not flexible on date.,open,normal,tina119@example.com,"[""surge"",""presales"",""bulk""]",1833,1833
TCK-SRG-01219,WHERE IS MY SWAN,Ordered the second I saw the video. Confirmation says yesterday. Nothing since. The pool party is SUNDAY.,open,high,arthur737@example.com,"[""wismo"",""surge""]",1413,1413
TCK-SRG-01220,September?? Really?,Quoted September delivery. Summer ENDS. Explain the plan or refund me.,open,high,wes280@example.com,"[""surge"",""wismo""]",1722,1722
TCK-SRG-01221,WHERE IS MY SWAN,Ordered the second I saw the video. Confirmation says yesterday. Nothing since. The pool party is SUNDAY.,open,high,mabel110@example.com,"[""wismo"",""surge""]",1527,1527
TCK-SRG-01222,Cancel if not shipping this week,"If the Colossal Swan cannot arrive before the 14th, cancel order ORD-106006. The moment will have passed.",open,normal,bob365@example.com,"[""surge"",""cancel""]",1944,1944
TCK-SRG-01223,Cancel if not shipping this week,"If the Colossal Swan cannot arrive before the 14th, cancel order ORD-106686. The moment will have passed.",open,normal,quinn807@example.com,"[""surge"",""cancel""]",1851,1851
TCK-SRG-01224,Cancel if not shipping this week,"If the Colossal Swan cannot arrive before the 14th, cancel order ORD-106587. The moment will have passed.",open,normal,tomasz197@example.com,"[""surge"",""cancel""]",1750,1750
TCK-SRG-01225,Swan restock date?,Site says backordered. When is restock? Asking for a group chat of 200 people.,open,normal,nadia931@example.com,"[""surge"",""presales""]",1697,1697
TCK-SRG-01226,Did my order go through?,Site spun for 5 minutes at checkout. Charged but no confirmation email. Did I buy a swan or donate to one?,open,normal,bettye765@example.com,"[""surge"",""billing""]",1607,1607
TCK-SRG-01227,Swan restock date?,Site says backordered. When is restock? Asking for a group chat of 200 people.,open,normal,harriet393@example.com,"[""surge"",""presales""]",1540,1540
TCK-SRG-01228,Buying 30 swans for a sorority event,Can we get 30 units and a bulk discount? Flexible on color. Not flexible on date.,open,normal,zoe404@example.com,"[""surge"",""presales"",""bulk""]",1653,1653
TCK-SRG-01229,Swan restock date?,Site says backordered. When is restock? Asking for a group chat of 200 people.,solved,normal,luis890@example.com,"[""surge"",""presales""]",1810,1810
TCK-SRG-01230,Did my order go through?,Site spun for 5 minutes at checkout. Charged but no confirmation email. Did I buy a swan or donate to one?,open,normal,kitty316@example.com,"[""surge"",""billing""]",1949,1949
TCK-SRG-01231,Swan restock date?,Site says backordered. When is restock? Asking for a group chat of 200 people.,open,normal,omar517@example.com,"[""surge"",""presales""]",1729,1729
TCK-SRG-01232,WHERE IS MY SWAN,Ordered the second I saw the video. Confirmation says yesterday. Nothing since. The pool party is SUNDAY.,open,high,luis780@example.com,"[""wismo"",""surge""]",1908,1908
TCK-SRG-01233,Order status: swan,"I understand you are busy. I am simply asking for any information at all about order ORD-103723. Anything. A vibe, even.",open,normal,yuki815@example.com,"[""wismo"",""surge""]",1356,1356
TCK-SRG-01234,Did my order go through?,Site spun for 5 minutes at checkout. Charged but no confirmation email. Did I buy a swan or donate to one?,open,normal,kitty905@example.com,"[""surge"",""billing""]",1749,1749
TCK-SRG-01235,Swan restock date?,Site says backordered. When is restock? Asking for a group chat of 200 people.,open,normal,ximena285@example.com,"[""surge"",""presales""]",1809,1809
TCK-SRG-01236,Cancel if not shipping this week,"If the Colossal Swan cannot arrive before the 14th, cancel order ORD-103197. The moment will have passed.",open,normal,deshawn140@example.com,"[""surge"",""cancel""]",1858,1858
TCK-SRG-01237,September?? Really?,Quoted September delivery. Summer ENDS. Explain the plan or refund me.,open,high,jerome776@example.com,"[""surge"",""wismo""]",1883,1883
TCK-SRG-01238,Cancel if not shipping this week,"If the Colossal Swan cannot arrive before the 14th, cancel order ORD-106564. The moment will have passed.",open,normal,ernesto521@example.com,"[""surge"",""cancel""]",1941,1941
TCK-SRG-01239,Did my order go through?,Site spun for 5 minutes at checkout. Charged but no confirmation email. Did I buy a swan or donate to one?,open,normal,kitty756@example.com,"[""surge"",""billing""]",1434,1434
TCK-SRG-01240,Did my order go through?,Site spun for 5 minutes at checkout. Charged but no confirmation email. Did I buy a swan or donate to one?,open,normal,ingrid109@example.com,"[""surge"",""billing""]",1503,1503
TCK-SRG-01241,WHERE IS MY SWAN,Ordered the second I saw the video. Confirmation says yesterday. Nothing since. The pool party is SUNDAY.,open,high,nadia541@example.com,"[""wismo"",""surge""]",1405,1405
TCK-SRG-01242,Cancel if not shipping this week,"If the Colossal Swan cannot arrive before the 14th, cancel order ORD-103378. The moment will have passed.",open,normal,keiko351@example.com,"[""surge"",""cancel""]",1581,1581
TCK-SRG-01243,September?? Really?,Quoted September delivery. Summer ENDS. Explain the plan or refund me.,open,high,gus910@example.com,"[""surge"",""wismo""]",1361,1361
TCK-SRG-01244,September?? Really?,Quoted September delivery. Summer ENDS. Explain the plan or refund me.,open,high,tina529@example.com,"[""surge"",""wismo""]",1622,1622
TCK-SRG-01245,Cancel if not shipping this week,"If the Colossal Swan cannot arrive before the 14th, cancel order ORD-107519. The moment will have passed.",open,normal,priya301@example.com,"[""surge"",""cancel""]",1483,1483
TCK-SRG-01246,September?? Really?,Quoted September delivery. Summer ENDS. Explain the plan or refund me.,open,high,omar284@example.com,"[""surge"",""wismo""]",1821,1821
TCK-SRG-01247,September?? Really?,Quoted September delivery. Summer ENDS. Explain the plan or refund me.,open,high,rosa727@example.com,"[""surge"",""wismo""]",1322,1322
TCK-SRG-01248,Swan restock date?,Site says backordered. When is restock? Asking for a group chat of 200 people.,open,normal,tomasz365@example.com,"[""surge"",""presales""]",1801,1801
TCK-SRG-01249,Buying 30 swans for a sorority event,Can we get 30 units and a bulk discount? Flexible on color. Not flexible on date.,open,normal,margaret215@example.com,"[""surge"",""presales"",""bulk""]",1383,1383
TCK-SRG-01250,Order status: swan,"I understand you are busy. I am simply asking for any information at all about order ORD-105094. Anything. A vibe, even.",open,normal,ximena167@example.com,"[""wismo"",""surge""]",1405,1405
TCK-SRG-01251,September?? Really?,Quoted September delivery. Summer ENDS. Explain the plan or refund me.,open,high,mabel464@example.com,"[""surge"",""wismo""]",1787,1787
TCK-SRG-01252,Did my order go through?,Site spun for 5 minutes at checkout. Charged but no confirmation email. Did I buy a swan or donate to one?,open,normal,harriet631@example.com,"[""surge"",""billing""]",1769,1769
TCK-SRG-01253,September?? Really?,Quoted September delivery. Summer ENDS. Explain the plan or refund me.,open,high,lamar356@example.com,"[""surge"",""wismo""]",1733,1733
TCK-SRG-01254,WHERE IS MY SWAN,Ordered the second I saw the video. Confirmation says yesterday. Nothing since. The pool party is SUNDAY.,open,high,margaret496@example.com,"[""wismo"",""surge""]",1490,1490
TCK-SRG-01255,Buying 30 swans for a sorority event,Can we get 30 units and a bulk discount? Flexible on color. Not flexible on date.,open,normal,deshawn707@example.com,"[""surge"",""presales"",""bulk""]",1361,1361
TCK-SRG-01256,Did my order go through?,Site spun for 5 minutes at checkout. Charged but no confirmation email. Did I buy a swan or donate to one?,open,normal,chen781@example.com,"[""surge"",""billing""]",1786,1786
TCK-SRG-01257,Buying 30 swans for a sorority event,Can we get 30 units and a bulk discount? Flexible on color. Not flexible on date.,open,normal,linda364@example.com,"[""surge"",""presales"",""bulk""]",1788,1788
TCK-SRG-01258,Swan restock date?,Site says backordered. When is restock? Asking for a group chat of 200 people.,open,normal,ximena949@example.com,"[""surge"",""presales""]",1666,1666
TCK-SRG-01259,Did my order go through?,Site spun for 5 minutes at checkout. Charged but no confirmation email. Did I buy a swan or donate to one?,open,normal,aisha316@example.com,"[""surge"",""billing""]",1636,1636
TCK-SRG-01260,Swan restock date?,Site says backordered. When is restock? Asking for a group chat of 200 people.,open,normal,aisha729@example.com,"[""surge"",""presales""]",1915,1915
TCK-SRG-01261,Swan restock date?,Site says backordered. When is restock? Asking for a group chat of 200 people.,open,normal,wes185@example.com,"[""surge"",""presales""]",1617,1617
TCK-SRG-01262,Cancel if not shipping this week,"If the Colossal Swan cannot arrive before the 14th, cancel order ORD-106142. The moment will have passed.",open,normal,wes694@example.com,"[""surge"",""cancel""]",1384,1384
TCK-SRG-01263,Order status: swan,"I understand you are busy. I am simply asking for any information at all about order ORD-103128. Anything. A vibe, even.",solved,normal,dolores505@example.com,"[""wismo"",""surge""]",1799,1799
TCK-SRG-01264,Did my order go through?,Site spun for 5 minutes at checkout. Charged but no confirmation email. Did I buy a swan or donate to one?,open,normal,omar523@example.com,"[""surge"",""billing""]",1671,1671
TCK-SRG-01265,Did my order go through?,Site spun for 5 minutes at checkout. Charged but no confirmation email. Did I buy a swan or donate to one?,open,normal,kitty165@example.com,"[""surge"",""billing""]",1652,1652
TCK-SRG-01266,Buying 30 swans for a sorority event,Can we get 30 units and a bulk discount? Flexible on color. Not flexible on date.,open,normal,keiko519@example.com,"[""surge"",""presales"",""bulk""]",1907,1907
TCK-SRG-01267,Buying 30 swans for a sorority event,Can we get 30 units and a bulk discount? Flexible on color. Not flexible on date.,open,normal,margaret953@example.com,"[""surge"",""presales"",""bulk""]",1634,1634
TCK-SRG-01268,Did my order go through?,Site spun for 5 minutes at checkout. Charged but no confirmation email. Did I buy a swan or donate to one?,open,normal,ernesto415@example.com,"[""surge"",""billing""]",1845,1845
TCK-SRG-01269,Order status: swan,"I understand you are busy. I am simply asking for any information at all about order ORD-106770. Anything. A vibe, even.",open,normal,nadia100@example.com,"[""wismo"",""surge""]",1842,1842
TCK-SRG-01270,Buying 30 swans for a sorority event,Can we get 30 units and a bulk discount? Flexible on color. Not flexible on date.,open,normal,zoe769@example.com,"[""surge"",""presales"",""bulk""]",1608,1608
TCK-SRG-01271,Cancel if not shipping this week,"If the Colossal Swan cannot arrive before the 14th, cancel order ORD-105807. The moment will have passed.",open,normal,luis534@example.com,"[""surge"",""cancel""]",1381,1381
TCK-SRG-01272,Swan restock date?,Site says backordered. When is restock? Asking for a group chat of 200 people.,open,normal,ray244@example.com,"[""surge"",""presales""]",1337,1337
TCK-SRG-01273,September?? Really?,Quoted September delivery. Summer ENDS. Explain the plan or refund me.,open,high,otis618@example.com,"[""surge"",""wismo""]",1900,1900
TCK-SRG-01274,WHERE IS MY SWAN,Ordered the second I saw the video. Confirmation says yesterday. Nothing since. The pool party is SUNDAY.,open,high,ernesto584@example.com,"[""wismo"",""surge""]",1364,1364
TCK-SRG-01275,Buying 30 swans for a sorority event,Can we get 30 units and a bulk discount? Flexible on color. Not flexible on date.,open,normal,flo263@example.com,"[""surge"",""presales"",""bulk""]",1914,1914
TCK-SRG-01276,Swan restock date?,Site says backordered. When is restock? Asking for a group chat of 200 people.,open,normal,pearl517@example.com,"[""surge"",""presales""]",1711,1711
TCK-SRG-01277,Cancel if not shipping this week,"If the Colossal Swan cannot arrive before the 14th, cancel order ORD-103800. The moment will have passed.",open,normal,ivan799@example.com,"[""surge"",""cancel""]",1654,1654
TCK-SRG-01278,Cancel if not shipping this week,"If the Colossal Swan cannot arrive before the 14th, cancel order ORD-104321. The moment will have passed.",open,normal,vera759@example.com,"[""surge"",""cancel""]",1483,1483
TCK-SRG-01279,Buying 30 swans for a sorority event,Can we get 30 units and a bulk discount? Flexible on color. Not flexible on date.,open,normal,curtis186@example.com,"[""surge"",""presales"",""bulk""]",1501,1501
TCK-SRG-01280,Cancel if not shipping this week,"If the Colossal Swan cannot arrive before the 14th, cancel order ORD-103135. The moment will have passed.",open,normal,hannah151@example.com,"[""surge"",""cancel""]",1392,1392
TCK-SRG-01281,Buying 30 swans for a sorority event,Can we get 30 units and a bulk discount? Flexible on color. Not flexible on date.,open,normal,curtis296@example.com,"[""surge"",""presales"",""bulk""]",1479,1479
TCK-SRG-01282,Buying 30 swans for a sorority event,Can we get 30 units and a bulk discount? Flexible on color. Not flexible on date.,open,normal,rosa129@example.com,"[""surge"",""presales"",""bulk""]",1761,1761
TCK-SRG-01283,Cancel if not shipping this week,"If the Colossal Swan cannot arrive before the 14th, cancel order ORD-105242. The moment will have passed.",open,normal,aisha970@example.com,"[""surge"",""cancel""]",1781,1781
TCK-SRG-01284,Cancel if not shipping this week,"If the Colossal Swan cannot arrive before the 14th, cancel order ORD-104804. The moment will have passed.",open,normal,carlos279@example.com,"[""surge"",""cancel""]",1674,1674
TCK-SRG-01285,WHERE IS MY SWAN,Ordered the second I saw the video. Confirmation says yesterday. Nothing since. The pool party is SUNDAY.,open,high,otis383@example.com,"[""wismo"",""surge""]",1912,1912
TCK-SRG-01286,Order status: swan,"I understand you are busy. I am simply asking for any information at all about order ORD-106859. Anything. A vibe, even.",open,normal,paloma644@example.com,"[""wismo"",""surge""]",1536,1536
TCK-SRG-01287,Order status: swan,"I understand you are busy. I am simply asking for any information at all about order ORD-106506. Anything. A vibe, even.",open,normal,gus177@example.com,"[""wismo"",""surge""]",1572,1572
TCK-SRG-01288,WHERE IS MY SWAN,Ordered the second I saw the video. Confirmation says yesterday. Nothing since. The pool party is SUNDAY.,open,high,omar787@example.com,"[""wismo"",""surge""]",1889,1889
TCK-SRG-01289,September?? Really?,Quoted September delivery. Summer ENDS. Explain the plan or refund me.,open,high,rosa760@example.com,"[""surge"",""wismo""]",1417,1417
TCK-SRG-01290,September?? Really?,Quoted September delivery. Summer ENDS. Explain the plan or refund me.,open,high,keiko213@example.com,"[""surge"",""wismo""]",1884,1884
TCK-SRG-01291,Order status: swan,"I understand you are busy. I am simply asking for any information at all about order ORD-106080. Anything. A vibe, even.",solved,normal,linda549@example.com,"[""wismo"",""surge""]",1502,1502
TCK-SRG-01292,Buying 30 swans for a sorority event,Can we get 30 units and a bulk discount? Flexible on color. Not flexible on date.,open,normal,mabel615@example.com,"[""surge"",""presales"",""bulk""]",1917,1917
TCK-SRG-01293,WHERE IS MY SWAN,Ordered the second I saw the video. Confirmation says yesterday. Nothing since. The pool party is SUNDAY.,open,high,umar195@example.com,"[""wismo"",""surge""]",1348,1348
TCK-SRG-01294,Did my order go through?,Site spun for 5 minutes at checkout. Charged but no confirmation email. Did I buy a swan or donate to one?,open,normal,carlos645@example.com,"[""surge"",""billing""]",1439,1439
TCK-SRG-01295,September?? Really?,Quoted September delivery. Summer ENDS. Explain the plan or refund me.,open,high,margaret450@example.com,"[""surge"",""wismo""]",1731,1731
TCK-SRG-01296,Order status: swan,"I understand you are busy. I am simply asking for any information at all about order ORD-107989. Anything. A vibe, even.",open,normal,jerome319@example.com,"[""wismo"",""surge""]",1490,1490
TCK-SRG-01297,Buying 30 swans for a sorority event,Can we get 30 units and a bulk discount? Flexible on color. Not flexible on date.,open,normal,tina654@example.com,"[""surge"",""presales"",""bulk""]",1346,1346
TCK-SRG-01298,WHERE IS MY SWAN,Ordered the second I saw the video. Confirmation says yesterday. Nothing since. The pool party is SUNDAY.,open,high,quinn832@example.com,"[""wismo"",""surge""]",1539,1539
TCK-SRG-01299,Cancel if not shipping this week,"If the Colossal Swan cannot arrive before the 14th, cancel order ORD-103083. The moment will have passed.",open,normal,ingrid115@example.com,"[""surge"",""cancel""]",1869,1869
TCK-SRG-01300,Buying 30 swans for a sorority event,Can we get 30 units and a bulk discount? Flexible on color. Not flexible on date.,open,normal,arthur500@example.com,"[""surge"",""presales"",""bulk""]",1533,1533
TCK-SRG-01301,Order status: swan,"I understand you are busy. I am simply asking for any information at all about order ORD-104284. Anything. A vibe, even.",open,normal,curtis161@example.com,"[""wismo"",""surge""]",1873,1873
TCK-SRG-01302,Swan restock date?,Site says backordered. When is restock? Asking for a group chat of 200 people.,open,normal,chen256@example.com,"[""surge"",""presales""]",1824,1824
TCK-SRG-01303,Swan restock date?,Site says backordered. When is restock? Asking for a group chat of 200 people.,open,normal,curtis397@example.com,"[""surge"",""presales""]",1398,1398
TCK-SRG-01304,Swan restock date?,Site says backordered. When is restock? Asking for a group chat of 200 people.,open,normal,stan326@example.com,"[""surge"",""presales""]",1937,1937
TCK-SRG-01305,Order status: swan,"I understand you are busy. I am simply asking for any information at all about order ORD-103916. Anything. A vibe, even.",open,normal,chen871@example.com,"[""wismo"",""surge""]",1474,1474
TCK-SRG-01306,Did my order go through?,Site spun for 5 minutes at checkout. Charged but no confirmation email. Did I buy a swan or donate to one?,open,normal,arthur540@example.com,"[""surge"",""billing""]",1500,1500
TCK-SRG-01307,Cancel if not shipping this week,"If the Colossal Swan cannot arrive before the 14th, cancel order ORD-104924. The moment will have passed.",open,normal,aisha697@example.com,"[""surge"",""cancel""]",1841,1841
TCK-SRG-01308,Did my order go through?,Site spun for 5 minutes at checkout. Charged but no confirmation email. Did I buy a swan or donate to one?,open,normal,ernesto981@example.com,"[""surge"",""billing""]",1430,1430
TCK-SRG-01309,Cancel if not shipping this week,"If the Colossal Swan cannot arrive before the 14th, cancel order ORD-106265. The moment will have passed.",open,normal,jamal174@example.com,"[""surge"",""cancel""]",1621,1621
TCK-SRG-01310,Order status: swan,"I understand you are busy. I am simply asking for any information at all about order ORD-106411. Anything. A vibe, even.",open,normal,ingrid629@example.com,"[""wismo"",""surge""]",1683,1683
TCK-SRG-01311,Order status: swan,"I understand you are busy. I am simply asking for any information at all about order ORD-103812. Anything. A vibe, even.",open,normal,bettye501@example.com,"[""wismo"",""surge""]",1325,1325
TCK-SRG-01312,Did my order go through?,Site spun for 5 minutes at checkout. Charged but no confirmation email. Did I buy a swan or donate to one?,open,normal,rosa209@example.com,"[""surge"",""billing""]",1473,1473
TCK-SRG-01313,September?? Really?,Quoted September delivery. Summer ENDS. Explain the plan or refund me.,open,high,margaret904@example.com,"[""surge"",""wismo""]",1447,1447
TCK-SRG-01314,Cancel if not shipping this week,"If the Colossal Swan cannot arrive before the 14th, cancel order ORD-106015. The moment will have passed.",open,normal,tomasz833@example.com,"[""surge"",""cancel""]",1394,1394
TCK-SRG-01315,Cancel if not shipping this week,"If the Colossal Swan cannot arrive before the 14th, cancel order ORD-105576. The moment will have passed.",open,normal,stan383@example.com,"[""surge"",""cancel""]",1324,1324
TCK-SRG-01316,September?? Really?,Quoted September delivery. Summer ENDS. Explain the plan or refund me.,open,high,mabel200@example.com,"[""surge"",""wismo""]",1907,1907
TCK-SRG-01317,September?? Really?,Quoted September delivery. Summer ENDS. Explain the plan or refund me.,open,high,kitty960@example.com,"[""surge"",""wismo""]",1763,1763
TCK-SRG-01318,Buying 30 swans for a sorority event,Can we get 30 units and a bulk discount? Flexible on color. Not flexible on date.,open,normal,jerome195@example.com,"[""surge"",""presales"",""bulk""]",1422,1422
TCK-SRG-01319,Buying 30 swans for a sorority event,Can we get 30 units and a bulk discount? Flexible on color. Not flexible on date.,open,normal,ingrid610@example.com,"[""surge"",""presales"",""bulk""]",1918,1918
TCK-SRG-01320,WHERE IS MY SWAN,Ordered the second I saw the video. Confirmation says yesterday. Nothing since. The pool party is SUNDAY.,open,high,dolores362@example.com,"[""wismo"",""surge""]",1610,1610
TCK-SRG-01321,Order status: swan,"I understand you are busy. I am simply asking for any information at all about order ORD-107677. Anything. A vibe, even.",open,normal,harriet516@example.com,"[""wismo"",""surge""]",1799,1799
TCK-SRG-01322,WHERE IS MY SWAN,Ordered the second I saw the video. Confirmation says yesterday. Nothing since. The pool party is SUNDAY.,open,high,hannah755@example.com,"[""wismo"",""surge""]",1854,1854
TCK-SRG-01323,WHERE IS MY SWAN,Ordered the second I saw the video. Confirmation says yesterday. Nothing since. The pool party is SUNDAY.,open,high,gus629@example.com,"[""wismo"",""surge""]",1540,1540
TCK-SRG-01324,Buying 30 swans for a sorority event,Can we get 30 units and a bulk discount? Flexible on color. Not flexible on date.,open,normal,quinn168@example.com,"[""surge"",""presales"",""bulk""]",1844,1844
TCK-SRG-01325,Buying 30 swans for a sorority event,Can we get 30 units and a bulk discount? Flexible on color. Not flexible on date.,open,normal,rosa582@example.com,"[""surge"",""presales"",""bulk""]",1447,1447
TCK-SRG-01326,Cancel if not shipping this week,"If the Colossal Swan cannot arrive before the 14th, cancel order ORD-107014. The moment will have passed.",open,normal,priya231@example.com,"[""surge"",""cancel""]",1512,1512
TCK-SRG-01327,WHERE IS MY SWAN,Ordered the second I saw the video. Confirmation says yesterday. Nothing since. The pool party is SUNDAY.,open,high,rosa955@example.com,"[""wismo"",""surge""]",1473,1473
TCK-SRG-01328,Buying 30 swans for a sorority event,Can we get 30 units and a bulk discount? Flexible on color. Not flexible on date.,open,normal,harriet255@example.com,"[""surge"",""presales"",""bulk""]",1585,1585
TCK-SRG-01329,Cancel if not shipping this week,"If the Colossal Swan cannot arrive before the 14th, cancel order ORD-106180. The moment will have passed.",open,normal,aisha323@example.com,"[""surge"",""cancel""]",1798,1798
TCK-SRG-01330,Cancel if not shipping this week,"If the Colossal Swan cannot arrive before the 14th, cancel order ORD-105213. The moment will have passed.",open,normal,chen515@example.com,"[""surge"",""cancel""]",1920,1920
TCK-SRG-01331,Buying 30 swans for a sorority event,Can we get 30 units and a bulk discount? Flexible on color. Not flexible on date.,open,normal,vera759@example.com,"[""surge"",""presales"",""bulk""]",1629,1629
TCK-SRG-01332,Order status: swan,"I understand you are busy. I am simply asking for any information at all about order ORD-103473. Anything. A vibe, even.",open,normal,ivan434@example.com,"[""wismo"",""surge""]",1466,1466
TCK-SRG-01333,Did my order go through?,Site spun for 5 minutes at checkout. Charged but no confirmation email. Did I buy a swan or donate to one?,open,normal,jamal612@example.com,"[""surge"",""billing""]",1389,1389
TCK-SRG-01334,Order status: swan,"I understand you are busy. I am simply asking for any information at all about order ORD-105078. Anything. A vibe, even.",open,normal,jerome985@example.com,"[""wismo"",""surge""]",1935,1935
TCK-SRG-01335,Buying 30 swans for a sorority event,Can we get 30 units and a bulk discount? Flexible on color. Not flexible on date.,open,normal,luis639@example.com,"[""surge"",""presales"",""bulk""]",1546,1546
TCK-SRG-01336,September?? Really?,Quoted September delivery. Summer ENDS. Explain the plan or refund me.,open,high,deshawn519@example.com,"[""surge"",""wismo""]",1813,1813
TCK-SRG-01337,Buying 30 swans for a sorority event,Can we get 30 units and a bulk discount? Flexible on color. Not flexible on date.,open,normal,ivan343@example.com,"[""surge"",""presales"",""bulk""]",1842,1842
TCK-SRG-01338,Buying 30 swans for a sorority event,Can we get 30 units and a bulk discount? Flexible on color. Not flexible on date.,open,normal,mabel653@example.com,"[""surge"",""presales"",""bulk""]",1876,1876
TCK-SRG-01339,Swan restock date?,Site says backordered. When is restock? Asking for a group chat of 200 people.,open,normal,ximena879@example.com,"[""surge"",""presales""]",1853,1853
TCK-SRG-01340,WHERE IS MY SWAN,Ordered the second I saw the video. Confirmation says yesterday. Nothing since. The pool party is SUNDAY.,open,high,rosa394@example.com,"[""wismo"",""surge""]",1852,1852
TCK-SRG-01341,Swan restock date?,Site says backordered. When is restock? Asking for a group chat of 200 people.,open,normal,pearl245@example.com,"[""surge"",""presales""]",1523,1523
TCK-SRG-01342,Cancel if not shipping this week,"If the Colossal Swan cannot arrive before the 14th, cancel order ORD-107292. The moment will have passed.",open,normal,hannah352@example.com,"[""surge"",""cancel""]",1593,1593
TCK-SRG-01343,WHERE IS MY SWAN,Ordered the second I saw the video. Confirmation says yesterday. Nothing since. The pool party is SUNDAY.,open,high,nadia889@example.com,"[""wismo"",""surge""]",1661,1661
TCK-SRG-01344,Cancel if not shipping this week,"If the Colossal Swan cannot arrive before the 14th, cancel order ORD-106570. The moment will have passed.",open,normal,jamal254@example.com,"[""surge"",""cancel""]",1940,1940
TCK-SRG-01345,Cancel if not shipping this week,"If the Colossal Swan cannot arrive before the 14th, cancel order ORD-104995. The moment will have passed.",open,normal,lamar393@example.com,"[""surge"",""cancel""]",1913,1913
TCK-SRG-01346,September?? Really?,Quoted September delivery. Summer ENDS. Explain the plan or refund me.,open,high,mo306@example.com,"[""surge"",""wismo""]",1364,1364
TCK-SRG-01347,September?? Really?,Quoted September delivery. Summer ENDS. Explain the plan or refund me.,open,high,fatima150@example.com,"[""surge"",""wismo""]",1374,1374
TCK-SRG-01348,WHERE IS MY SWAN,Ordered the second I saw the video. Confirmation says yesterday. Nothing since. The pool party is SUNDAY.,open,high,rosa592@example.com,"[""wismo"",""surge""]",1521,1521
TCK-SRG-01349,Cancel if not shipping this week,"If the Colossal Swan cannot arrive before the 14th, cancel order ORD-103360. The moment will have passed.",open,normal,jamal897@example.com,"[""surge"",""cancel""]",1413,1413
TCK-SRG-01350,WHERE IS MY SWAN,Ordered the second I saw the video. Confirmation says yesterday. Nothing since. The pool party is SUNDAY.,open,high,bettye174@example.com,"[""wismo"",""surge""]",1704,1704
TCK-SRG-01351,Order status: swan,"I understand you are busy. I am simply asking for any information at all about order ORD-107426. Anything. A vibe, even.",open,normal,fatima641@example.com,"[""wismo"",""surge""]",1850,1850
TCK-SRG-01352,Order status: swan,"I understand you are busy. I am simply asking for any information at all about order ORD-104998. Anything. A vibe, even.",open,normal,omar988@example.com,"[""wismo"",""surge""]",1933,1933
TCK-SRG-01353,Swan restock date?,Site says backordered. When is restock? Asking for a group chat of 200 people.,open,normal,harriet790@example.com,"[""surge"",""presales""]",1747,1747
TCK-SRG-01354,Buying 30 swans for a sorority event,Can we get 30 units and a bulk discount? Flexible on color. Not flexible on date.,open,normal,ivan611@example.com,"[""surge"",""presales"",""bulk""]",1838,1838
TCK-SRG-01355,WHERE IS MY SWAN,Ordered the second I saw the video. Confirmation says yesterday. Nothing since. The pool party is SUNDAY.,open,high,aisha469@example.com,"[""wismo"",""surge""]",1406,1406
TCK-SRG-01356,Order status: swan,"I understand you are busy. I am simply asking for any information at all about order ORD-105195. Anything. A vibe, even.",open,normal,keiko720@example.com,"[""wismo"",""surge""]",1697,1697
TCK-SRG-01357,September?? Really?,Quoted September delivery. Summer ENDS. Explain the plan or refund me.,open,high,priya721@example.com,"[""surge"",""wismo""]",1803,1803
TCK-SRG-01358,Cancel if not shipping this week,"If the Colossal Swan cannot arrive before the 14th, cancel order ORD-103431. The moment will have passed.",open,normal,ivan909@example.com,"[""surge"",""cancel""]",1709,1709
TCK-SRG-01359,Buying 30 swans for a sorority event,Can we get 30 units and a bulk discount? Flexible on color. Not flexible on date.,open,normal,tomasz841@example.com,"[""surge"",""presales"",""bulk""]",1355,1355
TCK-SRG-01360,Swan restock date?,Site says backordered. When is restock? Asking for a group chat of 200 people.,open,normal,mo945@example.com,"[""surge"",""presales""]",1776,1776
TCK-SRG-01361,September?? Really?,Quoted September delivery. Summer ENDS. Explain the plan or refund me.,open,high,fatima429@example.com,"[""surge"",""wismo""]",1897,1897
TCK-SRG-01362,Order status: swan,"I understand you are busy. I am simply asking for any information at all about order ORD-103455. Anything. A vibe, even.",open,normal,otis381@example.com,"[""wismo"",""surge""]",1786,1786
TCK-SRG-01363,WHERE IS MY SWAN,Ordered the second I saw the video. Confirmation says yesterday. Nothing since. The pool party is SUNDAY.,open,high,jerome550@example.com,"[""wismo"",""surge""]",1619,1619
TCK-SRG-01364,Did my order go through?,Site spun for 5 minutes at checkout. Charged but no confirmation email. Did I buy a swan or donate to one?,open,normal,ingrid689@example.com,"[""surge"",""billing""]",1810,1810
TCK-SRG-01365,Cancel if not shipping this week,"If the Colossal Swan cannot arrive before the 14th, cancel order ORD-107421. The moment will have passed.",open,normal,dolores711@example.com,"[""surge"",""cancel""]",1375,1375
TCK-SRG-01366,Buying 30 swans for a sorority event,Can we get 30 units and a bulk discount? Flexible on color. Not flexible on date.,open,normal,keiko530@example.com,"[""surge"",""presales"",""bulk""]",1603,1603
TCK-SRG-01367,WHERE IS MY SWAN,Ordered the second I saw the video. Confirmation says yesterday. Nothing since. The pool party is SUNDAY.,open,high,ximena909@example.com,"[""wismo"",""surge""]",1829,1829
TCK-SRG-01368,Did my order go through?,Site spun for 5 minutes at checkout. Charged but no confirmation email. Did I buy a swan or donate to one?,open,normal,ernesto664@example.com,"[""surge"",""billing""]",1887,1887
TCK-SRG-01369,Swan restock date?,Site says backordered. When is restock? Asking for a group chat of 200 people.,open,normal,ingrid703@example.com,"[""surge"",""presales""]",1688,1688
TCK-SRG-01370,WHERE IS MY SWAN,Ordered the second I saw the video. Confirmation says yesterday. Nothing since. The pool party is SUNDAY.,open,high,yosef156@example.com,"[""wismo"",""surge""]",1526,1526
TCK-SRG-01371,Did my order go through?,Site spun for 5 minutes at checkout. Charged but no confirmation email. Did I buy a swan or donate to one?,open,normal,aisha576@example.com,"[""surge"",""billing""]",1769,1769
TCK-SRG-01372,Cancel if not shipping this week,"If the Colossal Swan cannot arrive before the 14th, cancel order ORD-103940. The moment will have passed.",open,normal,bettye816@example.com,"[""surge"",""cancel""]",1662,1662
TCK-SRG-01373,WHERE IS MY SWAN,Ordered the second I saw the video. Confirmation says yesterday. Nothing since. The pool party is SUNDAY.,open,high,rosa120@example.com,"[""wismo"",""surge""]",1919,1919
TCK-SRG-01374,WHERE IS MY SWAN,Ordered the second I saw the video. Confirmation says yesterday. Nothing since. The pool party is SUNDAY.,open,high,dolores724@example.com,"[""wismo"",""surge""]",1566,1566
TCK-SRG-01375,Order status: swan,"I understand you are busy. I am simply asking for any information at all about order ORD-107014. Anything. A vibe, even.",open,normal,kitty414@example.com,"[""wismo"",""surge""]",1579,1579
TCK-SRG-01376,Cancel if not shipping this week,"If the Colossal Swan cannot arrive before the 14th, cancel order ORD-106447. The moment will have passed.",open,normal,dolores379@example.com,"[""surge"",""cancel""]",1334,1334
TCK-SRG-01377,September?? Really?,Quoted September delivery. Summer ENDS. Explain the plan or refund me.,open,high,mabel216@example.com,"[""surge"",""wismo""]",1377,1377
TCK-SRG-01378,September?? Really?,Quoted September delivery. Summer ENDS. Explain the plan or refund me.,open,high,umar232@example.com,"[""surge"",""wismo""]",1347,1347
TCK-SRG-01379,Swan restock date?,Site says backordered. When is restock? Asking for a group chat of 200 people.,open,normal,ernesto977@example.com,"[""surge"",""presales""]",1642,1642
TCK-SRG-01380,Did my order go through?,Site spun for 5 minutes at checkout. Charged but no confirmation email. Did I buy a swan or donate to one?,open,normal,hannah351@example.com,"[""surge"",""billing""]",1768,1768
TCK-SRG-01381,September?? Really?,Quoted September delivery. Summer ENDS. Explain the plan or refund me.,open,high,greg404@example.com,"[""surge"",""wismo""]",1348,1348
TCK-SRG-01382,Buying 30 swans for a sorority event,Can we get 30 units and a bulk discount? Flexible on color. Not flexible on date.,open,normal,priya854@example.com,"[""surge"",""presales"",""bulk""]",1870,1870
TCK-SRG-01383,Swan restock date?,Site says backordered. When is restock? Asking for a group chat of 200 people.,open,normal,flo781@example.com,"[""surge"",""presales""]",1757,1757
TCK-SRG-01384,Swan restock date?,Site says backordered. When is restock? Asking for a group chat of 200 people.,solved,normal,margaret714@example.com,"[""surge"",""presales""]",1538,1538
TCK-SRG-01385,Cancel if not shipping this week,"If the Colossal Swan cannot arrive before the 14th, cancel order ORD-105129. The moment will have passed.",open,normal,rosa901@example.com,"[""surge"",""cancel""]",1921,1921
TCK-SRG-01386,Order status: swan,"I understand you are busy. I am simply asking for any information at all about order ORD-106870. Anything. A vibe, even.",open,normal,paloma548@example.com,"[""wismo"",""surge""]",1927,1927
TCK-SRG-01387,Buying 30 swans for a sorority event,Can we get 30 units and a bulk discount? Flexible on color. Not flexible on date.,open,normal,harriet325@example.com,"[""surge"",""presales"",""bulk""]",1925,1925
TCK-SRG-01388,Did my order go through?,Site spun for 5 minutes at checkout. Charged but no confirmation email. Did I buy a swan or donate to one?,open,normal,tomasz827@example.com,"[""surge"",""billing""]",1708,1708
TCK-SRG-01389,Cancel if not shipping this week,"If the Colossal Swan cannot arrive before the 14th, cancel order ORD-106335. The moment will have passed.",solved,normal,quinn128@example.com,"[""surge"",""cancel""]",1713,1713
TCK-SRG-02174,September?? Really?,Quoted September delivery. Summer ENDS. Explain the plan or refund me.,open,high,tina894@example.com,"[""surge"",""wismo""]",1786,1786
TCK-SRG-01390,Buying 30 swans for a sorority event,Can we get 30 units and a bulk discount? Flexible on color. Not flexible on date.,open,normal,tina416@example.com,"[""surge"",""presales"",""bulk""]",1506,1506
TCK-SRG-01391,Buying 30 swans for a sorority event,Can we get 30 units and a bulk discount? Flexible on color. Not flexible on date.,open,normal,paloma168@example.com,"[""surge"",""presales"",""bulk""]",1556,1556
TCK-SRG-01392,Buying 30 swans for a sorority event,Can we get 30 units and a bulk discount? Flexible on color. Not flexible on date.,open,normal,margaret270@example.com,"[""surge"",""presales"",""bulk""]",1498,1498
TCK-SRG-01393,WHERE IS MY SWAN,Ordered the second I saw the video. Confirmation says yesterday. Nothing since. The pool party is SUNDAY.,open,high,pearl268@example.com,"[""wismo"",""surge""]",1385,1385
TCK-SRG-01394,WHERE IS MY SWAN,Ordered the second I saw the video. Confirmation says yesterday. Nothing since. The pool party is SUNDAY.,open,high,ray558@example.com,"[""wismo"",""surge""]",1543,1543
TCK-SRG-01395,Swan restock date?,Site says backordered. When is restock? Asking for a group chat of 200 people.,solved,normal,carlos164@example.com,"[""surge"",""presales""]",1561,1561
TCK-SRG-01396,Swan restock date?,Site says backordered. When is restock? Asking for a group chat of 200 people.,open,normal,rosa799@example.com,"[""surge"",""presales""]",1377,1377
TCK-SRG-01397,Order status: swan,"I understand you are busy. I am simply asking for any information at all about order ORD-103176. Anything. A vibe, even.",open,normal,chen905@example.com,"[""wismo"",""surge""]",1501,1501
TCK-SRG-01398,Cancel if not shipping this week,"If the Colossal Swan cannot arrive before the 14th, cancel order ORD-105665. The moment will have passed.",open,normal,kitty876@example.com,"[""surge"",""cancel""]",1875,1875
TCK-SRG-01399,Buying 30 swans for a sorority event,Can we get 30 units and a bulk discount? Flexible on color. Not flexible on date.,open,normal,ernesto998@example.com,"[""surge"",""presales"",""bulk""]",1406,1406
TCK-SRG-01400,September?? Really?,Quoted September delivery. Summer ENDS. Explain the plan or refund me.,open,high,zoe402@example.com,"[""surge"",""wismo""]",1370,1370
TCK-SRG-01401,WHERE IS MY SWAN,Ordered the second I saw the video. Confirmation says yesterday. Nothing since. The pool party is SUNDAY.,open,high,ernesto301@example.com,"[""wismo"",""surge""]",1827,1827
TCK-SRG-01402,WHERE IS MY SWAN,Ordered the second I saw the video. Confirmation says yesterday. Nothing since. The pool party is SUNDAY.,open,high,vera886@example.com,"[""wismo"",""surge""]",1427,1427
TCK-SRG-01403,Swan restock date?,Site says backordered. When is restock? Asking for a group chat of 200 people.,open,normal,lamar636@example.com,"[""surge"",""presales""]",1677,1677
TCK-SRG-01404,Order status: swan,"I understand you are busy. I am simply asking for any information at all about order ORD-106341. Anything. A vibe, even.",open,normal,zoe292@example.com,"[""wismo"",""surge""]",1579,1579
TCK-SRG-01405,Buying 30 swans for a sorority event,Can we get 30 units and a bulk discount? Flexible on color. Not flexible on date.,open,normal,nellie459@example.com,"[""surge"",""presales"",""bulk""]",1415,1415
TCK-SRG-01406,Swan restock date?,Site says backordered. When is restock? Asking for a group chat of 200 people.,open,normal,greg976@example.com,"[""surge"",""presales""]",1760,1760
TCK-SRG-01407,Buying 30 swans for a sorority event,Can we get 30 units and a bulk discount? Flexible on color. Not flexible on date.,open,normal,gus537@example.com,"[""surge"",""presales"",""bulk""]",1465,1465
TCK-SRG-01408,Swan restock date?,Site says backordered. When is restock? Asking for a group chat of 200 people.,open,normal,otis574@example.com,"[""surge"",""presales""]",1906,1906
TCK-SRG-01409,Did my order go through?,Site spun for 5 minutes at checkout. Charged but no confirmation email. Did I buy a swan or donate to one?,open,normal,gus376@example.com,"[""surge"",""billing""]",1947,1947
TCK-SRG-01410,Swan restock date?,Site says backordered. When is restock? Asking for a group chat of 200 people.,open,normal,mabel611@example.com,"[""surge"",""presales""]",1735,1735
TCK-SRG-01411,Cancel if not shipping this week,"If the Colossal Swan cannot arrive before the 14th, cancel order ORD-103544. The moment will have passed.",open,normal,bettye491@example.com,"[""surge"",""cancel""]",1583,1583
TCK-SRG-01412,Swan restock date?,Site says backordered. When is restock? Asking for a group chat of 200 people.,open,normal,greg480@example.com,"[""surge"",""presales""]",1664,1664
TCK-SRG-01413,Cancel if not shipping this week,"If the Colossal Swan cannot arrive before the 14th, cancel order ORD-105163. The moment will have passed.",open,normal,pearl868@example.com,"[""surge"",""cancel""]",1341,1341
TCK-SRG-01414,Cancel if not shipping this week,"If the Colossal Swan cannot arrive before the 14th, cancel order ORD-103681. The moment will have passed.",open,normal,chen150@example.com,"[""surge"",""cancel""]",1567,1567
TCK-SRG-01415,Did my order go through?,Site spun for 5 minutes at checkout. Charged but no confirmation email. Did I buy a swan or donate to one?,open,normal,pearl263@example.com,"[""surge"",""billing""]",1840,1840
TCK-SRG-01416,WHERE IS MY SWAN,Ordered the second I saw the video. Confirmation says yesterday. Nothing since. The pool party is SUNDAY.,open,high,dolores209@example.com,"[""wismo"",""surge""]",1607,1607
TCK-SRG-01417,Cancel if not shipping this week,"If the Colossal Swan cannot arrive before the 14th, cancel order ORD-106905. The moment will have passed.",open,normal,wes497@example.com,"[""surge"",""cancel""]",1402,1402
TCK-SRG-01418,Buying 30 swans for a sorority event,Can we get 30 units and a bulk discount? Flexible on color. Not flexible on date.,open,normal,harriet887@example.com,"[""surge"",""presales"",""bulk""]",1872,1872
TCK-SRG-01419,WHERE IS MY SWAN,Ordered the second I saw the video. Confirmation says yesterday. Nothing since. The pool party is SUNDAY.,open,high,priya999@example.com,"[""wismo"",""surge""]",1579,1579
TCK-SRG-01420,Order status: swan,"I understand you are busy. I am simply asking for any information at all about order ORD-107390. Anything. A vibe, even.",open,normal,ernesto315@example.com,"[""wismo"",""surge""]",1585,1585
TCK-SRG-01421,Order status: swan,"I understand you are busy. I am simply asking for any information at all about order ORD-104596. Anything. A vibe, even.",open,normal,yuki923@example.com,"[""wismo"",""surge""]",1502,1502
TCK-SRG-01422,Did my order go through?,Site spun for 5 minutes at checkout. Charged but no confirmation email. Did I buy a swan or donate to one?,open,normal,vera348@example.com,"[""surge"",""billing""]",1529,1529
TCK-SRG-01423,Cancel if not shipping this week,"If the Colossal Swan cannot arrive before the 14th, cancel order ORD-104581. The moment will have passed.",open,normal,ximena682@example.com,"[""surge"",""cancel""]",1503,1503
TCK-SRG-01424,Cancel if not shipping this week,"If the Colossal Swan cannot arrive before the 14th, cancel order ORD-105058. The moment will have passed.",open,normal,ernesto257@example.com,"[""surge"",""cancel""]",1729,1729
TCK-SRG-01425,Did my order go through?,Site spun for 5 minutes at checkout. Charged but no confirmation email. Did I buy a swan or donate to one?,open,normal,quinn224@example.com,"[""surge"",""billing""]",1703,1703
TCK-SRG-01426,Order status: swan,"I understand you are busy. I am simply asking for any information at all about order ORD-106082. Anything. A vibe, even.",open,normal,greg657@example.com,"[""wismo"",""surge""]",1845,1845
TCK-SRG-01427,Order status: swan,"I understand you are busy. I am simply asking for any information at all about order ORD-104538. Anything. A vibe, even.",open,normal,carlos990@example.com,"[""wismo"",""surge""]",1642,1642
TCK-SRG-01428,Cancel if not shipping this week,"If the Colossal Swan cannot arrive before the 14th, cancel order ORD-103333. The moment will have passed.",open,normal,ingrid727@example.com,"[""surge"",""cancel""]",1786,1786
TCK-SRG-01429,Buying 30 swans for a sorority event,Can we get 30 units and a bulk discount? Flexible on color. Not flexible on date.,open,normal,kitty929@example.com,"[""surge"",""presales"",""bulk""]",1950,1950
TCK-SRG-01430,WHERE IS MY SWAN,Ordered the second I saw the video. Confirmation says yesterday. Nothing since. The pool party is SUNDAY.,open,high,luis413@example.com,"[""wismo"",""surge""]",1831,1831
TCK-SRG-01431,WHERE IS MY SWAN,Ordered the second I saw the video. Confirmation says yesterday. Nothing since. The pool party is SUNDAY.,open,high,mabel803@example.com,"[""wismo"",""surge""]",1853,1853
TCK-SRG-01432,Buying 30 swans for a sorority event,Can we get 30 units and a bulk discount? Flexible on color. Not flexible on date.,open,normal,rosa277@example.com,"[""surge"",""presales"",""bulk""]",1896,1896
TCK-SRG-01433,Swan restock date?,Site says backordered. When is restock? Asking for a group chat of 200 people.,open,normal,nadia289@example.com,"[""surge"",""presales""]",1812,1812
TCK-SRG-01434,WHERE IS MY SWAN,Ordered the second I saw the video. Confirmation says yesterday. Nothing since. The pool party is SUNDAY.,solved,high,nadia145@example.com,"[""wismo"",""surge""]",1787,1787
TCK-SRG-01435,WHERE IS MY SWAN,Ordered the second I saw the video. Confirmation says yesterday. Nothing since. The pool party is SUNDAY.,open,high,keiko245@example.com,"[""wismo"",""surge""]",1756,1756
TCK-SRG-01436,Swan restock date?,Site says backordered. When is restock? Asking for a group chat of 200 people.,open,normal,tina842@example.com,"[""surge"",""presales""]",1864,1864
TCK-SRG-01437,WHERE IS MY SWAN,Ordered the second I saw the video. Confirmation says yesterday. Nothing since. The pool party is SUNDAY.,open,high,hannah220@example.com,"[""wismo"",""surge""]",1454,1454
TCK-SRG-01438,WHERE IS MY SWAN,Ordered the second I saw the video. Confirmation says yesterday. Nothing since. The pool party is SUNDAY.,open,high,mabel791@example.com,"[""wismo"",""surge""]",1492,1492
TCK-SRG-01439,Did my order go through?,Site spun for 5 minutes at checkout. Charged but no confirmation email. Did I buy a swan or donate to one?,open,normal,priya614@example.com,"[""surge"",""billing""]",1924,1924
TCK-SRG-01440,WHERE IS MY SWAN,Ordered the second I saw the video. Confirmation says yesterday. Nothing since. The pool party is SUNDAY.,solved,high,bettye616@example.com,"[""wismo"",""surge""]",1581,1581
TCK-SRG-01441,Did my order go through?,Site spun for 5 minutes at checkout. Charged but no confirmation email. Did I buy a swan or donate to one?,open,normal,tina604@example.com,"[""surge"",""billing""]",1337,1337
TCK-SRG-01442,Order status: swan,"I understand you are busy. I am simply asking for any information at all about order ORD-104656. Anything. A vibe, even.",open,normal,yosef319@example.com,"[""wismo"",""surge""]",1738,1738
TCK-SRG-01443,Cancel if not shipping this week,"If the Colossal Swan cannot arrive before the 14th, cancel order ORD-106164. The moment will have passed.",open,normal,yosef176@example.com,"[""surge"",""cancel""]",1570,1570
TCK-SRG-01444,Swan restock date?,Site says backordered. When is restock? Asking for a group chat of 200 people.,open,normal,carlos890@example.com,"[""surge"",""presales""]",1402,1402
TCK-SRG-01445,Buying 30 swans for a sorority event,Can we get 30 units and a bulk discount? Flexible on color. Not flexible on date.,open,normal,aisha209@example.com,"[""surge"",""presales"",""bulk""]",1891,1891
TCK-SRG-01446,Order status: swan,"I understand you are busy. I am simply asking for any information at all about order ORD-105116. Anything. A vibe, even.",open,normal,yuki110@example.com,"[""wismo"",""surge""]",1935,1935
TCK-SRG-01447,Buying 30 swans for a sorority event,Can we get 30 units and a bulk discount? Flexible on color. Not flexible on date.,open,normal,tomasz329@example.com,"[""surge"",""presales"",""bulk""]",1646,1646
TCK-SRG-01448,Order status: swan,"I understand you are busy. I am simply asking for any information at all about order ORD-106451. Anything. A vibe, even.",open,normal,deshawn644@example.com,"[""wismo"",""surge""]",1851,1851
TCK-SRG-01449,September?? Really?,Quoted September delivery. Summer ENDS. Explain the plan or refund me.,open,high,ingrid638@example.com,"[""surge"",""wismo""]",1368,1368
TCK-SRG-01450,Buying 30 swans for a sorority event,Can we get 30 units and a bulk discount? Flexible on color. Not flexible on date.,open,normal,omar849@example.com,"[""surge"",""presales"",""bulk""]",1581,1581
TCK-SRG-01451,Cancel if not shipping this week,"If the Colossal Swan cannot arrive before the 14th, cancel order ORD-106720. The moment will have passed.",open,normal,mo794@example.com,"[""surge"",""cancel""]",1734,1734
TCK-SRG-01452,WHERE IS MY SWAN,Ordered the second I saw the video. Confirmation says yesterday. Nothing since. The pool party is SUNDAY.,open,high,luis926@example.com,"[""wismo"",""surge""]",1906,1906
TCK-SRG-01453,Cancel if not shipping this week,"If the Colossal Swan cannot arrive before the 14th, cancel order ORD-104444. The moment will have passed.",open,normal,wes390@example.com,"[""surge"",""cancel""]",1893,1893
TCK-SRG-01454,Buying 30 swans for a sorority event,Can we get 30 units and a bulk discount? Flexible on color. Not flexible on date.,open,normal,paloma401@example.com,"[""surge"",""presales"",""bulk""]",1878,1878
TCK-SRG-01455,Buying 30 swans for a sorority event,Can we get 30 units and a bulk discount? Flexible on color. Not flexible on date.,open,normal,keiko281@example.com,"[""surge"",""presales"",""bulk""]",1926,1926
TCK-SRG-01456,Did my order go through?,Site spun for 5 minutes at checkout. Charged but no confirmation email. Did I buy a swan or donate to one?,open,normal,pearl942@example.com,"[""surge"",""billing""]",1372,1372
TCK-SRG-01457,Order status: swan,"I understand you are busy. I am simply asking for any information at all about order ORD-104457. Anything. A vibe, even.",open,normal,linda118@example.com,"[""wismo"",""surge""]",1889,1889
TCK-SRG-01458,WHERE IS MY SWAN,Ordered the second I saw the video. Confirmation says yesterday. Nothing since. The pool party is SUNDAY.,open,high,yuki603@example.com,"[""wismo"",""surge""]",1874,1874
TCK-SRG-01459,Swan restock date?,Site says backordered. When is restock? Asking for a group chat of 200 people.,open,normal,aisha756@example.com,"[""surge"",""presales""]",1868,1868
TCK-SRG-01460,WHERE IS MY SWAN,Ordered the second I saw the video. Confirmation says yesterday. Nothing since. The pool party is SUNDAY.,open,high,otis914@example.com,"[""wismo"",""surge""]",1375,1375
TCK-SRG-01461,WHERE IS MY SWAN,Ordered the second I saw the video. Confirmation says yesterday. Nothing since. The pool party is SUNDAY.,open,high,tomasz890@example.com,"[""wismo"",""surge""]",1812,1812
TCK-SRG-01462,WHERE IS MY SWAN,Ordered the second I saw the video. Confirmation says yesterday. Nothing since. The pool party is SUNDAY.,open,high,omar328@example.com,"[""wismo"",""surge""]",1572,1572
TCK-SRG-01463,Swan restock date?,Site says backordered. When is restock? Asking for a group chat of 200 people.,open,normal,carlos116@example.com,"[""surge"",""presales""]",1701,1701
TCK-SRG-01464,September?? Really?,Quoted September delivery. Summer ENDS. Explain the plan or refund me.,open,high,vera301@example.com,"[""surge"",""wismo""]",1714,1714
TCK-SRG-01465,Swan restock date?,Site says backordered. When is restock? Asking for a group chat of 200 people.,solved,normal,linda734@example.com,"[""surge"",""presales""]",1870,1870
TCK-SRG-01466,Order status: swan,"I understand you are busy. I am simply asking for any information at all about order ORD-105689. Anything. A vibe, even.",open,normal,bettye796@example.com,"[""wismo"",""surge""]",1640,1640
TCK-SRG-01467,Order status: swan,"I understand you are busy. I am simply asking for any information at all about order ORD-104322. Anything. A vibe, even.",open,normal,dolores796@example.com,"[""wismo"",""surge""]",1565,1565
TCK-SRG-01468,Swan restock date?,Site says backordered. When is restock? Asking for a group chat of 200 people.,open,normal,paloma427@example.com,"[""surge"",""presales""]",1392,1392
TCK-SRG-01469,Buying 30 swans for a sorority event,Can we get 30 units and a bulk discount? Flexible on color. Not flexible on date.,open,normal,ray640@example.com,"[""surge"",""presales"",""bulk""]",1527,1527
TCK-SRG-01470,Buying 30 swans for a sorority event,Can we get 30 units and a bulk discount? Flexible on color. Not flexible on date.,open,normal,dolores334@example.com,"[""surge"",""presales"",""bulk""]",1737,1737
TCK-SRG-01471,Did my order go through?,Site spun for 5 minutes at checkout. Charged but no confirmation email. Did I buy a swan or donate to one?,open,normal,stan326@example.com,"[""surge"",""billing""]",1541,1541
TCK-SRG-01472,Swan restock date?,Site says backordered. When is restock? Asking for a group chat of 200 people.,open,normal,nadia221@example.com,"[""surge"",""presales""]",1433,1433
TCK-SRG-01473,September?? Really?,Quoted September delivery. Summer ENDS. Explain the plan or refund me.,open,high,paloma260@example.com,"[""surge"",""wismo""]",1616,1616
TCK-SRG-01474,Buying 30 swans for a sorority event,Can we get 30 units and a bulk discount? Flexible on color. Not flexible on date.,open,normal,rosa310@example.com,"[""surge"",""presales"",""bulk""]",1433,1433
TCK-SRG-01475,Swan restock date?,Site says backordered. When is restock? Asking for a group chat of 200 people.,open,normal,ray416@example.com,"[""surge"",""presales""]",1325,1325
TCK-SRG-01476,Swan restock date?,Site says backordered. When is restock? Asking for a group chat of 200 people.,open,normal,ingrid963@example.com,"[""surge"",""presales""]",1321,1321
TCK-SRG-01477,Cancel if not shipping this week,"If the Colossal Swan cannot arrive before the 14th, cancel order ORD-106711. The moment will have passed.",solved,normal,ivan642@example.com,"[""surge"",""cancel""]",1554,1554
TCK-SRG-01478,Buying 30 swans for a sorority event,Can we get 30 units and a bulk discount? Flexible on color. Not flexible on date.,open,normal,aisha284@example.com,"[""surge"",""presales"",""bulk""]",1484,1484
TCK-SRG-01479,Buying 30 swans for a sorority event,Can we get 30 units and a bulk discount? Flexible on color. Not flexible on date.,open,normal,umar840@example.com,"[""surge"",""presales"",""bulk""]",1884,1884
TCK-SRG-01480,September?? Really?,Quoted September delivery. Summer ENDS. Explain the plan or refund me.,open,high,mo388@example.com,"[""surge"",""wismo""]",1849,1849
TCK-SRG-01481,Cancel if not shipping this week,"If the Colossal Swan cannot arrive before the 14th, cancel order ORD-104760. The moment will have passed.",open,normal,tina576@example.com,"[""surge"",""cancel""]",1365,1365
TCK-SRG-01482,Cancel if not shipping this week,"If the Colossal Swan cannot arrive before the 14th, cancel order ORD-105093. The moment will have passed.",open,normal,lamar703@example.com,"[""surge"",""cancel""]",1725,1725
TCK-SRG-01483,Swan restock date?,Site says backordered. When is restock? Asking for a group chat of 200 people.,open,normal,greg650@example.com,"[""surge"",""presales""]",1335,1335
TCK-SRG-01484,Did my order go through?,Site spun for 5 minutes at checkout. Charged but no confirmation email. Did I buy a swan or donate to one?,open,normal,mo169@example.com,"[""surge"",""billing""]",1356,1356
TCK-SRG-01485,Swan restock date?,Site says backordered. When is restock? Asking for a group chat of 200 people.,open,normal,dolores628@example.com,"[""surge"",""presales""]",1740,1740
TCK-SRG-01486,WHERE IS MY SWAN,Ordered the second I saw the video. Confirmation says yesterday. Nothing since. The pool party is SUNDAY.,open,high,jerome146@example.com,"[""wismo"",""surge""]",1381,1381
TCK-SRG-01487,Did my order go through?,Site spun for 5 minutes at checkout. Charged but no confirmation email. Did I buy a swan or donate to one?,open,normal,tina231@example.com,"[""surge"",""billing""]",1719,1719
TCK-SRG-01488,Did my order go through?,Site spun for 5 minutes at checkout. Charged but no confirmation email. Did I buy a swan or donate to one?,open,normal,stan605@example.com,"[""surge"",""billing""]",1652,1652
TCK-SRG-01489,Cancel if not shipping this week,"If the Colossal Swan cannot arrive before the 14th, cancel order ORD-106551. The moment will have passed.",open,normal,rosa883@example.com,"[""surge"",""cancel""]",1365,1365
TCK-SRG-01490,WHERE IS MY SWAN,Ordered the second I saw the video. Confirmation says yesterday. Nothing since. The pool party is SUNDAY.,open,high,lamar692@example.com,"[""wismo"",""surge""]",1531,1531
TCK-SRG-01491,WHERE IS MY SWAN,Ordered the second I saw the video. Confirmation says yesterday. Nothing since. The pool party is SUNDAY.,open,high,greg883@example.com,"[""wismo"",""surge""]",1558,1558
TCK-SRG-01492,Order status: swan,"I understand you are busy. I am simply asking for any information at all about order ORD-107549. Anything. A vibe, even.",open,normal,ingrid306@example.com,"[""wismo"",""surge""]",1803,1803
TCK-SRG-01493,Swan restock date?,Site says backordered. When is restock? Asking for a group chat of 200 people.,open,normal,flo770@example.com,"[""surge"",""presales""]",1798,1798
TCK-SRG-01494,September?? Really?,Quoted September delivery. Summer ENDS. Explain the plan or refund me.,open,high,mo621@example.com,"[""surge"",""wismo""]",1568,1568
TCK-SRG-01495,Swan restock date?,Site says backordered. When is restock? Asking for a group chat of 200 people.,open,normal,lamar331@example.com,"[""surge"",""presales""]",1580,1580
TCK-SRG-01496,Cancel if not shipping this week,"If the Colossal Swan cannot arrive before the 14th, cancel order ORD-104279. The moment will have passed.",open,normal,deshawn605@example.com,"[""surge"",""cancel""]",1385,1385
TCK-SRG-01497,September?? Really?,Quoted September delivery. Summer ENDS. Explain the plan or refund me.,open,high,greg808@example.com,"[""surge"",""wismo""]",1797,1797
TCK-SRG-01498,Did my order go through?,Site spun for 5 minutes at checkout. Charged but no confirmation email. Did I buy a swan or donate to one?,open,normal,yuki650@example.com,"[""surge"",""billing""]",1343,1343
TCK-SRG-01499,Swan restock date?,Site says backordered. When is restock? Asking for a group chat of 200 people.,solved,normal,bettye199@example.com,"[""surge"",""presales""]",1860,1860
TCK-SRG-01500,Cancel if not shipping this week,"If the Colossal Swan cannot arrive before the 14th, cancel order ORD-104403. The moment will have passed.",open,normal,nellie255@example.com,"[""surge"",""cancel""]",1699,1699
TCK-SRG-01501,Swan restock date?,Site says backordered. When is restock? Asking for a group chat of 200 people.,open,normal,ray157@example.com,"[""surge"",""presales""]",1823,1823
TCK-SRG-01502,Buying 30 swans for a sorority event,Can we get 30 units and a bulk discount? Flexible on color. Not flexible on date.,open,normal,linda550@example.com,"[""surge"",""presales"",""bulk""]",1344,1344
TCK-SRG-01503,Buying 30 swans for a sorority event,Can we get 30 units and a bulk discount? Flexible on color. Not flexible on date.,open,normal,lamar323@example.com,"[""surge"",""presales"",""bulk""]",1678,1678
TCK-SRG-01504,WHERE IS MY SWAN,Ordered the second I saw the video. Confirmation says yesterday. Nothing since. The pool party is SUNDAY.,open,high,stan380@example.com,"[""wismo"",""surge""]",1914,1914
TCK-SRG-01505,Buying 30 swans for a sorority event,Can we get 30 units and a bulk discount? Flexible on color. Not flexible on date.,open,normal,ingrid104@example.com,"[""surge"",""presales"",""bulk""]",1347,1347
TCK-SRG-01506,Buying 30 swans for a sorority event,Can we get 30 units and a bulk discount? Flexible on color. Not flexible on date.,open,normal,curtis112@example.com,"[""surge"",""presales"",""bulk""]",1391,1391
TCK-SRG-01507,Buying 30 swans for a sorority event,Can we get 30 units and a bulk discount? Flexible on color. Not flexible on date.,open,normal,nellie456@example.com,"[""surge"",""presales"",""bulk""]",1450,1450
TCK-SRG-01508,September?? Really?,Quoted September delivery. Summer ENDS. Explain the plan or refund me.,open,high,nellie347@example.com,"[""surge"",""wismo""]",1644,1644
TCK-SRG-01509,Cancel if not shipping this week,"If the Colossal Swan cannot arrive before the 14th, cancel order ORD-107657. The moment will have passed.",open,normal,tina246@example.com,"[""surge"",""cancel""]",1914,1914
TCK-SRG-01510,Order status: swan,"I understand you are busy. I am simply asking for any information at all about order ORD-106017. Anything. A vibe, even.",open,normal,gus846@example.com,"[""wismo"",""surge""]",1689,1689
TCK-SRG-01511,Did my order go through?,Site spun for 5 minutes at checkout. Charged but no confirmation email. Did I buy a swan or donate to one?,open,normal,pearl446@example.com,"[""surge"",""billing""]",1550,1550
TCK-SRG-01512,Order status: swan,"I understand you are busy. I am simply asking for any information at all about order ORD-104046. Anything. A vibe, even.",open,normal,mabel290@example.com,"[""wismo"",""surge""]",1725,1725
TCK-SRG-01513,Did my order go through?,Site spun for 5 minutes at checkout. Charged but no confirmation email. Did I buy a swan or donate to one?,open,normal,deshawn126@example.com,"[""surge"",""billing""]",1838,1838
TCK-SRG-01514,Order status: swan,"I understand you are busy. I am simply asking for any information at all about order ORD-103583. Anything. A vibe, even.",open,normal,greg668@example.com,"[""wismo"",""surge""]",1760,1760
TCK-SRG-01515,Order status: swan,"I understand you are busy. I am simply asking for any information at all about order ORD-106338. Anything. A vibe, even.",open,normal,wes609@example.com,"[""wismo"",""surge""]",1604,1604
TCK-SRG-01516,September?? Really?,Quoted September delivery. Summer ENDS. Explain the plan or refund me.,open,high,jamal240@example.com,"[""surge"",""wismo""]",1893,1893
TCK-SRG-01517,WHERE IS MY SWAN,Ordered the second I saw the video. Confirmation says yesterday. Nothing since. The pool party is SUNDAY.,open,high,nadia570@example.com,"[""wismo"",""surge""]",1876,1876
TCK-SRG-01518,Order status: swan,"I understand you are busy. I am simply asking for any information at all about order ORD-107477. Anything. A vibe, even.",open,normal,harriet717@example.com,"[""wismo"",""surge""]",1561,1561
TCK-SRG-01519,September?? Really?,Quoted September delivery. Summer ENDS. Explain the plan or refund me.,open,high,ximena506@example.com,"[""surge"",""wismo""]",1754,1754
TCK-SRG-01520,Buying 30 swans for a sorority event,Can we get 30 units and a bulk discount? Flexible on color. Not flexible on date.,open,normal,curtis707@example.com,"[""surge"",""presales"",""bulk""]",1448,1448
TCK-SRG-01521,September?? Really?,Quoted September delivery. Summer ENDS. Explain the plan or refund me.,open,high,carlos840@example.com,"[""surge"",""wismo""]",1897,1897
TCK-SRG-01522,Swan restock date?,Site says backordered. When is restock? Asking for a group chat of 200 people.,open,normal,greg207@example.com,"[""surge"",""presales""]",1391,1391
TCK-SRG-01523,WHERE IS MY SWAN,Ordered the second I saw the video. Confirmation says yesterday. Nothing since. The pool party is SUNDAY.,open,high,vera236@example.com,"[""wismo"",""surge""]",1651,1651
TCK-SRG-01524,Swan restock date?,Site says backordered. When is restock? Asking for a group chat of 200 people.,open,normal,paloma976@example.com,"[""surge"",""presales""]",1791,1791
TCK-SRG-01525,Swan restock date?,Site says backordered. When is restock? Asking for a group chat of 200 people.,open,normal,paloma157@example.com,"[""surge"",""presales""]",1695,1695
TCK-SRG-01526,Order status: swan,"I understand you are busy. I am simply asking for any information at all about order ORD-104250. Anything. A vibe, even.",open,normal,keiko881@example.com,"[""wismo"",""surge""]",1918,1918
TCK-SRG-01527,Did my order go through?,Site spun for 5 minutes at checkout. Charged but no confirmation email. Did I buy a swan or donate to one?,open,normal,carlos874@example.com,"[""surge"",""billing""]",1665,1665
TCK-SRG-01528,Buying 30 swans for a sorority event,Can we get 30 units and a bulk discount? Flexible on color. Not flexible on date.,open,normal,otis214@example.com,"[""surge"",""presales"",""bulk""]",1739,1739
TCK-SRG-01529,September?? Really?,Quoted September delivery. Summer ENDS. Explain the plan or refund me.,open,high,curtis409@example.com,"[""surge"",""wismo""]",1390,1390
TCK-SRG-01530,Order status: swan,"I understand you are busy. I am simply asking for any information at all about order ORD-107411. Anything. A vibe, even.",open,normal,rosa516@example.com,"[""wismo"",""surge""]",1782,1782
TCK-SRG-01531,Buying 30 swans for a sorority event,Can we get 30 units and a bulk discount? Flexible on color. Not flexible on date.,open,normal,dolores465@example.com,"[""surge"",""presales"",""bulk""]",1327,1327
TCK-SRG-01532,Swan restock date?,Site says backordered. When is restock? Asking for a group chat of 200 people.,open,normal,kitty936@example.com,"[""surge"",""presales""]",1644,1644
TCK-SRG-01533,Order status: swan,"I understand you are busy. I am simply asking for any information at all about order ORD-107633. Anything. A vibe, even.",open,normal,bob264@example.com,"[""wismo"",""surge""]",1631,1631
TCK-SRG-01534,Cancel if not shipping this week,"If the Colossal Swan cannot arrive before the 14th, cancel order ORD-107802. The moment will have passed.",open,normal,ray125@example.com,"[""surge"",""cancel""]",1725,1725
TCK-SRG-01535,Swan restock date?,Site says backordered. When is restock? Asking for a group chat of 200 people.,open,normal,ray119@example.com,"[""surge"",""presales""]",1893,1893
TCK-SRG-01536,Cancel if not shipping this week,"If the Colossal Swan cannot arrive before the 14th, cancel order ORD-106523. The moment will have passed.",open,normal,hannah372@example.com,"[""surge"",""cancel""]",1915,1915
TCK-SRG-01537,Order status: swan,"I understand you are busy. I am simply asking for any information at all about order ORD-107165. Anything. A vibe, even.",open,normal,tomasz331@example.com,"[""wismo"",""surge""]",1949,1949
TCK-SRG-01538,Cancel if not shipping this week,"If the Colossal Swan cannot arrive before the 14th, cancel order ORD-105884. The moment will have passed.",open,normal,luis403@example.com,"[""surge"",""cancel""]",1917,1917
TCK-SRG-01539,Cancel if not shipping this week,"If the Colossal Swan cannot arrive before the 14th, cancel order ORD-105886. The moment will have passed.",open,normal,linda846@example.com,"[""surge"",""cancel""]",1353,1353
TCK-SRG-01540,Buying 30 swans for a sorority event,Can we get 30 units and a bulk discount? Flexible on color. Not flexible on date.,open,normal,ivan172@example.com,"[""surge"",""presales"",""bulk""]",1769,1769
TCK-SRG-01541,Did my order go through?,Site spun for 5 minutes at checkout. Charged but no confirmation email. Did I buy a swan or donate to one?,open,normal,nellie264@example.com,"[""surge"",""billing""]",1489,1489
TCK-SRG-01542,Buying 30 swans for a sorority event,Can we get 30 units and a bulk discount? Flexible on color. Not flexible on date.,open,normal,jamal381@example.com,"[""surge"",""presales"",""bulk""]",1618,1618
TCK-SRG-01543,Did my order go through?,Site spun for 5 minutes at checkout. Charged but no confirmation email. Did I buy a swan or donate to one?,open,normal,umar464@example.com,"[""surge"",""billing""]",1918,1918
TCK-SRG-01544,September?? Really?,Quoted September delivery. Summer ENDS. Explain the plan or refund me.,open,high,mabel510@example.com,"[""surge"",""wismo""]",1926,1926
TCK-SRG-01545,Did my order go through?,Site spun for 5 minutes at checkout. Charged but no confirmation email. Did I buy a swan or donate to one?,open,normal,bob562@example.com,"[""surge"",""billing""]",1454,1454
TCK-SRG-01546,Buying 30 swans for a sorority event,Can we get 30 units and a bulk discount? Flexible on color. Not flexible on date.,open,normal,fatima918@example.com,"[""surge"",""presales"",""bulk""]",1918,1918
TCK-SRG-01547,Did my order go through?,Site spun for 5 minutes at checkout. Charged but no confirmation email. Did I buy a swan or donate to one?,open,normal,aisha279@example.com,"[""surge"",""billing""]",1709,1709
TCK-SRG-01548,Did my order go through?,Site spun for 5 minutes at checkout. Charged but no confirmation email. Did I buy a swan or donate to one?,open,normal,ingrid663@example.com,"[""surge"",""billing""]",1604,1604
TCK-SRG-01549,September?? Really?,Quoted September delivery. Summer ENDS. Explain the plan or refund me.,open,high,gus243@example.com,"[""surge"",""wismo""]",1554,1554
TCK-SRG-01550,September?? Really?,Quoted September delivery. Summer ENDS. Explain the plan or refund me.,open,high,ivan507@example.com,"[""surge"",""wismo""]",1350,1350
TCK-SRG-01551,September?? Really?,Quoted September delivery. Summer ENDS. Explain the plan or refund me.,open,high,zoe693@example.com,"[""surge"",""wismo""]",1832,1832
TCK-SRG-01552,WHERE IS MY SWAN,Ordered the second I saw the video. Confirmation says yesterday. Nothing since. The pool party is SUNDAY.,open,high,mo249@example.com,"[""wismo"",""surge""]",1392,1392
TCK-SRG-01553,WHERE IS MY SWAN,Ordered the second I saw the video. Confirmation says yesterday. Nothing since. The pool party is SUNDAY.,open,high,nellie619@example.com,"[""wismo"",""surge""]",1361,1361
TCK-SRG-01554,Did my order go through?,Site spun for 5 minutes at checkout. Charged but no confirmation email. Did I buy a swan or donate to one?,open,normal,tina715@example.com,"[""surge"",""billing""]",1357,1357
TCK-SRG-01555,September?? Really?,Quoted September delivery. Summer ENDS. Explain the plan or refund me.,solved,high,gus824@example.com,"[""surge"",""wismo""]",1881,1881
TCK-SRG-01556,Order status: swan,"I understand you are busy. I am simply asking for any information at all about order ORD-103697. Anything. A vibe, even.",open,normal,curtis161@example.com,"[""wismo"",""surge""]",1849,1849
TCK-SRG-01557,WHERE IS MY SWAN,Ordered the second I saw the video. Confirmation says yesterday. Nothing since. The pool party is SUNDAY.,open,high,jerome369@example.com,"[""wismo"",""surge""]",1781,1781
TCK-SRG-01558,Did my order go through?,Site spun for 5 minutes at checkout. Charged but no confirmation email. Did I buy a swan or donate to one?,open,normal,greg829@example.com,"[""surge"",""billing""]",1580,1580
TCK-SRG-01559,Swan restock date?,Site says backordered. When is restock? Asking for a group chat of 200 people.,open,normal,harriet854@example.com,"[""surge"",""presales""]",1680,1680
TCK-SRG-01560,Buying 30 swans for a sorority event,Can we get 30 units and a bulk discount? Flexible on color. Not flexible on date.,open,normal,flo306@example.com,"[""surge"",""presales"",""bulk""]",1858,1858
TCK-SRG-01561,Swan restock date?,Site says backordered. When is restock? Asking for a group chat of 200 people.,open,normal,ingrid126@example.com,"[""surge"",""presales""]",1544,1544
TCK-SRG-01562,Order status: swan,"I understand you are busy. I am simply asking for any information at all about order ORD-106562. Anything. A vibe, even.",open,normal,ernesto921@example.com,"[""wismo"",""surge""]",1525,1525
TCK-SRG-01563,Buying 30 swans for a sorority event,Can we get 30 units and a bulk discount? Flexible on color. Not flexible on date.,open,normal,nellie697@example.com,"[""surge"",""presales"",""bulk""]",1826,1826
TCK-SRG-01564,September?? Really?,Quoted September delivery. Summer ENDS. Explain the plan or refund me.,open,high,linda717@example.com,"[""surge"",""wismo""]",1544,1544
TCK-SRG-01565,Buying 30 swans for a sorority event,Can we get 30 units and a bulk discount? Flexible on color. Not flexible on date.,open,normal,bettye810@example.com,"[""surge"",""presales"",""bulk""]",1645,1645
TCK-SRG-01566,WHERE IS MY SWAN,Ordered the second I saw the video. Confirmation says yesterday. Nothing since. The pool party is SUNDAY.,open,high,aisha830@example.com,"[""wismo"",""surge""]",1666,1666
TCK-SRG-01567,Buying 30 swans for a sorority event,Can we get 30 units and a bulk discount? Flexible on color. Not flexible on date.,open,normal,priya554@example.com,"[""surge"",""presales"",""bulk""]",1365,1365
TCK-SRG-01568,Cancel if not shipping this week,"If the Colossal Swan cannot arrive before the 14th, cancel order ORD-107168. The moment will have passed.",open,normal,omar183@example.com,"[""surge"",""cancel""]",1563,1563
TCK-SRG-01569,Did my order go through?,Site spun for 5 minutes at checkout. Charged but no confirmation email. Did I buy a swan or donate to one?,open,normal,hannah936@example.com,"[""surge"",""billing""]",1633,1633
TCK-SRG-01570,WHERE IS MY SWAN,Ordered the second I saw the video. Confirmation says yesterday. Nothing since. The pool party is SUNDAY.,open,high,gus627@example.com,"[""wismo"",""surge""]",1321,1321
TCK-SRG-01571,WHERE IS MY SWAN,Ordered the second I saw the video. Confirmation says yesterday. Nothing since. The pool party is SUNDAY.,open,high,ivan476@example.com,"[""wismo"",""surge""]",1655,1655
TCK-SRG-01572,Order status: swan,"I understand you are busy. I am simply asking for any information at all about order ORD-107771. Anything. A vibe, even.",open,normal,aisha305@example.com,"[""wismo"",""surge""]",1548,1548
TCK-SRG-01573,WHERE IS MY SWAN,Ordered the second I saw the video. Confirmation says yesterday. Nothing since. The pool party is SUNDAY.,open,high,ray382@example.com,"[""wismo"",""surge""]",1812,1812
TCK-SRG-01574,Buying 30 swans for a sorority event,Can we get 30 units and a bulk discount? Flexible on color. Not flexible on date.,open,normal,chen731@example.com,"[""surge"",""presales"",""bulk""]",1715,1715
TCK-SRG-01575,Buying 30 swans for a sorority event,Can we get 30 units and a bulk discount? Flexible on color. Not flexible on date.,open,normal,ray332@example.com,"[""surge"",""presales"",""bulk""]",1606,1606
TCK-SRG-01576,Did my order go through?,Site spun for 5 minutes at checkout. Charged but no confirmation email. Did I buy a swan or donate to one?,open,normal,linda637@example.com,"[""surge"",""billing""]",1827,1827
TCK-SRG-01577,Order status: swan,"I understand you are busy. I am simply asking for any information at all about order ORD-103747. Anything. A vibe, even.",open,normal,jerome850@example.com,"[""wismo"",""surge""]",1403,1403
TCK-SRG-01578,WHERE IS MY SWAN,Ordered the second I saw the video. Confirmation says yesterday. Nothing since. The pool party is SUNDAY.,open,high,rosa663@example.com,"[""wismo"",""surge""]",1672,1672
TCK-SRG-01579,Cancel if not shipping this week,"If the Colossal Swan cannot arrive before the 14th, cancel order ORD-105379. The moment will have passed.",open,normal,ernesto243@example.com,"[""surge"",""cancel""]",1342,1342
TCK-SRG-01580,Swan restock date?,Site says backordered. When is restock? Asking for a group chat of 200 people.,open,normal,linda855@example.com,"[""surge"",""presales""]",1945,1945
TCK-SRG-01581,Order status: swan,"I understand you are busy. I am simply asking for any information at all about order ORD-106513. Anything. A vibe, even.",open,normal,linda418@example.com,"[""wismo"",""surge""]",1549,1549
TCK-SRG-01582,Order status: swan,"I understand you are busy. I am simply asking for any information at all about order ORD-103488. Anything. A vibe, even.",open,normal,yuki637@example.com,"[""wismo"",""surge""]",1627,1627
TCK-SRG-01583,Did my order go through?,Site spun for 5 minutes at checkout. Charged but no confirmation email. Did I buy a swan or donate to one?,open,normal,nellie756@example.com,"[""surge"",""billing""]",1760,1760
TCK-SRG-01584,Order status: swan,"I understand you are busy. I am simply asking for any information at all about order ORD-106858. Anything. A vibe, even.",open,normal,tina542@example.com,"[""wismo"",""surge""]",1578,1578
TCK-SRG-01585,Cancel if not shipping this week,"If the Colossal Swan cannot arrive before the 14th, cancel order ORD-105247. The moment will have passed.",open,normal,pearl256@example.com,"[""surge"",""cancel""]",1651,1651
TCK-SRG-01586,Order status: swan,"I understand you are busy. I am simply asking for any information at all about order ORD-106373. Anything. A vibe, even.",open,normal,yuki174@example.com,"[""wismo"",""surge""]",1500,1500
TCK-SRG-01587,WHERE IS MY SWAN,Ordered the second I saw the video. Confirmation says yesterday. Nothing since. The pool party is SUNDAY.,open,high,stan184@example.com,"[""wismo"",""surge""]",1396,1396
TCK-SRG-01588,Buying 30 swans for a sorority event,Can we get 30 units and a bulk discount? Flexible on color. Not flexible on date.,open,normal,deshawn927@example.com,"[""surge"",""presales"",""bulk""]",1381,1381
TCK-SRG-01589,Swan restock date?,Site says backordered. When is restock? Asking for a group chat of 200 people.,open,normal,quinn616@example.com,"[""surge"",""presales""]",1391,1391
TCK-SRG-01590,Cancel if not shipping this week,"If the Colossal Swan cannot arrive before the 14th, cancel order ORD-106728. The moment will have passed.",open,normal,ximena292@example.com,"[""surge"",""cancel""]",1769,1769
TCK-SRG-01591,Cancel if not shipping this week,"If the Colossal Swan cannot arrive before the 14th, cancel order ORD-105704. The moment will have passed.",open,normal,carlos651@example.com,"[""surge"",""cancel""]",1528,1528
TCK-SRG-01592,Cancel if not shipping this week,"If the Colossal Swan cannot arrive before the 14th, cancel order ORD-106077. The moment will have passed.",open,normal,ernesto979@example.com,"[""surge"",""cancel""]",1841,1841
TCK-SRG-01593,Cancel if not shipping this week,"If the Colossal Swan cannot arrive before the 14th, cancel order ORD-103208. The moment will have passed.",open,normal,margaret296@example.com,"[""surge"",""cancel""]",1884,1884
TCK-SRG-01594,September?? Really?,Quoted September delivery. Summer ENDS. Explain the plan or refund me.,open,high,jamal309@example.com,"[""surge"",""wismo""]",1437,1437
TCK-SRG-01595,Buying 30 swans for a sorority event,Can we get 30 units and a bulk discount? Flexible on color. Not flexible on date.,open,normal,hannah989@example.com,"[""surge"",""presales"",""bulk""]",1843,1843
TCK-SRG-01596,Cancel if not shipping this week,"If the Colossal Swan cannot arrive before the 14th, cancel order ORD-104222. The moment will have passed.",open,normal,lamar741@example.com,"[""surge"",""cancel""]",1800,1800
TCK-SRG-01597,Buying 30 swans for a sorority event,Can we get 30 units and a bulk discount? Flexible on color. Not flexible on date.,open,normal,quinn941@example.com,"[""surge"",""presales"",""bulk""]",1920,1920
TCK-SRG-01598,WHERE IS MY SWAN,Ordered the second I saw the video. Confirmation says yesterday. Nothing since. The pool party is SUNDAY.,open,high,bettye169@example.com,"[""wismo"",""surge""]",1340,1340
TCK-SRG-01599,Did my order go through?,Site spun for 5 minutes at checkout. Charged but no confirmation email. Did I buy a swan or donate to one?,open,normal,gus720@example.com,"[""surge"",""billing""]",1708,1708
TCK-SRG-01600,September?? Really?,Quoted September delivery. Summer ENDS. Explain the plan or refund me.,open,high,stan967@example.com,"[""surge"",""wismo""]",1868,1868
TCK-SRG-01601,Swan restock date?,Site says backordered. When is restock? Asking for a group chat of 200 people.,open,normal,tina232@example.com,"[""surge"",""presales""]",1772,1772
TCK-SRG-01602,Buying 30 swans for a sorority event,Can we get 30 units and a bulk discount? Flexible on color. Not flexible on date.,open,normal,linda465@example.com,"[""surge"",""presales"",""bulk""]",1595,1595
TCK-SRG-01603,Order status: swan,"I understand you are busy. I am simply asking for any information at all about order ORD-105828. Anything. A vibe, even.",open,normal,luis153@example.com,"[""wismo"",""surge""]",1369,1369
TCK-SRG-01604,Did my order go through?,Site spun for 5 minutes at checkout. Charged but no confirmation email. Did I buy a swan or donate to one?,open,normal,umar536@example.com,"[""surge"",""billing""]",1891,1891
TCK-SRG-01605,WHERE IS MY SWAN,Ordered the second I saw the video. Confirmation says yesterday. Nothing since. The pool party is SUNDAY.,open,high,hannah954@example.com,"[""wismo"",""surge""]",1924,1924
TCK-SRG-01606,Did my order go through?,Site spun for 5 minutes at checkout. Charged but no confirmation email. Did I buy a swan or donate to one?,open,normal,nellie310@example.com,"[""surge"",""billing""]",1356,1356
TCK-SRG-01607,WHERE IS MY SWAN,Ordered the second I saw the video. Confirmation says yesterday. Nothing since. The pool party is SUNDAY.,open,high,nellie475@example.com,"[""wismo"",""surge""]",1449,1449
TCK-SRG-01608,Buying 30 swans for a sorority event,Can we get 30 units and a bulk discount? Flexible on color. Not flexible on date.,open,normal,vera866@example.com,"[""surge"",""presales"",""bulk""]",1471,1471
TCK-SRG-01609,WHERE IS MY SWAN,Ordered the second I saw the video. Confirmation says yesterday. Nothing since. The pool party is SUNDAY.,open,high,ray807@example.com,"[""wismo"",""surge""]",1919,1919
TCK-SRG-01610,Buying 30 swans for a sorority event,Can we get 30 units and a bulk discount? Flexible on color. Not flexible on date.,open,normal,chen630@example.com,"[""surge"",""presales"",""bulk""]",1336,1336
TCK-SRG-01611,Cancel if not shipping this week,"If the Colossal Swan cannot arrive before the 14th, cancel order ORD-106857. The moment will have passed.",open,normal,pearl597@example.com,"[""surge"",""cancel""]",1575,1575
TCK-SRG-01612,Order status: swan,"I understand you are busy. I am simply asking for any information at all about order ORD-104249. Anything. A vibe, even.",open,normal,omar727@example.com,"[""wismo"",""surge""]",1617,1617
TCK-SRG-01613,Swan restock date?,Site says backordered. When is restock? Asking for a group chat of 200 people.,open,normal,ivan998@example.com,"[""surge"",""presales""]",1633,1633
TCK-SRG-01614,Order status: swan,"I understand you are busy. I am simply asking for any information at all about order ORD-104753. Anything. A vibe, even.",open,normal,priya710@example.com,"[""wismo"",""surge""]",1493,1493
TCK-SRG-01615,Swan restock date?,Site says backordered. When is restock? Asking for a group chat of 200 people.,open,normal,zoe291@example.com,"[""surge"",""presales""]",1392,1392
TCK-SRG-01616,Swan restock date?,Site says backordered. When is restock? Asking for a group chat of 200 people.,open,normal,priya443@example.com,"[""surge"",""presales""]",1930,1930
TCK-SRG-01617,Did my order go through?,Site spun for 5 minutes at checkout. Charged but no confirmation email. Did I buy a swan or donate to one?,open,normal,vera758@example.com,"[""surge"",""billing""]",1381,1381
TCK-SRG-01618,Cancel if not shipping this week,"If the Colossal Swan cannot arrive before the 14th, cancel order ORD-105125. The moment will have passed.",open,normal,yosef563@example.com,"[""surge"",""cancel""]",1860,1860
TCK-SRG-01619,September?? Really?,Quoted September delivery. Summer ENDS. Explain the plan or refund me.,open,high,rosa361@example.com,"[""surge"",""wismo""]",1406,1406
TCK-SRG-01620,WHERE IS MY SWAN,Ordered the second I saw the video. Confirmation says yesterday. Nothing since. The pool party is SUNDAY.,open,high,flo337@example.com,"[""wismo"",""surge""]",1593,1593
TCK-SRG-01621,WHERE IS MY SWAN,Ordered the second I saw the video. Confirmation says yesterday. Nothing since. The pool party is SUNDAY.,open,high,bob816@example.com,"[""wismo"",""surge""]",1365,1365
TCK-SRG-01622,Order status: swan,"I understand you are busy. I am simply asking for any information at all about order ORD-107553. Anything. A vibe, even.",open,normal,paloma114@example.com,"[""wismo"",""surge""]",1670,1670
TCK-SRG-01623,Cancel if not shipping this week,"If the Colossal Swan cannot arrive before the 14th, cancel order ORD-104995. The moment will have passed.",open,normal,quinn569@example.com,"[""surge"",""cancel""]",1464,1464
TCK-SRG-01624,WHERE IS MY SWAN,Ordered the second I saw the video. Confirmation says yesterday. Nothing since. The pool party is SUNDAY.,open,high,bob567@example.com,"[""wismo"",""surge""]",1826,1826
TCK-SRG-01625,WHERE IS MY SWAN,Ordered the second I saw the video. Confirmation says yesterday. Nothing since. The pool party is SUNDAY.,solved,high,yuki819@example.com,"[""wismo"",""surge""]",1381,1381
TCK-SRG-01626,Order status: swan,"I understand you are busy. I am simply asking for any information at all about order ORD-105620. Anything. A vibe, even.",open,normal,mabel882@example.com,"[""wismo"",""surge""]",1384,1384
TCK-SRG-01627,Cancel if not shipping this week,"If the Colossal Swan cannot arrive before the 14th, cancel order ORD-103770. The moment will have passed.",open,normal,aisha472@example.com,"[""surge"",""cancel""]",1411,1411
TCK-SRG-01628,WHERE IS MY SWAN,Ordered the second I saw the video. Confirmation says yesterday. Nothing since. The pool party is SUNDAY.,open,high,priya659@example.com,"[""wismo"",""surge""]",1647,1647
TCK-SRG-01629,WHERE IS MY SWAN,Ordered the second I saw the video. Confirmation says yesterday. Nothing since. The pool party is SUNDAY.,open,high,mo326@example.com,"[""wismo"",""surge""]",1501,1501
TCK-SRG-01630,Order status: swan,"I understand you are busy. I am simply asking for any information at all about order ORD-107349. Anything. A vibe, even.",open,normal,wes768@example.com,"[""wismo"",""surge""]",1742,1742
TCK-SRG-01631,Did my order go through?,Site spun for 5 minutes at checkout. Charged but no confirmation email. Did I buy a swan or donate to one?,open,normal,mo826@example.com,"[""surge"",""billing""]",1587,1587
TCK-SRG-01632,Buying 30 swans for a sorority event,Can we get 30 units and a bulk discount? Flexible on color. Not flexible on date.,open,normal,flo697@example.com,"[""surge"",""presales"",""bulk""]",1838,1838
TCK-SRG-01633,Order status: swan,"I understand you are busy. I am simply asking for any information at all about order ORD-107114. Anything. A vibe, even.",open,normal,aisha445@example.com,"[""wismo"",""surge""]",1486,1486
TCK-SRG-01634,WHERE IS MY SWAN,Ordered the second I saw the video. Confirmation says yesterday. Nothing since. The pool party is SUNDAY.,open,high,nellie355@example.com,"[""wismo"",""surge""]",1841,1841
TCK-SRG-01635,Buying 30 swans for a sorority event,Can we get 30 units and a bulk discount? Flexible on color. Not flexible on date.,open,normal,vera838@example.com,"[""surge"",""presales"",""bulk""]",1941,1941
TCK-SRG-01636,Cancel if not shipping this week,"If the Colossal Swan cannot arrive before the 14th, cancel order ORD-107247. The moment will have passed.",open,normal,yuki760@example.com,"[""surge"",""cancel""]",1918,1918
TCK-SRG-01637,Cancel if not shipping this week,"If the Colossal Swan cannot arrive before the 14th, cancel order ORD-107205. The moment will have passed.",open,normal,mo204@example.com,"[""surge"",""cancel""]",1384,1384
TCK-SRG-01638,Order status: swan,"I understand you are busy. I am simply asking for any information at all about order ORD-105559. Anything. A vibe, even.",open,normal,ivan798@example.com,"[""wismo"",""surge""]",1518,1518
TCK-SRG-01639,WHERE IS MY SWAN,Ordered the second I saw the video. Confirmation says yesterday. Nothing since. The pool party is SUNDAY.,open,high,yosef320@example.com,"[""wismo"",""surge""]",1718,1718
TCK-SRG-01640,Did my order go through?,Site spun for 5 minutes at checkout. Charged but no confirmation email. Did I buy a swan or donate to one?,open,normal,zoe476@example.com,"[""surge"",""billing""]",1696,1696
TCK-SRG-01641,Swan restock date?,Site says backordered. When is restock? Asking for a group chat of 200 people.,open,normal,flo769@example.com,"[""surge"",""presales""]",1424,1424
TCK-SRG-01642,September?? Really?,Quoted September delivery. Summer ENDS. Explain the plan or refund me.,open,high,lamar804@example.com,"[""surge"",""wismo""]",1595,1595
TCK-SRG-01643,Buying 30 swans for a sorority event,Can we get 30 units and a bulk discount? Flexible on color. Not flexible on date.,open,normal,aisha415@example.com,"[""surge"",""presales"",""bulk""]",1502,1502
TCK-SRG-01644,Order status: swan,"I understand you are busy. I am simply asking for any information at all about order ORD-103117. Anything. A vibe, even.",open,normal,wes445@example.com,"[""wismo"",""surge""]",1830,1830
TCK-SRG-01645,WHERE IS MY SWAN,Ordered the second I saw the video. Confirmation says yesterday. Nothing since. The pool party is SUNDAY.,open,high,yuki704@example.com,"[""wismo"",""surge""]",1615,1615
TCK-SRG-01646,Cancel if not shipping this week,"If the Colossal Swan cannot arrive before the 14th, cancel order ORD-104738. The moment will have passed.",open,normal,pearl765@example.com,"[""surge"",""cancel""]",1852,1852
TCK-SRG-01647,Swan restock date?,Site says backordered. When is restock? Asking for a group chat of 200 people.,open,normal,curtis131@example.com,"[""surge"",""presales""]",1411,1411
TCK-SRG-01648,Order status: swan,"I understand you are busy. I am simply asking for any information at all about order ORD-103957. Anything. A vibe, even.",open,normal,harriet838@example.com,"[""wismo"",""surge""]",1535,1535
TCK-SRG-01649,Swan restock date?,Site says backordered. When is restock? Asking for a group chat of 200 people.,open,normal,pearl724@example.com,"[""surge"",""presales""]",1394,1394
TCK-SRG-01650,WHERE IS MY SWAN,Ordered the second I saw the video. Confirmation says yesterday. Nothing since. The pool party is SUNDAY.,open,high,nellie422@example.com,"[""wismo"",""surge""]",1851,1851
TCK-SRG-01651,September?? Really?,Quoted September delivery. Summer ENDS. Explain the plan or refund me.,open,high,luis760@example.com,"[""surge"",""wismo""]",1580,1580
TCK-SRG-01652,Swan restock date?,Site says backordered. When is restock? Asking for a group chat of 200 people.,open,normal,harriet937@example.com,"[""surge"",""presales""]",1658,1658
TCK-SRG-01653,Swan restock date?,Site says backordered. When is restock? Asking for a group chat of 200 people.,open,normal,stan383@example.com,"[""surge"",""presales""]",1659,1659
TCK-SRG-01654,Did my order go through?,Site spun for 5 minutes at checkout. Charged but no confirmation email. Did I buy a swan or donate to one?,open,normal,ivan987@example.com,"[""surge"",""billing""]",1330,1330
TCK-SRG-01655,September?? Really?,Quoted September delivery. Summer ENDS. Explain the plan or refund me.,open,high,rosa190@example.com,"[""surge"",""wismo""]",1895,1895
TCK-SRG-01656,September?? Really?,Quoted September delivery. Summer ENDS. Explain the plan or refund me.,open,high,tomasz431@example.com,"[""surge"",""wismo""]",1759,1759
TCK-SRG-01657,WHERE IS MY SWAN,Ordered the second I saw the video. Confirmation says yesterday. Nothing since. The pool party is SUNDAY.,open,high,hannah789@example.com,"[""wismo"",""surge""]",1337,1337
TCK-SRG-01658,Cancel if not shipping this week,"If the Colossal Swan cannot arrive before the 14th, cancel order ORD-106544. The moment will have passed.",open,normal,aisha724@example.com,"[""surge"",""cancel""]",1620,1620
TCK-SRG-01659,Cancel if not shipping this week,"If the Colossal Swan cannot arrive before the 14th, cancel order ORD-103239. The moment will have passed.",open,normal,fatima695@example.com,"[""surge"",""cancel""]",1478,1478
TCK-SRG-01660,Cancel if not shipping this week,"If the Colossal Swan cannot arrive before the 14th, cancel order ORD-103439. The moment will have passed.",open,normal,bettye891@example.com,"[""surge"",""cancel""]",1694,1694
TCK-SRG-01661,Order status: swan,"I understand you are busy. I am simply asking for any information at all about order ORD-104790. Anything. A vibe, even.",open,normal,mabel165@example.com,"[""wismo"",""surge""]",1510,1510
TCK-SRG-01662,Buying 30 swans for a sorority event,Can we get 30 units and a bulk discount? Flexible on color. Not flexible on date.,open,normal,ivan299@example.com,"[""surge"",""presales"",""bulk""]",1636,1636
TCK-SRG-01663,Cancel if not shipping this week,"If the Colossal Swan cannot arrive before the 14th, cancel order ORD-107289. The moment will have passed.",open,normal,ernesto181@example.com,"[""surge"",""cancel""]",1636,1636
TCK-SRG-01664,Swan restock date?,Site says backordered. When is restock? Asking for a group chat of 200 people.,open,normal,greg174@example.com,"[""surge"",""presales""]",1463,1463
TCK-SRG-01665,September?? Really?,Quoted September delivery. Summer ENDS. Explain the plan or refund me.,open,high,tomasz640@example.com,"[""surge"",""wismo""]",1672,1672
TCK-SRG-01666,Cancel if not shipping this week,"If the Colossal Swan cannot arrive before the 14th, cancel order ORD-106559. The moment will have passed.",solved,normal,flo826@example.com,"[""surge"",""cancel""]",1844,1844
TCK-SRG-01667,Swan restock date?,Site says backordered. When is restock? Asking for a group chat of 200 people.,open,normal,greg849@example.com,"[""surge"",""presales""]",1665,1665
TCK-SRG-01668,WHERE IS MY SWAN,Ordered the second I saw the video. Confirmation says yesterday. Nothing since. The pool party is SUNDAY.,open,high,jamal463@example.com,"[""wismo"",""surge""]",1428,1428
TCK-SRG-01669,Did my order go through?,Site spun for 5 minutes at checkout. Charged but no confirmation email. Did I buy a swan or donate to one?,open,normal,hannah926@example.com,"[""surge"",""billing""]",1539,1539
TCK-SRG-01670,Cancel if not shipping this week,"If the Colossal Swan cannot arrive before the 14th, cancel order ORD-103315. The moment will have passed.",solved,normal,margaret529@example.com,"[""surge"",""cancel""]",1656,1656
TCK-SRG-01671,September?? Really?,Quoted September delivery. Summer ENDS. Explain the plan or refund me.,open,high,stan215@example.com,"[""surge"",""wismo""]",1924,1924
TCK-SRG-01672,September?? Really?,Quoted September delivery. Summer ENDS. Explain the plan or refund me.,open,high,omar908@example.com,"[""surge"",""wismo""]",1657,1657
TCK-SRG-01673,Did my order go through?,Site spun for 5 minutes at checkout. Charged but no confirmation email. Did I buy a swan or donate to one?,open,normal,priya278@example.com,"[""surge"",""billing""]",1798,1798
TCK-SRG-01674,Swan restock date?,Site says backordered. When is restock? Asking for a group chat of 200 people.,open,normal,mabel135@example.com,"[""surge"",""presales""]",1868,1868
TCK-SRG-01675,Buying 30 swans for a sorority event,Can we get 30 units and a bulk discount? Flexible on color. Not flexible on date.,open,normal,chen958@example.com,"[""surge"",""presales"",""bulk""]",1622,1622
TCK-SRG-01676,Swan restock date?,Site says backordered. When is restock? Asking for a group chat of 200 people.,open,normal,nellie845@example.com,"[""surge"",""presales""]",1539,1539
TCK-SRG-01677,September?? Really?,Quoted September delivery. Summer ENDS. Explain the plan or refund me.,open,high,ingrid971@example.com,"[""surge"",""wismo""]",1908,1908
TCK-SRG-01678,Swan restock date?,Site says backordered. When is restock? Asking for a group chat of 200 people.,open,normal,deshawn643@example.com,"[""surge"",""presales""]",1513,1513
TCK-SRG-01679,WHERE IS MY SWAN,Ordered the second I saw the video. Confirmation says yesterday. Nothing since. The pool party is SUNDAY.,open,high,mabel926@example.com,"[""wismo"",""surge""]",1765,1765
TCK-SRG-01680,Swan restock date?,Site says backordered. When is restock? Asking for a group chat of 200 people.,open,normal,gus606@example.com,"[""surge"",""presales""]",1366,1366
TCK-SRG-01681,September?? Really?,Quoted September delivery. Summer ENDS. Explain the plan or refund me.,open,high,flo415@example.com,"[""surge"",""wismo""]",1931,1931
TCK-SRG-01682,Did my order go through?,Site spun for 5 minutes at checkout. Charged but no confirmation email. Did I buy a swan or donate to one?,open,normal,margaret400@example.com,"[""surge"",""billing""]",1485,1485
TCK-SRG-01683,WHERE IS MY SWAN,Ordered the second I saw the video. Confirmation says yesterday. Nothing since. The pool party is SUNDAY.,open,high,lamar574@example.com,"[""wismo"",""surge""]",1654,1654
TCK-SRG-01684,Swan restock date?,Site says backordered. When is restock? Asking for a group chat of 200 people.,open,normal,kitty985@example.com,"[""surge"",""presales""]",1930,1930
TCK-SRG-01685,Swan restock date?,Site says backordered. When is restock? Asking for a group chat of 200 people.,open,normal,fatima685@example.com,"[""surge"",""presales""]",1575,1575
TCK-SRG-01686,Cancel if not shipping this week,"If the Colossal Swan cannot arrive before the 14th, cancel order ORD-106098. The moment will have passed.",open,normal,mo967@example.com,"[""surge"",""cancel""]",1910,1910
TCK-SRG-01687,WHERE IS MY SWAN,Ordered the second I saw the video. Confirmation says yesterday. Nothing since. The pool party is SUNDAY.,open,high,hannah371@example.com,"[""wismo"",""surge""]",1538,1538
TCK-SRG-01688,September?? Really?,Quoted September delivery. Summer ENDS. Explain the plan or refund me.,open,high,yuki460@example.com,"[""surge"",""wismo""]",1797,1797
TCK-SRG-01689,WHERE IS MY SWAN,Ordered the second I saw the video. Confirmation says yesterday. Nothing since. The pool party is SUNDAY.,open,high,rosa976@example.com,"[""wismo"",""surge""]",1482,1482
TCK-SRG-01690,Swan restock date?,Site says backordered. When is restock? Asking for a group chat of 200 people.,open,normal,ingrid110@example.com,"[""surge"",""presales""]",1839,1839
TCK-SRG-01691,Order status: swan,"I understand you are busy. I am simply asking for any information at all about order ORD-105805. Anything. A vibe, even.",open,normal,harriet700@example.com,"[""wismo"",""surge""]",1810,1810
TCK-SRG-01692,WHERE IS MY SWAN,Ordered the second I saw the video. Confirmation says yesterday. Nothing since. The pool party is SUNDAY.,open,high,lamar615@example.com,"[""wismo"",""surge""]",1872,1872
TCK-SRG-01693,Did my order go through?,Site spun for 5 minutes at checkout. Charged but no confirmation email. Did I buy a swan or donate to one?,open,normal,fatima744@example.com,"[""surge"",""billing""]",1333,1333
TCK-SRG-01694,Swan restock date?,Site says backordered. When is restock? Asking for a group chat of 200 people.,open,normal,tomasz414@example.com,"[""surge"",""presales""]",1881,1881
TCK-SRG-01695,Order status: swan,"I understand you are busy. I am simply asking for any information at all about order ORD-106906. Anything. A vibe, even.",open,normal,deshawn390@example.com,"[""wismo"",""surge""]",1939,1939
TCK-SRG-01696,September?? Really?,Quoted September delivery. Summer ENDS. Explain the plan or refund me.,open,high,deshawn651@example.com,"[""surge"",""wismo""]",1733,1733
TCK-SRG-01697,Did my order go through?,Site spun for 5 minutes at checkout. Charged but no confirmation email. Did I buy a swan or donate to one?,open,normal,ingrid152@example.com,"[""surge"",""billing""]",1643,1643
TCK-SRG-01698,Swan restock date?,Site says backordered. When is restock? Asking for a group chat of 200 people.,open,normal,carlos474@example.com,"[""surge"",""presales""]",1861,1861
TCK-SRG-01699,Swan restock date?,Site says backordered. When is restock? Asking for a group chat of 200 people.,open,normal,jerome711@example.com,"[""surge"",""presales""]",1860,1860
TCK-SRG-01700,Cancel if not shipping this week,"If the Colossal Swan cannot arrive before the 14th, cancel order ORD-106552. The moment will have passed.",open,normal,rosa825@example.com,"[""surge"",""cancel""]",1569,1569
TCK-SRG-01701,Swan restock date?,Site says backordered. When is restock? Asking for a group chat of 200 people.,open,normal,tomasz752@example.com,"[""surge"",""presales""]",1780,1780
TCK-SRG-01702,Did my order go through?,Site spun for 5 minutes at checkout. Charged but no confirmation email. Did I buy a swan or donate to one?,open,normal,stan557@example.com,"[""surge"",""billing""]",1604,1604
TCK-SRG-01703,WHERE IS MY SWAN,Ordered the second I saw the video. Confirmation says yesterday. Nothing since. The pool party is SUNDAY.,solved,high,luis198@example.com,"[""wismo"",""surge""]",1887,1887
TCK-SRG-01704,September?? Really?,Quoted September delivery. Summer ENDS. Explain the plan or refund me.,open,high,yuki552@example.com,"[""surge"",""wismo""]",1614,1614
TCK-SRG-01705,Buying 30 swans for a sorority event,Can we get 30 units and a bulk discount? Flexible on color. Not flexible on date.,open,normal,quinn743@example.com,"[""surge"",""presales"",""bulk""]",1950,1950
TCK-SRG-01706,Order status: swan,"I understand you are busy. I am simply asking for any information at all about order ORD-105632. Anything. A vibe, even.",open,normal,ximena680@example.com,"[""wismo"",""surge""]",1824,1824
TCK-SRG-01707,Order status: swan,"I understand you are busy. I am simply asking for any information at all about order ORD-105358. Anything. A vibe, even.",open,normal,yuki221@example.com,"[""wismo"",""surge""]",1615,1615
TCK-SRG-01708,Did my order go through?,Site spun for 5 minutes at checkout. Charged but no confirmation email. Did I buy a swan or donate to one?,solved,normal,tomasz213@example.com,"[""surge"",""billing""]",1558,1558
TCK-SRG-01709,Swan restock date?,Site says backordered. When is restock? Asking for a group chat of 200 people.,open,normal,jerome958@example.com,"[""surge"",""presales""]",1794,1794
TCK-SRG-01710,WHERE IS MY SWAN,Ordered the second I saw the video. Confirmation says yesterday. Nothing since. The pool party is SUNDAY.,open,high,gus373@example.com,"[""wismo"",""surge""]",1376,1376
TCK-SRG-01711,Buying 30 swans for a sorority event,Can we get 30 units and a bulk discount? Flexible on color. Not flexible on date.,open,normal,stan420@example.com,"[""surge"",""presales"",""bulk""]",1806,1806
TCK-SRG-01712,September?? Really?,Quoted September delivery. Summer ENDS. Explain the plan or refund me.,open,high,mo654@example.com,"[""surge"",""wismo""]",1486,1486
TCK-SRG-01713,September?? Really?,Quoted September delivery. Summer ENDS. Explain the plan or refund me.,open,high,ximena454@example.com,"[""surge"",""wismo""]",1570,1570
TCK-SRG-01714,Order status: swan,"I understand you are busy. I am simply asking for any information at all about order ORD-104988. Anything. A vibe, even.",open,normal,stan375@example.com,"[""wismo"",""surge""]",1857,1857
TCK-SRG-01715,Order status: swan,"I understand you are busy. I am simply asking for any information at all about order ORD-106918. Anything. A vibe, even.",open,normal,gus126@example.com,"[""wismo"",""surge""]",1839,1839
TCK-SRG-01716,Buying 30 swans for a sorority event,Can we get 30 units and a bulk discount? Flexible on color. Not flexible on date.,open,normal,yosef118@example.com,"[""surge"",""presales"",""bulk""]",1441,1441
TCK-SRG-01717,WHERE IS MY SWAN,Ordered the second I saw the video. Confirmation says yesterday. Nothing since. The pool party is SUNDAY.,open,high,keiko205@example.com,"[""wismo"",""surge""]",1921,1921
TCK-SRG-01718,Swan restock date?,Site says backordered. When is restock? Asking for a group chat of 200 people.,open,normal,mo981@example.com,"[""surge"",""presales""]",1503,1503
TCK-SRG-01719,September?? Really?,Quoted September delivery. Summer ENDS. Explain the plan or refund me.,open,high,arthur726@example.com,"[""surge"",""wismo""]",1637,1637
TCK-SRG-01720,Cancel if not shipping this week,"If the Colossal Swan cannot arrive before the 14th, cancel order ORD-106953. The moment will have passed.",open,normal,yosef260@example.com,"[""surge"",""cancel""]",1933,1933
TCK-SRG-01721,WHERE IS MY SWAN,Ordered the second I saw the video. Confirmation says yesterday. Nothing since. The pool party is SUNDAY.,open,high,yosef271@example.com,"[""wismo"",""surge""]",1431,1431
TCK-SRG-01722,Cancel if not shipping this week,"If the Colossal Swan cannot arrive before the 14th, cancel order ORD-104099. The moment will have passed.",open,normal,jerome799@example.com,"[""surge"",""cancel""]",1820,1820
TCK-SRG-01723,Order status: swan,"I understand you are busy. I am simply asking for any information at all about order ORD-107439. Anything. A vibe, even.",open,normal,ingrid217@example.com,"[""wismo"",""surge""]",1409,1409
TCK-SRG-01724,Swan restock date?,Site says backordered. When is restock? Asking for a group chat of 200 people.,open,normal,aisha315@example.com,"[""surge"",""presales""]",1549,1549
TCK-SRG-01725,Cancel if not shipping this week,"If the Colossal Swan cannot arrive before the 14th, cancel order ORD-106812. The moment will have passed.",open,normal,ray665@example.com,"[""surge"",""cancel""]",1906,1906
TCK-SRG-01726,Did my order go through?,Site spun for 5 minutes at checkout. Charged but no confirmation email. Did I buy a swan or donate to one?,open,normal,yosef620@example.com,"[""surge"",""billing""]",1322,1322
TCK-SRG-01727,Buying 30 swans for a sorority event,Can we get 30 units and a bulk discount? Flexible on color. Not flexible on date.,open,normal,luis566@example.com,"[""surge"",""presales"",""bulk""]",1718,1718
TCK-SRG-01728,Cancel if not shipping this week,"If the Colossal Swan cannot arrive before the 14th, cancel order ORD-103657. The moment will have passed.",open,normal,ray880@example.com,"[""surge"",""cancel""]",1890,1890
TCK-SRG-01729,September?? Really?,Quoted September delivery. Summer ENDS. Explain the plan or refund me.,open,high,nadia613@example.com,"[""surge"",""wismo""]",1772,1772
TCK-SRG-01730,Swan restock date?,Site says backordered. When is restock? Asking for a group chat of 200 people.,open,normal,margaret377@example.com,"[""surge"",""presales""]",1632,1632
TCK-SRG-01731,Order status: swan,"I understand you are busy. I am simply asking for any information at all about order ORD-104332. Anything. A vibe, even.",open,normal,bettye107@example.com,"[""wismo"",""surge""]",1808,1808
TCK-SRG-01732,Swan restock date?,Site says backordered. When is restock? Asking for a group chat of 200 people.,open,normal,otis411@example.com,"[""surge"",""presales""]",1854,1854
TCK-SRG-01733,Order status: swan,"I understand you are busy. I am simply asking for any information at all about order ORD-106620. Anything. A vibe, even.",open,normal,mabel956@example.com,"[""wismo"",""surge""]",1548,1548
TCK-SRG-01734,WHERE IS MY SWAN,Ordered the second I saw the video. Confirmation says yesterday. Nothing since. The pool party is SUNDAY.,solved,high,greg816@example.com,"[""wismo"",""surge""]",1588,1588
TCK-SRG-01735,Buying 30 swans for a sorority event,Can we get 30 units and a bulk discount? Flexible on color. Not flexible on date.,open,normal,omar466@example.com,"[""surge"",""presales"",""bulk""]",1409,1409
TCK-SRG-01736,Cancel if not shipping this week,"If the Colossal Swan cannot arrive before the 14th, cancel order ORD-107002. The moment will have passed.",open,normal,otis283@example.com,"[""surge"",""cancel""]",1579,1579
TCK-SRG-01737,Buying 30 swans for a sorority event,Can we get 30 units and a bulk discount? Flexible on color. Not flexible on date.,open,normal,nadia601@example.com,"[""surge"",""presales"",""bulk""]",1398,1398
TCK-SRG-01738,Did my order go through?,Site spun for 5 minutes at checkout. Charged but no confirmation email. Did I buy a swan or donate to one?,open,normal,omar504@example.com,"[""surge"",""billing""]",1450,1450
TCK-SRG-01739,September?? Really?,Quoted September delivery. Summer ENDS. Explain the plan or refund me.,open,high,bob555@example.com,"[""surge"",""wismo""]",1710,1710
TCK-SRG-01740,September?? Really?,Quoted September delivery. Summer ENDS. Explain the plan or refund me.,open,high,chen752@example.com,"[""surge"",""wismo""]",1902,1902
TCK-SRG-01741,Did my order go through?,Site spun for 5 minutes at checkout. Charged but no confirmation email. Did I buy a swan or donate to one?,open,normal,linda647@example.com,"[""surge"",""billing""]",1679,1679
TCK-SRG-01742,Buying 30 swans for a sorority event,Can we get 30 units and a bulk discount? Flexible on color. Not flexible on date.,open,normal,hannah610@example.com,"[""surge"",""presales"",""bulk""]",1373,1373
TCK-SRG-01743,Order status: swan,"I understand you are busy. I am simply asking for any information at all about order ORD-106621. Anything. A vibe, even.",open,normal,carlos350@example.com,"[""wismo"",""surge""]",1918,1918
TCK-SRG-01744,WHERE IS MY SWAN,Ordered the second I saw the video. Confirmation says yesterday. Nothing since. The pool party is SUNDAY.,open,high,mo191@example.com,"[""wismo"",""surge""]",1548,1548
TCK-SRG-01745,Swan restock date?,Site says backordered. When is restock? Asking for a group chat of 200 people.,open,normal,margaret275@example.com,"[""surge"",""presales""]",1764,1764
TCK-SRG-01746,Order status: swan,"I understand you are busy. I am simply asking for any information at all about order ORD-103801. Anything. A vibe, even.",open,normal,ray532@example.com,"[""wismo"",""surge""]",1906,1906
TCK-SRG-01747,WHERE IS MY SWAN,Ordered the second I saw the video. Confirmation says yesterday. Nothing since. The pool party is SUNDAY.,open,high,carlos964@example.com,"[""wismo"",""surge""]",1618,1618
TCK-SRG-01748,Cancel if not shipping this week,"If the Colossal Swan cannot arrive before the 14th, cancel order ORD-104108. The moment will have passed.",open,normal,yuki695@example.com,"[""surge"",""cancel""]",1376,1376
TCK-SRG-01749,WHERE IS MY SWAN,Ordered the second I saw the video. Confirmation says yesterday. Nothing since. The pool party is SUNDAY.,open,high,curtis678@example.com,"[""wismo"",""surge""]",1412,1412
TCK-SRG-01750,Order status: swan,"I understand you are busy. I am simply asking for any information at all about order ORD-107381. Anything. A vibe, even.",solved,normal,margaret475@example.com,"[""wismo"",""surge""]",1823,1823
TCK-SRG-01751,September?? Really?,Quoted September delivery. Summer ENDS. Explain the plan or refund me.,open,high,curtis163@example.com,"[""surge"",""wismo""]",1562,1562
TCK-SRG-01752,Did my order go through?,Site spun for 5 minutes at checkout. Charged but no confirmation email. Did I buy a swan or donate to one?,open,normal,jamal768@example.com,"[""surge"",""billing""]",1396,1396
TCK-SRG-01753,WHERE IS MY SWAN,Ordered the second I saw the video. Confirmation says yesterday. Nothing since. The pool party is SUNDAY.,open,high,otis247@example.com,"[""wismo"",""surge""]",1586,1586
TCK-SRG-01754,Did my order go through?,Site spun for 5 minutes at checkout. Charged but no confirmation email. Did I buy a swan or donate to one?,open,normal,lamar276@example.com,"[""surge"",""billing""]",1925,1925
TCK-SRG-01755,Swan restock date?,Site says backordered. When is restock? Asking for a group chat of 200 people.,open,normal,ernesto416@example.com,"[""surge"",""presales""]",1414,1414
TCK-SRG-01756,September?? Really?,Quoted September delivery. Summer ENDS. Explain the plan or refund me.,open,high,quinn700@example.com,"[""surge"",""wismo""]",1831,1831
TCK-SRG-01757,September?? Really?,Quoted September delivery. Summer ENDS. Explain the plan or refund me.,open,high,flo949@example.com,"[""surge"",""wismo""]",1747,1747
TCK-SRG-01758,Swan restock date?,Site says backordered. When is restock? Asking for a group chat of 200 people.,open,normal,priya568@example.com,"[""surge"",""presales""]",1921,1921
TCK-SRG-01759,Order status: swan,"I understand you are busy. I am simply asking for any information at all about order ORD-103599. Anything. A vibe, even.",open,normal,priya332@example.com,"[""wismo"",""surge""]",1900,1900
TCK-SRG-01760,Cancel if not shipping this week,"If the Colossal Swan cannot arrive before the 14th, cancel order ORD-103023. The moment will have passed.",open,normal,jamal974@example.com,"[""surge"",""cancel""]",1814,1814
TCK-SRG-01761,WHERE IS MY SWAN,Ordered the second I saw the video. Confirmation says yesterday. Nothing since. The pool party is SUNDAY.,open,high,lamar206@example.com,"[""wismo"",""surge""]",1366,1366
TCK-SRG-01762,Buying 30 swans for a sorority event,Can we get 30 units and a bulk discount? Flexible on color. Not flexible on date.,open,normal,bettye802@example.com,"[""surge"",""presales"",""bulk""]",1335,1335
TCK-SRG-01763,September?? Really?,Quoted September delivery. Summer ENDS. Explain the plan or refund me.,solved,high,pearl705@example.com,"[""surge"",""wismo""]",1500,1500
TCK-SRG-01764,WHERE IS MY SWAN,Ordered the second I saw the video. Confirmation says yesterday. Nothing since. The pool party is SUNDAY.,open,high,yosef140@example.com,"[""wismo"",""surge""]",1399,1399
TCK-SRG-01765,Order status: swan,"I understand you are busy. I am simply asking for any information at all about order ORD-104197. Anything. A vibe, even.",open,normal,ray732@example.com,"[""wismo"",""surge""]",1877,1877
TCK-SRG-01766,Buying 30 swans for a sorority event,Can we get 30 units and a bulk discount? Flexible on color. Not flexible on date.,open,normal,nellie422@example.com,"[""surge"",""presales"",""bulk""]",1414,1414
TCK-SRG-01767,Cancel if not shipping this week,"If the Colossal Swan cannot arrive before the 14th, cancel order ORD-104083. The moment will have passed.",open,normal,carlos939@example.com,"[""surge"",""cancel""]",1689,1689
TCK-SRG-01768,September?? Really?,Quoted September delivery. Summer ENDS. Explain the plan or refund me.,open,high,carlos603@example.com,"[""surge"",""wismo""]",1321,1321
TCK-SRG-01769,Buying 30 swans for a sorority event,Can we get 30 units and a bulk discount? Flexible on color. Not flexible on date.,open,normal,kitty559@example.com,"[""surge"",""presales"",""bulk""]",1676,1676
TCK-SRG-01770,September?? Really?,Quoted September delivery. Summer ENDS. Explain the plan or refund me.,open,high,ray651@example.com,"[""surge"",""wismo""]",1812,1812
TCK-SRG-01771,WHERE IS MY SWAN,Ordered the second I saw the video. Confirmation says yesterday. Nothing since. The pool party is SUNDAY.,open,high,greg820@example.com,"[""wismo"",""surge""]",1825,1825
TCK-SRG-01772,September?? Really?,Quoted September delivery. Summer ENDS. Explain the plan or refund me.,open,high,mo786@example.com,"[""surge"",""wismo""]",1818,1818
TCK-SRG-01773,Buying 30 swans for a sorority event,Can we get 30 units and a bulk discount? Flexible on color. Not flexible on date.,open,normal,ivan702@example.com,"[""surge"",""presales"",""bulk""]",1625,1625
TCK-SRG-01774,Did my order go through?,Site spun for 5 minutes at checkout. Charged but no confirmation email. Did I buy a swan or donate to one?,open,normal,ximena339@example.com,"[""surge"",""billing""]",1532,1532
TCK-SRG-01775,Did my order go through?,Site spun for 5 minutes at checkout. Charged but no confirmation email. Did I buy a swan or donate to one?,open,normal,nellie732@example.com,"[""surge"",""billing""]",1713,1713
TCK-SRG-01776,WHERE IS MY SWAN,Ordered the second I saw the video. Confirmation says yesterday. Nothing since. The pool party is SUNDAY.,open,high,ernesto430@example.com,"[""wismo"",""surge""]",1586,1586
TCK-SRG-01777,Order status: swan,"I understand you are busy. I am simply asking for any information at all about order ORD-103305. Anything. A vibe, even.",open,normal,zoe932@example.com,"[""wismo"",""surge""]",1926,1926
TCK-SRG-01778,Swan restock date?,Site says backordered. When is restock? Asking for a group chat of 200 people.,open,normal,umar729@example.com,"[""surge"",""presales""]",1551,1551
TCK-SRG-01779,Buying 30 swans for a sorority event,Can we get 30 units and a bulk discount? Flexible on color. Not flexible on date.,open,normal,ximena676@example.com,"[""surge"",""presales"",""bulk""]",1616,1616
TCK-SRG-01780,Order status: swan,"I understand you are busy. I am simply asking for any information at all about order ORD-108000. Anything. A vibe, even.",open,normal,luis538@example.com,"[""wismo"",""surge""]",1938,1938
TCK-SRG-01781,September?? Really?,Quoted September delivery. Summer ENDS. Explain the plan or refund me.,open,high,hannah802@example.com,"[""surge"",""wismo""]",1784,1784
TCK-SRG-01782,September?? Really?,Quoted September delivery. Summer ENDS. Explain the plan or refund me.,open,high,carlos100@example.com,"[""surge"",""wismo""]",1867,1867
TCK-SRG-01783,Did my order go through?,Site spun for 5 minutes at checkout. Charged but no confirmation email. Did I buy a swan or donate to one?,open,normal,bettye789@example.com,"[""surge"",""billing""]",1606,1606
TCK-SRG-01784,Cancel if not shipping this week,"If the Colossal Swan cannot arrive before the 14th, cancel order ORD-105743. The moment will have passed.",open,normal,margaret619@example.com,"[""surge"",""cancel""]",1453,1453
TCK-SRG-01785,Buying 30 swans for a sorority event,Can we get 30 units and a bulk discount? Flexible on color. Not flexible on date.,open,normal,otis241@example.com,"[""surge"",""presales"",""bulk""]",1483,1483
TCK-SRG-01786,Buying 30 swans for a sorority event,Can we get 30 units and a bulk discount? Flexible on color. Not flexible on date.,open,normal,curtis447@example.com,"[""surge"",""presales"",""bulk""]",1359,1359
TCK-SRG-01787,Cancel if not shipping this week,"If the Colossal Swan cannot arrive before the 14th, cancel order ORD-103713. The moment will have passed.",open,normal,wes798@example.com,"[""surge"",""cancel""]",1431,1431
TCK-SRG-01788,Did my order go through?,Site spun for 5 minutes at checkout. Charged but no confirmation email. Did I buy a swan or donate to one?,open,normal,yuki688@example.com,"[""surge"",""billing""]",1605,1605
TCK-SRG-01789,Swan restock date?,Site says backordered. When is restock? Asking for a group chat of 200 people.,open,normal,bob120@example.com,"[""surge"",""presales""]",1459,1459
TCK-SRG-01790,Order status: swan,"I understand you are busy. I am simply asking for any information at all about order ORD-103054. Anything. A vibe, even.",open,normal,wes932@example.com,"[""wismo"",""surge""]",1380,1380
TCK-SRG-01791,Did my order go through?,Site spun for 5 minutes at checkout. Charged but no confirmation email. Did I buy a swan or donate to one?,open,normal,dolores708@example.com,"[""surge"",""billing""]",1750,1750
TCK-SRG-01792,Order status: swan,"I understand you are busy. I am simply asking for any information at all about order ORD-104361. Anything. A vibe, even.",open,normal,harriet980@example.com,"[""wismo"",""surge""]",1883,1883
TCK-SRG-01793,Cancel if not shipping this week,"If the Colossal Swan cannot arrive before the 14th, cancel order ORD-107992. The moment will have passed.",open,normal,mabel532@example.com,"[""surge"",""cancel""]",1780,1780
TCK-SRG-01794,Did my order go through?,Site spun for 5 minutes at checkout. Charged but no confirmation email. Did I buy a swan or donate to one?,open,normal,yuki587@example.com,"[""surge"",""billing""]",1510,1510
TCK-SRG-01795,WHERE IS MY SWAN,Ordered the second I saw the video. Confirmation says yesterday. Nothing since. The pool party is SUNDAY.,open,high,harriet693@example.com,"[""wismo"",""surge""]",1841,1841
TCK-SRG-01796,Cancel if not shipping this week,"If the Colossal Swan cannot arrive before the 14th, cancel order ORD-105131. The moment will have passed.",open,normal,ivan954@example.com,"[""surge"",""cancel""]",1931,1931
TCK-SRG-01797,September?? Really?,Quoted September delivery. Summer ENDS. Explain the plan or refund me.,open,high,curtis406@example.com,"[""surge"",""wismo""]",1448,1448
TCK-SRG-01798,Did my order go through?,Site spun for 5 minutes at checkout. Charged but no confirmation email. Did I buy a swan or donate to one?,open,normal,aisha750@example.com,"[""surge"",""billing""]",1349,1349
TCK-SRG-01799,WHERE IS MY SWAN,Ordered the second I saw the video. Confirmation says yesterday. Nothing since. The pool party is SUNDAY.,open,high,ximena105@example.com,"[""wismo"",""surge""]",1884,1884
TCK-SRG-01800,September?? Really?,Quoted September delivery. Summer ENDS. Explain the plan or refund me.,open,high,jerome115@example.com,"[""surge"",""wismo""]",1759,1759
TCK-SRG-01801,Order status: swan,"I understand you are busy. I am simply asking for any information at all about order ORD-106479. Anything. A vibe, even.",open,normal,rosa958@example.com,"[""wismo"",""surge""]",1512,1512
TCK-SRG-01802,Cancel if not shipping this week,"If the Colossal Swan cannot arrive before the 14th, cancel order ORD-107041. The moment will have passed.",open,normal,yuki137@example.com,"[""surge"",""cancel""]",1386,1386
TCK-SRG-01803,WHERE IS MY SWAN,Ordered the second I saw the video. Confirmation says yesterday. Nothing since. The pool party is SUNDAY.,open,high,arthur136@example.com,"[""wismo"",""surge""]",1519,1519
TCK-SRG-01804,Buying 30 swans for a sorority event,Can we get 30 units and a bulk discount? Flexible on color. Not flexible on date.,open,normal,wes840@example.com,"[""surge"",""presales"",""bulk""]",1766,1766
TCK-SRG-01805,Buying 30 swans for a sorority event,Can we get 30 units and a bulk discount? Flexible on color. Not flexible on date.,open,normal,zoe411@example.com,"[""surge"",""presales"",""bulk""]",1558,1558
TCK-SRG-01806,Cancel if not shipping this week,"If the Colossal Swan cannot arrive before the 14th, cancel order ORD-104964. The moment will have passed.",open,normal,lamar998@example.com,"[""surge"",""cancel""]",1521,1521
TCK-SRG-01807,Did my order go through?,Site spun for 5 minutes at checkout. Charged but no confirmation email. Did I buy a swan or donate to one?,open,normal,lamar505@example.com,"[""surge"",""billing""]",1566,1566
TCK-SRG-01808,September?? Really?,Quoted September delivery. Summer ENDS. Explain the plan or refund me.,open,high,gus779@example.com,"[""surge"",""wismo""]",1899,1899
TCK-SRG-01809,September?? Really?,Quoted September delivery. Summer ENDS. Explain the plan or refund me.,open,high,gus125@example.com,"[""surge"",""wismo""]",1500,1500
TCK-SRG-01810,Cancel if not shipping this week,"If the Colossal Swan cannot arrive before the 14th, cancel order ORD-104093. The moment will have passed.",open,normal,dolores111@example.com,"[""surge"",""cancel""]",1769,1769
TCK-SRG-01811,Buying 30 swans for a sorority event,Can we get 30 units and a bulk discount? Flexible on color. Not flexible on date.,solved,normal,otis201@example.com,"[""surge"",""presales"",""bulk""]",1327,1327
TCK-SRG-01812,Order status: swan,"I understand you are busy. I am simply asking for any information at all about order ORD-106844. Anything. A vibe, even.",open,normal,otis922@example.com,"[""wismo"",""surge""]",1860,1860
TCK-SRG-01813,Buying 30 swans for a sorority event,Can we get 30 units and a bulk discount? Flexible on color. Not flexible on date.,open,normal,chen108@example.com,"[""surge"",""presales"",""bulk""]",1479,1479
TCK-SRG-01814,Did my order go through?,Site spun for 5 minutes at checkout. Charged but no confirmation email. Did I buy a swan or donate to one?,open,normal,ivan767@example.com,"[""surge"",""billing""]",1823,1823
TCK-SRG-01815,Cancel if not shipping this week,"If the Colossal Swan cannot arrive before the 14th, cancel order ORD-105629. The moment will have passed.",open,normal,keiko270@example.com,"[""surge"",""cancel""]",1396,1396
TCK-SRG-01816,Cancel if not shipping this week,"If the Colossal Swan cannot arrive before the 14th, cancel order ORD-104944. The moment will have passed.",open,normal,mo969@example.com,"[""surge"",""cancel""]",1428,1428
TCK-SRG-01817,Buying 30 swans for a sorority event,Can we get 30 units and a bulk discount? Flexible on color. Not flexible on date.,open,normal,carlos541@example.com,"[""surge"",""presales"",""bulk""]",1859,1859
TCK-SRG-01818,Order status: swan,"I understand you are busy. I am simply asking for any information at all about order ORD-107259. Anything. A vibe, even.",open,normal,ingrid674@example.com,"[""wismo"",""surge""]",1705,1705
TCK-SRG-01819,Cancel if not shipping this week,"If the Colossal Swan cannot arrive before the 14th, cancel order ORD-107475. The moment will have passed.",open,normal,nadia393@example.com,"[""surge"",""cancel""]",1834,1834
TCK-SRG-01820,Order status: swan,"I understand you are busy. I am simply asking for any information at all about order ORD-103881. Anything. A vibe, even.",open,normal,stan891@example.com,"[""wismo"",""surge""]",1576,1576
TCK-SRG-01821,Did my order go through?,Site spun for 5 minutes at checkout. Charged but no confirmation email. Did I buy a swan or donate to one?,open,normal,harriet477@example.com,"[""surge"",""billing""]",1652,1652
TCK-SRG-01822,Swan restock date?,Site says backordered. When is restock? Asking for a group chat of 200 people.,open,normal,fatima235@example.com,"[""surge"",""presales""]",1481,1481
TCK-SRG-01823,Buying 30 swans for a sorority event,Can we get 30 units and a bulk discount? Flexible on color. Not flexible on date.,open,normal,chen224@example.com,"[""surge"",""presales"",""bulk""]",1932,1932
TCK-SRG-01824,September?? Really?,Quoted September delivery. Summer ENDS. Explain the plan or refund me.,open,high,quinn431@example.com,"[""surge"",""wismo""]",1608,1608
TCK-SRG-01825,Cancel if not shipping this week,"If the Colossal Swan cannot arrive before the 14th, cancel order ORD-106002. The moment will have passed.",open,normal,ximena551@example.com,"[""surge"",""cancel""]",1882,1882
TCK-SRG-01826,Did my order go through?,Site spun for 5 minutes at checkout. Charged but no confirmation email. Did I buy a swan or donate to one?,open,normal,mo497@example.com,"[""surge"",""billing""]",1669,1669
TCK-SRG-01827,Buying 30 swans for a sorority event,Can we get 30 units and a bulk discount? Flexible on color. Not flexible on date.,open,normal,stan226@example.com,"[""surge"",""presales"",""bulk""]",1431,1431
TCK-SRG-01828,September?? Really?,Quoted September delivery. Summer ENDS. Explain the plan or refund me.,open,high,otis695@example.com,"[""surge"",""wismo""]",1523,1523
TCK-SRG-01829,Order status: swan,"I understand you are busy. I am simply asking for any information at all about order ORD-105675. Anything. A vibe, even.",open,normal,vera153@example.com,"[""wismo"",""surge""]",1944,1944
TCK-SRG-01830,Swan restock date?,Site says backordered. When is restock? Asking for a group chat of 200 people.,open,normal,keiko817@example.com,"[""surge"",""presales""]",1559,1559
TCK-SRG-01831,WHERE IS MY SWAN,Ordered the second I saw the video. Confirmation says yesterday. Nothing since. The pool party is SUNDAY.,open,high,paloma783@example.com,"[""wismo"",""surge""]",1825,1825
TCK-SRG-01832,Buying 30 swans for a sorority event,Can we get 30 units and a bulk discount? Flexible on color. Not flexible on date.,open,normal,pearl620@example.com,"[""surge"",""presales"",""bulk""]",1780,1780
TCK-SRG-01833,Cancel if not shipping this week,"If the Colossal Swan cannot arrive before the 14th, cancel order ORD-107141. The moment will have passed.",open,normal,zoe805@example.com,"[""surge"",""cancel""]",1857,1857
TCK-SRG-01834,September?? Really?,Quoted September delivery. Summer ENDS. Explain the plan or refund me.,open,high,stan576@example.com,"[""surge"",""wismo""]",1367,1367
TCK-SRG-01835,WHERE IS MY SWAN,Ordered the second I saw the video. Confirmation says yesterday. Nothing since. The pool party is SUNDAY.,open,high,tomasz912@example.com,"[""wismo"",""surge""]",1755,1755
TCK-SRG-01836,Cancel if not shipping this week,"If the Colossal Swan cannot arrive before the 14th, cancel order ORD-105979. The moment will have passed.",open,normal,chen705@example.com,"[""surge"",""cancel""]",1461,1461
TCK-SRG-01837,Did my order go through?,Site spun for 5 minutes at checkout. Charged but no confirmation email. Did I buy a swan or donate to one?,open,normal,bettye908@example.com,"[""surge"",""billing""]",1345,1345
TCK-SRG-01838,Swan restock date?,Site says backordered. When is restock? Asking for a group chat of 200 people.,open,normal,aisha319@example.com,"[""surge"",""presales""]",1491,1491
TCK-SRG-01839,Buying 30 swans for a sorority event,Can we get 30 units and a bulk discount? Flexible on color. Not flexible on date.,open,normal,wes858@example.com,"[""surge"",""presales"",""bulk""]",1929,1929
TCK-SRG-01840,Cancel if not shipping this week,"If the Colossal Swan cannot arrive before the 14th, cancel order ORD-106884. The moment will have passed.",solved,normal,umar458@example.com,"[""surge"",""cancel""]",1716,1716
TCK-SRG-01841,September?? Really?,Quoted September delivery. Summer ENDS. Explain the plan or refund me.,open,high,arthur605@example.com,"[""surge"",""wismo""]",1541,1541
TCK-SRG-01842,September?? Really?,Quoted September delivery. Summer ENDS. Explain the plan or refund me.,open,high,otis401@example.com,"[""surge"",""wismo""]",1872,1872
TCK-SRG-01843,Swan restock date?,Site says backordered. When is restock? Asking for a group chat of 200 people.,open,normal,otis791@example.com,"[""surge"",""presales""]",1630,1630
TCK-SRG-01844,Swan restock date?,Site says backordered. When is restock? Asking for a group chat of 200 people.,solved,normal,carlos205@example.com,"[""surge"",""presales""]",1641,1641
TCK-SRG-01845,Buying 30 swans for a sorority event,Can we get 30 units and a bulk discount? Flexible on color. Not flexible on date.,open,normal,chen209@example.com,"[""surge"",""presales"",""bulk""]",1944,1944
TCK-SRG-01846,WHERE IS MY SWAN,Ordered the second I saw the video. Confirmation says yesterday. Nothing since. The pool party is SUNDAY.,open,high,ernesto274@example.com,"[""wismo"",""surge""]",1695,1695
TCK-SRG-01847,WHERE IS MY SWAN,Ordered the second I saw the video. Confirmation says yesterday. Nothing since. The pool party is SUNDAY.,open,high,aisha519@example.com,"[""wismo"",""surge""]",1411,1411
TCK-SRG-01848,September?? Really?,Quoted September delivery. Summer ENDS. Explain the plan or refund me.,open,high,bettye576@example.com,"[""surge"",""wismo""]",1543,1543
TCK-SRG-01849,Did my order go through?,Site spun for 5 minutes at checkout. Charged but no confirmation email. Did I buy a swan or donate to one?,open,normal,mo278@example.com,"[""surge"",""billing""]",1754,1754
TCK-SRG-01850,Order status: swan,"I understand you are busy. I am simply asking for any information at all about order ORD-105379. Anything. A vibe, even.",open,normal,chen274@example.com,"[""wismo"",""surge""]",1459,1459
TCK-SRG-01851,Cancel if not shipping this week,"If the Colossal Swan cannot arrive before the 14th, cancel order ORD-105059. The moment will have passed.",open,normal,lamar285@example.com,"[""surge"",""cancel""]",1931,1931
TCK-SRG-01852,Order status: swan,"I understand you are busy. I am simply asking for any information at all about order ORD-104211. Anything. A vibe, even.",open,normal,linda257@example.com,"[""wismo"",""surge""]",1538,1538
TCK-SRG-01853,Cancel if not shipping this week,"If the Colossal Swan cannot arrive before the 14th, cancel order ORD-105940. The moment will have passed.",open,normal,dolores111@example.com,"[""surge"",""cancel""]",1534,1534
TCK-SRG-01854,Swan restock date?,Site says backordered. When is restock? Asking for a group chat of 200 people.,open,normal,carlos138@example.com,"[""surge"",""presales""]",1658,1658
TCK-SRG-01855,Cancel if not shipping this week,"If the Colossal Swan cannot arrive before the 14th, cancel order ORD-103138. The moment will have passed.",open,normal,mo624@example.com,"[""surge"",""cancel""]",1935,1935
TCK-SRG-01856,WHERE IS MY SWAN,Ordered the second I saw the video. Confirmation says yesterday. Nothing since. The pool party is SUNDAY.,open,high,harriet680@example.com,"[""wismo"",""surge""]",1394,1394
TCK-SRG-01857,September?? Really?,Quoted September delivery. Summer ENDS. Explain the plan or refund me.,open,high,arthur654@example.com,"[""surge"",""wismo""]",1932,1932
TCK-SRG-01858,Buying 30 swans for a sorority event,Can we get 30 units and a bulk discount? Flexible on color. Not flexible on date.,open,normal,bettye699@example.com,"[""surge"",""presales"",""bulk""]",1798,1798
TCK-SRG-01859,Cancel if not shipping this week,"If the Colossal Swan cannot arrive before the 14th, cancel order ORD-104191. The moment will have passed.",open,normal,ximena902@example.com,"[""surge"",""cancel""]",1423,1423
TCK-SRG-01860,Cancel if not shipping this week,"If the Colossal Swan cannot arrive before the 14th, cancel order ORD-103251. The moment will have passed.",open,normal,nadia161@example.com,"[""surge"",""cancel""]",1525,1525
TCK-SRG-01861,Cancel if not shipping this week,"If the Colossal Swan cannot arrive before the 14th, cancel order ORD-103094. The moment will have passed.",open,normal,yuki269@example.com,"[""surge"",""cancel""]",1945,1945
TCK-SRG-01862,Cancel if not shipping this week,"If the Colossal Swan cannot arrive before the 14th, cancel order ORD-103297. The moment will have passed.",open,normal,mo333@example.com,"[""surge"",""cancel""]",1940,1940
TCK-SRG-01863,Buying 30 swans for a sorority event,Can we get 30 units and a bulk discount? Flexible on color. Not flexible on date.,open,normal,bettye964@example.com,"[""surge"",""presales"",""bulk""]",1926,1926
TCK-SRG-01864,Swan restock date?,Site says backordered. When is restock? Asking for a group chat of 200 people.,open,normal,deshawn501@example.com,"[""surge"",""presales""]",1868,1868
TCK-SRG-01865,WHERE IS MY SWAN,Ordered the second I saw the video. Confirmation says yesterday. Nothing since. The pool party is SUNDAY.,open,high,yuki106@example.com,"[""wismo"",""surge""]",1323,1323
TCK-SRG-01866,Did my order go through?,Site spun for 5 minutes at checkout. Charged but no confirmation email. Did I buy a swan or donate to one?,open,normal,nadia322@example.com,"[""surge"",""billing""]",1563,1563
TCK-SRG-01867,Buying 30 swans for a sorority event,Can we get 30 units and a bulk discount? Flexible on color. Not flexible on date.,open,normal,bettye667@example.com,"[""surge"",""presales"",""bulk""]",1944,1944
TCK-SRG-01868,WHERE IS MY SWAN,Ordered the second I saw the video. Confirmation says yesterday. Nothing since. The pool party is SUNDAY.,open,high,yuki433@example.com,"[""wismo"",""surge""]",1890,1890
TCK-SRG-01869,WHERE IS MY SWAN,Ordered the second I saw the video. Confirmation says yesterday. Nothing since. The pool party is SUNDAY.,open,high,margaret948@example.com,"[""wismo"",""surge""]",1506,1506
TCK-SRG-01870,Swan restock date?,Site says backordered. When is restock? Asking for a group chat of 200 people.,open,normal,nadia456@example.com,"[""surge"",""presales""]",1571,1571
TCK-SRG-01871,Did my order go through?,Site spun for 5 minutes at checkout. Charged but no confirmation email. Did I buy a swan or donate to one?,open,normal,mabel161@example.com,"[""surge"",""billing""]",1821,1821
TCK-SRG-01872,September?? Really?,Quoted September delivery. Summer ENDS. Explain the plan or refund me.,open,high,deshawn749@example.com,"[""surge"",""wismo""]",1462,1462
TCK-SRG-01873,September?? Really?,Quoted September delivery. Summer ENDS. Explain the plan or refund me.,open,high,ray527@example.com,"[""surge"",""wismo""]",1365,1365
TCK-SRG-01874,Did my order go through?,Site spun for 5 minutes at checkout. Charged but no confirmation email. Did I buy a swan or donate to one?,open,normal,carlos732@example.com,"[""surge"",""billing""]",1847,1847
TCK-SRG-01875,Buying 30 swans for a sorority event,Can we get 30 units and a bulk discount? Flexible on color. Not flexible on date.,open,normal,luis328@example.com,"[""surge"",""presales"",""bulk""]",1848,1848
TCK-SRG-01876,Did my order go through?,Site spun for 5 minutes at checkout. Charged but no confirmation email. Did I buy a swan or donate to one?,open,normal,keiko501@example.com,"[""surge"",""billing""]",1327,1327
TCK-SRG-01877,Buying 30 swans for a sorority event,Can we get 30 units and a bulk discount? Flexible on color. Not flexible on date.,open,normal,deshawn541@example.com,"[""surge"",""presales"",""bulk""]",1364,1364
TCK-SRG-01878,September?? Really?,Quoted September delivery. Summer ENDS. Explain the plan or refund me.,open,high,keiko625@example.com,"[""surge"",""wismo""]",1420,1420
TCK-SRG-01879,September?? Really?,Quoted September delivery. Summer ENDS. Explain the plan or refund me.,open,high,ivan682@example.com,"[""surge"",""wismo""]",1332,1332
TCK-SRG-01880,Buying 30 swans for a sorority event,Can we get 30 units and a bulk discount? Flexible on color. Not flexible on date.,open,normal,chen990@example.com,"[""surge"",""presales"",""bulk""]",1662,1662
TCK-SRG-01881,Did my order go through?,Site spun for 5 minutes at checkout. Charged but no confirmation email. Did I buy a swan or donate to one?,open,normal,chen914@example.com,"[""surge"",""billing""]",1521,1521
TCK-SRG-01882,Buying 30 swans for a sorority event,Can we get 30 units and a bulk discount? Flexible on color. Not flexible on date.,open,normal,jerome740@example.com,"[""surge"",""presales"",""bulk""]",1682,1682
TCK-SRG-01883,Cancel if not shipping this week,"If the Colossal Swan cannot arrive before the 14th, cancel order ORD-103086. The moment will have passed.",open,normal,dolores693@example.com,"[""surge"",""cancel""]",1854,1854
TCK-SRG-01884,Swan restock date?,Site says backordered. When is restock? Asking for a group chat of 200 people.,open,normal,jerome956@example.com,"[""surge"",""presales""]",1818,1818
TCK-SRG-01885,WHERE IS MY SWAN,Ordered the second I saw the video. Confirmation says yesterday. Nothing since. The pool party is SUNDAY.,open,high,harriet212@example.com,"[""wismo"",""surge""]",1616,1616
TCK-SRG-01886,Order status: swan,"I understand you are busy. I am simply asking for any information at all about order ORD-105878. Anything. A vibe, even.",open,normal,lamar609@example.com,"[""wismo"",""surge""]",1366,1366
TCK-SRG-01887,Swan restock date?,Site says backordered. When is restock? Asking for a group chat of 200 people.,open,normal,nellie839@example.com,"[""surge"",""presales""]",1611,1611
TCK-SRG-01888,Cancel if not shipping this week,"If the Colossal Swan cannot arrive before the 14th, cancel order ORD-104818. The moment will have passed.",open,normal,omar411@example.com,"[""surge"",""cancel""]",1831,1831
TCK-SRG-01889,Order status: swan,"I understand you are busy. I am simply asking for any information at all about order ORD-104206. Anything. A vibe, even.",open,normal,rosa515@example.com,"[""wismo"",""surge""]",1807,1807
TCK-SRG-01890,Order status: swan,"I understand you are busy. I am simply asking for any information at all about order ORD-104833. Anything. A vibe, even.",open,normal,stan940@example.com,"[""wismo"",""surge""]",1684,1684
TCK-SRG-01891,Buying 30 swans for a sorority event,Can we get 30 units and a bulk discount? Flexible on color. Not flexible on date.,open,normal,arthur203@example.com,"[""surge"",""presales"",""bulk""]",1847,1847
TCK-SRG-01892,WHERE IS MY SWAN,Ordered the second I saw the video. Confirmation says yesterday. Nothing since. The pool party is SUNDAY.,open,high,dolores864@example.com,"[""wismo"",""surge""]",1705,1705
TCK-SRG-01893,Order status: swan,"I understand you are busy. I am simply asking for any information at all about order ORD-105734. Anything. A vibe, even.",open,normal,mabel199@example.com,"[""wismo"",""surge""]",1604,1604
TCK-SRG-01894,WHERE IS MY SWAN,Ordered the second I saw the video. Confirmation says yesterday. Nothing since. The pool party is SUNDAY.,open,high,vera947@example.com,"[""wismo"",""surge""]",1665,1665
TCK-SRG-01895,Order status: swan,"I understand you are busy. I am simply asking for any information at all about order ORD-103870. Anything. A vibe, even.",open,normal,ray673@example.com,"[""wismo"",""surge""]",1800,1800
TCK-SRG-01896,Swan restock date?,Site says backordered. When is restock? Asking for a group chat of 200 people.,open,normal,deshawn120@example.com,"[""surge"",""presales""]",1719,1719
TCK-SRG-01897,Buying 30 swans for a sorority event,Can we get 30 units and a bulk discount? Flexible on color. Not flexible on date.,open,normal,ray372@example.com,"[""surge"",""presales"",""bulk""]",1926,1926
TCK-SRG-01898,Buying 30 swans for a sorority event,Can we get 30 units and a bulk discount? Flexible on color. Not flexible on date.,open,normal,rosa521@example.com,"[""surge"",""presales"",""bulk""]",1915,1915
TCK-SRG-01899,Cancel if not shipping this week,"If the Colossal Swan cannot arrive before the 14th, cancel order ORD-107611. The moment will have passed.",open,normal,curtis548@example.com,"[""surge"",""cancel""]",1370,1370
TCK-SRG-01900,Did my order go through?,Site spun for 5 minutes at checkout. Charged but no confirmation email. Did I buy a swan or donate to one?,open,normal,wes112@example.com,"[""surge"",""billing""]",1534,1534
TCK-SRG-01901,Order status: swan,"I understand you are busy. I am simply asking for any information at all about order ORD-107122. Anything. A vibe, even.",open,normal,jamal747@example.com,"[""wismo"",""surge""]",1831,1831
TCK-SRG-01902,Cancel if not shipping this week,"If the Colossal Swan cannot arrive before the 14th, cancel order ORD-107390. The moment will have passed.",open,normal,ernesto351@example.com,"[""surge"",""cancel""]",1530,1530
TCK-SRG-01903,Buying 30 swans for a sorority event,Can we get 30 units and a bulk discount? Flexible on color. Not flexible on date.,open,normal,bettye222@example.com,"[""surge"",""presales"",""bulk""]",1541,1541
TCK-SRG-01904,Order status: swan,"I understand you are busy. I am simply asking for any information at all about order ORD-107317. Anything. A vibe, even.",open,normal,greg484@example.com,"[""wismo"",""surge""]",1823,1823
TCK-SRG-01905,Did my order go through?,Site spun for 5 minutes at checkout. Charged but no confirmation email. Did I buy a swan or donate to one?,open,normal,harriet804@example.com,"[""surge"",""billing""]",1527,1527
TCK-SRG-01906,Order status: swan,"I understand you are busy. I am simply asking for any information at all about order ORD-103150. Anything. A vibe, even.",open,normal,deshawn966@example.com,"[""wismo"",""surge""]",1396,1396
TCK-SRG-01907,Buying 30 swans for a sorority event,Can we get 30 units and a bulk discount? Flexible on color. Not flexible on date.,open,normal,greg344@example.com,"[""surge"",""presales"",""bulk""]",1900,1900
TCK-SRG-01908,Did my order go through?,Site spun for 5 minutes at checkout. Charged but no confirmation email. Did I buy a swan or donate to one?,open,normal,jerome407@example.com,"[""surge"",""billing""]",1434,1434
TCK-SRG-01909,Buying 30 swans for a sorority event,Can we get 30 units and a bulk discount? Flexible on color. Not flexible on date.,open,normal,tina598@example.com,"[""surge"",""presales"",""bulk""]",1376,1376
TCK-SRG-01910,WHERE IS MY SWAN,Ordered the second I saw the video. Confirmation says yesterday. Nothing since. The pool party is SUNDAY.,open,high,jamal109@example.com,"[""wismo"",""surge""]",1930,1930
TCK-SRG-01911,Swan restock date?,Site says backordered. When is restock? Asking for a group chat of 200 people.,open,normal,vera485@example.com,"[""surge"",""presales""]",1739,1739
TCK-SRG-01912,Order status: swan,"I understand you are busy. I am simply asking for any information at all about order ORD-107885. Anything. A vibe, even.",open,normal,carlos171@example.com,"[""wismo"",""surge""]",1766,1766
TCK-SRG-01913,Swan restock date?,Site says backordered. When is restock? Asking for a group chat of 200 people.,open,normal,nellie251@example.com,"[""surge"",""presales""]",1699,1699
TCK-SRG-01914,Cancel if not shipping this week,"If the Colossal Swan cannot arrive before the 14th, cancel order ORD-106603. The moment will have passed.",open,normal,fatima562@example.com,"[""surge"",""cancel""]",1343,1343
TCK-SRG-01915,Cancel if not shipping this week,"If the Colossal Swan cannot arrive before the 14th, cancel order ORD-104858. The moment will have passed.",open,normal,jamal631@example.com,"[""surge"",""cancel""]",1813,1813
TCK-SRG-01916,Cancel if not shipping this week,"If the Colossal Swan cannot arrive before the 14th, cancel order ORD-107707. The moment will have passed.",open,normal,carlos580@example.com,"[""surge"",""cancel""]",1692,1692
TCK-SRG-01917,WHERE IS MY SWAN,Ordered the second I saw the video. Confirmation says yesterday. Nothing since. The pool party is SUNDAY.,open,high,hannah409@example.com,"[""wismo"",""surge""]",1325,1325
TCK-SRG-01918,Cancel if not shipping this week,"If the Colossal Swan cannot arrive before the 14th, cancel order ORD-104939. The moment will have passed.",open,normal,nadia442@example.com,"[""surge"",""cancel""]",1730,1730
TCK-SRG-01919,Buying 30 swans for a sorority event,Can we get 30 units and a bulk discount? Flexible on color. Not flexible on date.,open,normal,zoe688@example.com,"[""surge"",""presales"",""bulk""]",1609,1609
TCK-SRG-01920,WHERE IS MY SWAN,Ordered the second I saw the video. Confirmation says yesterday. Nothing since. The pool party is SUNDAY.,open,high,ernesto941@example.com,"[""wismo"",""surge""]",1336,1336
TCK-SRG-01921,Swan restock date?,Site says backordered. When is restock? Asking for a group chat of 200 people.,open,normal,yuki564@example.com,"[""surge"",""presales""]",1357,1357
TCK-SRG-01922,Swan restock date?,Site says backordered. When is restock? Asking for a group chat of 200 people.,open,normal,rosa571@example.com,"[""surge"",""presales""]",1446,1446
TCK-SRG-01923,WHERE IS MY SWAN,Ordered the second I saw the video. Confirmation says yesterday. Nothing since. The pool party is SUNDAY.,open,high,ernesto794@example.com,"[""wismo"",""surge""]",1892,1892
TCK-SRG-01924,Buying 30 swans for a sorority event,Can we get 30 units and a bulk discount? Flexible on color. Not flexible on date.,open,normal,pearl337@example.com,"[""surge"",""presales"",""bulk""]",1629,1629
TCK-SRG-01925,Swan restock date?,Site says backordered. When is restock? Asking for a group chat of 200 people.,open,normal,nadia358@example.com,"[""surge"",""presales""]",1600,1600
TCK-SRG-01926,WHERE IS MY SWAN,Ordered the second I saw the video. Confirmation says yesterday. Nothing since. The pool party is SUNDAY.,open,high,fatima867@example.com,"[""wismo"",""surge""]",1895,1895
TCK-SRG-01927,Buying 30 swans for a sorority event,Can we get 30 units and a bulk discount? Flexible on color. Not flexible on date.,open,normal,nellie892@example.com,"[""surge"",""presales"",""bulk""]",1902,1902
TCK-SRG-01928,September?? Really?,Quoted September delivery. Summer ENDS. Explain the plan or refund me.,open,high,jerome179@example.com,"[""surge"",""wismo""]",1374,1374
TCK-SRG-01929,Swan restock date?,Site says backordered. When is restock? Asking for a group chat of 200 people.,open,normal,paloma659@example.com,"[""surge"",""presales""]",1768,1768
TCK-SRG-01930,Order status: swan,"I understand you are busy. I am simply asking for any information at all about order ORD-105515. Anything. A vibe, even.",open,normal,tomasz116@example.com,"[""wismo"",""surge""]",1361,1361
TCK-SRG-01931,Order status: swan,"I understand you are busy. I am simply asking for any information at all about order ORD-107768. Anything. A vibe, even.",open,normal,yosef309@example.com,"[""wismo"",""surge""]",1540,1540
TCK-SRG-01932,Swan restock date?,Site says backordered. When is restock? Asking for a group chat of 200 people.,open,normal,chen346@example.com,"[""surge"",""presales""]",1943,1943
TCK-SRG-01933,Buying 30 swans for a sorority event,Can we get 30 units and a bulk discount? Flexible on color. Not flexible on date.,solved,normal,vera451@example.com,"[""surge"",""presales"",""bulk""]",1862,1862
TCK-SRG-01934,WHERE IS MY SWAN,Ordered the second I saw the video. Confirmation says yesterday. Nothing since. The pool party is SUNDAY.,open,high,luis489@example.com,"[""wismo"",""surge""]",1375,1375
TCK-SRG-01935,WHERE IS MY SWAN,Ordered the second I saw the video. Confirmation says yesterday. Nothing since. The pool party is SUNDAY.,open,high,paloma432@example.com,"[""wismo"",""surge""]",1321,1321
TCK-SRG-01936,Cancel if not shipping this week,"If the Colossal Swan cannot arrive before the 14th, cancel order ORD-103567. The moment will have passed.",open,normal,yuki137@example.com,"[""surge"",""cancel""]",1846,1846
TCK-SRG-01937,Order status: swan,"I understand you are busy. I am simply asking for any information at all about order ORD-103567. Anything. A vibe, even.",open,normal,pearl777@example.com,"[""wismo"",""surge""]",1664,1664
TCK-SRG-01938,WHERE IS MY SWAN,Ordered the second I saw the video. Confirmation says yesterday. Nothing since. The pool party is SUNDAY.,open,high,tina309@example.com,"[""wismo"",""surge""]",1788,1788
TCK-SRG-01939,Buying 30 swans for a sorority event,Can we get 30 units and a bulk discount? Flexible on color. Not flexible on date.,open,normal,nellie611@example.com,"[""surge"",""presales"",""bulk""]",1542,1542
TCK-SRG-01940,September?? Really?,Quoted September delivery. Summer ENDS. Explain the plan or refund me.,open,high,margaret384@example.com,"[""surge"",""wismo""]",1577,1577
TCK-SRG-01941,Did my order go through?,Site spun for 5 minutes at checkout. Charged but no confirmation email. Did I buy a swan or donate to one?,open,normal,hannah413@example.com,"[""surge"",""billing""]",1547,1547
TCK-SRG-01942,Swan restock date?,Site says backordered. When is restock? Asking for a group chat of 200 people.,open,normal,tina965@example.com,"[""surge"",""presales""]",1424,1424
TCK-SRG-01943,Order status: swan,"I understand you are busy. I am simply asking for any information at all about order ORD-105608. Anything. A vibe, even.",open,normal,fatima122@example.com,"[""wismo"",""surge""]",1751,1751
TCK-SRG-01944,Did my order go through?,Site spun for 5 minutes at checkout. Charged but no confirmation email. Did I buy a swan or donate to one?,open,normal,yuki292@example.com,"[""surge"",""billing""]",1538,1538
TCK-SRG-01945,Cancel if not shipping this week,"If the Colossal Swan cannot arrive before the 14th, cancel order ORD-107201. The moment will have passed.",open,normal,deshawn568@example.com,"[""surge"",""cancel""]",1813,1813
TCK-SRG-01946,Order status: swan,"I understand you are busy. I am simply asking for any information at all about order ORD-107740. Anything. A vibe, even.",open,normal,harriet647@example.com,"[""wismo"",""surge""]",1727,1727
TCK-SRG-01947,WHERE IS MY SWAN,Ordered the second I saw the video. Confirmation says yesterday. Nothing since. The pool party is SUNDAY.,open,high,paloma912@example.com,"[""wismo"",""surge""]",1577,1577
TCK-SRG-01948,Buying 30 swans for a sorority event,Can we get 30 units and a bulk discount? Flexible on color. Not flexible on date.,open,normal,zoe449@example.com,"[""surge"",""presales"",""bulk""]",1421,1421
TCK-SRG-01949,Cancel if not shipping this week,"If the Colossal Swan cannot arrive before the 14th, cancel order ORD-105831. The moment will have passed.",open,normal,keiko140@example.com,"[""surge"",""cancel""]",1396,1396
TCK-SRG-01950,Did my order go through?,Site spun for 5 minutes at checkout. Charged but no confirmation email. Did I buy a swan or donate to one?,open,normal,luis746@example.com,"[""surge"",""billing""]",1889,1889
TCK-SRG-01951,WHERE IS MY SWAN,Ordered the second I saw the video. Confirmation says yesterday. Nothing since. The pool party is SUNDAY.,open,high,bettye399@example.com,"[""wismo"",""surge""]",1602,1602
TCK-SRG-01952,Swan restock date?,Site says backordered. When is restock? Asking for a group chat of 200 people.,open,normal,nellie758@example.com,"[""surge"",""presales""]",1915,1915
TCK-SRG-01953,Buying 30 swans for a sorority event,Can we get 30 units and a bulk discount? Flexible on color. Not flexible on date.,open,normal,harriet453@example.com,"[""surge"",""presales"",""bulk""]",1581,1581
TCK-SRG-01954,Did my order go through?,Site spun for 5 minutes at checkout. Charged but no confirmation email. Did I buy a swan or donate to one?,open,normal,umar719@example.com,"[""surge"",""billing""]",1639,1639
TCK-SRG-01955,Swan restock date?,Site says backordered. When is restock? Asking for a group chat of 200 people.,open,normal,otis369@example.com,"[""surge"",""presales""]",1637,1637
TCK-SRG-01956,September?? Really?,Quoted September delivery. Summer ENDS. Explain the plan or refund me.,open,high,stan648@example.com,"[""surge"",""wismo""]",1767,1767
TCK-SRG-01957,Did my order go through?,Site spun for 5 minutes at checkout. Charged but no confirmation email. Did I buy a swan or donate to one?,open,normal,paloma397@example.com,"[""surge"",""billing""]",1866,1866
TCK-SRG-01958,Cancel if not shipping this week,"If the Colossal Swan cannot arrive before the 14th, cancel order ORD-106493. The moment will have passed.",open,normal,mo836@example.com,"[""surge"",""cancel""]",1474,1474
TCK-SRG-01959,Buying 30 swans for a sorority event,Can we get 30 units and a bulk discount? Flexible on color. Not flexible on date.,open,normal,keiko819@example.com,"[""surge"",""presales"",""bulk""]",1582,1582
TCK-SRG-02460,September?? Really?,Quoted September delivery. Summer ENDS. Explain the plan or refund me.,open,high,umar366@example.com,"[""surge"",""wismo""]",1791,1791
TCK-SRG-01960,Buying 30 swans for a sorority event,Can we get 30 units and a bulk discount? Flexible on color. Not flexible on date.,open,normal,flo708@example.com,"[""surge"",""presales"",""bulk""]",1477,1477
TCK-SRG-01961,Swan restock date?,Site says backordered. When is restock? Asking for a group chat of 200 people.,open,normal,luis552@example.com,"[""surge"",""presales""]",1707,1707
TCK-SRG-01962,Cancel if not shipping this week,"If the Colossal Swan cannot arrive before the 14th, cancel order ORD-105801. The moment will have passed.",solved,normal,priya527@example.com,"[""surge"",""cancel""]",1856,1856
TCK-SRG-01963,Did my order go through?,Site spun for 5 minutes at checkout. Charged but no confirmation email. Did I buy a swan or donate to one?,open,normal,ximena892@example.com,"[""surge"",""billing""]",1461,1461
TCK-SRG-01964,September?? Really?,Quoted September delivery. Summer ENDS. Explain the plan or refund me.,open,high,flo885@example.com,"[""surge"",""wismo""]",1414,1414
TCK-SRG-01965,Buying 30 swans for a sorority event,Can we get 30 units and a bulk discount? Flexible on color. Not flexible on date.,open,normal,ernesto266@example.com,"[""surge"",""presales"",""bulk""]",1503,1503
TCK-SRG-01966,Swan restock date?,Site says backordered. When is restock? Asking for a group chat of 200 people.,open,normal,jamal101@example.com,"[""surge"",""presales""]",1747,1747
TCK-SRG-01967,Did my order go through?,Site spun for 5 minutes at checkout. Charged but no confirmation email. Did I buy a swan or donate to one?,open,normal,lamar349@example.com,"[""surge"",""billing""]",1758,1758
TCK-SRG-01968,Order status: swan,"I understand you are busy. I am simply asking for any information at all about order ORD-107071. Anything. A vibe, even.",open,normal,luis859@example.com,"[""wismo"",""surge""]",1847,1847
TCK-SRG-01969,WHERE IS MY SWAN,Ordered the second I saw the video. Confirmation says yesterday. Nothing since. The pool party is SUNDAY.,open,high,fatima398@example.com,"[""wismo"",""surge""]",1647,1647
TCK-SRG-01970,Buying 30 swans for a sorority event,Can we get 30 units and a bulk discount? Flexible on color. Not flexible on date.,open,normal,wes949@example.com,"[""surge"",""presales"",""bulk""]",1589,1589
TCK-SRG-01971,Order status: swan,"I understand you are busy. I am simply asking for any information at all about order ORD-104558. Anything. A vibe, even.",open,normal,yosef740@example.com,"[""wismo"",""surge""]",1822,1822
TCK-SRG-01972,Did my order go through?,Site spun for 5 minutes at checkout. Charged but no confirmation email. Did I buy a swan or donate to one?,open,normal,fatima124@example.com,"[""surge"",""billing""]",1788,1788
TCK-SRG-01973,Did my order go through?,Site spun for 5 minutes at checkout. Charged but no confirmation email. Did I buy a swan or donate to one?,open,normal,bettye820@example.com,"[""surge"",""billing""]",1509,1509
TCK-SRG-01974,Order status: swan,"I understand you are busy. I am simply asking for any information at all about order ORD-103372. Anything. A vibe, even.",open,normal,paloma401@example.com,"[""wismo"",""surge""]",1469,1469
TCK-SRG-01975,September?? Really?,Quoted September delivery. Summer ENDS. Explain the plan or refund me.,open,high,nellie739@example.com,"[""surge"",""wismo""]",1357,1357
TCK-SRG-01976,September?? Really?,Quoted September delivery. Summer ENDS. Explain the plan or refund me.,open,high,vera272@example.com,"[""surge"",""wismo""]",1559,1559
TCK-SRG-01977,September?? Really?,Quoted September delivery. Summer ENDS. Explain the plan or refund me.,open,high,nellie660@example.com,"[""surge"",""wismo""]",1837,1837
TCK-SRG-01978,WHERE IS MY SWAN,Ordered the second I saw the video. Confirmation says yesterday. Nothing since. The pool party is SUNDAY.,open,high,chen135@example.com,"[""wismo"",""surge""]",1806,1806
TCK-SRG-01979,Order status: swan,"I understand you are busy. I am simply asking for any information at all about order ORD-103884. Anything. A vibe, even.",open,normal,stan748@example.com,"[""wismo"",""surge""]",1499,1499
TCK-SRG-01980,WHERE IS MY SWAN,Ordered the second I saw the video. Confirmation says yesterday. Nothing since. The pool party is SUNDAY.,open,high,tina970@example.com,"[""wismo"",""surge""]",1807,1807
TCK-SRG-01981,Swan restock date?,Site says backordered. When is restock? Asking for a group chat of 200 people.,open,normal,luis710@example.com,"[""surge"",""presales""]",1632,1632
TCK-SRG-01982,WHERE IS MY SWAN,Ordered the second I saw the video. Confirmation says yesterday. Nothing since. The pool party is SUNDAY.,solved,high,priya802@example.com,"[""wismo"",""surge""]",1383,1383
TCK-SRG-01983,Cancel if not shipping this week,"If the Colossal Swan cannot arrive before the 14th, cancel order ORD-105282. The moment will have passed.",open,normal,kitty704@example.com,"[""surge"",""cancel""]",1330,1330
TCK-SRG-01984,Cancel if not shipping this week,"If the Colossal Swan cannot arrive before the 14th, cancel order ORD-104822. The moment will have passed.",open,normal,hannah197@example.com,"[""surge"",""cancel""]",1586,1586
TCK-SRG-01985,WHERE IS MY SWAN,Ordered the second I saw the video. Confirmation says yesterday. Nothing since. The pool party is SUNDAY.,open,high,yuki645@example.com,"[""wismo"",""surge""]",1778,1778
TCK-SRG-01986,Swan restock date?,Site says backordered. When is restock? Asking for a group chat of 200 people.,open,normal,yuki240@example.com,"[""surge"",""presales""]",1577,1577
TCK-SRG-01987,Cancel if not shipping this week,"If the Colossal Swan cannot arrive before the 14th, cancel order ORD-107363. The moment will have passed.",open,normal,omar669@example.com,"[""surge"",""cancel""]",1780,1780
TCK-SRG-01988,Buying 30 swans for a sorority event,Can we get 30 units and a bulk discount? Flexible on color. Not flexible on date.,open,normal,yosef730@example.com,"[""surge"",""presales"",""bulk""]",1406,1406
TCK-SRG-01989,Buying 30 swans for a sorority event,Can we get 30 units and a bulk discount? Flexible on color. Not flexible on date.,open,normal,ivan384@example.com,"[""surge"",""presales"",""bulk""]",1896,1896
TCK-SRG-01990,Buying 30 swans for a sorority event,Can we get 30 units and a bulk discount? Flexible on color. Not flexible on date.,open,normal,dolores214@example.com,"[""surge"",""presales"",""bulk""]",1621,1621
TCK-SRG-01991,Order status: swan,"I understand you are busy. I am simply asking for any information at all about order ORD-104245. Anything. A vibe, even.",open,normal,wes708@example.com,"[""wismo"",""surge""]",1633,1633
TCK-SRG-01992,Order status: swan,"I understand you are busy. I am simply asking for any information at all about order ORD-107004. Anything. A vibe, even.",open,normal,stan348@example.com,"[""wismo"",""surge""]",1633,1633
TCK-SRG-01993,September?? Really?,Quoted September delivery. Summer ENDS. Explain the plan or refund me.,open,high,umar701@example.com,"[""surge"",""wismo""]",1737,1737
TCK-SRG-01994,Swan restock date?,Site says backordered. When is restock? Asking for a group chat of 200 people.,open,normal,omar646@example.com,"[""surge"",""presales""]",1785,1785
TCK-SRG-01995,WHERE IS MY SWAN,Ordered the second I saw the video. Confirmation says yesterday. Nothing since. The pool party is SUNDAY.,open,high,lamar550@example.com,"[""wismo"",""surge""]",1871,1871
TCK-SRG-01996,Cancel if not shipping this week,"If the Colossal Swan cannot arrive before the 14th, cancel order ORD-107255. The moment will have passed.",open,normal,tina781@example.com,"[""surge"",""cancel""]",1547,1547
TCK-SRG-01997,WHERE IS MY SWAN,Ordered the second I saw the video. Confirmation says yesterday. Nothing since. The pool party is SUNDAY.,open,high,flo759@example.com,"[""wismo"",""surge""]",1342,1342
TCK-SRG-01998,Order status: swan,"I understand you are busy. I am simply asking for any information at all about order ORD-107368. Anything. A vibe, even.",open,normal,jamal465@example.com,"[""wismo"",""surge""]",1641,1641
TCK-SRG-01999,Did my order go through?,Site spun for 5 minutes at checkout. Charged but no confirmation email. Did I buy a swan or donate to one?,open,normal,flo705@example.com,"[""surge"",""billing""]",1404,1404
TCK-SRG-02000,Swan restock date?,Site says backordered. When is restock? Asking for a group chat of 200 people.,open,normal,keiko223@example.com,"[""surge"",""presales""]",1762,1762
TCK-SRG-02001,September?? Really?,Quoted September delivery. Summer ENDS. Explain the plan or refund me.,open,high,tomasz125@example.com,"[""surge"",""wismo""]",1704,1704
TCK-SRG-02002,September?? Really?,Quoted September delivery. Summer ENDS. Explain the plan or refund me.,open,high,linda957@example.com,"[""surge"",""wismo""]",1875,1875
TCK-SRG-02003,September?? Really?,Quoted September delivery. Summer ENDS. Explain the plan or refund me.,open,high,ximena917@example.com,"[""surge"",""wismo""]",1671,1671
TCK-SRG-02004,September?? Really?,Quoted September delivery. Summer ENDS. Explain the plan or refund me.,open,high,carlos645@example.com,"[""surge"",""wismo""]",1393,1393
TCK-SRG-02005,Did my order go through?,Site spun for 5 minutes at checkout. Charged but no confirmation email. Did I buy a swan or donate to one?,open,normal,tomasz178@example.com,"[""surge"",""billing""]",1808,1808
TCK-SRG-02006,WHERE IS MY SWAN,Ordered the second I saw the video. Confirmation says yesterday. Nothing since. The pool party is SUNDAY.,open,high,keiko213@example.com,"[""wismo"",""surge""]",1711,1711
TCK-SRG-02007,Swan restock date?,Site says backordered. When is restock? Asking for a group chat of 200 people.,open,normal,luis917@example.com,"[""surge"",""presales""]",1892,1892
TCK-SRG-02008,Buying 30 swans for a sorority event,Can we get 30 units and a bulk discount? Flexible on color. Not flexible on date.,open,normal,greg923@example.com,"[""surge"",""presales"",""bulk""]",1606,1606
TCK-SRG-02009,September?? Really?,Quoted September delivery. Summer ENDS. Explain the plan or refund me.,open,high,aisha304@example.com,"[""surge"",""wismo""]",1696,1696
TCK-SRG-02010,September?? Really?,Quoted September delivery. Summer ENDS. Explain the plan or refund me.,open,high,priya990@example.com,"[""surge"",""wismo""]",1718,1718
TCK-SRG-02011,September?? Really?,Quoted September delivery. Summer ENDS. Explain the plan or refund me.,open,high,bettye891@example.com,"[""surge"",""wismo""]",1562,1562
TCK-SRG-02012,WHERE IS MY SWAN,Ordered the second I saw the video. Confirmation says yesterday. Nothing since. The pool party is SUNDAY.,open,high,chen223@example.com,"[""wismo"",""surge""]",1597,1597
TCK-SRG-02013,Cancel if not shipping this week,"If the Colossal Swan cannot arrive before the 14th, cancel order ORD-103491. The moment will have passed.",open,normal,lamar729@example.com,"[""surge"",""cancel""]",1713,1713
TCK-SRG-02014,Swan restock date?,Site says backordered. When is restock? Asking for a group chat of 200 people.,open,normal,yosef119@example.com,"[""surge"",""presales""]",1710,1710
TCK-SRG-02015,Did my order go through?,Site spun for 5 minutes at checkout. Charged but no confirmation email. Did I buy a swan or donate to one?,open,normal,yuki139@example.com,"[""surge"",""billing""]",1348,1348
TCK-SRG-02016,Did my order go through?,Site spun for 5 minutes at checkout. Charged but no confirmation email. Did I buy a swan or donate to one?,open,normal,yuki613@example.com,"[""surge"",""billing""]",1443,1443
TCK-SRG-02017,Buying 30 swans for a sorority event,Can we get 30 units and a bulk discount? Flexible on color. Not flexible on date.,open,normal,luis196@example.com,"[""surge"",""presales"",""bulk""]",1927,1927
TCK-SRG-02018,Order status: swan,"I understand you are busy. I am simply asking for any information at all about order ORD-104992. Anything. A vibe, even.",open,normal,luis810@example.com,"[""wismo"",""surge""]",1948,1948
TCK-SRG-02019,Order status: swan,"I understand you are busy. I am simply asking for any information at all about order ORD-105401. Anything. A vibe, even.",open,normal,ray883@example.com,"[""wismo"",""surge""]",1853,1853
TCK-SRG-02020,Swan restock date?,Site says backordered. When is restock? Asking for a group chat of 200 people.,open,normal,yuki502@example.com,"[""surge"",""presales""]",1737,1737
TCK-SRG-02021,Swan restock date?,Site says backordered. When is restock? Asking for a group chat of 200 people.,open,normal,flo899@example.com,"[""surge"",""presales""]",1946,1946
TCK-SRG-02022,Buying 30 swans for a sorority event,Can we get 30 units and a bulk discount? Flexible on color. Not flexible on date.,open,normal,curtis339@example.com,"[""surge"",""presales"",""bulk""]",1754,1754
TCK-SRG-02023,September?? Really?,Quoted September delivery. Summer ENDS. Explain the plan or refund me.,open,high,ximena754@example.com,"[""surge"",""wismo""]",1571,1571
TCK-SRG-02024,Cancel if not shipping this week,"If the Colossal Swan cannot arrive before the 14th, cancel order ORD-106407. The moment will have passed.",open,normal,curtis436@example.com,"[""surge"",""cancel""]",1621,1621
TCK-SRG-02025,Did my order go through?,Site spun for 5 minutes at checkout. Charged but no confirmation email. Did I buy a swan or donate to one?,open,normal,pearl154@example.com,"[""surge"",""billing""]",1716,1716
TCK-SRG-02026,Cancel if not shipping this week,"If the Colossal Swan cannot arrive before the 14th, cancel order ORD-105018. The moment will have passed.",open,normal,pearl117@example.com,"[""surge"",""cancel""]",1722,1722
TCK-SRG-02027,Order status: swan,"I understand you are busy. I am simply asking for any information at all about order ORD-106712. Anything. A vibe, even.",open,normal,deshawn438@example.com,"[""wismo"",""surge""]",1584,1584
TCK-SRG-02028,Cancel if not shipping this week,"If the Colossal Swan cannot arrive before the 14th, cancel order ORD-103407. The moment will have passed.",open,normal,jamal940@example.com,"[""surge"",""cancel""]",1403,1403
TCK-SRG-02029,September?? Really?,Quoted September delivery. Summer ENDS. Explain the plan or refund me.,open,high,carlos621@example.com,"[""surge"",""wismo""]",1445,1445
TCK-SRG-02030,Swan restock date?,Site says backordered. When is restock? Asking for a group chat of 200 people.,open,normal,jerome839@example.com,"[""surge"",""presales""]",1757,1757
TCK-SRG-02031,Swan restock date?,Site says backordered. When is restock? Asking for a group chat of 200 people.,open,normal,ximena751@example.com,"[""surge"",""presales""]",1696,1696
TCK-SRG-02032,WHERE IS MY SWAN,Ordered the second I saw the video. Confirmation says yesterday. Nothing since. The pool party is SUNDAY.,open,high,arthur167@example.com,"[""wismo"",""surge""]",1817,1817
TCK-SRG-02033,WHERE IS MY SWAN,Ordered the second I saw the video. Confirmation says yesterday. Nothing since. The pool party is SUNDAY.,open,high,nadia794@example.com,"[""wismo"",""surge""]",1723,1723
TCK-SRG-02034,Swan restock date?,Site says backordered. When is restock? Asking for a group chat of 200 people.,open,normal,nadia415@example.com,"[""surge"",""presales""]",1456,1456
TCK-SRG-02035,Swan restock date?,Site says backordered. When is restock? Asking for a group chat of 200 people.,open,normal,stan353@example.com,"[""surge"",""presales""]",1750,1750
TCK-SRG-02036,Cancel if not shipping this week,"If the Colossal Swan cannot arrive before the 14th, cancel order ORD-106228. The moment will have passed.",open,normal,otis719@example.com,"[""surge"",""cancel""]",1719,1719
TCK-SRG-02037,Order status: swan,"I understand you are busy. I am simply asking for any information at all about order ORD-105259. Anything. A vibe, even.",open,normal,bob459@example.com,"[""wismo"",""surge""]",1563,1563
TCK-SRG-02038,Cancel if not shipping this week,"If the Colossal Swan cannot arrive before the 14th, cancel order ORD-106472. The moment will have passed.",open,normal,tina881@example.com,"[""surge"",""cancel""]",1870,1870
TCK-SRG-02039,Cancel if not shipping this week,"If the Colossal Swan cannot arrive before the 14th, cancel order ORD-105569. The moment will have passed.",open,normal,flo248@example.com,"[""surge"",""cancel""]",1919,1919
TCK-SRG-02040,Order status: swan,"I understand you are busy. I am simply asking for any information at all about order ORD-104645. Anything. A vibe, even.",open,normal,nellie664@example.com,"[""wismo"",""surge""]",1657,1657
TCK-SRG-02041,Did my order go through?,Site spun for 5 minutes at checkout. Charged but no confirmation email. Did I buy a swan or donate to one?,open,normal,luis491@example.com,"[""surge"",""billing""]",1810,1810
TCK-SRG-02042,September?? Really?,Quoted September delivery. Summer ENDS. Explain the plan or refund me.,open,high,chen127@example.com,"[""surge"",""wismo""]",1681,1681
TCK-SRG-02043,Swan restock date?,Site says backordered. When is restock? Asking for a group chat of 200 people.,open,normal,ximena541@example.com,"[""surge"",""presales""]",1519,1519
TCK-SRG-02044,Cancel if not shipping this week,"If the Colossal Swan cannot arrive before the 14th, cancel order ORD-106706. The moment will have passed.",open,normal,zoe472@example.com,"[""surge"",""cancel""]",1650,1650
TCK-SRG-02045,WHERE IS MY SWAN,Ordered the second I saw the video. Confirmation says yesterday. Nothing since. The pool party is SUNDAY.,open,high,rosa259@example.com,"[""wismo"",""surge""]",1669,1669
TCK-SRG-02046,WHERE IS MY SWAN,Ordered the second I saw the video. Confirmation says yesterday. Nothing since. The pool party is SUNDAY.,open,high,bettye289@example.com,"[""wismo"",""surge""]",1585,1585
TCK-SRG-02047,Order status: swan,"I understand you are busy. I am simply asking for any information at all about order ORD-106598. Anything. A vibe, even.",open,normal,margaret775@example.com,"[""wismo"",""surge""]",1697,1697
TCK-SRG-02048,Buying 30 swans for a sorority event,Can we get 30 units and a bulk discount? Flexible on color. Not flexible on date.,open,normal,gus120@example.com,"[""surge"",""presales"",""bulk""]",1923,1923
TCK-SRG-02049,September?? Really?,Quoted September delivery. Summer ENDS. Explain the plan or refund me.,open,high,otis512@example.com,"[""surge"",""wismo""]",1582,1582
TCK-SRG-02050,Buying 30 swans for a sorority event,Can we get 30 units and a bulk discount? Flexible on color. Not flexible on date.,open,normal,greg116@example.com,"[""surge"",""presales"",""bulk""]",1568,1568
TCK-SRG-02051,Swan restock date?,Site says backordered. When is restock? Asking for a group chat of 200 people.,solved,normal,nadia507@example.com,"[""surge"",""presales""]",1364,1364
TCK-SRG-02052,Did my order go through?,Site spun for 5 minutes at checkout. Charged but no confirmation email. Did I buy a swan or donate to one?,open,normal,priya662@example.com,"[""surge"",""billing""]",1641,1641
TCK-SRG-02053,Did my order go through?,Site spun for 5 minutes at checkout. Charged but no confirmation email. Did I buy a swan or donate to one?,open,normal,ivan402@example.com,"[""surge"",""billing""]",1466,1466
TCK-SRG-02054,WHERE IS MY SWAN,Ordered the second I saw the video. Confirmation says yesterday. Nothing since. The pool party is SUNDAY.,open,high,hannah778@example.com,"[""wismo"",""surge""]",1664,1664
TCK-SRG-02055,Cancel if not shipping this week,"If the Colossal Swan cannot arrive before the 14th, cancel order ORD-105594. The moment will have passed.",open,normal,lamar961@example.com,"[""surge"",""cancel""]",1680,1680
TCK-SRG-02056,Did my order go through?,Site spun for 5 minutes at checkout. Charged but no confirmation email. Did I buy a swan or donate to one?,open,normal,ximena297@example.com,"[""surge"",""billing""]",1536,1536
TCK-SRG-02057,Order status: swan,"I understand you are busy. I am simply asking for any information at all about order ORD-104212. Anything. A vibe, even.",open,normal,arthur641@example.com,"[""wismo"",""surge""]",1848,1848
TCK-SRG-02058,Order status: swan,"I understand you are busy. I am simply asking for any information at all about order ORD-105018. Anything. A vibe, even.",open,normal,fatima371@example.com,"[""wismo"",""surge""]",1768,1768
TCK-SRG-02059,Did my order go through?,Site spun for 5 minutes at checkout. Charged but no confirmation email. Did I buy a swan or donate to one?,open,normal,flo362@example.com,"[""surge"",""billing""]",1516,1516
TCK-SRG-02060,September?? Really?,Quoted September delivery. Summer ENDS. Explain the plan or refund me.,open,high,vera952@example.com,"[""surge"",""wismo""]",1755,1755
TCK-SRG-02061,Order status: swan,"I understand you are busy. I am simply asking for any information at all about order ORD-104248. Anything. A vibe, even.",open,normal,arthur588@example.com,"[""wismo"",""surge""]",1494,1494
TCK-SRG-02062,WHERE IS MY SWAN,Ordered the second I saw the video. Confirmation says yesterday. Nothing since. The pool party is SUNDAY.,open,high,flo216@example.com,"[""wismo"",""surge""]",1713,1713
TCK-SRG-02063,Buying 30 swans for a sorority event,Can we get 30 units and a bulk discount? Flexible on color. Not flexible on date.,open,normal,flo530@example.com,"[""surge"",""presales"",""bulk""]",1885,1885
TCK-SRG-02064,Swan restock date?,Site says backordered. When is restock? Asking for a group chat of 200 people.,open,normal,bettye555@example.com,"[""surge"",""presales""]",1817,1817
TCK-SRG-02065,Cancel if not shipping this week,"If the Colossal Swan cannot arrive before the 14th, cancel order ORD-107928. The moment will have passed.",open,normal,gus990@example.com,"[""surge"",""cancel""]",1758,1758
TCK-SRG-02066,Swan restock date?,Site says backordered. When is restock? Asking for a group chat of 200 people.,open,normal,curtis202@example.com,"[""surge"",""presales""]",1578,1578
TCK-SRG-02067,Order status: swan,"I understand you are busy. I am simply asking for any information at all about order ORD-105655. Anything. A vibe, even.",open,normal,fatima315@example.com,"[""wismo"",""surge""]",1658,1658
TCK-SRG-02068,Order status: swan,"I understand you are busy. I am simply asking for any information at all about order ORD-103168. Anything. A vibe, even.",open,normal,stan515@example.com,"[""wismo"",""surge""]",1593,1593
TCK-SRG-02069,WHERE IS MY SWAN,Ordered the second I saw the video. Confirmation says yesterday. Nothing since. The pool party is SUNDAY.,open,high,jamal126@example.com,"[""wismo"",""surge""]",1685,1685
TCK-SRG-02070,September?? Really?,Quoted September delivery. Summer ENDS. Explain the plan or refund me.,open,high,aisha246@example.com,"[""surge"",""wismo""]",1729,1729
TCK-SRG-02071,Buying 30 swans for a sorority event,Can we get 30 units and a bulk discount? Flexible on color. Not flexible on date.,open,normal,priya887@example.com,"[""surge"",""presales"",""bulk""]",1703,1703
TCK-SRG-02072,Order status: swan,"I understand you are busy. I am simply asking for any information at all about order ORD-106310. Anything. A vibe, even.",open,normal,vera413@example.com,"[""wismo"",""surge""]",1935,1935
TCK-SRG-02073,Cancel if not shipping this week,"If the Colossal Swan cannot arrive before the 14th, cancel order ORD-105497. The moment will have passed.",open,normal,hannah339@example.com,"[""surge"",""cancel""]",1558,1558
TCK-SRG-02074,Did my order go through?,Site spun for 5 minutes at checkout. Charged but no confirmation email. Did I buy a swan or donate to one?,open,normal,pearl555@example.com,"[""surge"",""billing""]",1851,1851
TCK-SRG-02075,Swan restock date?,Site says backordered. When is restock? Asking for a group chat of 200 people.,open,normal,ingrid693@example.com,"[""surge"",""presales""]",1432,1432
TCK-SRG-02076,Swan restock date?,Site says backordered. When is restock? Asking for a group chat of 200 people.,open,normal,flo419@example.com,"[""surge"",""presales""]",1842,1842
TCK-SRG-02077,Cancel if not shipping this week,"If the Colossal Swan cannot arrive before the 14th, cancel order ORD-105949. The moment will have passed.",open,normal,yosef561@example.com,"[""surge"",""cancel""]",1775,1775
TCK-SRG-02078,September?? Really?,Quoted September delivery. Summer ENDS. Explain the plan or refund me.,open,high,paloma784@example.com,"[""surge"",""wismo""]",1634,1634
TCK-SRG-02079,WHERE IS MY SWAN,Ordered the second I saw the video. Confirmation says yesterday. Nothing since. The pool party is SUNDAY.,open,high,curtis363@example.com,"[""wismo"",""surge""]",1671,1671
TCK-SRG-02080,Swan restock date?,Site says backordered. When is restock? Asking for a group chat of 200 people.,open,normal,priya902@example.com,"[""surge"",""presales""]",1868,1868
TCK-SRG-02081,Buying 30 swans for a sorority event,Can we get 30 units and a bulk discount? Flexible on color. Not flexible on date.,open,normal,jamal471@example.com,"[""surge"",""presales"",""bulk""]",1603,1603
TCK-SRG-02082,Buying 30 swans for a sorority event,Can we get 30 units and a bulk discount? Flexible on color. Not flexible on date.,open,normal,ivan357@example.com,"[""surge"",""presales"",""bulk""]",1475,1475
TCK-SRG-02083,WHERE IS MY SWAN,Ordered the second I saw the video. Confirmation says yesterday. Nothing since. The pool party is SUNDAY.,open,high,ingrid319@example.com,"[""wismo"",""surge""]",1511,1511
TCK-SRG-02084,Cancel if not shipping this week,"If the Colossal Swan cannot arrive before the 14th, cancel order ORD-107605. The moment will have passed.",open,normal,bettye675@example.com,"[""surge"",""cancel""]",1899,1899
TCK-SRG-02085,September?? Really?,Quoted September delivery. Summer ENDS. Explain the plan or refund me.,open,high,lamar892@example.com,"[""surge"",""wismo""]",1900,1900
TCK-SRG-02086,Did my order go through?,Site spun for 5 minutes at checkout. Charged but no confirmation email. Did I buy a swan or donate to one?,open,normal,ray456@example.com,"[""surge"",""billing""]",1714,1714
TCK-SRG-02087,Buying 30 swans for a sorority event,Can we get 30 units and a bulk discount? Flexible on color. Not flexible on date.,open,normal,linda816@example.com,"[""surge"",""presales"",""bulk""]",1495,1495
TCK-SRG-02088,Cancel if not shipping this week,"If the Colossal Swan cannot arrive before the 14th, cancel order ORD-105553. The moment will have passed.",open,normal,luis259@example.com,"[""surge"",""cancel""]",1498,1498
TCK-SRG-02089,Order status: swan,"I understand you are busy. I am simply asking for any information at all about order ORD-106995. Anything. A vibe, even.",open,normal,margaret978@example.com,"[""wismo"",""surge""]",1327,1327
TCK-SRG-02090,WHERE IS MY SWAN,Ordered the second I saw the video. Confirmation says yesterday. Nothing since. The pool party is SUNDAY.,open,high,nadia573@example.com,"[""wismo"",""surge""]",1465,1465
TCK-SRG-02091,Buying 30 swans for a sorority event,Can we get 30 units and a bulk discount? Flexible on color. Not flexible on date.,open,normal,carlos155@example.com,"[""surge"",""presales"",""bulk""]",1715,1715
TCK-SRG-02092,Buying 30 swans for a sorority event,Can we get 30 units and a bulk discount? Flexible on color. Not flexible on date.,open,normal,deshawn731@example.com,"[""surge"",""presales"",""bulk""]",1628,1628
TCK-SRG-02093,Buying 30 swans for a sorority event,Can we get 30 units and a bulk discount? Flexible on color. Not flexible on date.,open,normal,ivan521@example.com,"[""surge"",""presales"",""bulk""]",1707,1707
TCK-SRG-02094,September?? Really?,Quoted September delivery. Summer ENDS. Explain the plan or refund me.,open,high,linda598@example.com,"[""surge"",""wismo""]",1656,1656
TCK-SRG-02095,Cancel if not shipping this week,"If the Colossal Swan cannot arrive before the 14th, cancel order ORD-105374. The moment will have passed.",open,normal,mabel707@example.com,"[""surge"",""cancel""]",1761,1761
TCK-SRG-02096,Did my order go through?,Site spun for 5 minutes at checkout. Charged but no confirmation email. Did I buy a swan or donate to one?,open,normal,nellie933@example.com,"[""surge"",""billing""]",1365,1365
TCK-SRG-02097,WHERE IS MY SWAN,Ordered the second I saw the video. Confirmation says yesterday. Nothing since. The pool party is SUNDAY.,open,high,harriet717@example.com,"[""wismo"",""surge""]",1510,1510
TCK-SRG-02098,Order status: swan,"I understand you are busy. I am simply asking for any information at all about order ORD-107988. Anything. A vibe, even.",open,normal,umar911@example.com,"[""wismo"",""surge""]",1355,1355
TCK-SRG-02099,Order status: swan,"I understand you are busy. I am simply asking for any information at all about order ORD-105815. Anything. A vibe, even.",open,normal,greg676@example.com,"[""wismo"",""surge""]",1437,1437
TCK-SRG-02100,Swan restock date?,Site says backordered. When is restock? Asking for a group chat of 200 people.,open,normal,curtis921@example.com,"[""surge"",""presales""]",1462,1462
TCK-SRG-02101,Cancel if not shipping this week,"If the Colossal Swan cannot arrive before the 14th, cancel order ORD-103971. The moment will have passed.",open,normal,otis191@example.com,"[""surge"",""cancel""]",1413,1413
TCK-SRG-02102,Did my order go through?,Site spun for 5 minutes at checkout. Charged but no confirmation email. Did I buy a swan or donate to one?,open,normal,kitty367@example.com,"[""surge"",""billing""]",1842,1842
TCK-SRG-02103,WHERE IS MY SWAN,Ordered the second I saw the video. Confirmation says yesterday. Nothing since. The pool party is SUNDAY.,open,high,greg380@example.com,"[""wismo"",""surge""]",1943,1943
TCK-SRG-02104,Did my order go through?,Site spun for 5 minutes at checkout. Charged but no confirmation email. Did I buy a swan or donate to one?,open,normal,yuki147@example.com,"[""surge"",""billing""]",1917,1917
TCK-SRG-02105,Did my order go through?,Site spun for 5 minutes at checkout. Charged but no confirmation email. Did I buy a swan or donate to one?,open,normal,yuki963@example.com,"[""surge"",""billing""]",1733,1733
TCK-SRG-02106,Buying 30 swans for a sorority event,Can we get 30 units and a bulk discount? Flexible on color. Not flexible on date.,open,normal,kitty735@example.com,"[""surge"",""presales"",""bulk""]",1809,1809
TCK-SRG-02107,Swan restock date?,Site says backordered. When is restock? Asking for a group chat of 200 people.,open,normal,tina867@example.com,"[""surge"",""presales""]",1533,1533
TCK-SRG-02108,Buying 30 swans for a sorority event,Can we get 30 units and a bulk discount? Flexible on color. Not flexible on date.,open,normal,arthur953@example.com,"[""surge"",""presales"",""bulk""]",1686,1686
TCK-SRG-02109,Did my order go through?,Site spun for 5 minutes at checkout. Charged but no confirmation email. Did I buy a swan or donate to one?,open,normal,lamar566@example.com,"[""surge"",""billing""]",1625,1625
TCK-SRG-02110,Swan restock date?,Site says backordered. When is restock? Asking for a group chat of 200 people.,open,normal,yuki387@example.com,"[""surge"",""presales""]",1416,1416
TCK-SRG-02111,WHERE IS MY SWAN,Ordered the second I saw the video. Confirmation says yesterday. Nothing since. The pool party is SUNDAY.,open,high,umar572@example.com,"[""wismo"",""surge""]",1604,1604
TCK-SRG-02112,Buying 30 swans for a sorority event,Can we get 30 units and a bulk discount? Flexible on color. Not flexible on date.,open,normal,ivan468@example.com,"[""surge"",""presales"",""bulk""]",1742,1742
TCK-SRG-02113,Buying 30 swans for a sorority event,Can we get 30 units and a bulk discount? Flexible on color. Not flexible on date.,open,normal,paloma230@example.com,"[""surge"",""presales"",""bulk""]",1702,1702
TCK-SRG-02114,WHERE IS MY SWAN,Ordered the second I saw the video. Confirmation says yesterday. Nothing since. The pool party is SUNDAY.,open,high,bettye920@example.com,"[""wismo"",""surge""]",1509,1509
TCK-SRG-02115,Buying 30 swans for a sorority event,Can we get 30 units and a bulk discount? Flexible on color. Not flexible on date.,open,normal,linda235@example.com,"[""surge"",""presales"",""bulk""]",1643,1643
TCK-SRG-02116,Did my order go through?,Site spun for 5 minutes at checkout. Charged but no confirmation email. Did I buy a swan or donate to one?,open,normal,omar270@example.com,"[""surge"",""billing""]",1626,1626
TCK-SRG-02117,September?? Really?,Quoted September delivery. Summer ENDS. Explain the plan or refund me.,open,high,ingrid531@example.com,"[""surge"",""wismo""]",1595,1595
TCK-SRG-02118,Buying 30 swans for a sorority event,Can we get 30 units and a bulk discount? Flexible on color. Not flexible on date.,open,normal,pearl937@example.com,"[""surge"",""presales"",""bulk""]",1598,1598
TCK-SRG-02119,Swan restock date?,Site says backordered. When is restock? Asking for a group chat of 200 people.,open,normal,chen457@example.com,"[""surge"",""presales""]",1556,1556
TCK-SRG-02120,September?? Really?,Quoted September delivery. Summer ENDS. Explain the plan or refund me.,open,high,aisha302@example.com,"[""surge"",""wismo""]",1489,1489
TCK-SRG-02121,Buying 30 swans for a sorority event,Can we get 30 units and a bulk discount? Flexible on color. Not flexible on date.,open,normal,greg786@example.com,"[""surge"",""presales"",""bulk""]",1426,1426
TCK-SRG-02122,Did my order go through?,Site spun for 5 minutes at checkout. Charged but no confirmation email. Did I buy a swan or donate to one?,open,normal,omar905@example.com,"[""surge"",""billing""]",1390,1390
TCK-SRG-02123,September?? Really?,Quoted September delivery. Summer ENDS. Explain the plan or refund me.,open,high,vera639@example.com,"[""surge"",""wismo""]",1494,1494
TCK-SRG-02124,Buying 30 swans for a sorority event,Can we get 30 units and a bulk discount? Flexible on color. Not flexible on date.,open,normal,mo859@example.com,"[""surge"",""presales"",""bulk""]",1394,1394
TCK-SRG-02125,Buying 30 swans for a sorority event,Can we get 30 units and a bulk discount? Flexible on color. Not flexible on date.,open,normal,vera620@example.com,"[""surge"",""presales"",""bulk""]",1524,1524
TCK-SRG-02126,Did my order go through?,Site spun for 5 minutes at checkout. Charged but no confirmation email. Did I buy a swan or donate to one?,open,normal,lamar720@example.com,"[""surge"",""billing""]",1426,1426
TCK-SRG-02127,WHERE IS MY SWAN,Ordered the second I saw the video. Confirmation says yesterday. Nothing since. The pool party is SUNDAY.,open,high,linda246@example.com,"[""wismo"",""surge""]",1763,1763
TCK-SRG-02128,Buying 30 swans for a sorority event,Can we get 30 units and a bulk discount? Flexible on color. Not flexible on date.,open,normal,chen906@example.com,"[""surge"",""presales"",""bulk""]",1550,1550
TCK-SRG-02129,WHERE IS MY SWAN,Ordered the second I saw the video. Confirmation says yesterday. Nothing since. The pool party is SUNDAY.,open,high,fatima892@example.com,"[""wismo"",""surge""]",1669,1669
TCK-SRG-02130,WHERE IS MY SWAN,Ordered the second I saw the video. Confirmation says yesterday. Nothing since. The pool party is SUNDAY.,open,high,greg169@example.com,"[""wismo"",""surge""]",1810,1810
TCK-SRG-02131,Cancel if not shipping this week,"If the Colossal Swan cannot arrive before the 14th, cancel order ORD-104226. The moment will have passed.",open,normal,deshawn654@example.com,"[""surge"",""cancel""]",1328,1328
TCK-SRG-02132,Swan restock date?,Site says backordered. When is restock? Asking for a group chat of 200 people.,open,normal,omar940@example.com,"[""surge"",""presales""]",1809,1809
TCK-SRG-02133,Swan restock date?,Site says backordered. When is restock? Asking for a group chat of 200 people.,open,normal,tina586@example.com,"[""surge"",""presales""]",1574,1574
TCK-SRG-02134,September?? Really?,Quoted September delivery. Summer ENDS. Explain the plan or refund me.,open,high,zoe482@example.com,"[""surge"",""wismo""]",1648,1648
TCK-SRG-02135,WHERE IS MY SWAN,Ordered the second I saw the video. Confirmation says yesterday. Nothing since. The pool party is SUNDAY.,open,high,priya843@example.com,"[""wismo"",""surge""]",1666,1666
TCK-SRG-02136,WHERE IS MY SWAN,Ordered the second I saw the video. Confirmation says yesterday. Nothing since. The pool party is SUNDAY.,open,high,paloma815@example.com,"[""wismo"",""surge""]",1694,1694
TCK-SRG-02137,Did my order go through?,Site spun for 5 minutes at checkout. Charged but no confirmation email. Did I buy a swan or donate to one?,solved,normal,jamal883@example.com,"[""surge"",""billing""]",1370,1370
TCK-SRG-02138,Buying 30 swans for a sorority event,Can we get 30 units and a bulk discount? Flexible on color. Not flexible on date.,open,normal,greg542@example.com,"[""surge"",""presales"",""bulk""]",1946,1946
TCK-SRG-02139,September?? Really?,Quoted September delivery. Summer ENDS. Explain the plan or refund me.,open,high,keiko928@example.com,"[""surge"",""wismo""]",1722,1722
TCK-SRG-02140,Buying 30 swans for a sorority event,Can we get 30 units and a bulk discount? Flexible on color. Not flexible on date.,open,normal,bettye158@example.com,"[""surge"",""presales"",""bulk""]",1891,1891
TCK-SRG-02141,September?? Really?,Quoted September delivery. Summer ENDS. Explain the plan or refund me.,open,high,ximena159@example.com,"[""surge"",""wismo""]",1371,1371
TCK-SRG-02142,Swan restock date?,Site says backordered. When is restock? Asking for a group chat of 200 people.,open,normal,zoe939@example.com,"[""surge"",""presales""]",1637,1637
TCK-SRG-02143,Did my order go through?,Site spun for 5 minutes at checkout. Charged but no confirmation email. Did I buy a swan or donate to one?,open,normal,nadia100@example.com,"[""surge"",""billing""]",1639,1639
TCK-SRG-02144,Swan restock date?,Site says backordered. When is restock? Asking for a group chat of 200 people.,open,normal,ivan377@example.com,"[""surge"",""presales""]",1792,1792
TCK-SRG-02145,Order status: swan,"I understand you are busy. I am simply asking for any information at all about order ORD-103577. Anything. A vibe, even.",open,normal,tina515@example.com,"[""wismo"",""surge""]",1384,1384
TCK-SRG-02146,Swan restock date?,Site says backordered. When is restock? Asking for a group chat of 200 people.,open,normal,yosef928@example.com,"[""surge"",""presales""]",1910,1910
TCK-SRG-02147,Swan restock date?,Site says backordered. When is restock? Asking for a group chat of 200 people.,open,normal,tomasz882@example.com,"[""surge"",""presales""]",1644,1644
TCK-SRG-02148,September?? Really?,Quoted September delivery. Summer ENDS. Explain the plan or refund me.,open,high,ingrid606@example.com,"[""surge"",""wismo""]",1794,1794
TCK-SRG-02149,WHERE IS MY SWAN,Ordered the second I saw the video. Confirmation says yesterday. Nothing since. The pool party is SUNDAY.,open,high,kitty776@example.com,"[""wismo"",""surge""]",1518,1518
TCK-SRG-02150,WHERE IS MY SWAN,Ordered the second I saw the video. Confirmation says yesterday. Nothing since. The pool party is SUNDAY.,open,high,lamar162@example.com,"[""wismo"",""surge""]",1446,1446
TCK-SRG-02151,Cancel if not shipping this week,"If the Colossal Swan cannot arrive before the 14th, cancel order ORD-107261. The moment will have passed.",open,normal,omar261@example.com,"[""surge"",""cancel""]",1330,1330
TCK-SRG-02152,Order status: swan,"I understand you are busy. I am simply asking for any information at all about order ORD-105276. Anything. A vibe, even.",open,normal,paloma620@example.com,"[""wismo"",""surge""]",1538,1538
TCK-SRG-02153,Order status: swan,"I understand you are busy. I am simply asking for any information at all about order ORD-107809. Anything. A vibe, even.",open,normal,lamar610@example.com,"[""wismo"",""surge""]",1944,1944
TCK-SRG-02154,Cancel if not shipping this week,"If the Colossal Swan cannot arrive before the 14th, cancel order ORD-104713. The moment will have passed.",open,normal,paloma275@example.com,"[""surge"",""cancel""]",1808,1808
TCK-SRG-02155,Buying 30 swans for a sorority event,Can we get 30 units and a bulk discount? Flexible on color. Not flexible on date.,open,normal,ivan293@example.com,"[""surge"",""presales"",""bulk""]",1815,1815
TCK-SRG-02156,Did my order go through?,Site spun for 5 minutes at checkout. Charged but no confirmation email. Did I buy a swan or donate to one?,open,normal,otis637@example.com,"[""surge"",""billing""]",1680,1680
TCK-SRG-02157,September?? Really?,Quoted September delivery. Summer ENDS. Explain the plan or refund me.,open,high,keiko902@example.com,"[""surge"",""wismo""]",1810,1810
TCK-SRG-02158,WHERE IS MY SWAN,Ordered the second I saw the video. Confirmation says yesterday. Nothing since. The pool party is SUNDAY.,open,high,bob152@example.com,"[""wismo"",""surge""]",1634,1634
TCK-SRG-02159,WHERE IS MY SWAN,Ordered the second I saw the video. Confirmation says yesterday. Nothing since. The pool party is SUNDAY.,open,high,dolores453@example.com,"[""wismo"",""surge""]",1445,1445
TCK-SRG-02160,WHERE IS MY SWAN,Ordered the second I saw the video. Confirmation says yesterday. Nothing since. The pool party is SUNDAY.,open,high,tina254@example.com,"[""wismo"",""surge""]",1803,1803
TCK-SRG-02161,Buying 30 swans for a sorority event,Can we get 30 units and a bulk discount? Flexible on color. Not flexible on date.,open,normal,flo847@example.com,"[""surge"",""presales"",""bulk""]",1450,1450
TCK-SRG-02162,September?? Really?,Quoted September delivery. Summer ENDS. Explain the plan or refund me.,open,high,arthur461@example.com,"[""surge"",""wismo""]",1487,1487
TCK-SRG-02163,Cancel if not shipping this week,"If the Colossal Swan cannot arrive before the 14th, cancel order ORD-104739. The moment will have passed.",open,normal,dolores361@example.com,"[""surge"",""cancel""]",1948,1948
TCK-SRG-02164,WHERE IS MY SWAN,Ordered the second I saw the video. Confirmation says yesterday. Nothing since. The pool party is SUNDAY.,open,high,omar737@example.com,"[""wismo"",""surge""]",1615,1615
TCK-SRG-02165,Swan restock date?,Site says backordered. When is restock? Asking for a group chat of 200 people.,open,normal,carlos958@example.com,"[""surge"",""presales""]",1464,1464
TCK-SRG-02166,Did my order go through?,Site spun for 5 minutes at checkout. Charged but no confirmation email. Did I buy a swan or donate to one?,open,normal,keiko766@example.com,"[""surge"",""billing""]",1323,1323
TCK-SRG-02167,Buying 30 swans for a sorority event,Can we get 30 units and a bulk discount? Flexible on color. Not flexible on date.,open,normal,hannah601@example.com,"[""surge"",""presales"",""bulk""]",1375,1375
TCK-SRG-02168,Cancel if not shipping this week,"If the Colossal Swan cannot arrive before the 14th, cancel order ORD-106174. The moment will have passed.",open,normal,lamar292@example.com,"[""surge"",""cancel""]",1433,1433
TCK-SRG-02169,Did my order go through?,Site spun for 5 minutes at checkout. Charged but no confirmation email. Did I buy a swan or donate to one?,open,normal,ray993@example.com,"[""surge"",""billing""]",1336,1336
TCK-SRG-02170,Did my order go through?,Site spun for 5 minutes at checkout. Charged but no confirmation email. Did I buy a swan or donate to one?,open,normal,rosa848@example.com,"[""surge"",""billing""]",1448,1448
TCK-SRG-02171,Buying 30 swans for a sorority event,Can we get 30 units and a bulk discount? Flexible on color. Not flexible on date.,open,normal,paloma226@example.com,"[""surge"",""presales"",""bulk""]",1649,1649
TCK-SRG-02172,Buying 30 swans for a sorority event,Can we get 30 units and a bulk discount? Flexible on color. Not flexible on date.,open,normal,keiko320@example.com,"[""surge"",""presales"",""bulk""]",1928,1928
TCK-SRG-02173,Order status: swan,"I understand you are busy. I am simply asking for any information at all about order ORD-104878. Anything. A vibe, even.",open,normal,aisha994@example.com,"[""wismo"",""surge""]",1850,1850
TCK-SRG-02175,Did my order go through?,Site spun for 5 minutes at checkout. Charged but no confirmation email. Did I buy a swan or donate to one?,open,normal,ximena136@example.com,"[""surge"",""billing""]",1355,1355
TCK-SRG-02176,Buying 30 swans for a sorority event,Can we get 30 units and a bulk discount? Flexible on color. Not flexible on date.,open,normal,nellie781@example.com,"[""surge"",""presales"",""bulk""]",1845,1845
TCK-SRG-02177,September?? Really?,Quoted September delivery. Summer ENDS. Explain the plan or refund me.,open,high,omar939@example.com,"[""surge"",""wismo""]",1819,1819
TCK-SRG-02178,September?? Really?,Quoted September delivery. Summer ENDS. Explain the plan or refund me.,open,high,rosa524@example.com,"[""surge"",""wismo""]",1675,1675
TCK-SRG-02179,Order status: swan,"I understand you are busy. I am simply asking for any information at all about order ORD-103576. Anything. A vibe, even.",open,normal,fatima873@example.com,"[""wismo"",""surge""]",1450,1450
TCK-SRG-02180,Swan restock date?,Site says backordered. When is restock? Asking for a group chat of 200 people.,open,normal,harriet565@example.com,"[""surge"",""presales""]",1529,1529
TCK-SRG-02181,Did my order go through?,Site spun for 5 minutes at checkout. Charged but no confirmation email. Did I buy a swan or donate to one?,open,normal,vera628@example.com,"[""surge"",""billing""]",1851,1851
TCK-SRG-02182,Did my order go through?,Site spun for 5 minutes at checkout. Charged but no confirmation email. Did I buy a swan or donate to one?,open,normal,omar631@example.com,"[""surge"",""billing""]",1826,1826
TCK-SRG-02183,Order status: swan,"I understand you are busy. I am simply asking for any information at all about order ORD-105136. Anything. A vibe, even.",open,normal,ximena737@example.com,"[""wismo"",""surge""]",1354,1354
TCK-SRG-02184,Buying 30 swans for a sorority event,Can we get 30 units and a bulk discount? Flexible on color. Not flexible on date.,open,normal,carlos822@example.com,"[""surge"",""presales"",""bulk""]",1679,1679
TCK-SRG-02185,Order status: swan,"I understand you are busy. I am simply asking for any information at all about order ORD-107885. Anything. A vibe, even.",open,normal,carlos945@example.com,"[""wismo"",""surge""]",1465,1465
TCK-SRG-02186,September?? Really?,Quoted September delivery. Summer ENDS. Explain the plan or refund me.,open,high,greg327@example.com,"[""surge"",""wismo""]",1498,1498
TCK-SRG-02187,September?? Really?,Quoted September delivery. Summer ENDS. Explain the plan or refund me.,open,high,vera678@example.com,"[""surge"",""wismo""]",1854,1854
TCK-SRG-02188,Did my order go through?,Site spun for 5 minutes at checkout. Charged but no confirmation email. Did I buy a swan or donate to one?,open,normal,margaret817@example.com,"[""surge"",""billing""]",1708,1708
TCK-SRG-02189,Did my order go through?,Site spun for 5 minutes at checkout. Charged but no confirmation email. Did I buy a swan or donate to one?,open,normal,bob480@example.com,"[""surge"",""billing""]",1820,1820
TCK-SRG-02190,Cancel if not shipping this week,"If the Colossal Swan cannot arrive before the 14th, cancel order ORD-106884. The moment will have passed.",open,normal,luis688@example.com,"[""surge"",""cancel""]",1553,1553
TCK-SRG-02191,Buying 30 swans for a sorority event,Can we get 30 units and a bulk discount? Flexible on color. Not flexible on date.,open,normal,greg734@example.com,"[""surge"",""presales"",""bulk""]",1729,1729
TCK-SRG-02192,WHERE IS MY SWAN,Ordered the second I saw the video. Confirmation says yesterday. Nothing since. The pool party is SUNDAY.,open,high,bob855@example.com,"[""wismo"",""surge""]",1640,1640
TCK-SRG-02193,Swan restock date?,Site says backordered. When is restock? Asking for a group chat of 200 people.,open,normal,umar410@example.com,"[""surge"",""presales""]",1413,1413
TCK-SRG-02194,September?? Really?,Quoted September delivery. Summer ENDS. Explain the plan or refund me.,open,high,ernesto972@example.com,"[""surge"",""wismo""]",1376,1376
TCK-SRG-02195,Swan restock date?,Site says backordered. When is restock? Asking for a group chat of 200 people.,open,normal,aisha823@example.com,"[""surge"",""presales""]",1594,1594
TCK-SRG-02196,Buying 30 swans for a sorority event,Can we get 30 units and a bulk discount? Flexible on color. Not flexible on date.,open,normal,yuki462@example.com,"[""surge"",""presales"",""bulk""]",1437,1437
TCK-SRG-02197,Order status: swan,"I understand you are busy. I am simply asking for any information at all about order ORD-107019. Anything. A vibe, even.",open,normal,jamal496@example.com,"[""wismo"",""surge""]",1809,1809
TCK-SRG-02198,Order status: swan,"I understand you are busy. I am simply asking for any information at all about order ORD-106854. Anything. A vibe, even.",open,normal,flo232@example.com,"[""wismo"",""surge""]",1325,1325
TCK-SRG-02199,WHERE IS MY SWAN,Ordered the second I saw the video. Confirmation says yesterday. Nothing since. The pool party is SUNDAY.,open,high,paloma127@example.com,"[""wismo"",""surge""]",1867,1867
TCK-SRG-02200,WHERE IS MY SWAN,Ordered the second I saw the video. Confirmation says yesterday. Nothing since. The pool party is SUNDAY.,open,high,aisha159@example.com,"[""wismo"",""surge""]",1617,1617
TCK-SRG-02201,Did my order go through?,Site spun for 5 minutes at checkout. Charged but no confirmation email. Did I buy a swan or donate to one?,open,normal,fatima199@example.com,"[""surge"",""billing""]",1597,1597
TCK-SRG-02202,September?? Really?,Quoted September delivery. Summer ENDS. Explain the plan or refund me.,open,high,rosa698@example.com,"[""surge"",""wismo""]",1941,1941
TCK-SRG-02203,September?? Really?,Quoted September delivery. Summer ENDS. Explain the plan or refund me.,open,high,fatima282@example.com,"[""surge"",""wismo""]",1518,1518
TCK-SRG-02204,Did my order go through?,Site spun for 5 minutes at checkout. Charged but no confirmation email. Did I buy a swan or donate to one?,open,normal,ingrid170@example.com,"[""surge"",""billing""]",1351,1351
TCK-SRG-02205,Cancel if not shipping this week,"If the Colossal Swan cannot arrive before the 14th, cancel order ORD-106658. The moment will have passed.",open,normal,jerome104@example.com,"[""surge"",""cancel""]",1917,1917
TCK-SRG-02206,Buying 30 swans for a sorority event,Can we get 30 units and a bulk discount? Flexible on color. Not flexible on date.,open,normal,bob486@example.com,"[""surge"",""presales"",""bulk""]",1363,1363
TCK-SRG-02207,Buying 30 swans for a sorority event,Can we get 30 units and a bulk discount? Flexible on color. Not flexible on date.,open,normal,yosef430@example.com,"[""surge"",""presales"",""bulk""]",1357,1357
TCK-SRG-02208,Buying 30 swans for a sorority event,Can we get 30 units and a bulk discount? Flexible on color. Not flexible on date.,open,normal,nellie688@example.com,"[""surge"",""presales"",""bulk""]",1439,1439
TCK-SRG-02209,Did my order go through?,Site spun for 5 minutes at checkout. Charged but no confirmation email. Did I buy a swan or donate to one?,open,normal,priya957@example.com,"[""surge"",""billing""]",1595,1595
TCK-SRG-02210,Buying 30 swans for a sorority event,Can we get 30 units and a bulk discount? Flexible on color. Not flexible on date.,open,normal,stan361@example.com,"[""surge"",""presales"",""bulk""]",1365,1365
TCK-SRG-02211,Swan restock date?,Site says backordered. When is restock? Asking for a group chat of 200 people.,open,normal,mo963@example.com,"[""surge"",""presales""]",1779,1779
TCK-SRG-02212,Swan restock date?,Site says backordered. When is restock? Asking for a group chat of 200 people.,open,normal,bob744@example.com,"[""surge"",""presales""]",1740,1740
TCK-SRG-02213,September?? Really?,Quoted September delivery. Summer ENDS. Explain the plan or refund me.,open,high,luis399@example.com,"[""surge"",""wismo""]",1733,1733
TCK-SRG-02214,Buying 30 swans for a sorority event,Can we get 30 units and a bulk discount? Flexible on color. Not flexible on date.,open,normal,ingrid733@example.com,"[""surge"",""presales"",""bulk""]",1471,1471
TCK-SRG-02215,WHERE IS MY SWAN,Ordered the second I saw the video. Confirmation says yesterday. Nothing since. The pool party is SUNDAY.,open,high,luis766@example.com,"[""wismo"",""surge""]",1425,1425
TCK-SRG-02216,WHERE IS MY SWAN,Ordered the second I saw the video. Confirmation says yesterday. Nothing since. The pool party is SUNDAY.,open,high,quinn684@example.com,"[""wismo"",""surge""]",1341,1341
TCK-SRG-02217,Swan restock date?,Site says backordered. When is restock? Asking for a group chat of 200 people.,open,normal,hannah381@example.com,"[""surge"",""presales""]",1354,1354
TCK-SRG-02218,September?? Really?,Quoted September delivery. Summer ENDS. Explain the plan or refund me.,open,high,aisha449@example.com,"[""surge"",""wismo""]",1492,1492
TCK-SRG-02219,Order status: swan,"I understand you are busy. I am simply asking for any information at all about order ORD-107560. Anything. A vibe, even.",open,normal,ivan322@example.com,"[""wismo"",""surge""]",1376,1376
TCK-SRG-02220,September?? Really?,Quoted September delivery. Summer ENDS. Explain the plan or refund me.,open,high,margaret484@example.com,"[""surge"",""wismo""]",1707,1707
TCK-SRG-02221,WHERE IS MY SWAN,Ordered the second I saw the video. Confirmation says yesterday. Nothing since. The pool party is SUNDAY.,open,high,nellie915@example.com,"[""wismo"",""surge""]",1363,1363
TCK-SRG-02222,Swan restock date?,Site says backordered. When is restock? Asking for a group chat of 200 people.,open,normal,paloma995@example.com,"[""surge"",""presales""]",1389,1389
TCK-SRG-02223,Buying 30 swans for a sorority event,Can we get 30 units and a bulk discount? Flexible on color. Not flexible on date.,open,normal,wes400@example.com,"[""surge"",""presales"",""bulk""]",1367,1367
TCK-SRG-02224,Swan restock date?,Site says backordered. When is restock? Asking for a group chat of 200 people.,open,normal,ernesto460@example.com,"[""surge"",""presales""]",1705,1705
TCK-SRG-02225,Cancel if not shipping this week,"If the Colossal Swan cannot arrive before the 14th, cancel order ORD-104088. The moment will have passed.",open,normal,mo131@example.com,"[""surge"",""cancel""]",1345,1345
TCK-SRG-02226,WHERE IS MY SWAN,Ordered the second I saw the video. Confirmation says yesterday. Nothing since. The pool party is SUNDAY.,open,high,mabel539@example.com,"[""wismo"",""surge""]",1483,1483
TCK-SRG-02227,Buying 30 swans for a sorority event,Can we get 30 units and a bulk discount? Flexible on color. Not flexible on date.,open,normal,ximena911@example.com,"[""surge"",""presales"",""bulk""]",1542,1542
TCK-SRG-02228,Order status: swan,"I understand you are busy. I am simply asking for any information at all about order ORD-104575. Anything. A vibe, even.",open,normal,yuki260@example.com,"[""wismo"",""surge""]",1835,1835
TCK-SRG-02229,Swan restock date?,Site says backordered. When is restock? Asking for a group chat of 200 people.,open,normal,rosa791@example.com,"[""surge"",""presales""]",1650,1650
TCK-SRG-02230,September?? Really?,Quoted September delivery. Summer ENDS. Explain the plan or refund me.,open,high,nadia998@example.com,"[""surge"",""wismo""]",1581,1581
TCK-SRG-02231,September?? Really?,Quoted September delivery. Summer ENDS. Explain the plan or refund me.,open,high,yosef186@example.com,"[""surge"",""wismo""]",1767,1767
TCK-SRG-02232,WHERE IS MY SWAN,Ordered the second I saw the video. Confirmation says yesterday. Nothing since. The pool party is SUNDAY.,solved,high,dolores423@example.com,"[""wismo"",""surge""]",1349,1349
TCK-SRG-02233,WHERE IS MY SWAN,Ordered the second I saw the video. Confirmation says yesterday. Nothing since. The pool party is SUNDAY.,open,high,paloma464@example.com,"[""wismo"",""surge""]",1903,1903
TCK-SRG-02234,Buying 30 swans for a sorority event,Can we get 30 units and a bulk discount? Flexible on color. Not flexible on date.,open,normal,kitty436@example.com,"[""surge"",""presales"",""bulk""]",1782,1782
TCK-SRG-02235,Buying 30 swans for a sorority event,Can we get 30 units and a bulk discount? Flexible on color. Not flexible on date.,open,normal,luis385@example.com,"[""surge"",""presales"",""bulk""]",1352,1352
TCK-SRG-02236,September?? Really?,Quoted September delivery. Summer ENDS. Explain the plan or refund me.,open,high,stan247@example.com,"[""surge"",""wismo""]",1551,1551
TCK-SRG-02237,Cancel if not shipping this week,"If the Colossal Swan cannot arrive before the 14th, cancel order ORD-104879. The moment will have passed.",open,normal,priya182@example.com,"[""surge"",""cancel""]",1857,1857
TCK-SRG-02238,Did my order go through?,Site spun for 5 minutes at checkout. Charged but no confirmation email. Did I buy a swan or donate to one?,open,normal,nadia525@example.com,"[""surge"",""billing""]",1480,1480
TCK-SRG-02239,Buying 30 swans for a sorority event,Can we get 30 units and a bulk discount? Flexible on color. Not flexible on date.,open,normal,tina789@example.com,"[""surge"",""presales"",""bulk""]",1447,1447
TCK-SRG-02240,September?? Really?,Quoted September delivery. Summer ENDS. Explain the plan or refund me.,open,high,zoe329@example.com,"[""surge"",""wismo""]",1403,1403
TCK-SRG-02241,Order status: swan,"I understand you are busy. I am simply asking for any information at all about order ORD-104522. Anything. A vibe, even.",open,normal,ximena704@example.com,"[""wismo"",""surge""]",1530,1530
TCK-SRG-02242,Buying 30 swans for a sorority event,Can we get 30 units and a bulk discount? Flexible on color. Not flexible on date.,open,normal,tomasz623@example.com,"[""surge"",""presales"",""bulk""]",1333,1333
TCK-SRG-02243,Order status: swan,"I understand you are busy. I am simply asking for any information at all about order ORD-107809. Anything. A vibe, even.",open,normal,kitty660@example.com,"[""wismo"",""surge""]",1418,1418
TCK-SRG-02244,Did my order go through?,Site spun for 5 minutes at checkout. Charged but no confirmation email. Did I buy a swan or donate to one?,open,normal,yuki653@example.com,"[""surge"",""billing""]",1944,1944
TCK-SRG-02245,Cancel if not shipping this week,"If the Colossal Swan cannot arrive before the 14th, cancel order ORD-107184. The moment will have passed.",open,normal,hannah653@example.com,"[""surge"",""cancel""]",1353,1353
TCK-SRG-02246,Swan restock date?,Site says backordered. When is restock? Asking for a group chat of 200 people.,open,normal,kitty962@example.com,"[""surge"",""presales""]",1676,1676
TCK-SRG-02247,Did my order go through?,Site spun for 5 minutes at checkout. Charged but no confirmation email. Did I buy a swan or donate to one?,open,normal,ray492@example.com,"[""surge"",""billing""]",1724,1724
TCK-SRG-02248,Buying 30 swans for a sorority event,Can we get 30 units and a bulk discount? Flexible on color. Not flexible on date.,open,normal,ivan424@example.com,"[""surge"",""presales"",""bulk""]",1464,1464
TCK-SRG-02249,Cancel if not shipping this week,"If the Colossal Swan cannot arrive before the 14th, cancel order ORD-106831. The moment will have passed.",open,normal,linda307@example.com,"[""surge"",""cancel""]",1766,1766
TCK-SRG-02250,WHERE IS MY SWAN,Ordered the second I saw the video. Confirmation says yesterday. Nothing since. The pool party is SUNDAY.,open,high,ernesto700@example.com,"[""wismo"",""surge""]",1532,1532
TCK-SRG-02251,Swan restock date?,Site says backordered. When is restock? Asking for a group chat of 200 people.,open,normal,yuki514@example.com,"[""surge"",""presales""]",1671,1671
TCK-SRG-02252,Did my order go through?,Site spun for 5 minutes at checkout. Charged but no confirmation email. Did I buy a swan or donate to one?,open,normal,rosa182@example.com,"[""surge"",""billing""]",1497,1497
TCK-SRG-02253,Order status: swan,"I understand you are busy. I am simply asking for any information at all about order ORD-106806. Anything. A vibe, even.",open,normal,aisha764@example.com,"[""wismo"",""surge""]",1767,1767
TCK-SRG-02254,Did my order go through?,Site spun for 5 minutes at checkout. Charged but no confirmation email. Did I buy a swan or donate to one?,open,normal,linda753@example.com,"[""surge"",""billing""]",1446,1446
TCK-SRG-02255,Buying 30 swans for a sorority event,Can we get 30 units and a bulk discount? Flexible on color. Not flexible on date.,open,normal,umar503@example.com,"[""surge"",""presales"",""bulk""]",1842,1842
TCK-SRG-02256,WHERE IS MY SWAN,Ordered the second I saw the video. Confirmation says yesterday. Nothing since. The pool party is SUNDAY.,open,high,greg761@example.com,"[""wismo"",""surge""]",1666,1666
TCK-SRG-02257,Cancel if not shipping this week,"If the Colossal Swan cannot arrive before the 14th, cancel order ORD-104244. The moment will have passed.",open,normal,luis867@example.com,"[""surge"",""cancel""]",1771,1771
TCK-SRG-02258,Swan restock date?,Site says backordered. When is restock? Asking for a group chat of 200 people.,open,normal,nadia914@example.com,"[""surge"",""presales""]",1744,1744
TCK-SRG-02259,Cancel if not shipping this week,"If the Colossal Swan cannot arrive before the 14th, cancel order ORD-106006. The moment will have passed.",open,normal,flo263@example.com,"[""surge"",""cancel""]",1585,1585
TCK-SRG-02260,Swan restock date?,Site says backordered. When is restock? Asking for a group chat of 200 people.,open,normal,margaret799@example.com,"[""surge"",""presales""]",1936,1936
TCK-SRG-02261,Swan restock date?,Site says backordered. When is restock? Asking for a group chat of 200 people.,open,normal,deshawn767@example.com,"[""surge"",""presales""]",1740,1740
TCK-SRG-02262,Cancel if not shipping this week,"If the Colossal Swan cannot arrive before the 14th, cancel order ORD-103660. The moment will have passed.",open,normal,yuki138@example.com,"[""surge"",""cancel""]",1548,1548
TCK-SRG-02263,Order status: swan,"I understand you are busy. I am simply asking for any information at all about order ORD-105469. Anything. A vibe, even.",open,normal,ray880@example.com,"[""wismo"",""surge""]",1907,1907
TCK-SRG-02264,Did my order go through?,Site spun for 5 minutes at checkout. Charged but no confirmation email. Did I buy a swan or donate to one?,open,normal,ivan167@example.com,"[""surge"",""billing""]",1351,1351
TCK-SRG-02265,WHERE IS MY SWAN,Ordered the second I saw the video. Confirmation says yesterday. Nothing since. The pool party is SUNDAY.,open,high,luis636@example.com,"[""wismo"",""surge""]",1515,1515
TCK-SRG-02266,Cancel if not shipping this week,"If the Colossal Swan cannot arrive before the 14th, cancel order ORD-103680. The moment will have passed.",open,normal,keiko514@example.com,"[""surge"",""cancel""]",1802,1802
TCK-SRG-02267,Swan restock date?,Site says backordered. When is restock? Asking for a group chat of 200 people.,open,normal,quinn136@example.com,"[""surge"",""presales""]",1800,1800
TCK-SRG-02268,September?? Really?,Quoted September delivery. Summer ENDS. Explain the plan or refund me.,open,high,jerome154@example.com,"[""surge"",""wismo""]",1753,1753
TCK-SRG-02269,WHERE IS MY SWAN,Ordered the second I saw the video. Confirmation says yesterday. Nothing since. The pool party is SUNDAY.,open,high,ernesto104@example.com,"[""wismo"",""surge""]",1635,1635
TCK-SRG-02270,WHERE IS MY SWAN,Ordered the second I saw the video. Confirmation says yesterday. Nothing since. The pool party is SUNDAY.,open,high,nadia986@example.com,"[""wismo"",""surge""]",1459,1459
TCK-SRG-02271,WHERE IS MY SWAN,Ordered the second I saw the video. Confirmation says yesterday. Nothing since. The pool party is SUNDAY.,open,high,arthur233@example.com,"[""wismo"",""surge""]",1485,1485
TCK-SRG-02272,Swan restock date?,Site says backordered. When is restock? Asking for a group chat of 200 people.,open,normal,aisha655@example.com,"[""surge"",""presales""]",1601,1601
TCK-SRG-02273,September?? Really?,Quoted September delivery. Summer ENDS. Explain the plan or refund me.,open,high,quinn454@example.com,"[""surge"",""wismo""]",1454,1454
TCK-SRG-02274,Swan restock date?,Site says backordered. When is restock? Asking for a group chat of 200 people.,open,normal,rosa783@example.com,"[""surge"",""presales""]",1906,1906
TCK-SRG-02275,September?? Really?,Quoted September delivery. Summer ENDS. Explain the plan or refund me.,open,high,carlos700@example.com,"[""surge"",""wismo""]",1746,1746
TCK-SRG-02276,Buying 30 swans for a sorority event,Can we get 30 units and a bulk discount? Flexible on color. Not flexible on date.,open,normal,linda731@example.com,"[""surge"",""presales"",""bulk""]",1500,1500
TCK-SRG-02277,Swan restock date?,Site says backordered. When is restock? Asking for a group chat of 200 people.,open,normal,chen974@example.com,"[""surge"",""presales""]",1498,1498
TCK-SRG-02278,Buying 30 swans for a sorority event,Can we get 30 units and a bulk discount? Flexible on color. Not flexible on date.,open,normal,otis301@example.com,"[""surge"",""presales"",""bulk""]",1595,1595
TCK-SRG-02279,Buying 30 swans for a sorority event,Can we get 30 units and a bulk discount? Flexible on color. Not flexible on date.,open,normal,bettye379@example.com,"[""surge"",""presales"",""bulk""]",1686,1686
TCK-SRG-02280,Order status: swan,"I understand you are busy. I am simply asking for any information at all about order ORD-104369. Anything. A vibe, even.",open,normal,zoe236@example.com,"[""wismo"",""surge""]",1707,1707
TCK-SRG-02281,Buying 30 swans for a sorority event,Can we get 30 units and a bulk discount? Flexible on color. Not flexible on date.,open,normal,flo942@example.com,"[""surge"",""presales"",""bulk""]",1669,1669
TCK-SRG-02282,Swan restock date?,Site says backordered. When is restock? Asking for a group chat of 200 people.,open,normal,hannah252@example.com,"[""surge"",""presales""]",1707,1707
TCK-SRG-02283,WHERE IS MY SWAN,Ordered the second I saw the video. Confirmation says yesterday. Nothing since. The pool party is SUNDAY.,open,high,jerome454@example.com,"[""wismo"",""surge""]",1471,1471
TCK-SRG-02284,September?? Really?,Quoted September delivery. Summer ENDS. Explain the plan or refund me.,open,high,yuki782@example.com,"[""surge"",""wismo""]",1598,1598
TCK-SRG-02285,Swan restock date?,Site says backordered. When is restock? Asking for a group chat of 200 people.,open,normal,margaret667@example.com,"[""surge"",""presales""]",1869,1869
TCK-SRG-02286,WHERE IS MY SWAN,Ordered the second I saw the video. Confirmation says yesterday. Nothing since. The pool party is SUNDAY.,open,high,gus396@example.com,"[""wismo"",""surge""]",1485,1485
TCK-SRG-02287,Buying 30 swans for a sorority event,Can we get 30 units and a bulk discount? Flexible on color. Not flexible on date.,open,normal,quinn295@example.com,"[""surge"",""presales"",""bulk""]",1346,1346
TCK-SRG-02288,Order status: swan,"I understand you are busy. I am simply asking for any information at all about order ORD-107236. Anything. A vibe, even.",open,normal,mabel293@example.com,"[""wismo"",""surge""]",1473,1473
TCK-SRG-02289,Buying 30 swans for a sorority event,Can we get 30 units and a bulk discount? Flexible on color. Not flexible on date.,open,normal,omar542@example.com,"[""surge"",""presales"",""bulk""]",1598,1598
TCK-SRG-02290,Swan restock date?,Site says backordered. When is restock? Asking for a group chat of 200 people.,open,normal,hannah664@example.com,"[""surge"",""presales""]",1594,1594
TCK-SRG-02291,September?? Really?,Quoted September delivery. Summer ENDS. Explain the plan or refund me.,open,high,jerome429@example.com,"[""surge"",""wismo""]",1550,1550
TCK-SRG-02292,Did my order go through?,Site spun for 5 minutes at checkout. Charged but no confirmation email. Did I buy a swan or donate to one?,open,normal,jamal179@example.com,"[""surge"",""billing""]",1387,1387
TCK-SRG-02293,September?? Really?,Quoted September delivery. Summer ENDS. Explain the plan or refund me.,open,high,vera991@example.com,"[""surge"",""wismo""]",1628,1628
TCK-SRG-02294,Order status: swan,"I understand you are busy. I am simply asking for any information at all about order ORD-103141. Anything. A vibe, even.",open,normal,vera423@example.com,"[""wismo"",""surge""]",1576,1576
TCK-SRG-02295,Cancel if not shipping this week,"If the Colossal Swan cannot arrive before the 14th, cancel order ORD-104810. The moment will have passed.",open,normal,paloma800@example.com,"[""surge"",""cancel""]",1351,1351
TCK-SRG-02296,Buying 30 swans for a sorority event,Can we get 30 units and a bulk discount? Flexible on color. Not flexible on date.,solved,normal,greg291@example.com,"[""surge"",""presales"",""bulk""]",1332,1332
TCK-SRG-02297,Order status: swan,"I understand you are busy. I am simply asking for any information at all about order ORD-106326. Anything. A vibe, even.",solved,normal,nellie986@example.com,"[""wismo"",""surge""]",1864,1864
TCK-SRG-02298,Order status: swan,"I understand you are busy. I am simply asking for any information at all about order ORD-105253. Anything. A vibe, even.",open,normal,nadia263@example.com,"[""wismo"",""surge""]",1484,1484
TCK-SRG-02299,Buying 30 swans for a sorority event,Can we get 30 units and a bulk discount? Flexible on color. Not flexible on date.,open,normal,priya987@example.com,"[""surge"",""presales"",""bulk""]",1419,1419
TCK-SRG-02300,Cancel if not shipping this week,"If the Colossal Swan cannot arrive before the 14th, cancel order ORD-103975. The moment will have passed.",open,normal,mo977@example.com,"[""surge"",""cancel""]",1335,1335
TCK-SRG-02301,Order status: swan,"I understand you are busy. I am simply asking for any information at all about order ORD-103895. Anything. A vibe, even.",solved,normal,pearl237@example.com,"[""wismo"",""surge""]",1874,1874
TCK-SRG-02302,Did my order go through?,Site spun for 5 minutes at checkout. Charged but no confirmation email. Did I buy a swan or donate to one?,open,normal,nellie631@example.com,"[""surge"",""billing""]",1671,1671
TCK-SRG-02303,Did my order go through?,Site spun for 5 minutes at checkout. Charged but no confirmation email. Did I buy a swan or donate to one?,open,normal,jerome554@example.com,"[""surge"",""billing""]",1523,1523
TCK-SRG-02304,Cancel if not shipping this week,"If the Colossal Swan cannot arrive before the 14th, cancel order ORD-105113. The moment will have passed.",open,normal,fatima214@example.com,"[""surge"",""cancel""]",1615,1615
TCK-SRG-02305,Swan restock date?,Site says backordered. When is restock? Asking for a group chat of 200 people.,open,normal,zoe722@example.com,"[""surge"",""presales""]",1762,1762
TCK-SRG-02306,WHERE IS MY SWAN,Ordered the second I saw the video. Confirmation says yesterday. Nothing since. The pool party is SUNDAY.,open,high,ingrid475@example.com,"[""wismo"",""surge""]",1603,1603
TCK-SRG-02307,Did my order go through?,Site spun for 5 minutes at checkout. Charged but no confirmation email. Did I buy a swan or donate to one?,open,normal,keiko947@example.com,"[""surge"",""billing""]",1400,1400
TCK-SRG-02308,Order status: swan,"I understand you are busy. I am simply asking for any information at all about order ORD-105710. Anything. A vibe, even.",open,normal,greg529@example.com,"[""wismo"",""surge""]",1911,1911
TCK-SRG-02309,WHERE IS MY SWAN,Ordered the second I saw the video. Confirmation says yesterday. Nothing since. The pool party is SUNDAY.,open,high,otis648@example.com,"[""wismo"",""surge""]",1557,1557
TCK-SRG-02310,Order status: swan,"I understand you are busy. I am simply asking for any information at all about order ORD-107358. Anything. A vibe, even.",open,normal,dolores703@example.com,"[""wismo"",""surge""]",1744,1744
TCK-SRG-02311,Did my order go through?,Site spun for 5 minutes at checkout. Charged but no confirmation email. Did I buy a swan or donate to one?,open,normal,linda699@example.com,"[""surge"",""billing""]",1467,1467
TCK-SRG-02312,Order status: swan,"I understand you are busy. I am simply asking for any information at all about order ORD-103240. Anything. A vibe, even.",open,normal,vera684@example.com,"[""wismo"",""surge""]",1845,1845
TCK-SRG-02313,Swan restock date?,Site says backordered. When is restock? Asking for a group chat of 200 people.,solved,normal,gus422@example.com,"[""surge"",""presales""]",1428,1428
TCK-SRG-02314,September?? Really?,Quoted September delivery. Summer ENDS. Explain the plan or refund me.,open,high,stan266@example.com,"[""surge"",""wismo""]",1596,1596
TCK-SRG-02315,Cancel if not shipping this week,"If the Colossal Swan cannot arrive before the 14th, cancel order ORD-104486. The moment will have passed.",open,normal,jamal605@example.com,"[""surge"",""cancel""]",1849,1849
TCK-SRG-02316,Did my order go through?,Site spun for 5 minutes at checkout. Charged but no confirmation email. Did I buy a swan or donate to one?,open,normal,tina384@example.com,"[""surge"",""billing""]",1920,1920
TCK-SRG-02317,Cancel if not shipping this week,"If the Colossal Swan cannot arrive before the 14th, cancel order ORD-107007. The moment will have passed.",open,normal,zoe601@example.com,"[""surge"",""cancel""]",1635,1635
TCK-SRG-02318,Swan restock date?,Site says backordered. When is restock? Asking for a group chat of 200 people.,open,normal,yosef316@example.com,"[""surge"",""presales""]",1665,1665
TCK-SRG-02319,Swan restock date?,Site says backordered. When is restock? Asking for a group chat of 200 people.,open,normal,greg161@example.com,"[""surge"",""presales""]",1593,1593
TCK-SRG-02320,Buying 30 swans for a sorority event,Can we get 30 units and a bulk discount? Flexible on color. Not flexible on date.,open,normal,mabel669@example.com,"[""surge"",""presales"",""bulk""]",1700,1700
TCK-SRG-02321,Cancel if not shipping this week,"If the Colossal Swan cannot arrive before the 14th, cancel order ORD-105555. The moment will have passed.",open,normal,zoe403@example.com,"[""surge"",""cancel""]",1491,1491
TCK-SRG-02322,Cancel if not shipping this week,"If the Colossal Swan cannot arrive before the 14th, cancel order ORD-107243. The moment will have passed.",open,normal,flo613@example.com,"[""surge"",""cancel""]",1770,1770
TCK-SRG-02323,Cancel if not shipping this week,"If the Colossal Swan cannot arrive before the 14th, cancel order ORD-105247. The moment will have passed.",open,normal,priya352@example.com,"[""surge"",""cancel""]",1892,1892
TCK-SRG-02324,Cancel if not shipping this week,"If the Colossal Swan cannot arrive before the 14th, cancel order ORD-105799. The moment will have passed.",open,normal,deshawn725@example.com,"[""surge"",""cancel""]",1945,1945
TCK-SRG-02325,Did my order go through?,Site spun for 5 minutes at checkout. Charged but no confirmation email. Did I buy a swan or donate to one?,open,normal,kitty714@example.com,"[""surge"",""billing""]",1918,1918
TCK-SRG-02326,Did my order go through?,Site spun for 5 minutes at checkout. Charged but no confirmation email. Did I buy a swan or donate to one?,open,normal,dolores394@example.com,"[""surge"",""billing""]",1709,1709
TCK-SRG-02327,Order status: swan,"I understand you are busy. I am simply asking for any information at all about order ORD-104979. Anything. A vibe, even.",open,normal,otis269@example.com,"[""wismo"",""surge""]",1734,1734
TCK-SRG-02328,September?? Really?,Quoted September delivery. Summer ENDS. Explain the plan or refund me.,open,high,nellie760@example.com,"[""surge"",""wismo""]",1527,1527
TCK-SRG-02329,WHERE IS MY SWAN,Ordered the second I saw the video. Confirmation says yesterday. Nothing since. The pool party is SUNDAY.,open,high,carlos714@example.com,"[""wismo"",""surge""]",1865,1865
TCK-SRG-02330,September?? Really?,Quoted September delivery. Summer ENDS. Explain the plan or refund me.,open,high,curtis896@example.com,"[""surge"",""wismo""]",1391,1391
TCK-SRG-02331,Did my order go through?,Site spun for 5 minutes at checkout. Charged but no confirmation email. Did I buy a swan or donate to one?,open,normal,greg622@example.com,"[""surge"",""billing""]",1747,1747
TCK-SRG-02332,WHERE IS MY SWAN,Ordered the second I saw the video. Confirmation says yesterday. Nothing since. The pool party is SUNDAY.,open,high,greg456@example.com,"[""wismo"",""surge""]",1577,1577
TCK-SRG-02333,September?? Really?,Quoted September delivery. Summer ENDS. Explain the plan or refund me.,solved,high,kitty430@example.com,"[""surge"",""wismo""]",1859,1859
TCK-SRG-02334,Did my order go through?,Site spun for 5 minutes at checkout. Charged but no confirmation email. Did I buy a swan or donate to one?,open,normal,hannah183@example.com,"[""surge"",""billing""]",1581,1581
TCK-SRG-02335,Order status: swan,"I understand you are busy. I am simply asking for any information at all about order ORD-105528. Anything. A vibe, even.",open,normal,ivan747@example.com,"[""wismo"",""surge""]",1631,1631
TCK-SRG-02336,Cancel if not shipping this week,"If the Colossal Swan cannot arrive before the 14th, cancel order ORD-106184. The moment will have passed.",open,normal,aisha827@example.com,"[""surge"",""cancel""]",1640,1640
TCK-SRG-02337,Order status: swan,"I understand you are busy. I am simply asking for any information at all about order ORD-103728. Anything. A vibe, even.",open,normal,luis915@example.com,"[""wismo"",""surge""]",1548,1548
TCK-SRG-02338,Cancel if not shipping this week,"If the Colossal Swan cannot arrive before the 14th, cancel order ORD-104718. The moment will have passed.",open,normal,omar300@example.com,"[""surge"",""cancel""]",1825,1825
TCK-SRG-02339,Swan restock date?,Site says backordered. When is restock? Asking for a group chat of 200 people.,open,normal,bob644@example.com,"[""surge"",""presales""]",1523,1523
TCK-SRG-02340,September?? Really?,Quoted September delivery. Summer ENDS. Explain the plan or refund me.,open,high,flo764@example.com,"[""surge"",""wismo""]",1346,1346
TCK-SRG-02341,Buying 30 swans for a sorority event,Can we get 30 units and a bulk discount? Flexible on color. Not flexible on date.,open,normal,kitty298@example.com,"[""surge"",""presales"",""bulk""]",1761,1761
TCK-SRG-02342,Cancel if not shipping this week,"If the Colossal Swan cannot arrive before the 14th, cancel order ORD-104741. The moment will have passed.",open,normal,kitty734@example.com,"[""surge"",""cancel""]",1768,1768
TCK-SRG-02343,Buying 30 swans for a sorority event,Can we get 30 units and a bulk discount? Flexible on color. Not flexible on date.,open,normal,yuki324@example.com,"[""surge"",""presales"",""bulk""]",1910,1910
TCK-SRG-02344,Swan restock date?,Site says backordered. When is restock? Asking for a group chat of 200 people.,open,normal,gus907@example.com,"[""surge"",""presales""]",1476,1476
TCK-SRG-02345,Cancel if not shipping this week,"If the Colossal Swan cannot arrive before the 14th, cancel order ORD-104610. The moment will have passed.",open,normal,ingrid680@example.com,"[""surge"",""cancel""]",1805,1805
TCK-SRG-02346,Did my order go through?,Site spun for 5 minutes at checkout. Charged but no confirmation email. Did I buy a swan or donate to one?,open,normal,yosef191@example.com,"[""surge"",""billing""]",1866,1866
TCK-SRG-02347,September?? Really?,Quoted September delivery. Summer ENDS. Explain the plan or refund me.,open,high,tomasz605@example.com,"[""surge"",""wismo""]",1810,1810
TCK-SRG-02348,Swan restock date?,Site says backordered. When is restock? Asking for a group chat of 200 people.,open,normal,harriet216@example.com,"[""surge"",""presales""]",1378,1378
TCK-SRG-02349,Buying 30 swans for a sorority event,Can we get 30 units and a bulk discount? Flexible on color. Not flexible on date.,open,normal,gus102@example.com,"[""surge"",""presales"",""bulk""]",1799,1799
TCK-SRG-02350,Buying 30 swans for a sorority event,Can we get 30 units and a bulk discount? Flexible on color. Not flexible on date.,open,normal,nellie303@example.com,"[""surge"",""presales"",""bulk""]",1559,1559
TCK-SRG-02351,Did my order go through?,Site spun for 5 minutes at checkout. Charged but no confirmation email. Did I buy a swan or donate to one?,open,normal,zoe847@example.com,"[""surge"",""billing""]",1899,1899
TCK-SRG-02352,Order status: swan,"I understand you are busy. I am simply asking for any information at all about order ORD-104418. Anything. A vibe, even.",solved,normal,paloma344@example.com,"[""wismo"",""surge""]",1761,1761
TCK-SRG-02353,Did my order go through?,Site spun for 5 minutes at checkout. Charged but no confirmation email. Did I buy a swan or donate to one?,open,normal,tomasz578@example.com,"[""surge"",""billing""]",1357,1357
TCK-SRG-02354,Swan restock date?,Site says backordered. When is restock? Asking for a group chat of 200 people.,open,normal,arthur147@example.com,"[""surge"",""presales""]",1587,1587
TCK-SRG-02355,Order status: swan,"I understand you are busy. I am simply asking for any information at all about order ORD-103997. Anything. A vibe, even.",open,normal,ximena685@example.com,"[""wismo"",""surge""]",1369,1369
TCK-SRG-02356,WHERE IS MY SWAN,Ordered the second I saw the video. Confirmation says yesterday. Nothing since. The pool party is SUNDAY.,open,high,ivan916@example.com,"[""wismo"",""surge""]",1376,1376
TCK-SRG-02357,WHERE IS MY SWAN,Ordered the second I saw the video. Confirmation says yesterday. Nothing since. The pool party is SUNDAY.,open,high,priya787@example.com,"[""wismo"",""surge""]",1912,1912
TCK-SRG-02358,Cancel if not shipping this week,"If the Colossal Swan cannot arrive before the 14th, cancel order ORD-104456. The moment will have passed.",open,normal,kitty313@example.com,"[""surge"",""cancel""]",1324,1324
TCK-SRG-02359,Buying 30 swans for a sorority event,Can we get 30 units and a bulk discount? Flexible on color. Not flexible on date.,open,normal,yosef859@example.com,"[""surge"",""presales"",""bulk""]",1576,1576
TCK-SRG-02360,September?? Really?,Quoted September delivery. Summer ENDS. Explain the plan or refund me.,open,high,fatima560@example.com,"[""surge"",""wismo""]",1573,1573
TCK-SRG-02361,Order status: swan,"I understand you are busy. I am simply asking for any information at all about order ORD-104955. Anything. A vibe, even.",open,normal,jerome438@example.com,"[""wismo"",""surge""]",1598,1598
TCK-SRG-02362,Buying 30 swans for a sorority event,Can we get 30 units and a bulk discount? Flexible on color. Not flexible on date.,open,normal,omar786@example.com,"[""surge"",""presales"",""bulk""]",1943,1943
TCK-SRG-02363,Swan restock date?,Site says backordered. When is restock? Asking for a group chat of 200 people.,open,normal,paloma925@example.com,"[""surge"",""presales""]",1645,1645
TCK-SRG-02364,September?? Really?,Quoted September delivery. Summer ENDS. Explain the plan or refund me.,solved,high,pearl833@example.com,"[""surge"",""wismo""]",1472,1472
TCK-SRG-02365,WHERE IS MY SWAN,Ordered the second I saw the video. Confirmation says yesterday. Nothing since. The pool party is SUNDAY.,open,high,nellie733@example.com,"[""wismo"",""surge""]",1584,1584
TCK-SRG-02366,Order status: swan,"I understand you are busy. I am simply asking for any information at all about order ORD-107752. Anything. A vibe, even.",open,normal,otis754@example.com,"[""wismo"",""surge""]",1948,1948
TCK-SRG-02367,Did my order go through?,Site spun for 5 minutes at checkout. Charged but no confirmation email. Did I buy a swan or donate to one?,open,normal,stan317@example.com,"[""surge"",""billing""]",1669,1669
TCK-SRG-02368,Buying 30 swans for a sorority event,Can we get 30 units and a bulk discount? Flexible on color. Not flexible on date.,solved,normal,umar790@example.com,"[""surge"",""presales"",""bulk""]",1355,1355
TCK-SRG-02369,Cancel if not shipping this week,"If the Colossal Swan cannot arrive before the 14th, cancel order ORD-104498. The moment will have passed.",open,normal,otis925@example.com,"[""surge"",""cancel""]",1650,1650
TCK-SRG-02370,Buying 30 swans for a sorority event,Can we get 30 units and a bulk discount? Flexible on color. Not flexible on date.,open,normal,tomasz855@example.com,"[""surge"",""presales"",""bulk""]",1574,1574
TCK-SRG-02371,Cancel if not shipping this week,"If the Colossal Swan cannot arrive before the 14th, cancel order ORD-106765. The moment will have passed.",open,normal,hannah163@example.com,"[""surge"",""cancel""]",1807,1807
TCK-SRG-02372,Swan restock date?,Site says backordered. When is restock? Asking for a group chat of 200 people.,open,normal,pearl258@example.com,"[""surge"",""presales""]",1804,1804
TCK-SRG-02373,Order status: swan,"I understand you are busy. I am simply asking for any information at all about order ORD-106525. Anything. A vibe, even.",open,normal,dolores655@example.com,"[""wismo"",""surge""]",1548,1548
TCK-SRG-02374,Cancel if not shipping this week,"If the Colossal Swan cannot arrive before the 14th, cancel order ORD-105101. The moment will have passed.",open,normal,flo352@example.com,"[""surge"",""cancel""]",1812,1812
TCK-SRG-02375,Cancel if not shipping this week,"If the Colossal Swan cannot arrive before the 14th, cancel order ORD-106823. The moment will have passed.",open,normal,wes500@example.com,"[""surge"",""cancel""]",1606,1606
TCK-SRG-02376,Order status: swan,"I understand you are busy. I am simply asking for any information at all about order ORD-103278. Anything. A vibe, even.",open,normal,tina865@example.com,"[""wismo"",""surge""]",1723,1723
TCK-SRG-02377,Order status: swan,"I understand you are busy. I am simply asking for any information at all about order ORD-105566. Anything. A vibe, even.",open,normal,harriet715@example.com,"[""wismo"",""surge""]",1653,1653
TCK-SRG-02378,WHERE IS MY SWAN,Ordered the second I saw the video. Confirmation says yesterday. Nothing since. The pool party is SUNDAY.,open,high,priya793@example.com,"[""wismo"",""surge""]",1435,1435
TCK-SRG-02379,Order status: swan,"I understand you are busy. I am simply asking for any information at all about order ORD-105762. Anything. A vibe, even.",open,normal,omar143@example.com,"[""wismo"",""surge""]",1603,1603
TCK-SRG-02380,Buying 30 swans for a sorority event,Can we get 30 units and a bulk discount? Flexible on color. Not flexible on date.,open,normal,jerome152@example.com,"[""surge"",""presales"",""bulk""]",1533,1533
TCK-SRG-02381,Order status: swan,"I understand you are busy. I am simply asking for any information at all about order ORD-106167. Anything. A vibe, even.",open,normal,aisha912@example.com,"[""wismo"",""surge""]",1357,1357
TCK-SRG-02382,September?? Really?,Quoted September delivery. Summer ENDS. Explain the plan or refund me.,open,high,ivan393@example.com,"[""surge"",""wismo""]",1626,1626
TCK-SRG-02383,Swan restock date?,Site says backordered. When is restock? Asking for a group chat of 200 people.,open,normal,hannah339@example.com,"[""surge"",""presales""]",1750,1750
TCK-SRG-02384,Cancel if not shipping this week,"If the Colossal Swan cannot arrive before the 14th, cancel order ORD-105979. The moment will have passed.",open,normal,ximena408@example.com,"[""surge"",""cancel""]",1482,1482
TCK-SRG-02385,Buying 30 swans for a sorority event,Can we get 30 units and a bulk discount? Flexible on color. Not flexible on date.,open,normal,keiko202@example.com,"[""surge"",""presales"",""bulk""]",1721,1721
TCK-SRG-02386,WHERE IS MY SWAN,Ordered the second I saw the video. Confirmation says yesterday. Nothing since. The pool party is SUNDAY.,open,high,jerome244@example.com,"[""wismo"",""surge""]",1820,1820
TCK-SRG-02387,Cancel if not shipping this week,"If the Colossal Swan cannot arrive before the 14th, cancel order ORD-107730. The moment will have passed.",open,normal,jamal279@example.com,"[""surge"",""cancel""]",1460,1460
TCK-SRG-02388,Cancel if not shipping this week,"If the Colossal Swan cannot arrive before the 14th, cancel order ORD-107333. The moment will have passed.",solved,normal,otis695@example.com,"[""surge"",""cancel""]",1385,1385
TCK-SRG-02389,Buying 30 swans for a sorority event,Can we get 30 units and a bulk discount? Flexible on color. Not flexible on date.,open,normal,stan169@example.com,"[""surge"",""presales"",""bulk""]",1431,1431
TCK-SRG-02390,WHERE IS MY SWAN,Ordered the second I saw the video. Confirmation says yesterday. Nothing since. The pool party is SUNDAY.,open,high,flo199@example.com,"[""wismo"",""surge""]",1911,1911
TCK-SRG-02391,Buying 30 swans for a sorority event,Can we get 30 units and a bulk discount? Flexible on color. Not flexible on date.,open,normal,umar487@example.com,"[""surge"",""presales"",""bulk""]",1463,1463
TCK-SRG-02392,September?? Really?,Quoted September delivery. Summer ENDS. Explain the plan or refund me.,open,high,nellie356@example.com,"[""surge"",""wismo""]",1391,1391
TCK-SRG-02393,Order status: swan,"I understand you are busy. I am simply asking for any information at all about order ORD-104877. Anything. A vibe, even.",open,normal,hannah972@example.com,"[""wismo"",""surge""]",1865,1865
TCK-SRG-02394,September?? Really?,Quoted September delivery. Summer ENDS. Explain the plan or refund me.,open,high,yuki317@example.com,"[""surge"",""wismo""]",1745,1745
TCK-SRG-02395,WHERE IS MY SWAN,Ordered the second I saw the video. Confirmation says yesterday. Nothing since. The pool party is SUNDAY.,open,high,ingrid327@example.com,"[""wismo"",""surge""]",1579,1579
TCK-SRG-02396,Cancel if not shipping this week,"If the Colossal Swan cannot arrive before the 14th, cancel order ORD-103019. The moment will have passed.",open,normal,deshawn192@example.com,"[""surge"",""cancel""]",1342,1342
TCK-SRG-02397,Did my order go through?,Site spun for 5 minutes at checkout. Charged but no confirmation email. Did I buy a swan or donate to one?,open,normal,dolores709@example.com,"[""surge"",""billing""]",1424,1424
TCK-SRG-02398,Did my order go through?,Site spun for 5 minutes at checkout. Charged but no confirmation email. Did I buy a swan or donate to one?,open,normal,nellie524@example.com,"[""surge"",""billing""]",1539,1539
TCK-SRG-02399,Buying 30 swans for a sorority event,Can we get 30 units and a bulk discount? Flexible on color. Not flexible on date.,open,normal,rosa867@example.com,"[""surge"",""presales"",""bulk""]",1351,1351
TCK-SRG-02400,September?? Really?,Quoted September delivery. Summer ENDS. Explain the plan or refund me.,open,high,yosef651@example.com,"[""surge"",""wismo""]",1731,1731
TCK-SRG-02401,Order status: swan,"I understand you are busy. I am simply asking for any information at all about order ORD-107203. Anything. A vibe, even.",open,normal,priya306@example.com,"[""wismo"",""surge""]",1567,1567
TCK-SRG-02402,Buying 30 swans for a sorority event,Can we get 30 units and a bulk discount? Flexible on color. Not flexible on date.,open,normal,ernesto336@example.com,"[""surge"",""presales"",""bulk""]",1803,1803
TCK-SRG-02403,Did my order go through?,Site spun for 5 minutes at checkout. Charged but no confirmation email. Did I buy a swan or donate to one?,solved,normal,zoe674@example.com,"[""surge"",""billing""]",1656,1656
TCK-SRG-02404,September?? Really?,Quoted September delivery. Summer ENDS. Explain the plan or refund me.,open,high,yuki610@example.com,"[""surge"",""wismo""]",1528,1528
TCK-SRG-02405,Did my order go through?,Site spun for 5 minutes at checkout. Charged but no confirmation email. Did I buy a swan or donate to one?,open,normal,zoe981@example.com,"[""surge"",""billing""]",1482,1482
TCK-SRG-02406,September?? Really?,Quoted September delivery. Summer ENDS. Explain the plan or refund me.,open,high,otis921@example.com,"[""surge"",""wismo""]",1443,1443
TCK-SRG-02407,Did my order go through?,Site spun for 5 minutes at checkout. Charged but no confirmation email. Did I buy a swan or donate to one?,open,normal,linda961@example.com,"[""surge"",""billing""]",1572,1572
TCK-SRG-02408,WHERE IS MY SWAN,Ordered the second I saw the video. Confirmation says yesterday. Nothing since. The pool party is SUNDAY.,open,high,ingrid337@example.com,"[""wismo"",""surge""]",1345,1345
TCK-SRG-02409,Swan restock date?,Site says backordered. When is restock? Asking for a group chat of 200 people.,open,normal,rosa824@example.com,"[""surge"",""presales""]",1937,1937
TCK-SRG-02410,Cancel if not shipping this week,"If the Colossal Swan cannot arrive before the 14th, cancel order ORD-105921. The moment will have passed.",open,normal,gus402@example.com,"[""surge"",""cancel""]",1407,1407
TCK-SRG-02411,Swan restock date?,Site says backordered. When is restock? Asking for a group chat of 200 people.,open,normal,dolores323@example.com,"[""surge"",""presales""]",1515,1515
TCK-SRG-02412,Cancel if not shipping this week,"If the Colossal Swan cannot arrive before the 14th, cancel order ORD-106883. The moment will have passed.",open,normal,mabel969@example.com,"[""surge"",""cancel""]",1728,1728
TCK-SRG-02413,September?? Really?,Quoted September delivery. Summer ENDS. Explain the plan or refund me.,open,high,bob888@example.com,"[""surge"",""wismo""]",1836,1836
TCK-SRG-02414,Did my order go through?,Site spun for 5 minutes at checkout. Charged but no confirmation email. Did I buy a swan or donate to one?,open,normal,tina721@example.com,"[""surge"",""billing""]",1842,1842
TCK-SRG-02415,Swan restock date?,Site says backordered. When is restock? Asking for a group chat of 200 people.,open,normal,linda562@example.com,"[""surge"",""presales""]",1831,1831
TCK-SRG-02416,September?? Really?,Quoted September delivery. Summer ENDS. Explain the plan or refund me.,open,high,carlos925@example.com,"[""surge"",""wismo""]",1562,1562
TCK-SRG-02417,Cancel if not shipping this week,"If the Colossal Swan cannot arrive before the 14th, cancel order ORD-104698. The moment will have passed.",open,normal,wes929@example.com,"[""surge"",""cancel""]",1479,1479
TCK-SRG-02418,Swan restock date?,Site says backordered. When is restock? Asking for a group chat of 200 people.,open,normal,lamar727@example.com,"[""surge"",""presales""]",1415,1415
TCK-SRG-02419,Swan restock date?,Site says backordered. When is restock? Asking for a group chat of 200 people.,open,normal,jerome700@example.com,"[""surge"",""presales""]",1852,1852
TCK-SRG-02420,Buying 30 swans for a sorority event,Can we get 30 units and a bulk discount? Flexible on color. Not flexible on date.,open,normal,tina794@example.com,"[""surge"",""presales"",""bulk""]",1685,1685
TCK-SRG-02421,Order status: swan,"I understand you are busy. I am simply asking for any information at all about order ORD-104606. Anything. A vibe, even.",open,normal,nellie699@example.com,"[""wismo"",""surge""]",1659,1659
TCK-SRG-02422,WHERE IS MY SWAN,Ordered the second I saw the video. Confirmation says yesterday. Nothing since. The pool party is SUNDAY.,open,high,bob914@example.com,"[""wismo"",""surge""]",1949,1949
TCK-SRG-02423,Swan restock date?,Site says backordered. When is restock? Asking for a group chat of 200 people.,open,normal,ximena296@example.com,"[""surge"",""presales""]",1825,1825
TCK-SRG-02424,Cancel if not shipping this week,"If the Colossal Swan cannot arrive before the 14th, cancel order ORD-103258. The moment will have passed.",open,normal,paloma261@example.com,"[""surge"",""cancel""]",1782,1782
TCK-SRG-02425,Swan restock date?,Site says backordered. When is restock? Asking for a group chat of 200 people.,solved,normal,bettye584@example.com,"[""surge"",""presales""]",1900,1900
TCK-SRG-02426,September?? Really?,Quoted September delivery. Summer ENDS. Explain the plan or refund me.,open,high,keiko807@example.com,"[""surge"",""wismo""]",1841,1841
TCK-SRG-02427,Buying 30 swans for a sorority event,Can we get 30 units and a bulk discount? Flexible on color. Not flexible on date.,open,normal,vera556@example.com,"[""surge"",""presales"",""bulk""]",1625,1625
TCK-SRG-02428,Did my order go through?,Site spun for 5 minutes at checkout. Charged but no confirmation email. Did I buy a swan or donate to one?,open,normal,margaret942@example.com,"[""surge"",""billing""]",1763,1763
TCK-SRG-02429,Cancel if not shipping this week,"If the Colossal Swan cannot arrive before the 14th, cancel order ORD-103479. The moment will have passed.",open,normal,greg683@example.com,"[""surge"",""cancel""]",1534,1534
TCK-SRG-02430,Buying 30 swans for a sorority event,Can we get 30 units and a bulk discount? Flexible on color. Not flexible on date.,open,normal,umar222@example.com,"[""surge"",""presales"",""bulk""]",1388,1388
TCK-SRG-02431,Cancel if not shipping this week,"If the Colossal Swan cannot arrive before the 14th, cancel order ORD-106563. The moment will have passed.",open,normal,umar579@example.com,"[""surge"",""cancel""]",1578,1578
TCK-SRG-02432,WHERE IS MY SWAN,Ordered the second I saw the video. Confirmation says yesterday. Nothing since. The pool party is SUNDAY.,open,high,paloma444@example.com,"[""wismo"",""surge""]",1509,1509
TCK-SRG-02433,Did my order go through?,Site spun for 5 minutes at checkout. Charged but no confirmation email. Did I buy a swan or donate to one?,open,normal,ernesto550@example.com,"[""surge"",""billing""]",1371,1371
TCK-SRG-02434,WHERE IS MY SWAN,Ordered the second I saw the video. Confirmation says yesterday. Nothing since. The pool party is SUNDAY.,open,high,keiko206@example.com,"[""wismo"",""surge""]",1602,1602
TCK-SRG-02435,September?? Really?,Quoted September delivery. Summer ENDS. Explain the plan or refund me.,open,high,pearl594@example.com,"[""surge"",""wismo""]",1510,1510
TCK-SRG-02436,Swan restock date?,Site says backordered. When is restock? Asking for a group chat of 200 people.,open,normal,stan732@example.com,"[""surge"",""presales""]",1824,1824
TCK-SRG-02437,September?? Really?,Quoted September delivery. Summer ENDS. Explain the plan or refund me.,open,high,yuki157@example.com,"[""surge"",""wismo""]",1441,1441
TCK-SRG-02438,Buying 30 swans for a sorority event,Can we get 30 units and a bulk discount? Flexible on color. Not flexible on date.,open,normal,ray426@example.com,"[""surge"",""presales"",""bulk""]",1358,1358
TCK-SRG-02439,WHERE IS MY SWAN,Ordered the second I saw the video. Confirmation says yesterday. Nothing since. The pool party is SUNDAY.,open,high,margaret970@example.com,"[""wismo"",""surge""]",1645,1645
TCK-SRG-02440,September?? Really?,Quoted September delivery. Summer ENDS. Explain the plan or refund me.,open,high,otis780@example.com,"[""surge"",""wismo""]",1771,1771
TCK-SRG-02441,WHERE IS MY SWAN,Ordered the second I saw the video. Confirmation says yesterday. Nothing since. The pool party is SUNDAY.,open,high,stan953@example.com,"[""wismo"",""surge""]",1406,1406
TCK-SRG-02442,Swan restock date?,Site says backordered. When is restock? Asking for a group chat of 200 people.,open,normal,fatima854@example.com,"[""surge"",""presales""]",1757,1757
TCK-SRG-02443,Order status: swan,"I understand you are busy. I am simply asking for any information at all about order ORD-103857. Anything. A vibe, even.",open,normal,chen597@example.com,"[""wismo"",""surge""]",1329,1329
TCK-SRG-02444,Swan restock date?,Site says backordered. When is restock? Asking for a group chat of 200 people.,open,normal,mo276@example.com,"[""surge"",""presales""]",1727,1727
TCK-SRG-02445,Did my order go through?,Site spun for 5 minutes at checkout. Charged but no confirmation email. Did I buy a swan or donate to one?,open,normal,jerome813@example.com,"[""surge"",""billing""]",1432,1432
TCK-SRG-02446,Swan restock date?,Site says backordered. When is restock? Asking for a group chat of 200 people.,open,normal,yosef316@example.com,"[""surge"",""presales""]",1842,1842
TCK-SRG-02447,Cancel if not shipping this week,"If the Colossal Swan cannot arrive before the 14th, cancel order ORD-106951. The moment will have passed.",open,normal,paloma586@example.com,"[""surge"",""cancel""]",1526,1526
TCK-SRG-02448,Did my order go through?,Site spun for 5 minutes at checkout. Charged but no confirmation email. Did I buy a swan or donate to one?,solved,normal,nadia258@example.com,"[""surge"",""billing""]",1889,1889
TCK-SRG-02449,Swan restock date?,Site says backordered. When is restock? Asking for a group chat of 200 people.,open,normal,pearl112@example.com,"[""surge"",""presales""]",1845,1845
TCK-SRG-02450,WHERE IS MY SWAN,Ordered the second I saw the video. Confirmation says yesterday. Nothing since. The pool party is SUNDAY.,open,high,greg905@example.com,"[""wismo"",""surge""]",1784,1784
TCK-SRG-02451,Swan restock date?,Site says backordered. When is restock? Asking for a group chat of 200 people.,open,normal,otis716@example.com,"[""surge"",""presales""]",1571,1571
TCK-SRG-02452,Swan restock date?,Site says backordered. When is restock? Asking for a group chat of 200 people.,open,normal,fatima772@example.com,"[""surge"",""presales""]",1330,1330
TCK-SRG-02453,Swan restock date?,Site says backordered. When is restock? Asking for a group chat of 200 people.,open,normal,hannah800@example.com,"[""surge"",""presales""]",1676,1676
TCK-SRG-02454,Order status: swan,"I understand you are busy. I am simply asking for any information at all about order ORD-103260. Anything. A vibe, even.",open,normal,tomasz352@example.com,"[""wismo"",""surge""]",1554,1554
TCK-SRG-02455,Order status: swan,"I understand you are busy. I am simply asking for any information at all about order ORD-106764. Anything. A vibe, even.",open,normal,wes968@example.com,"[""wismo"",""surge""]",1896,1896
TCK-SRG-02456,Buying 30 swans for a sorority event,Can we get 30 units and a bulk discount? Flexible on color. Not flexible on date.,open,normal,priya523@example.com,"[""surge"",""presales"",""bulk""]",1696,1696
TCK-SRG-02457,Cancel if not shipping this week,"If the Colossal Swan cannot arrive before the 14th, cancel order ORD-104552. The moment will have passed.",solved,normal,yuki207@example.com,"[""surge"",""cancel""]",1328,1328
TCK-SRG-02458,Cancel if not shipping this week,"If the Colossal Swan cannot arrive before the 14th, cancel order ORD-105623. The moment will have passed.",open,normal,bob686@example.com,"[""surge"",""cancel""]",1907,1907
TCK-SRG-02459,September?? Really?,Quoted September delivery. Summer ENDS. Explain the plan or refund me.,open,high,harriet483@example.com,"[""surge"",""wismo""]",1934,1934
TCK-SRG-02461,WHERE IS MY SWAN,Ordered the second I saw the video. Confirmation says yesterday. Nothing since. The pool party is SUNDAY.,open,high,mo390@example.com,"[""wismo"",""surge""]",1653,1653
TCK-SRG-02462,September?? Really?,Quoted September delivery. Summer ENDS. Explain the plan or refund me.,open,high,tina602@example.com,"[""surge"",""wismo""]",1332,1332
TCK-SRG-02463,September?? Really?,Quoted September delivery. Summer ENDS. Explain the plan or refund me.,open,high,harriet267@example.com,"[""surge"",""wismo""]",1869,1869
TCK-SRG-02464,WHERE IS MY SWAN,Ordered the second I saw the video. Confirmation says yesterday. Nothing since. The pool party is SUNDAY.,open,high,luis502@example.com,"[""wismo"",""surge""]",1376,1376
TCK-SRG-02465,Cancel if not shipping this week,"If the Colossal Swan cannot arrive before the 14th, cancel order ORD-106213. The moment will have passed.",open,normal,linda108@example.com,"[""surge"",""cancel""]",1440,1440
TCK-SRG-02466,Swan restock date?,Site says backordered. When is restock? Asking for a group chat of 200 people.,open,normal,jerome607@example.com,"[""surge"",""presales""]",1882,1882
TCK-SRG-02467,Order status: swan,"I understand you are busy. I am simply asking for any information at all about order ORD-105071. Anything. A vibe, even.",open,normal,priya379@example.com,"[""wismo"",""surge""]",1725,1725
TCK-SRG-02468,Swan restock date?,Site says backordered. When is restock? Asking for a group chat of 200 people.,open,normal,pearl397@example.com,"[""surge"",""presales""]",1867,1867
TCK-SRG-02469,September?? Really?,Quoted September delivery. Summer ENDS. Explain the plan or refund me.,open,high,nellie183@example.com,"[""surge"",""wismo""]",1925,1925
TCK-SRG-02470,Buying 30 swans for a sorority event,Can we get 30 units and a bulk discount? Flexible on color. Not flexible on date.,open,normal,flo734@example.com,"[""surge"",""presales"",""bulk""]",1377,1377
TCK-SRG-02471,Swan restock date?,Site says backordered. When is restock? Asking for a group chat of 200 people.,open,normal,ximena468@example.com,"[""surge"",""presales""]",1462,1462
TCK-SRG-02472,WHERE IS MY SWAN,Ordered the second I saw the video. Confirmation says yesterday. Nothing since. The pool party is SUNDAY.,open,high,margaret680@example.com,"[""wismo"",""surge""]",1646,1646
TCK-SRG-02473,September?? Really?,Quoted September delivery. Summer ENDS. Explain the plan or refund me.,open,high,bob896@example.com,"[""surge"",""wismo""]",1576,1576
TCK-SRG-02474,Cancel if not shipping this week,"If the Colossal Swan cannot arrive before the 14th, cancel order ORD-103640. The moment will have passed.",open,normal,kitty399@example.com,"[""surge"",""cancel""]",1369,1369
TCK-SRG-02475,WHERE IS MY SWAN,Ordered the second I saw the video. Confirmation says yesterday. Nothing since. The pool party is SUNDAY.,open,high,margaret439@example.com,"[""wismo"",""surge""]",1451,1451
TCK-SRG-02476,WHERE IS MY SWAN,Ordered the second I saw the video. Confirmation says yesterday. Nothing since. The pool party is SUNDAY.,open,high,greg321@example.com,"[""wismo"",""surge""]",1453,1453
TCK-SRG-02477,September?? Really?,Quoted September delivery. Summer ENDS. Explain the plan or refund me.,open,high,quinn144@example.com,"[""surge"",""wismo""]",1323,1323
TCK-SRG-02478,Buying 30 swans for a sorority event,Can we get 30 units and a bulk discount? Flexible on color. Not flexible on date.,open,normal,jerome227@example.com,"[""surge"",""presales"",""bulk""]",1536,1536
TCK-SRG-02479,Buying 30 swans for a sorority event,Can we get 30 units and a bulk discount? Flexible on color. Not flexible on date.,open,normal,jerome511@example.com,"[""surge"",""presales"",""bulk""]",1708,1708
TCK-SRG-02480,Buying 30 swans for a sorority event,Can we get 30 units and a bulk discount? Flexible on color. Not flexible on date.,open,normal,fatima768@example.com,"[""surge"",""presales"",""bulk""]",1785,1785
TCK-SRG-02481,September?? Really?,Quoted September delivery. Summer ENDS. Explain the plan or refund me.,open,high,yuki942@example.com,"[""surge"",""wismo""]",1328,1328
TCK-SRG-02482,Did my order go through?,Site spun for 5 minutes at checkout. Charged but no confirmation email. Did I buy a swan or donate to one?,open,normal,paloma613@example.com,"[""surge"",""billing""]",1496,1496
TCK-SRG-02483,Did my order go through?,Site spun for 5 minutes at checkout. Charged but no confirmation email. Did I buy a swan or donate to one?,open,normal,otis171@example.com,"[""surge"",""billing""]",1470,1470
TCK-SRG-02484,Swan restock date?,Site says backordered. When is restock? Asking for a group chat of 200 people.,open,normal,wes528@example.com,"[""surge"",""presales""]",1455,1455
TCK-SRG-02485,WHERE IS MY SWAN,Ordered the second I saw the video. Confirmation says yesterday. Nothing since. The pool party is SUNDAY.,open,high,deshawn537@example.com,"[""wismo"",""surge""]",1902,1902
TCK-SRG-02486,Cancel if not shipping this week,"If the Colossal Swan cannot arrive before the 14th, cancel order ORD-103417. The moment will have passed.",open,normal,mo979@example.com,"[""surge"",""cancel""]",1569,1569
TCK-SRG-02487,WHERE IS MY SWAN,Ordered the second I saw the video. Confirmation says yesterday. Nothing since. The pool party is SUNDAY.,solved,high,wes502@example.com,"[""wismo"",""surge""]",1950,1950
TCK-SRG-02488,Buying 30 swans for a sorority event,Can we get 30 units and a bulk discount? Flexible on color. Not flexible on date.,open,normal,yosef735@example.com,"[""surge"",""presales"",""bulk""]",1891,1891
TCK-SRG-02489,September?? Really?,Quoted September delivery. Summer ENDS. Explain the plan or refund me.,solved,high,ernesto596@example.com,"[""surge"",""wismo""]",1447,1447
TCK-SRG-02490,Swan restock date?,Site says backordered. When is restock? Asking for a group chat of 200 people.,open,normal,curtis744@example.com,"[""surge"",""presales""]",1707,1707
TCK-SRG-02491,WHERE IS MY SWAN,Ordered the second I saw the video. Confirmation says yesterday. Nothing since. The pool party is SUNDAY.,open,high,ivan405@example.com,"[""wismo"",""surge""]",1356,1356
TCK-SRG-02492,September?? Really?,Quoted September delivery. Summer ENDS. Explain the plan or refund me.,open,high,ivan724@example.com,"[""surge"",""wismo""]",1562,1562
TCK-SRG-02493,September?? Really?,Quoted September delivery. Summer ENDS. Explain the plan or refund me.,open,high,mo574@example.com,"[""surge"",""wismo""]",1433,1433
TCK-SRG-02494,Swan restock date?,Site says backordered. When is restock? Asking for a group chat of 200 people.,solved,normal,mo257@example.com,"[""surge"",""presales""]",1921,1921
TCK-SRG-02495,Cancel if not shipping this week,"If the Colossal Swan cannot arrive before the 14th, cancel order ORD-104279. The moment will have passed.",open,normal,stan220@example.com,"[""surge"",""cancel""]",1829,1829
TCK-SRG-02496,Buying 30 swans for a sorority event,Can we get 30 units and a bulk discount? Flexible on color. Not flexible on date.,open,normal,greg307@example.com,"[""surge"",""presales"",""bulk""]",1426,1426
TCK-SRG-02497,Cancel if not shipping this week,"If the Colossal Swan cannot arrive before the 14th, cancel order ORD-107027. The moment will have passed.",open,normal,harriet439@example.com,"[""surge"",""cancel""]",1938,1938
TCK-SRG-02498,Buying 30 swans for a sorority event,Can we get 30 units and a bulk discount? Flexible on color. Not flexible on date.,open,normal,tomasz207@example.com,"[""surge"",""presales"",""bulk""]",1891,1891
TCK-SRG-02499,Did my order go through?,Site spun for 5 minutes at checkout. Charged but no confirmation email. Did I buy a swan or donate to one?,open,normal,tina155@example.com,"[""surge"",""billing""]",1559,1559
TCK-SRG-02500,WHERE IS MY SWAN,Ordered the second I saw the video. Confirmation says yesterday. Nothing since. The pool party is SUNDAY.,open,high,ray832@example.com,"[""wismo"",""surge""]",1372,1372
TCK-SRG-02501,Swan restock date?,Site says backordered. When is restock? Asking for a group chat of 200 people.,open,normal,paloma723@example.com,"[""surge"",""presales""]",1702,1702
TCK-SRG-02502,WHERE IS MY SWAN,Ordered the second I saw the video. Confirmation says yesterday. Nothing since. The pool party is SUNDAY.,open,high,tomasz223@example.com,"[""wismo"",""surge""]",1667,1667
TCK-SRG-02503,Buying 30 swans for a sorority event,Can we get 30 units and a bulk discount? Flexible on color. Not flexible on date.,open,normal,tina944@example.com,"[""surge"",""presales"",""bulk""]",1785,1785
TCK-SRG-02504,Did my order go through?,Site spun for 5 minutes at checkout. Charged but no confirmation email. Did I buy a swan or donate to one?,solved,normal,quinn924@example.com,"[""surge"",""billing""]",1867,1867
TCK-SRG-02505,September?? Really?,Quoted September delivery. Summer ENDS. Explain the plan or refund me.,open,high,fatima508@example.com,"[""surge"",""wismo""]",1448,1448
TCK-SRG-02506,Buying 30 swans for a sorority event,Can we get 30 units and a bulk discount? Flexible on color. Not flexible on date.,open,normal,linda311@example.com,"[""surge"",""presales"",""bulk""]",1938,1938
TCK-SRG-02507,Swan restock date?,Site says backordered. When is restock? Asking for a group chat of 200 people.,open,normal,jamal993@example.com,"[""surge"",""presales""]",1372,1372
TCK-SRG-02508,Order status: swan,"I understand you are busy. I am simply asking for any information at all about order ORD-104180. Anything. A vibe, even.",open,normal,greg722@example.com,"[""wismo"",""surge""]",1777,1777
TCK-SRG-02509,Did my order go through?,Site spun for 5 minutes at checkout. Charged but no confirmation email. Did I buy a swan or donate to one?,solved,normal,umar918@example.com,"[""surge"",""billing""]",1454,1454
TCK-SRG-02510,Order status: swan,"I understand you are busy. I am simply asking for any information at all about order ORD-107430. Anything. A vibe, even.",open,normal,yosef273@example.com,"[""wismo"",""surge""]",1403,1403
TCK-SRG-02511,September?? Really?,Quoted September delivery. Summer ENDS. Explain the plan or refund me.,open,high,ingrid519@example.com,"[""surge"",""wismo""]",1555,1555
TCK-SRG-02512,September?? Really?,Quoted September delivery. Summer ENDS. Explain the plan or refund me.,open,high,lamar754@example.com,"[""surge"",""wismo""]",1900,1900
TCK-SRG-02513,WHERE IS MY SWAN,Ordered the second I saw the video. Confirmation says yesterday. Nothing since. The pool party is SUNDAY.,open,high,arthur449@example.com,"[""wismo"",""surge""]",1934,1934
TCK-SRG-02514,Cancel if not shipping this week,"If the Colossal Swan cannot arrive before the 14th, cancel order ORD-107742. The moment will have passed.",open,normal,aisha770@example.com,"[""surge"",""cancel""]",1856,1856
TCK-SRG-02515,September?? Really?,Quoted September delivery. Summer ENDS. Explain the plan or refund me.,open,high,margaret377@example.com,"[""surge"",""wismo""]",1404,1404
TCK-SRG-02516,WHERE IS MY SWAN,Ordered the second I saw the video. Confirmation says yesterday. Nothing since. The pool party is SUNDAY.,solved,high,aisha932@example.com,"[""wismo"",""surge""]",1728,1728
TCK-SRG-02517,Did my order go through?,Site spun for 5 minutes at checkout. Charged but no confirmation email. Did I buy a swan or donate to one?,solved,normal,pearl441@example.com,"[""surge"",""billing""]",1618,1618
TCK-SRG-02518,WHERE IS MY SWAN,Ordered the second I saw the video. Confirmation says yesterday. Nothing since. The pool party is SUNDAY.,open,high,curtis838@example.com,"[""wismo"",""surge""]",1905,1905
TCK-SRG-02519,WHERE IS MY SWAN,Ordered the second I saw the video. Confirmation says yesterday. Nothing since. The pool party is SUNDAY.,open,high,omar175@example.com,"[""wismo"",""surge""]",1916,1916
TCK-SRG-02520,WHERE IS MY SWAN,Ordered the second I saw the video. Confirmation says yesterday. Nothing since. The pool party is SUNDAY.,open,high,deshawn495@example.com,"[""wismo"",""surge""]",1515,1515
TCK-SRG-02521,Did my order go through?,Site spun for 5 minutes at checkout. Charged but no confirmation email. Did I buy a swan or donate to one?,open,normal,chen421@example.com,"[""surge"",""billing""]",1719,1719
TCK-SRG-02522,Did my order go through?,Site spun for 5 minutes at checkout. Charged but no confirmation email. Did I buy a swan or donate to one?,open,normal,lamar717@example.com,"[""surge"",""billing""]",1714,1714
TCK-SRG-02523,WHERE IS MY SWAN,Ordered the second I saw the video. Confirmation says yesterday. Nothing since. The pool party is SUNDAY.,open,high,deshawn702@example.com,"[""wismo"",""surge""]",1730,1730
TCK-SRG-02524,Did my order go through?,Site spun for 5 minutes at checkout. Charged but no confirmation email. Did I buy a swan or donate to one?,open,normal,ray615@example.com,"[""surge"",""billing""]",1408,1408
TCK-SRG-02525,Cancel if not shipping this week,"If the Colossal Swan cannot arrive before the 14th, cancel order ORD-106967. The moment will have passed.",open,normal,keiko508@example.com,"[""surge"",""cancel""]",1619,1619
TCK-SRG-02526,Swan restock date?,Site says backordered. When is restock? Asking for a group chat of 200 people.,open,normal,aisha709@example.com,"[""surge"",""presales""]",1661,1661
TCK-SRG-02527,Order status: swan,"I understand you are busy. I am simply asking for any information at all about order ORD-106592. Anything. A vibe, even.",open,normal,tomasz773@example.com,"[""wismo"",""surge""]",1850,1850
TCK-SRG-02528,Did my order go through?,Site spun for 5 minutes at checkout. Charged but no confirmation email. Did I buy a swan or donate to one?,open,normal,pearl412@example.com,"[""surge"",""billing""]",1399,1399
TCK-SRG-02529,WHERE IS MY SWAN,Ordered the second I saw the video. Confirmation says yesterday. Nothing since. The pool party is SUNDAY.,open,high,nadia156@example.com,"[""wismo"",""surge""]",1720,1720
TCK-SRG-02530,September?? Really?,Quoted September delivery. Summer ENDS. Explain the plan or refund me.,open,high,ximena411@example.com,"[""surge"",""wismo""]",1727,1727
TCK-SRG-02531,Swan restock date?,Site says backordered. When is restock? Asking for a group chat of 200 people.,open,normal,deshawn221@example.com,"[""surge"",""presales""]",1866,1866
TCK-SRG-02532,Swan restock date?,Site says backordered. When is restock? Asking for a group chat of 200 people.,open,normal,keiko854@example.com,"[""surge"",""presales""]",1340,1340
TCK-SRG-02533,WHERE IS MY SWAN,Ordered the second I saw the video. Confirmation says yesterday. Nothing since. The pool party is SUNDAY.,open,high,kitty896@example.com,"[""wismo"",""surge""]",1834,1834
TCK-SRG-02534,Cancel if not shipping this week,"If the Colossal Swan cannot arrive before the 14th, cancel order ORD-104682. The moment will have passed.",open,normal,otis131@example.com,"[""surge"",""cancel""]",1656,1656
TCK-SRG-02535,Did my order go through?,Site spun for 5 minutes at checkout. Charged but no confirmation email. Did I buy a swan or donate to one?,open,normal,deshawn882@example.com,"[""surge"",""billing""]",1482,1482
TCK-SRG-02536,WHERE IS MY SWAN,Ordered the second I saw the video. Confirmation says yesterday. Nothing since. The pool party is SUNDAY.,open,high,margaret218@example.com,"[""wismo"",""surge""]",1651,1651
TCK-SRG-02537,Order status: swan,"I understand you are busy. I am simply asking for any information at all about order ORD-105458. Anything. A vibe, even.",open,normal,kitty819@example.com,"[""wismo"",""surge""]",1339,1339
TCK-SRG-02538,Cancel if not shipping this week,"If the Colossal Swan cannot arrive before the 14th, cancel order ORD-104743. The moment will have passed.",open,normal,carlos249@example.com,"[""surge"",""cancel""]",1892,1892
TCK-SRG-02539,Buying 30 swans for a sorority event,Can we get 30 units and a bulk discount? Flexible on color. Not flexible on date.,open,normal,linda299@example.com,"[""surge"",""presales"",""bulk""]",1632,1632
TCK-SRG-02540,Buying 30 swans for a sorority event,Can we get 30 units and a bulk discount? Flexible on color. Not flexible on date.,solved,normal,ingrid948@example.com,"[""surge"",""presales"",""bulk""]",1932,1932
TCK-SRG-02541,Swan restock date?,Site says backordered. When is restock? Asking for a group chat of 200 people.,open,normal,rosa264@example.com,"[""surge"",""presales""]",1433,1433
TCK-SRG-02542,Swan restock date?,Site says backordered. When is restock? Asking for a group chat of 200 people.,open,normal,nadia247@example.com,"[""surge"",""presales""]",1409,1409
TCK-SRG-02543,WHERE IS MY SWAN,Ordered the second I saw the video. Confirmation says yesterday. Nothing since. The pool party is SUNDAY.,open,high,otis536@example.com,"[""wismo"",""surge""]",1391,1391
TCK-SRG-02544,Order status: swan,"I understand you are busy. I am simply asking for any information at all about order ORD-103278. Anything. A vibe, even.",open,normal,bob703@example.com,"[""wismo"",""surge""]",1505,1505
TCK-SRG-02545,Buying 30 swans for a sorority event,Can we get 30 units and a bulk discount? Flexible on color. Not flexible on date.,open,normal,mo311@example.com,"[""surge"",""presales"",""bulk""]",1535,1535
TCK-SRG-02546,Cancel if not shipping this week,"If the Colossal Swan cannot arrive before the 14th, cancel order ORD-105422. The moment will have passed.",open,normal,margaret546@example.com,"[""surge"",""cancel""]",1848,1848
TCK-SRG-02547,Order status: swan,"I understand you are busy. I am simply asking for any information at all about order ORD-107837. Anything. A vibe, even.",open,normal,keiko329@example.com,"[""wismo"",""surge""]",1435,1435
TCK-SRG-02548,Buying 30 swans for a sorority event,Can we get 30 units and a bulk discount? Flexible on color. Not flexible on date.,open,normal,nadia882@example.com,"[""surge"",""presales"",""bulk""]",1629,1629
TCK-SRG-02549,Order status: swan,"I understand you are busy. I am simply asking for any information at all about order ORD-106455. Anything. A vibe, even.",open,normal,ingrid820@example.com,"[""wismo"",""surge""]",1444,1444
TCK-SRG-02550,Did my order go through?,Site spun for 5 minutes at checkout. Charged but no confirmation email. Did I buy a swan or donate to one?,open,normal,ray670@example.com,"[""surge"",""billing""]",1447,1447
TCK-SRG-02551,Did my order go through?,Site spun for 5 minutes at checkout. Charged but no confirmation email. Did I buy a swan or donate to one?,open,normal,aisha208@example.com,"[""surge"",""billing""]",1941,1941
TCK-SRG-02552,September?? Really?,Quoted September delivery. Summer ENDS. Explain the plan or refund me.,open,high,wes340@example.com,"[""surge"",""wismo""]",1836,1836
TCK-SRG-02553,September?? Really?,Quoted September delivery. Summer ENDS. Explain the plan or refund me.,open,high,bob698@example.com,"[""surge"",""wismo""]",1880,1880
TCK-SRG-02554,September?? Really?,Quoted September delivery. Summer ENDS. Explain the plan or refund me.,open,high,wes923@example.com,"[""surge"",""wismo""]",1379,1379
TCK-SRG-02555,Order status: swan,"I understand you are busy. I am simply asking for any information at all about order ORD-107953. Anything. A vibe, even.",open,normal,tina180@example.com,"[""wismo"",""surge""]",1426,1426
TCK-SRG-02556,September?? Really?,Quoted September delivery. Summer ENDS. Explain the plan or refund me.,open,high,ray384@example.com,"[""surge"",""wismo""]",1635,1635
TCK-SRG-02557,Swan restock date?,Site says backordered. When is restock? Asking for a group chat of 200 people.,open,normal,mabel510@example.com,"[""surge"",""presales""]",1374,1374
TCK-SRG-02558,Buying 30 swans for a sorority event,Can we get 30 units and a bulk discount? Flexible on color. Not flexible on date.,open,normal,pearl400@example.com,"[""surge"",""presales"",""bulk""]",1757,1757
TCK-SRG-02559,Order status: swan,"I understand you are busy. I am simply asking for any information at all about order ORD-107601. Anything. A vibe, even.",open,normal,aisha779@example.com,"[""wismo"",""surge""]",1879,1879
TCK-SRG-02560,September?? Really?,Quoted September delivery. Summer ENDS. Explain the plan or refund me.,solved,high,vera967@example.com,"[""surge"",""wismo""]",1892,1892
TCK-SRG-02561,WHERE IS MY SWAN,Ordered the second I saw the video. Confirmation says yesterday. Nothing since. The pool party is SUNDAY.,open,high,harriet758@example.com,"[""wismo"",""surge""]",1329,1329
TCK-SRG-02562,WHERE IS MY SWAN,Ordered the second I saw the video. Confirmation says yesterday. Nothing since. The pool party is SUNDAY.,open,high,jerome934@example.com,"[""wismo"",""surge""]",1657,1657
TCK-SRG-02563,Swan restock date?,Site says backordered. When is restock? Asking for a group chat of 200 people.,open,normal,bettye606@example.com,"[""surge"",""presales""]",1582,1582
TCK-SRG-02564,Cancel if not shipping this week,"If the Colossal Swan cannot arrive before the 14th, cancel order ORD-106531. The moment will have passed.",open,normal,mabel786@example.com,"[""surge"",""cancel""]",1555,1555
TCK-SRG-02565,WHERE IS MY SWAN,Ordered the second I saw the video. Confirmation says yesterday. Nothing since. The pool party is SUNDAY.,open,high,fatima614@example.com,"[""wismo"",""surge""]",1321,1321
TCK-SRG-02566,Buying 30 swans for a sorority event,Can we get 30 units and a bulk discount? Flexible on color. Not flexible on date.,open,normal,tina301@example.com,"[""surge"",""presales"",""bulk""]",1689,1689
TCK-SRG-02567,WHERE IS MY SWAN,Ordered the second I saw the video. Confirmation says yesterday. Nothing since. The pool party is SUNDAY.,open,high,rosa723@example.com,"[""wismo"",""surge""]",1737,1737
TCK-SRG-02568,Swan restock date?,Site says backordered. When is restock? Asking for a group chat of 200 people.,open,normal,bob828@example.com,"[""surge"",""presales""]",1805,1805
TCK-SRG-02569,Did my order go through?,Site spun for 5 minutes at checkout. Charged but no confirmation email. Did I buy a swan or donate to one?,open,normal,quinn525@example.com,"[""surge"",""billing""]",1611,1611
TCK-SRG-02570,Order status: swan,"I understand you are busy. I am simply asking for any information at all about order ORD-106903. Anything. A vibe, even.",open,normal,kitty888@example.com,"[""wismo"",""surge""]",1752,1752
TCK-SRG-02571,Buying 30 swans for a sorority event,Can we get 30 units and a bulk discount? Flexible on color. Not flexible on date.,open,normal,fatima183@example.com,"[""surge"",""presales"",""bulk""]",1416,1416
TCK-SRG-02572,WHERE IS MY SWAN,Ordered the second I saw the video. Confirmation says yesterday. Nothing since. The pool party is SUNDAY.,open,high,yuki453@example.com,"[""wismo"",""surge""]",1898,1898
TCK-SRG-02573,Cancel if not shipping this week,"If the Colossal Swan cannot arrive before the 14th, cancel order ORD-103858. The moment will have passed.",open,normal,arthur992@example.com,"[""surge"",""cancel""]",1777,1777
TCK-SRG-02574,WHERE IS MY SWAN,Ordered the second I saw the video. Confirmation says yesterday. Nothing since. The pool party is SUNDAY.,open,high,jerome784@example.com,"[""wismo"",""surge""]",1893,1893
TCK-SRG-02575,September?? Really?,Quoted September delivery. Summer ENDS. Explain the plan or refund me.,open,high,luis731@example.com,"[""surge"",""wismo""]",1515,1515
TCK-SRG-02576,Cancel if not shipping this week,"If the Colossal Swan cannot arrive before the 14th, cancel order ORD-104014. The moment will have passed.",open,normal,kitty441@example.com,"[""surge"",""cancel""]",1577,1577
TCK-SRG-02577,Order status: swan,"I understand you are busy. I am simply asking for any information at all about order ORD-107883. Anything. A vibe, even.",open,normal,carlos273@example.com,"[""wismo"",""surge""]",1743,1743
TCK-SRG-02578,WHERE IS MY SWAN,Ordered the second I saw the video. Confirmation says yesterday. Nothing since. The pool party is SUNDAY.,solved,high,umar907@example.com,"[""wismo"",""surge""]",1432,1432
TCK-SRG-02579,Did my order go through?,Site spun for 5 minutes at checkout. Charged but no confirmation email. Did I buy a swan or donate to one?,open,normal,ernesto938@example.com,"[""surge"",""billing""]",1501,1501
TCK-SRG-02580,Order status: swan,"I understand you are busy. I am simply asking for any information at all about order ORD-103550. Anything. A vibe, even.",open,normal,zoe373@example.com,"[""wismo"",""surge""]",1492,1492
TCK-SRG-02581,Buying 30 swans for a sorority event,Can we get 30 units and a bulk discount? Flexible on color. Not flexible on date.,open,normal,ivan806@example.com,"[""surge"",""presales"",""bulk""]",1755,1755
TCK-SRG-02582,Order status: swan,"I understand you are busy. I am simply asking for any information at all about order ORD-106867. Anything. A vibe, even.",open,normal,tina980@example.com,"[""wismo"",""surge""]",1544,1544
TCK-SRG-02583,Did my order go through?,Site spun for 5 minutes at checkout. Charged but no confirmation email. Did I buy a swan or donate to one?,open,normal,flo298@example.com,"[""surge"",""billing""]",1741,1741
TCK-SRG-02584,Did my order go through?,Site spun for 5 minutes at checkout. Charged but no confirmation email. Did I buy a swan or donate to one?,open,normal,greg224@example.com,"[""surge"",""billing""]",1333,1333
TCK-SRG-02585,Swan restock date?,Site says backordered. When is restock? Asking for a group chat of 200 people.,open,normal,umar676@example.com,"[""surge"",""presales""]",1455,1455
TCK-SRG-02586,Swan restock date?,Site says backordered. When is restock? Asking for a group chat of 200 people.,open,normal,paloma193@example.com,"[""surge"",""presales""]",1696,1696
TCK-SRG-02587,September?? Really?,Quoted September delivery. Summer ENDS. Explain the plan or refund me.,open,high,kitty199@example.com,"[""surge"",""wismo""]",1427,1427
TCK-SRG-02588,Order status: swan,"I understand you are busy. I am simply asking for any information at all about order ORD-105220. Anything. A vibe, even.",open,normal,bob403@example.com,"[""wismo"",""surge""]",1728,1728
TCK-SRG-02589,Order status: swan,"I understand you are busy. I am simply asking for any information at all about order ORD-107212. Anything. A vibe, even.",open,normal,stan547@example.com,"[""wismo"",""surge""]",1424,1424
TCK-SRG-02590,Cancel if not shipping this week,"If the Colossal Swan cannot arrive before the 14th, cancel order ORD-106131. The moment will have passed.",open,normal,mabel551@example.com,"[""surge"",""cancel""]",1540,1540
TCK-SRG-02591,Buying 30 swans for a sorority event,Can we get 30 units and a bulk discount? Flexible on color. Not flexible on date.,open,normal,mabel618@example.com,"[""surge"",""presales"",""bulk""]",1776,1776
TCK-SRG-02592,Order status: swan,"I understand you are busy. I am simply asking for any information at all about order ORD-103205. Anything. A vibe, even.",open,normal,quinn290@example.com,"[""wismo"",""surge""]",1875,1875
TCK-SRG-02593,September?? Really?,Quoted September delivery. Summer ENDS. Explain the plan or refund me.,open,high,tina280@example.com,"[""surge"",""wismo""]",1436,1436
TCK-SRG-02594,Cancel if not shipping this week,"If the Colossal Swan cannot arrive before the 14th, cancel order ORD-104756. The moment will have passed.",open,normal,zoe539@example.com,"[""surge"",""cancel""]",1384,1384
TCK-SRG-02595,Swan restock date?,Site says backordered. When is restock? Asking for a group chat of 200 people.,open,normal,jerome703@example.com,"[""surge"",""presales""]",1730,1730
TCK-SRG-02596,Cancel if not shipping this week,"If the Colossal Swan cannot arrive before the 14th, cancel order ORD-104384. The moment will have passed.",open,normal,keiko232@example.com,"[""surge"",""cancel""]",1491,1491
TCK-SRG-02597,Order status: swan,"I understand you are busy. I am simply asking for any information at all about order ORD-103926. Anything. A vibe, even.",open,normal,kitty215@example.com,"[""wismo"",""surge""]",1598,1598
TCK-SRG-02598,WHERE IS MY SWAN,Ordered the second I saw the video. Confirmation says yesterday. Nothing since. The pool party is SUNDAY.,open,high,curtis124@example.com,"[""wismo"",""surge""]",1514,1514
TCK-SRG-02599,Swan restock date?,Site says backordered. When is restock? Asking for a group chat of 200 people.,open,normal,omar517@example.com,"[""surge"",""presales""]",1816,1816
