id,subject,body,status,priority,customer_email,tags,created_at,updated_at
TCK-50001,Address change on subscription,"Moved from South Bend, IN to Ann Arbor, MI. Update my Float Club shipping address please.",open,normal,vera54@example.com,"[""float-club"",""account""]",-9483,-8620
TCK-50002,Swan for a wedding?,Is the Colossal Swan available in white only? Wedding is in August. It will be in the photos. It IS the photos.,solved,normal,tina12@example.com,"[""product"",""presales""]",-9340,-8783
TCK-50003,Tube man dancing weird,Our Standard Wacky unit is doing more of a slow lean than a wave. Customers are asking if he is ok.,solved,normal,arthur74@example.com,"[""tube-man"",""b2b""]",-9495,-8790
TCK-50004,Valve cap missing from box,My Colossal Swan arrived without the valve cap. It deflates overnight. Love it otherwise.,solved,normal,deshawn59@example.com,"[""parts""]",-9532,-9079
TCK-50005,Tube man dancing weird,Our Standard Wacky unit is doing more of a slow lean than a wave. Customers are asking if he is ok.,solved,normal,gus42@example.com,"[""tube-man"",""b2b""]",-8846,-8533
TCK-50006,Refund request: double charge,Charged twice for order ORD-101711. Bank shows both pending. Please fix.,solved,normal,harriet89@example.com,"[""billing"",""refund""]",-9093,-8902
TCK-50007,Gift for retirement party,Can I get a tube man for a retirement party for one weekend? He was in HVAC 30 years. It has to flail.,solved,normal,rosa32@example.com,"[""presales"",""tube-man""]",-9093,-8825
TCK-50008,Repair kit question,Does the repair kit work on the Lazy Kraken tentacle seams or only the body?,solved,normal,aisha82@example.com,"[""product""]",-9281,-8895
TCK-50009,Valve cap missing from box,My Sir Reginald Unicorn arrived without the valve cap. It deflates overnight. Love it otherwise.,solved,normal,flo33@example.com,"[""parts""]",-9443,-9249
TCK-50010,Where is my order?,Ordered a Lazy Kraken on 8 days ago. Tracking has not moved. Party is Saturday. Please advise.,solved,normal,ingrid85@example.com,"[""wismo""]",-8835,-8616
TCK-50011,Sir Reginald has a slow leak,Sir Reginald Unicorn loses about 20% overnight. Within warranty. What are my options?,solved,normal,ximena27@example.com,"[""warranty""]",-9338,-8899
TCK-50012,Bounce house booking change,Need to move our Castle Classic rental from Sat to Sun. Same address. Kid changed the theme again.,solved,normal,chen9@example.com,"[""bounce"",""booking""]",-8802,-8466
TCK-50013,Valve cap missing from box,My Colossal Swan arrived without the valve cap. It deflates overnight. Love it otherwise.,solved,normal,dolores60@example.com,"[""parts""]",-9136,-8732
TCK-50014,Bounce house booking change,Need to move our Castle Classic rental from Sat to Sun. Same address. Kid changed the theme again.,solved,normal,zoe18@example.com,"[""bounce"",""booking""]",-8879,-8326
TCK-50015,Gift for retirement party,Can I get a tube man for a retirement party for one weekend? He was in HVAC 30 years. It has to flail.,solved,normal,margaret78@example.com,"[""presales"",""tube-man""]",-9613,-9139
TCK-50016,Address change on subscription,"Moved from Akron, OH to Sandusky, OH. Update my Float Club shipping address please.",solved,normal,deshawn68@example.com,"[""float-club"",""account""]",-9438,-9114
TCK-50017,Invoice copy needed,Our dealership needs a copy of last month's TMaaS invoice for accounting. Unit count changed mid-month.,solved,normal,aisha42@example.com,"[""b2b"",""billing""]",-9159,-8507
TCK-50018,Tube man dancing weird,Our Standard Wacky unit is doing more of a slow lean than a wave. Customers are asking if he is ok.,solved,normal,arthur81@example.com,"[""tube-man"",""b2b""]",-9123,-8729
TCK-50019,Sir Reginald has a slow leak,Sir Reginald Unicorn loses about 20% overnight. Within warranty. What are my options?,solved,normal,keiko94@example.com,"[""warranty""]",-8983,-8093
TCK-50020,Float Club: pause my membership,"Traveling for two months. Can you pause my Float Club box? Do not cancel. I repeat, do not cancel.",solved,normal,linda44@example.com,"[""float-club""]",-9528,-8640
TCK-50021,Address change on subscription,"Moved from Findlay, OH to Toledo, OH. Update my Float Club shipping address please.",open,normal,harriet75@example.com,"[""float-club"",""account""]",-8852,-8507
TCK-50022,Sir Reginald has a slow leak,Sir Reginald Unicorn loses about 20% overnight. Within warranty. What are my options?,solved,normal,ray66@example.com,"[""warranty""]",-9342,-8982
TCK-50023,Pizza float smells like vinyl,Is the vinyl smell on the Pizza Slice XL normal? How long until it airs out?,solved,normal,harriet51@example.com,"[""product""]",-9390,-8660
TCK-50024,Where is my order?,Ordered a Sir Reginald Unicorn on 5 days ago. Tracking has not moved. Party is Saturday. Please advise.,solved,normal,keiko56@example.com,"[""wismo""]",-9400,-9294
TCK-50025,Where is my order?,Ordered a Colossal Swan on 12 days ago. Tracking has not moved. Party is Saturday. Please advise.,solved,normal,chen79@example.com,"[""wismo""]",-9300,-9259
TCK-50026,Repair kit question,Does the repair kit work on the Lazy Kraken tentacle seams or only the body?,solved,normal,mabel48@example.com,"[""product""]",-9551,-9123
TCK-50027,Refund request: double charge,Charged twice for order ORD-101248. Bank shows both pending. Please fix.,solved,normal,mo78@example.com,"[""billing"",""refund""]",-8985,-8368
TCK-50028,Bounce house wet after rain,The Corporate Retreat Edition got rained on. What is the dry-out protocol before the offsite?,open,normal,ingrid23@example.com,"[""bounce"",""care""]",-9631,-9589
TCK-50029,Swan for a wedding?,Is the Colossal Swan available in white only? Wedding is in August. It will be in the photos. It IS the photos.,solved,normal,fatima41@example.com,"[""product"",""presales""]",-9264,-8421
TCK-50030,Pizza float smells like vinyl,Is the vinyl smell on the Pizza Slice XL normal? How long until it airs out?,solved,normal,tina13@example.com,"[""product""]",-9437,-8680
TCK-50031,Bounce house booking change,Need to move our Castle Classic rental from Sat to Sun. Same address. Kid changed the theme again.,solved,normal,ingrid15@example.com,"[""bounce"",""booking""]",-9313,-9084
TCK-50032,Sir Reginald has a slow leak,Sir Reginald Unicorn loses about 20% overnight. Within warranty. What are my options?,solved,normal,luis4@example.com,"[""warranty""]",-8730,-8469
TCK-50033,Pizza float smells like vinyl,Is the vinyl smell on the Pizza Slice XL normal? How long until it airs out?,solved,normal,bettye17@example.com,"[""product""]",-9248,-9126
TCK-50034,Repair kit question,Does the repair kit work on the Lazy Kraken tentacle seams or only the body?,solved,normal,yuki69@example.com,"[""product""]",-8784,-8238
TCK-50035,Repair kit question,Does the repair kit work on the Lazy Kraken tentacle seams or only the body?,solved,normal,ximena74@example.com,"[""product""]",-9058,-8334
TCK-50036,Where is my order?,Ordered a Lazy Kraken on 8 days ago. Tracking has not moved. Party is Saturday. Please advise.,solved,normal,ernesto72@example.com,"[""wismo""]",-9434,-8600
TCK-50037,Invoice copy needed,Our dealership needs a copy of last month's TMaaS invoice for accounting. Unit count changed mid-month.,solved,normal,ximena31@example.com,"[""b2b"",""billing""]",-8861,-8720
TCK-50038,Bounce house wet after rain,The Corporate Retreat Edition got rained on. What is the dry-out protocol before the offsite?,solved,normal,arthur71@example.com,"[""bounce"",""care""]",-9652,-9036
TCK-50039,Tube man dancing weird,Our Standard Wacky unit is doing more of a slow lean than a wave. Customers are asking if he is ok.,solved,normal,greg79@example.com,"[""tube-man"",""b2b""]",-9380,-9131
TCK-50040,Swan for a wedding?,Is the Colossal Swan available in white only? Wedding is in August. It will be in the photos. It IS the photos.,solved,normal,rosa88@example.com,"[""product"",""presales""]",-9566,-9444
TCK-50041,Pizza float smells like vinyl,Is the vinyl smell on the Pizza Slice XL normal? How long until it airs out?,open,normal,chen37@example.com,"[""product""]",-9616,-8889
TCK-50042,Refund request: double charge,Charged twice for order ORD-102515. Bank shows both pending. Please fix.,solved,normal,umar3@example.com,"[""billing"",""refund""]",-8874,-8333
TCK-50043,Gift for retirement party,Can I get a tube man for a retirement party for one weekend? He was in HVAC 30 years. It has to flail.,solved,normal,mabel41@example.com,"[""presales"",""tube-man""]",-9511,-8648
TCK-50044,Invoice copy needed,Our dealership needs a copy of last month's TMaaS invoice for accounting. Unit count changed mid-month.,solved,normal,ximena64@example.com,"[""b2b"",""billing""]",-9325,-8496
TCK-50045,Tube man dancing weird,Our Standard Wacky unit is doing more of a slow lean than a wave. Customers are asking if he is ok.,solved,normal,wes29@example.com,"[""tube-man"",""b2b""]",-8870,-8093
TCK-50046,Repair kit question,Does the repair kit work on the Lazy Kraken tentacle seams or only the body?,solved,normal,kitty98@example.com,"[""product""]",-9373,-9221
TCK-50047,Sir Reginald has a slow leak,Sir Reginald Unicorn loses about 20% overnight. Within warranty. What are my options?,solved,normal,wes31@example.com,"[""warranty""]",-8701,-8383
TCK-50048,Gift for retirement party,Can I get a tube man for a retirement party for one weekend? He was in HVAC 30 years. It has to flail.,solved,normal,stan70@example.com,"[""presales"",""tube-man""]",-9455,-9155
TCK-50049,Stadium mascot arm replacement,Our mascot system left arm tore during the seventh inning. Need the replacement panel before Friday's home game.,solved,high,luis99@example.com,"[""b2b"",""mascot"",""parts""]",-9085,-8301
TCK-50050,Valve cap missing from box,My Pizza Slice XL arrived without the valve cap. It deflates overnight. Love it otherwise.,solved,normal,arthur30@example.com,"[""parts""]",-9404,-8991
TCK-50051,Repair kit question,Does the repair kit work on the Lazy Kraken tentacle seams or only the body?,solved,normal,mabel42@example.com,"[""product""]",-8960,-8064
TCK-50052,Invoice copy needed,Our dealership needs a copy of last month's TMaaS invoice for accounting. Unit count changed mid-month.,solved,normal,umar32@example.com,"[""b2b"",""billing""]",-8714,-7886
TCK-50053,Valve cap missing from box,My Lazy Kraken arrived without the valve cap. It deflates overnight. Love it otherwise.,solved,normal,carlos80@example.com,"[""parts""]",-8881,-8625
TCK-50054,Gift for retirement party,Can I get a tube man for a retirement party for one weekend? He was in HVAC 30 years. It has to flail.,solved,normal,fatima17@example.com,"[""presales"",""tube-man""]",-9419,-9137
TCK-50055,Swan for a wedding?,Is the Colossal Swan available in white only? Wedding is in August. It will be in the photos. It IS the photos.,solved,normal,pearl66@example.com,"[""product"",""presales""]",-8776,-8663
TCK-50056,Repair kit question,Does the repair kit work on the Lazy Kraken tentacle seams or only the body?,solved,normal,kitty12@example.com,"[""product""]",-9180,-9064
TCK-50057,Swan for a wedding?,Is the Colossal Swan available in white only? Wedding is in August. It will be in the photos. It IS the photos.,solved,normal,ingrid92@example.com,"[""product"",""presales""]",-9052,-8313
TCK-50058,Where is my order?,Ordered a Sir Reginald Unicorn on 8 days ago. Tracking has not moved. Party is Saturday. Please advise.,open,normal,ivan30@example.com,"[""wismo""]",-9046,-8742
TCK-50059,Stadium mascot arm replacement,Our mascot system left arm tore during the seventh inning. Need the replacement panel before Friday's home game.,open,high,jerome92@example.com,"[""b2b"",""mascot"",""parts""]",-9549,-9008
TCK-50060,Address change on subscription,"Moved from Ann Arbor, MI to Toledo, OH. Update my Float Club shipping address please.",solved,normal,yuki3@example.com,"[""float-club"",""account""]",-9625,-9141
TCK-50061,Float Club: pause my membership,"Traveling for two months. Can you pause my Float Club box? Do not cancel. I repeat, do not cancel.",solved,normal,jamal92@example.com,"[""float-club""]",-9013,-8656
TCK-50062,Stadium mascot arm replacement,Our mascot system left arm tore during the seventh inning. Need the replacement panel before Friday's home game.,solved,high,deshawn99@example.com,"[""b2b"",""mascot"",""parts""]",-9646,-9230
TCK-50063,Invoice copy needed,Our dealership needs a copy of last month's TMaaS invoice for accounting. Unit count changed mid-month.,solved,normal,gus4@example.com,"[""b2b"",""billing""]",-9256,-8544
TCK-50064,Stadium mascot arm replacement,Our mascot system left arm tore during the seventh inning. Need the replacement panel before Friday's home game.,solved,high,deshawn60@example.com,"[""b2b"",""mascot"",""parts""]",-9518,-9142
TCK-50065,Invoice copy needed,Our dealership needs a copy of last month's TMaaS invoice for accounting. Unit count changed mid-month.,solved,normal,rosa3@example.com,"[""b2b"",""billing""]",-9230,-8488
TCK-50066,Bounce house booking change,Need to move our Castle Classic rental from Sat to Sun. Same address. Kid changed the theme again.,solved,normal,bob29@example.com,"[""bounce"",""booking""]",-9304,-9122
TCK-50067,Address change on subscription,"Moved from Sandusky, OH to Toledo, OH. Update my Float Club shipping address please.",open,normal,greg66@example.com,"[""float-club"",""account""]",-9514,-8970
TCK-50068,Address change on subscription,"Moved from South Bend, IN to Akron, OH. Update my Float Club shipping address please.",solved,normal,ray90@example.com,"[""float-club"",""account""]",-8973,-8247
TCK-50069,Valve cap missing from box,My Pizza Slice XL arrived without the valve cap. It deflates overnight. Love it otherwise.,solved,normal,keiko62@example.com,"[""parts""]",-9315,-9215
TCK-50070,Tube man dancing weird,Our Standard Wacky unit is doing more of a slow lean than a wave. Customers are asking if he is ok.,solved,normal,luis37@example.com,"[""tube-man"",""b2b""]",-9353,-8870
TCK-50071,Sir Reginald has a slow leak,Sir Reginald Unicorn loses about 20% overnight. Within warranty. What are my options?,solved,normal,ernesto98@example.com,"[""warranty""]",-9617,-9333
TCK-50072,Bounce house wet after rain,The Corporate Retreat Edition got rained on. What is the dry-out protocol before the offsite?,solved,normal,nadia41@example.com,"[""bounce"",""care""]",-8873,-8713
TCK-50073,Pizza float smells like vinyl,Is the vinyl smell on the Pizza Slice XL normal? How long until it airs out?,solved,normal,luis41@example.com,"[""product""]",-9225,-9066
TCK-50074,Stadium mascot arm replacement,Our mascot system left arm tore during the seventh inning. Need the replacement panel before Friday's home game.,solved,high,jamal51@example.com,"[""b2b"",""mascot"",""parts""]",-9239,-9067
TCK-50075,Where is my order?,Ordered a Lazy Kraken on 5 days ago. Tracking has not moved. Party is Saturday. Please advise.,solved,normal,flo50@example.com,"[""wismo""]",-9536,-8668
TCK-50076,Repair kit question,Does the repair kit work on the Lazy Kraken tentacle seams or only the body?,solved,normal,greg57@example.com,"[""product""]",-9386,-9023
TCK-50077,Repair kit question,Does the repair kit work on the Lazy Kraken tentacle seams or only the body?,solved,normal,linda53@example.com,"[""product""]",-9129,-9058
TCK-50078,Sir Reginald has a slow leak,Sir Reginald Unicorn loses about 20% overnight. Within warranty. What are my options?,solved,normal,greg75@example.com,"[""warranty""]",-8896,-8745
TCK-50079,Swan for a wedding?,Is the Colossal Swan available in white only? Wedding is in August. It will be in the photos. It IS the photos.,solved,normal,ivan89@example.com,"[""product"",""presales""]",-8791,-8283
TCK-50080,Refund request: double charge,Charged twice for order ORD-103316. Bank shows both pending. Please fix.,solved,normal,ivan93@example.com,"[""billing"",""refund""]",-9653,-9432
TCK-50081,Pizza float smells like vinyl,Is the vinyl smell on the Pizza Slice XL normal? How long until it airs out?,solved,normal,hannah14@example.com,"[""product""]",-8870,-8782
TCK-50082,Valve cap missing from box,My Pizza Slice XL arrived without the valve cap. It deflates overnight. Love it otherwise.,solved,normal,bob80@example.com,"[""parts""]",-9507,-9019
TCK-50083,Stadium mascot arm replacement,Our mascot system left arm tore during the seventh inning. Need the replacement panel before Friday's home game.,solved,high,omar9@example.com,"[""b2b"",""mascot"",""parts""]",-9044,-8535
TCK-50084,Tube man dancing weird,Our Standard Wacky unit is doing more of a slow lean than a wave. Customers are asking if he is ok.,solved,normal,deshawn73@example.com,"[""tube-man"",""b2b""]",-9582,-9297
TCK-50085,Refund request: double charge,Charged twice for order ORD-102772. Bank shows both pending. Please fix.,solved,normal,carlos77@example.com,"[""billing"",""refund""]",-8889,-8725
TCK-50086,Repair kit question,Does the repair kit work on the Lazy Kraken tentacle seams or only the body?,solved,normal,curtis3@example.com,"[""product""]",-9227,-8406
TCK-50087,Gift for retirement party,Can I get a tube man for a retirement party for one weekend? He was in HVAC 30 years. It has to flail.,solved,normal,tomasz58@example.com,"[""presales"",""tube-man""]",-9265,-8996
TCK-50088,Gift for retirement party,Can I get a tube man for a retirement party for one weekend? He was in HVAC 30 years. It has to flail.,solved,normal,greg5@example.com,"[""presales"",""tube-man""]",-9422,-8785
TCK-50089,Bounce house booking change,Need to move our Castle Classic rental from Sat to Sun. Same address. Kid changed the theme again.,solved,normal,pearl12@example.com,"[""bounce"",""booking""]",-8713,-8350
TCK-50090,Valve cap missing from box,My Colossal Swan arrived without the valve cap. It deflates overnight. Love it otherwise.,solved,normal,paloma88@example.com,"[""parts""]",-9132,-8555
TCK-50091,Invoice copy needed,Our dealership needs a copy of last month's TMaaS invoice for accounting. Unit count changed mid-month.,solved,normal,priya64@example.com,"[""b2b"",""billing""]",-9259,-8478
TCK-50092,Stadium mascot arm replacement,Our mascot system left arm tore during the seventh inning. Need the replacement panel before Friday's home game.,solved,high,margaret94@example.com,"[""b2b"",""mascot"",""parts""]",-8906,-8283
TCK-50093,Address change on subscription,"Moved from Columbus, OH to South Bend, IN. Update my Float Club shipping address please.",open,normal,gus50@example.com,"[""float-club"",""account""]",-9352,-9240
TCK-50094,Address change on subscription,"Moved from Findlay, OH to Kalamazoo, MI. Update my Float Club shipping address please.",solved,normal,paloma99@example.com,"[""float-club"",""account""]",-8892,-8738
TCK-50095,Bounce house booking change,Need to move our Castle Classic rental from Sat to Sun. Same address. Kid changed the theme again.,solved,normal,luis66@example.com,"[""bounce"",""booking""]",-9080,-8606
TCK-50096,Repair kit question,Does the repair kit work on the Lazy Kraken tentacle seams or only the body?,solved,normal,tina58@example.com,"[""product""]",-8842,-8531
TCK-50097,Float Club: pause my membership,"Traveling for two months. Can you pause my Float Club box? Do not cancel. I repeat, do not cancel.",solved,normal,kitty63@example.com,"[""float-club""]",-9466,-8649
TCK-50098,Stadium mascot arm replacement,Our mascot system left arm tore during the seventh inning. Need the replacement panel before Friday's home game.,solved,high,aisha43@example.com,"[""b2b"",""mascot"",""parts""]",-9660,-8891
TCK-50099,Invoice copy needed,Our dealership needs a copy of last month's TMaaS invoice for accounting. Unit count changed mid-month.,solved,normal,zoe52@example.com,"[""b2b"",""billing""]",-8985,-8815
TCK-50100,Repair kit question,Does the repair kit work on the Lazy Kraken tentacle seams or only the body?,solved,normal,rosa47@example.com,"[""product""]",-9069,-8410
TCK-50101,Address change on subscription,"Moved from Sandusky, OH to Toledo, OH. Update my Float Club shipping address please.",solved,normal,ingrid55@example.com,"[""float-club"",""account""]",-9126,-8974
TCK-50102,Tube man dancing weird,Our Standard Wacky unit is doing more of a slow lean than a wave. Customers are asking if he is ok.,solved,normal,ivan88@example.com,"[""tube-man"",""b2b""]",-9641,-9155
TCK-50103,Repair kit question,Does the repair kit work on the Lazy Kraken tentacle seams or only the body?,solved,normal,greg67@example.com,"[""product""]",-8746,-8360
TCK-50104,Valve cap missing from box,My Colossal Swan arrived without the valve cap. It deflates overnight. Love it otherwise.,solved,normal,mabel66@example.com,"[""parts""]",-9405,-9186
TCK-50105,Valve cap missing from box,My Lazy Kraken arrived without the valve cap. It deflates overnight. Love it otherwise.,open,normal,wes68@example.com,"[""parts""]",-9651,-9012
TCK-50106,Repair kit question,Does the repair kit work on the Lazy Kraken tentacle seams or only the body?,solved,normal,arthur93@example.com,"[""product""]",-9597,-8963
TCK-50107,Valve cap missing from box,My Lazy Kraken arrived without the valve cap. It deflates overnight. Love it otherwise.,solved,normal,vera73@example.com,"[""parts""]",-9080,-8366
TCK-50108,Valve cap missing from box,My Colossal Swan arrived without the valve cap. It deflates overnight. Love it otherwise.,solved,normal,margaret8@example.com,"[""parts""]",-9556,-9476
TCK-50109,Valve cap missing from box,My Pizza Slice XL arrived without the valve cap. It deflates overnight. Love it otherwise.,solved,normal,mabel40@example.com,"[""parts""]",-9386,-8849
TCK-50110,Repair kit question,Does the repair kit work on the Lazy Kraken tentacle seams or only the body?,solved,normal,ernesto48@example.com,"[""product""]",-8913,-8865
TCK-50111,Valve cap missing from box,My Lazy Kraken arrived without the valve cap. It deflates overnight. Love it otherwise.,solved,normal,pearl44@example.com,"[""parts""]",-9657,-8834
TCK-50112,Where is my order?,Ordered a Lazy Kraken on 8 days ago. Tracking has not moved. Party is Saturday. Please advise.,solved,normal,bob11@example.com,"[""wismo""]",-8924,-8559
TCK-50113,Gift for retirement party,Can I get a tube man for a retirement party for one weekend? He was in HVAC 30 years. It has to flail.,solved,normal,bob17@example.com,"[""presales"",""tube-man""]",-9552,-8967
TCK-50114,Address change on subscription,"Moved from Findlay, OH to Fort Wayne, IN. Update my Float Club shipping address please.",solved,normal,otis77@example.com,"[""float-club"",""account""]",-9340,-8560
TCK-50115,Tube man dancing weird,Our Standard Wacky unit is doing more of a slow lean than a wave. Customers are asking if he is ok.,solved,normal,bob63@example.com,"[""tube-man"",""b2b""]",-9047,-8968
TCK-50116,Sir Reginald has a slow leak,Sir Reginald Unicorn loses about 20% overnight. Within warranty. What are my options?,solved,normal,pearl95@example.com,"[""warranty""]",-9005,-8886
TCK-50117,Pizza float smells like vinyl,Is the vinyl smell on the Pizza Slice XL normal? How long until it airs out?,solved,normal,yosef52@example.com,"[""product""]",-9000,-8105
TCK-50118,Refund request: double charge,Charged twice for order ORD-102836. Bank shows both pending. Please fix.,solved,normal,zoe22@example.com,"[""billing"",""refund""]",-9582,-8776
TCK-50119,Invoice copy needed,Our dealership needs a copy of last month's TMaaS invoice for accounting. Unit count changed mid-month.,solved,normal,linda13@example.com,"[""b2b"",""billing""]",-9622,-8903
TCK-50120,Float Club: pause my membership,"Traveling for two months. Can you pause my Float Club box? Do not cancel. I repeat, do not cancel.",solved,normal,hannah18@example.com,"[""float-club""]",-9616,-8795
TCK-50121,Invoice copy needed,Our dealership needs a copy of last month's TMaaS invoice for accounting. Unit count changed mid-month.,solved,normal,priya74@example.com,"[""b2b"",""billing""]",-9617,-8890
TCK-50122,Refund request: double charge,Charged twice for order ORD-101166. Bank shows both pending. Please fix.,solved,normal,priya62@example.com,"[""billing"",""refund""]",-9403,-9077
TCK-50123,Repair kit question,Does the repair kit work on the Lazy Kraken tentacle seams or only the body?,solved,normal,flo80@example.com,"[""product""]",-9650,-9548
TCK-50124,Invoice copy needed,Our dealership needs a copy of last month's TMaaS invoice for accounting. Unit count changed mid-month.,solved,normal,otis54@example.com,"[""b2b"",""billing""]",-9117,-8601
TCK-50125,Float Club: pause my membership,"Traveling for two months. Can you pause my Float Club box? Do not cancel. I repeat, do not cancel.",solved,normal,aisha7@example.com,"[""float-club""]",-9115,-8224
TCK-50126,Sir Reginald has a slow leak,Sir Reginald Unicorn loses about 20% overnight. Within warranty. What are my options?,solved,normal,deshawn88@example.com,"[""warranty""]",-8713,-8063
TCK-50127,Gift for retirement party,Can I get a tube man for a retirement party for one weekend? He was in HVAC 30 years. It has to flail.,solved,normal,hannah56@example.com,"[""presales"",""tube-man""]",-9237,-8808
TCK-50128,Stadium mascot arm replacement,Our mascot system left arm tore during the seventh inning. Need the replacement panel before Friday's home game.,solved,high,pearl72@example.com,"[""b2b"",""mascot"",""parts""]",-8785,-8162
TCK-50129,Pizza float smells like vinyl,Is the vinyl smell on the Pizza Slice XL normal? How long until it airs out?,solved,normal,jamal64@example.com,"[""product""]",-8919,-8406
TCK-50130,Tube man dancing weird,Our Standard Wacky unit is doing more of a slow lean than a wave. Customers are asking if he is ok.,solved,normal,harriet59@example.com,"[""tube-man"",""b2b""]",-8986,-8161
TCK-50131,Bounce house booking change,Need to move our Castle Classic rental from Sat to Sun. Same address. Kid changed the theme again.,solved,normal,greg73@example.com,"[""bounce"",""booking""]",-9239,-9117
TCK-50132,Stadium mascot arm replacement,Our mascot system left arm tore during the seventh inning. Need the replacement panel before Friday's home game.,solved,high,ivan17@example.com,"[""b2b"",""mascot"",""parts""]",-8816,-8274
TCK-50133,Pizza float smells like vinyl,Is the vinyl smell on the Pizza Slice XL normal? How long until it airs out?,solved,normal,margaret98@example.com,"[""product""]",-8808,-8464
TCK-50134,Where is my order?,Ordered a Lazy Kraken on 12 days ago. Tracking has not moved. Party is Saturday. Please advise.,solved,normal,dolores77@example.com,"[""wismo""]",-9128,-8305
TCK-50135,Where is my order?,Ordered a Sir Reginald Unicorn on 11 days ago. Tracking has not moved. Party is Saturday. Please advise.,solved,normal,ximena64@example.com,"[""wismo""]",-9233,-9093
TCK-50136,Invoice copy needed,Our dealership needs a copy of last month's TMaaS invoice for accounting. Unit count changed mid-month.,solved,normal,arthur49@example.com,"[""b2b"",""billing""]",-8724,-8158
TCK-50137,Valve cap missing from box,My Lazy Kraken arrived without the valve cap. It deflates overnight. Love it otherwise.,solved,normal,wes25@example.com,"[""parts""]",-9447,-8712
TCK-50138,Stadium mascot arm replacement,Our mascot system left arm tore during the seventh inning. Need the replacement panel before Friday's home game.,solved,high,arthur49@example.com,"[""b2b"",""mascot"",""parts""]",-9224,-8676
TCK-50139,Repair kit question,Does the repair kit work on the Lazy Kraken tentacle seams or only the body?,solved,normal,margaret50@example.com,"[""product""]",-9466,-8661
TCK-50140,Where is my order?,Ordered a Lazy Kraken on 6 days ago. Tracking has not moved. Party is Saturday. Please advise.,solved,normal,mabel43@example.com,"[""wismo""]",-8988,-8583
TCK-50141,Gift for retirement party,Can I get a tube man for a retirement party for one weekend? He was in HVAC 30 years. It has to flail.,solved,normal,stan48@example.com,"[""presales"",""tube-man""]",-9622,-9094
TCK-50142,Invoice copy needed,Our dealership needs a copy of last month's TMaaS invoice for accounting. Unit count changed mid-month.,solved,normal,bob23@example.com,"[""b2b"",""billing""]",-9368,-8670
TCK-50143,Sir Reginald has a slow leak,Sir Reginald Unicorn loses about 20% overnight. Within warranty. What are my options?,solved,normal,greg81@example.com,"[""warranty""]",-8990,-8494
TCK-50144,Stadium mascot arm replacement,Our mascot system left arm tore during the seventh inning. Need the replacement panel before Friday's home game.,open,high,nellie27@example.com,"[""b2b"",""mascot"",""parts""]",-9432,-8881
TCK-50145,Swan for a wedding?,Is the Colossal Swan available in white only? Wedding is in August. It will be in the photos. It IS the photos.,solved,normal,lamar70@example.com,"[""product"",""presales""]",-9085,-8801
TCK-50146,Refund request: double charge,Charged twice for order ORD-101738. Bank shows both pending. Please fix.,solved,normal,quinn44@example.com,"[""billing"",""refund""]",-9356,-8594
TCK-50147,Refund request: double charge,Charged twice for order ORD-100656. Bank shows both pending. Please fix.,solved,normal,lamar49@example.com,"[""billing"",""refund""]",-9289,-8622
TCK-50148,Pizza float smells like vinyl,Is the vinyl smell on the Pizza Slice XL normal? How long until it airs out?,solved,normal,umar52@example.com,"[""product""]",-9620,-8913
TCK-50149,Pizza float smells like vinyl,Is the vinyl smell on the Pizza Slice XL normal? How long until it airs out?,solved,normal,ray55@example.com,"[""product""]",-9003,-8949
TCK-50150,Bounce house booking change,Need to move our Castle Classic rental from Sat to Sun. Same address. Kid changed the theme again.,solved,normal,arthur54@example.com,"[""bounce"",""booking""]",-9089,-8743
TCK-50151,Tube man dancing weird,Our Standard Wacky unit is doing more of a slow lean than a wave. Customers are asking if he is ok.,solved,normal,lamar82@example.com,"[""tube-man"",""b2b""]",-8866,-8457
TCK-50152,Gift for retirement party,Can I get a tube man for a retirement party for one weekend? He was in HVAC 30 years. It has to flail.,solved,normal,jamal2@example.com,"[""presales"",""tube-man""]",-9160,-8395
TCK-50153,Address change on subscription,"Moved from Toledo, OH to Akron, OH. Update my Float Club shipping address please.",solved,normal,mabel71@example.com,"[""float-club"",""account""]",-8707,-8334
TCK-50154,Stadium mascot arm replacement,Our mascot system left arm tore during the seventh inning. Need the replacement panel before Friday's home game.,solved,high,gus31@example.com,"[""b2b"",""mascot"",""parts""]",-9099,-8985
TCK-50155,Address change on subscription,"Moved from Ann Arbor, MI to Akron, OH. Update my Float Club shipping address please.",solved,normal,dolores98@example.com,"[""float-club"",""account""]",-9234,-8609
TCK-50156,Sir Reginald has a slow leak,Sir Reginald Unicorn loses about 20% overnight. Within warranty. What are my options?,solved,normal,bettye36@example.com,"[""warranty""]",-9109,-9003
TCK-50157,Gift for retirement party,Can I get a tube man for a retirement party for one weekend? He was in HVAC 30 years. It has to flail.,solved,normal,linda59@example.com,"[""presales"",""tube-man""]",-9459,-8816
TCK-50158,Bounce house booking change,Need to move our Castle Classic rental from Sat to Sun. Same address. Kid changed the theme again.,solved,normal,jamal28@example.com,"[""bounce"",""booking""]",-9520,-9473
TCK-50159,Refund request: double charge,Charged twice for order ORD-103146. Bank shows both pending. Please fix.,solved,normal,tomasz59@example.com,"[""billing"",""refund""]",-9511,-8867
TCK-50160,Repair kit question,Does the repair kit work on the Lazy Kraken tentacle seams or only the body?,solved,normal,aisha66@example.com,"[""product""]",-8936,-8037
TCK-50161,Refund request: double charge,Charged twice for order ORD-102919. Bank shows both pending. Please fix.,solved,normal,nadia51@example.com,"[""billing"",""refund""]",-9044,-8542
TCK-50162,Pizza float smells like vinyl,Is the vinyl smell on the Pizza Slice XL normal? How long until it airs out?,solved,normal,dolores86@example.com,"[""product""]",-8923,-8242
TCK-50163,Bounce house wet after rain,The Corporate Retreat Edition got rained on. What is the dry-out protocol before the offsite?,open,normal,fatima92@example.com,"[""bounce"",""care""]",-8945,-8835
TCK-50164,Gift for retirement party,Can I get a tube man for a retirement party for one weekend? He was in HVAC 30 years. It has to flail.,solved,normal,mabel55@example.com,"[""presales"",""tube-man""]",-8908,-8209
TCK-50165,Gift for retirement party,Can I get a tube man for a retirement party for one weekend? He was in HVAC 30 years. It has to flail.,solved,normal,bob12@example.com,"[""presales"",""tube-man""]",-8820,-8264
TCK-50166,Repair kit question,Does the repair kit work on the Lazy Kraken tentacle seams or only the body?,open,normal,rosa25@example.com,"[""product""]",-9229,-9054
TCK-50167,Float Club: pause my membership,"Traveling for two months. Can you pause my Float Club box? Do not cancel. I repeat, do not cancel.",solved,normal,zoe83@example.com,"[""float-club""]",-9650,-8921
TCK-50168,Tube man dancing weird,Our Standard Wacky unit is doing more of a slow lean than a wave. Customers are asking if he is ok.,solved,normal,fatima89@example.com,"[""tube-man"",""b2b""]",-9315,-8558
TCK-50169,Sir Reginald has a slow leak,Sir Reginald Unicorn loses about 20% overnight. Within warranty. What are my options?,solved,normal,gus76@example.com,"[""warranty""]",-9471,-9134
TCK-50170,Bounce house booking change,Need to move our Castle Classic rental from Sat to Sun. Same address. Kid changed the theme again.,solved,normal,carlos98@example.com,"[""bounce"",""booking""]",-8916,-8216
TCK-50171,Stadium mascot arm replacement,Our mascot system left arm tore during the seventh inning. Need the replacement panel before Friday's home game.,solved,high,tomasz46@example.com,"[""b2b"",""mascot"",""parts""]",-9300,-8835
TCK-50172,Pizza float smells like vinyl,Is the vinyl smell on the Pizza Slice XL normal? How long until it airs out?,solved,normal,ivan94@example.com,"[""product""]",-9218,-8904
TCK-50173,Invoice copy needed,Our dealership needs a copy of last month's TMaaS invoice for accounting. Unit count changed mid-month.,solved,normal,umar28@example.com,"[""b2b"",""billing""]",-8879,-8732
TCK-50174,Bounce house wet after rain,The Corporate Retreat Edition got rained on. What is the dry-out protocol before the offsite?,solved,normal,luis61@example.com,"[""bounce"",""care""]",-9159,-8972
TCK-50175,Tube man dancing weird,Our Standard Wacky unit is doing more of a slow lean than a wave. Customers are asking if he is ok.,solved,normal,mabel69@example.com,"[""tube-man"",""b2b""]",-8826,-8106
TCK-50176,Address change on subscription,"Moved from Ann Arbor, MI to Sandusky, OH. Update my Float Club shipping address please.",solved,normal,lamar64@example.com,"[""float-club"",""account""]",-8786,-8108
TCK-50177,Float Club: pause my membership,"Traveling for two months. Can you pause my Float Club box? Do not cancel. I repeat, do not cancel.",solved,normal,keiko25@example.com,"[""float-club""]",-8742,-8443
TCK-50178,Sir Reginald has a slow leak,Sir Reginald Unicorn loses about 20% overnight. Within warranty. What are my options?,solved,normal,harriet37@example.com,"[""warranty""]",-8805,-7915
TCK-50179,Bounce house booking change,Need to move our Castle Classic rental from Sat to Sun. Same address. Kid changed the theme again.,solved,normal,bettye44@example.com,"[""bounce"",""booking""]",-9144,-8664
TCK-50180,Stadium mascot arm replacement,Our mascot system left arm tore during the seventh inning. Need the replacement panel before Friday's home game.,solved,high,tina56@example.com,"[""b2b"",""mascot"",""parts""]",-8951,-8398
TCK-50181,Gift for retirement party,Can I get a tube man for a retirement party for one weekend? He was in HVAC 30 years. It has to flail.,solved,normal,luis82@example.com,"[""presales"",""tube-man""]",-8745,-8224
TCK-50182,Stadium mascot arm replacement,Our mascot system left arm tore during the seventh inning. Need the replacement panel before Friday's home game.,solved,high,quinn61@example.com,"[""b2b"",""mascot"",""parts""]",-9647,-8884
TCK-50183,Pizza float smells like vinyl,Is the vinyl smell on the Pizza Slice XL normal? How long until it airs out?,solved,normal,stan80@example.com,"[""product""]",-8795,-8474
TCK-50184,Repair kit question,Does the repair kit work on the Lazy Kraken tentacle seams or only the body?,solved,normal,ray2@example.com,"[""product""]",-9097,-8209
TCK-50185,Gift for retirement party,Can I get a tube man for a retirement party for one weekend? He was in HVAC 30 years. It has to flail.,solved,normal,ernesto67@example.com,"[""presales"",""tube-man""]",-9098,-8684
TCK-50186,Where is my order?,Ordered a Colossal Swan on 9 days ago. Tracking has not moved. Party is Saturday. Please advise.,solved,normal,bob35@example.com,"[""wismo""]",-9015,-8734
TCK-50187,Address change on subscription,"Moved from Dayton, OH to South Bend, IN. Update my Float Club shipping address please.",solved,normal,ernesto53@example.com,"[""float-club"",""account""]",-9631,-9220
TCK-50188,Sir Reginald has a slow leak,Sir Reginald Unicorn loses about 20% overnight. Within warranty. What are my options?,solved,normal,flo91@example.com,"[""warranty""]",-8896,-8648
TCK-50189,Bounce house wet after rain,The Corporate Retreat Edition got rained on. What is the dry-out protocol before the offsite?,solved,normal,deshawn57@example.com,"[""bounce"",""care""]",-9261,-8728
TCK-50190,Tube man dancing weird,Our Standard Wacky unit is doing more of a slow lean than a wave. Customers are asking if he is ok.,solved,normal,bettye42@example.com,"[""tube-man"",""b2b""]",-8888,-8345
TCK-50191,Pizza float smells like vinyl,Is the vinyl smell on the Pizza Slice XL normal? How long until it airs out?,open,normal,aisha70@example.com,"[""product""]",-9332,-8722
TCK-50192,Invoice copy needed,Our dealership needs a copy of last month's TMaaS invoice for accounting. Unit count changed mid-month.,solved,normal,bettye77@example.com,"[""b2b"",""billing""]",-9036,-8455
TCK-50193,Pizza float smells like vinyl,Is the vinyl smell on the Pizza Slice XL normal? How long until it airs out?,solved,normal,umar54@example.com,"[""product""]",-8905,-8385
TCK-50194,Address change on subscription,"Moved from Sandusky, OH to Toledo, OH. Update my Float Club shipping address please.",solved,normal,kitty24@example.com,"[""float-club"",""account""]",-9269,-8878
TCK-50195,Sir Reginald has a slow leak,Sir Reginald Unicorn loses about 20% overnight. Within warranty. What are my options?,solved,normal,stan92@example.com,"[""warranty""]",-9548,-8844
TCK-50196,Where is my order?,Ordered a Sir Reginald Unicorn on 6 days ago. Tracking has not moved. Party is Saturday. Please advise.,solved,normal,jerome27@example.com,"[""wismo""]",-9171,-9029
TCK-50197,Stadium mascot arm replacement,Our mascot system left arm tore during the seventh inning. Need the replacement panel before Friday's home game.,solved,high,aisha36@example.com,"[""b2b"",""mascot"",""parts""]",-9391,-9268
TCK-50198,Address change on subscription,"Moved from Findlay, OH to Fort Wayne, IN. Update my Float Club shipping address please.",solved,normal,tina15@example.com,"[""float-club"",""account""]",-9454,-9017
TCK-50199,Float Club: pause my membership,"Traveling for two months. Can you pause my Float Club box? Do not cancel. I repeat, do not cancel.",solved,normal,deshawn48@example.com,"[""float-club""]",-9112,-8365
TCK-50200,Pizza float smells like vinyl,Is the vinyl smell on the Pizza Slice XL normal? How long until it airs out?,solved,normal,wes62@example.com,"[""product""]",-9598,-8774
TCK-50201,Pizza float smells like vinyl,Is the vinyl smell on the Pizza Slice XL normal? How long until it airs out?,solved,normal,jamal37@example.com,"[""product""]",-8760,-8193
TCK-50202,Bounce house booking change,Need to move our Castle Classic rental from Sat to Sun. Same address. Kid changed the theme again.,solved,normal,harriet43@example.com,"[""bounce"",""booking""]",-8815,-8732
TCK-50203,Where is my order?,Ordered a Lazy Kraken on 10 days ago. Tracking has not moved. Party is Saturday. Please advise.,solved,normal,quinn90@example.com,"[""wismo""]",-8917,-8129
TCK-50204,Stadium mascot arm replacement,Our mascot system left arm tore during the seventh inning. Need the replacement panel before Friday's home game.,solved,high,jerome90@example.com,"[""b2b"",""mascot"",""parts""]",-9091,-8559
TCK-50205,Refund request: double charge,Charged twice for order ORD-100500. Bank shows both pending. Please fix.,solved,normal,jerome93@example.com,"[""billing"",""refund""]",-9004,-8684
TCK-50206,Repair kit question,Does the repair kit work on the Lazy Kraken tentacle seams or only the body?,solved,normal,omar23@example.com,"[""product""]",-9344,-8881
TCK-50207,Bounce house wet after rain,The Corporate Retreat Edition got rained on. What is the dry-out protocol before the offsite?,solved,normal,tina97@example.com,"[""bounce"",""care""]",-9241,-8936
TCK-50208,Repair kit question,Does the repair kit work on the Lazy Kraken tentacle seams or only the body?,solved,normal,rosa76@example.com,"[""product""]",-8784,-7972
TCK-50209,Where is my order?,Ordered a Lazy Kraken on 4 days ago. Tracking has not moved. Party is Saturday. Please advise.,solved,normal,omar29@example.com,"[""wismo""]",-9350,-9247
TCK-50210,Pizza float smells like vinyl,Is the vinyl smell on the Pizza Slice XL normal? How long until it airs out?,solved,normal,mabel4@example.com,"[""product""]",-9377,-8489
TCK-50211,Repair kit question,Does the repair kit work on the Lazy Kraken tentacle seams or only the body?,solved,normal,kitty82@example.com,"[""product""]",-8896,-8430
TCK-50212,Stadium mascot arm replacement,Our mascot system left arm tore during the seventh inning. Need the replacement panel before Friday's home game.,solved,high,mabel25@example.com,"[""b2b"",""mascot"",""parts""]",-9437,-9097
TCK-50213,Pizza float smells like vinyl,Is the vinyl smell on the Pizza Slice XL normal? How long until it airs out?,solved,normal,pearl34@example.com,"[""product""]",-9130,-8584
TCK-50214,Stadium mascot arm replacement,Our mascot system left arm tore during the seventh inning. Need the replacement panel before Friday's home game.,solved,high,flo93@example.com,"[""b2b"",""mascot"",""parts""]",-9503,-8723
TCK-50215,Tube man dancing weird,Our Standard Wacky unit is doing more of a slow lean than a wave. Customers are asking if he is ok.,solved,normal,rosa11@example.com,"[""tube-man"",""b2b""]",-9541,-8874
TCK-50216,Sir Reginald has a slow leak,Sir Reginald Unicorn loses about 20% overnight. Within warranty. What are my options?,solved,normal,bettye72@example.com,"[""warranty""]",-8814,-8209
TCK-50217,Refund request: double charge,Charged twice for order ORD-100754. Bank shows both pending. Please fix.,solved,normal,yuki52@example.com,"[""billing"",""refund""]",-9301,-8836
TCK-50218,Float Club: pause my membership,"Traveling for two months. Can you pause my Float Club box? Do not cancel. I repeat, do not cancel.",solved,normal,flo64@example.com,"[""float-club""]",-9249,-8786
TCK-50219,Stadium mascot arm replacement,Our mascot system left arm tore during the seventh inning. Need the replacement panel before Friday's home game.,solved,high,tina22@example.com,"[""b2b"",""mascot"",""parts""]",-9164,-8313
TCK-50220,Stadium mascot arm replacement,Our mascot system left arm tore during the seventh inning. Need the replacement panel before Friday's home game.,solved,high,greg26@example.com,"[""b2b"",""mascot"",""parts""]",-9285,-8693
TCK-50221,Tube man dancing weird,Our Standard Wacky unit is doing more of a slow lean than a wave. Customers are asking if he is ok.,solved,normal,omar28@example.com,"[""tube-man"",""b2b""]",-9572,-8975
TCK-50222,Invoice copy needed,Our dealership needs a copy of last month's TMaaS invoice for accounting. Unit count changed mid-month.,solved,normal,curtis5@example.com,"[""b2b"",""billing""]",-9508,-8948
TCK-50223,Repair kit question,Does the repair kit work on the Lazy Kraken tentacle seams or only the body?,solved,normal,wes19@example.com,"[""product""]",-9520,-8803
TCK-50224,Stadium mascot arm replacement,Our mascot system left arm tore during the seventh inning. Need the replacement panel before Friday's home game.,open,high,paloma78@example.com,"[""b2b"",""mascot"",""parts""]",-9429,-9156
TCK-50225,Address change on subscription,"Moved from Toledo, OH to Findlay, OH. Update my Float Club shipping address please.",solved,normal,ivan40@example.com,"[""float-club"",""account""]",-8741,-8670
TCK-50226,Float Club: pause my membership,"Traveling for two months. Can you pause my Float Club box? Do not cancel. I repeat, do not cancel.",solved,normal,mabel54@example.com,"[""float-club""]",-9189,-8570
TCK-50227,Sir Reginald has a slow leak,Sir Reginald Unicorn loses about 20% overnight. Within warranty. What are my options?,solved,normal,ernesto93@example.com,"[""warranty""]",-8756,-8187
TCK-50228,Bounce house wet after rain,The Corporate Retreat Edition got rained on. What is the dry-out protocol before the offsite?,solved,normal,arthur68@example.com,"[""bounce"",""care""]",-9139,-8723
TCK-50229,Float Club: pause my membership,"Traveling for two months. Can you pause my Float Club box? Do not cancel. I repeat, do not cancel.",solved,normal,paloma60@example.com,"[""float-club""]",-9147,-8417
TCK-50230,Float Club: pause my membership,"Traveling for two months. Can you pause my Float Club box? Do not cancel. I repeat, do not cancel.",solved,normal,luis19@example.com,"[""float-club""]",-8712,-7972
TCK-50231,Float Club: pause my membership,"Traveling for two months. Can you pause my Float Club box? Do not cancel. I repeat, do not cancel.",solved,normal,ray83@example.com,"[""float-club""]",-8778,-7964
TCK-50232,Sir Reginald has a slow leak,Sir Reginald Unicorn loses about 20% overnight. Within warranty. What are my options?,solved,normal,yuki46@example.com,"[""warranty""]",-9647,-9494
TCK-50233,Invoice copy needed,Our dealership needs a copy of last month's TMaaS invoice for accounting. Unit count changed mid-month.,solved,normal,kitty58@example.com,"[""b2b"",""billing""]",-9175,-8914
TCK-50234,Invoice copy needed,Our dealership needs a copy of last month's TMaaS invoice for accounting. Unit count changed mid-month.,solved,normal,mabel68@example.com,"[""b2b"",""billing""]",-8798,-7921
TCK-50235,Bounce house booking change,Need to move our Castle Classic rental from Sat to Sun. Same address. Kid changed the theme again.,solved,normal,chen89@example.com,"[""bounce"",""booking""]",-9356,-9169
TCK-50236,Refund request: double charge,Charged twice for order ORD-102446. Bank shows both pending. Please fix.,solved,normal,vera6@example.com,"[""billing"",""refund""]",-9392,-8943
TCK-50237,Pizza float smells like vinyl,Is the vinyl smell on the Pizza Slice XL normal? How long until it airs out?,solved,normal,tomasz6@example.com,"[""product""]",-9112,-8906
TCK-50238,Swan for a wedding?,Is the Colossal Swan available in white only? Wedding is in August. It will be in the photos. It IS the photos.,solved,normal,paloma93@example.com,"[""product"",""presales""]",-9496,-9127
TCK-50239,Invoice copy needed,Our dealership needs a copy of last month's TMaaS invoice for accounting. Unit count changed mid-month.,solved,normal,wes45@example.com,"[""b2b"",""billing""]",-8931,-8526
TCK-50240,Pizza float smells like vinyl,Is the vinyl smell on the Pizza Slice XL normal? How long until it airs out?,solved,normal,tomasz6@example.com,"[""product""]",-9616,-8861
TCK-50241,Tube man dancing weird,Our Standard Wacky unit is doing more of a slow lean than a wave. Customers are asking if he is ok.,solved,normal,dolores54@example.com,"[""tube-man"",""b2b""]",-8864,-8655
TCK-50242,Valve cap missing from box,My Colossal Swan arrived without the valve cap. It deflates overnight. Love it otherwise.,solved,normal,curtis44@example.com,"[""parts""]",-9411,-8759
TCK-50243,Address change on subscription,"Moved from Kalamazoo, MI to Dayton, OH. Update my Float Club shipping address please.",solved,normal,omar13@example.com,"[""float-club"",""account""]",-9210,-8446
TCK-50244,Swan for a wedding?,Is the Colossal Swan available in white only? Wedding is in August. It will be in the photos. It IS the photos.,solved,normal,margaret20@example.com,"[""product"",""presales""]",-9155,-8740
TCK-50245,Address change on subscription,"Moved from Ann Arbor, MI to Erie, PA. Update my Float Club shipping address please.",solved,normal,jerome69@example.com,"[""float-club"",""account""]",-9433,-9061
TCK-50246,Gift for retirement party,Can I get a tube man for a retirement party for one weekend? He was in HVAC 30 years. It has to flail.,open,normal,rosa81@example.com,"[""presales"",""tube-man""]",-9439,-8802
TCK-50247,Gift for retirement party,Can I get a tube man for a retirement party for one weekend? He was in HVAC 30 years. It has to flail.,solved,normal,zoe80@example.com,"[""presales"",""tube-man""]",-9405,-9157
TCK-50248,Bounce house booking change,Need to move our Castle Classic rental from Sat to Sun. Same address. Kid changed the theme again.,solved,normal,luis26@example.com,"[""bounce"",""booking""]",-9580,-8819
TCK-50249,Where is my order?,Ordered a Lazy Kraken on 8 days ago. Tracking has not moved. Party is Saturday. Please advise.,solved,normal,pearl21@example.com,"[""wismo""]",-8827,-8635
TCK-50250,Repair kit question,Does the repair kit work on the Lazy Kraken tentacle seams or only the body?,solved,normal,rosa86@example.com,"[""product""]",-8797,-7990
TCK-50251,Valve cap missing from box,My Lazy Kraken arrived without the valve cap. It deflates overnight. Love it otherwise.,solved,normal,ivan55@example.com,"[""parts""]",-9203,-8804
TCK-50252,Repair kit question,Does the repair kit work on the Lazy Kraken tentacle seams or only the body?,solved,normal,harriet47@example.com,"[""product""]",-8718,-8317
TCK-50253,Float Club: pause my membership,"Traveling for two months. Can you pause my Float Club box? Do not cancel. I repeat, do not cancel.",solved,normal,carlos88@example.com,"[""float-club""]",-8811,-8292
TCK-50254,Address change on subscription,"Moved from Sandusky, OH to Fort Wayne, IN. Update my Float Club shipping address please.",solved,normal,hannah92@example.com,"[""float-club"",""account""]",-9106,-8980
TCK-50255,Bounce house booking change,Need to move our Castle Classic rental from Sat to Sun. Same address. Kid changed the theme again.,solved,normal,ernesto82@example.com,"[""bounce"",""booking""]",-8998,-8459
TCK-50256,Tube man dancing weird,Our Standard Wacky unit is doing more of a slow lean than a wave. Customers are asking if he is ok.,open,normal,ximena97@example.com,"[""tube-man"",""b2b""]",-9345,-8700
TCK-50257,Invoice copy needed,Our dealership needs a copy of last month's TMaaS invoice for accounting. Unit count changed mid-month.,solved,normal,ximena16@example.com,"[""b2b"",""billing""]",-9525,-8633
TCK-50258,Tube man dancing weird,Our Standard Wacky unit is doing more of a slow lean than a wave. Customers are asking if he is ok.,solved,normal,flo79@example.com,"[""tube-man"",""b2b""]",-9200,-8517
TCK-50259,Bounce house booking change,Need to move our Castle Classic rental from Sat to Sun. Same address. Kid changed the theme again.,solved,normal,mo63@example.com,"[""bounce"",""booking""]",-9080,-8955
TCK-50260,Bounce house booking change,Need to move our Castle Classic rental from Sat to Sun. Same address. Kid changed the theme again.,solved,normal,vera66@example.com,"[""bounce"",""booking""]",-9048,-8355
TCK-50261,Tube man dancing weird,Our Standard Wacky unit is doing more of a slow lean than a wave. Customers are asking if he is ok.,solved,normal,rosa33@example.com,"[""tube-man"",""b2b""]",-8784,-8456
TCK-50262,Tube man dancing weird,Our Standard Wacky unit is doing more of a slow lean than a wave. Customers are asking if he is ok.,solved,normal,ingrid39@example.com,"[""tube-man"",""b2b""]",-8704,-8131
TCK-50263,Sir Reginald has a slow leak,Sir Reginald Unicorn loses about 20% overnight. Within warranty. What are my options?,solved,normal,rosa81@example.com,"[""warranty""]",-9342,-8761
TCK-50264,Float Club: pause my membership,"Traveling for two months. Can you pause my Float Club box? Do not cancel. I repeat, do not cancel.",solved,normal,bob56@example.com,"[""float-club""]",-9191,-9073
TCK-50265,Float Club: pause my membership,"Traveling for two months. Can you pause my Float Club box? Do not cancel. I repeat, do not cancel.",open,normal,otis53@example.com,"[""float-club""]",-8787,-8377
TCK-50266,Invoice copy needed,Our dealership needs a copy of last month's TMaaS invoice for accounting. Unit count changed mid-month.,solved,normal,yuki67@example.com,"[""b2b"",""billing""]",-8706,-8107
TCK-50267,Repair kit question,Does the repair kit work on the Lazy Kraken tentacle seams or only the body?,solved,normal,fatima81@example.com,"[""product""]",-9090,-8985
TCK-50268,Bounce house wet after rain,The Corporate Retreat Edition got rained on. What is the dry-out protocol before the offsite?,solved,normal,hannah75@example.com,"[""bounce"",""care""]",-9149,-8341
TCK-50269,Valve cap missing from box,My Colossal Swan arrived without the valve cap. It deflates overnight. Love it otherwise.,solved,normal,flo17@example.com,"[""parts""]",-9220,-9122
TCK-50270,Refund request: double charge,Charged twice for order ORD-100905. Bank shows both pending. Please fix.,solved,normal,lamar17@example.com,"[""billing"",""refund""]",-9033,-8988
TCK-50271,Where is my order?,Ordered a Lazy Kraken on 4 days ago. Tracking has not moved. Party is Saturday. Please advise.,solved,normal,tina58@example.com,"[""wismo""]",-9231,-9137
TCK-50272,Bounce house booking change,Need to move our Castle Classic rental from Sat to Sun. Same address. Kid changed the theme again.,solved,normal,tina20@example.com,"[""bounce"",""booking""]",-9524,-9133
TCK-50273,Stadium mascot arm replacement,Our mascot system left arm tore during the seventh inning. Need the replacement panel before Friday's home game.,solved,high,kitty1@example.com,"[""b2b"",""mascot"",""parts""]",-9198,-8752
TCK-50274,Address change on subscription,"Moved from Findlay, OH to Erie, PA. Update my Float Club shipping address please.",solved,normal,omar50@example.com,"[""float-club"",""account""]",-9461,-9346
TCK-50275,Stadium mascot arm replacement,Our mascot system left arm tore during the seventh inning. Need the replacement panel before Friday's home game.,solved,high,linda37@example.com,"[""b2b"",""mascot"",""parts""]",-9456,-9305
TCK-50276,Float Club: pause my membership,"Traveling for two months. Can you pause my Float Club box? Do not cancel. I repeat, do not cancel.",solved,normal,ray26@example.com,"[""float-club""]",-9560,-8700
TCK-50277,Sir Reginald has a slow leak,Sir Reginald Unicorn loses about 20% overnight. Within warranty. What are my options?,solved,normal,gus38@example.com,"[""warranty""]",-9076,-8686
TCK-50278,Valve cap missing from box,My Sir Reginald Unicorn arrived without the valve cap. It deflates overnight. Love it otherwise.,solved,normal,ingrid55@example.com,"[""parts""]",-9140,-8956
TCK-50279,Refund request: double charge,Charged twice for order ORD-100329. Bank shows both pending. Please fix.,solved,normal,arthur71@example.com,"[""billing"",""refund""]",-9143,-8618
TCK-50280,Swan for a wedding?,Is the Colossal Swan available in white only? Wedding is in August. It will be in the photos. It IS the photos.,solved,normal,yosef28@example.com,"[""product"",""presales""]",-8964,-8772
TCK-50281,Float Club: pause my membership,"Traveling for two months. Can you pause my Float Club box? Do not cancel. I repeat, do not cancel.",solved,normal,wes6@example.com,"[""float-club""]",-8806,-8464
TCK-50282,Invoice copy needed,Our dealership needs a copy of last month's TMaaS invoice for accounting. Unit count changed mid-month.,solved,normal,vera89@example.com,"[""b2b"",""billing""]",-9540,-9179
TCK-50283,Invoice copy needed,Our dealership needs a copy of last month's TMaaS invoice for accounting. Unit count changed mid-month.,solved,normal,flo22@example.com,"[""b2b"",""billing""]",-8897,-8193
TCK-50284,Float Club: pause my membership,"Traveling for two months. Can you pause my Float Club box? Do not cancel. I repeat, do not cancel.",open,normal,bettye73@example.com,"[""float-club""]",-9415,-8618
TCK-50285,Where is my order?,Ordered a Colossal Swan on 10 days ago. Tracking has not moved. Party is Saturday. Please advise.,solved,normal,yuki93@example.com,"[""wismo""]",-9417,-8641
TCK-50286,Pizza float smells like vinyl,Is the vinyl smell on the Pizza Slice XL normal? How long until it airs out?,solved,normal,rosa72@example.com,"[""product""]",-9658,-8889
TCK-50287,Repair kit question,Does the repair kit work on the Lazy Kraken tentacle seams or only the body?,solved,normal,gus93@example.com,"[""product""]",-9637,-9084
TCK-50288,Where is my order?,Ordered a Lazy Kraken on 12 days ago. Tracking has not moved. Party is Saturday. Please advise.,solved,normal,stan79@example.com,"[""wismo""]",-9074,-8562
TCK-50289,Bounce house wet after rain,The Corporate Retreat Edition got rained on. What is the dry-out protocol before the offsite?,solved,normal,mo79@example.com,"[""bounce"",""care""]",-8954,-8238
TCK-50290,Refund request: double charge,Charged twice for order ORD-102046. Bank shows both pending. Please fix.,solved,normal,otis4@example.com,"[""billing"",""refund""]",-8929,-8079
TCK-50291,Gift for retirement party,Can I get a tube man for a retirement party for one weekend? He was in HVAC 30 years. It has to flail.,solved,normal,bob56@example.com,"[""presales"",""tube-man""]",-9369,-8919
TCK-50292,Bounce house booking change,Need to move our Castle Classic rental from Sat to Sun. Same address. Kid changed the theme again.,solved,normal,priya43@example.com,"[""bounce"",""booking""]",-9361,-9324
TCK-51306,Repair kit question,Does the repair kit work on the Lazy Kraken tentacle seams or only the body?,solved,normal,yosef57@example.com,"[""product""]",-4566,-3730
TCK-50293,Address change on subscription,"Moved from Findlay, OH to Akron, OH. Update my Float Club shipping address please.",solved,normal,aisha98@example.com,"[""float-club"",""account""]",-9552,-8897
TCK-50294,Stadium mascot arm replacement,Our mascot system left arm tore during the seventh inning. Need the replacement panel before Friday's home game.,solved,high,kitty25@example.com,"[""b2b"",""mascot"",""parts""]",-9237,-8584
TCK-50295,Bounce house booking change,Need to move our Castle Classic rental from Sat to Sun. Same address. Kid changed the theme again.,solved,normal,linda90@example.com,"[""bounce"",""booking""]",-8795,-8443
TCK-50296,Gift for retirement party,Can I get a tube man for a retirement party for one weekend? He was in HVAC 30 years. It has to flail.,solved,normal,bettye97@example.com,"[""presales"",""tube-man""]",-9252,-9108
TCK-50297,Invoice copy needed,Our dealership needs a copy of last month's TMaaS invoice for accounting. Unit count changed mid-month.,solved,normal,nellie68@example.com,"[""b2b"",""billing""]",-8991,-8637
TCK-50298,Bounce house wet after rain,The Corporate Retreat Edition got rained on. What is the dry-out protocol before the offsite?,solved,normal,bob9@example.com,"[""bounce"",""care""]",-9441,-9179
TCK-50299,Sir Reginald has a slow leak,Sir Reginald Unicorn loses about 20% overnight. Within warranty. What are my options?,solved,normal,rosa79@example.com,"[""warranty""]",-9018,-8749
TCK-50300,Swan for a wedding?,Is the Colossal Swan available in white only? Wedding is in August. It will be in the photos. It IS the photos.,solved,normal,hannah87@example.com,"[""product"",""presales""]",-9103,-8392
TCK-50301,Refund request: double charge,Charged twice for order ORD-103086. Bank shows both pending. Please fix.,solved,normal,chen57@example.com,"[""billing"",""refund""]",-9283,-8972
TCK-50302,Address change on subscription,"Moved from Toledo, OH to Columbus, OH. Update my Float Club shipping address please.",solved,normal,lamar73@example.com,"[""float-club"",""account""]",-9499,-9185
TCK-50303,Bounce house booking change,Need to move our Castle Classic rental from Sat to Sun. Same address. Kid changed the theme again.,solved,normal,ray22@example.com,"[""bounce"",""booking""]",-9319,-8614
TCK-50304,Invoice copy needed,Our dealership needs a copy of last month's TMaaS invoice for accounting. Unit count changed mid-month.,solved,normal,ivan58@example.com,"[""b2b"",""billing""]",-8709,-7851
TCK-50305,Swan for a wedding?,Is the Colossal Swan available in white only? Wedding is in August. It will be in the photos. It IS the photos.,solved,normal,deshawn34@example.com,"[""product"",""presales""]",-8934,-8561
TCK-50306,Stadium mascot arm replacement,Our mascot system left arm tore during the seventh inning. Need the replacement panel before Friday's home game.,solved,high,luis37@example.com,"[""b2b"",""mascot"",""parts""]",-8847,-8103
TCK-50307,Float Club: pause my membership,"Traveling for two months. Can you pause my Float Club box? Do not cancel. I repeat, do not cancel.",solved,normal,hannah29@example.com,"[""float-club""]",-8986,-8106
TCK-50308,Valve cap missing from box,My Colossal Swan arrived without the valve cap. It deflates overnight. Love it otherwise.,solved,normal,zoe4@example.com,"[""parts""]",-8952,-8581
TCK-50309,Pizza float smells like vinyl,Is the vinyl smell on the Pizza Slice XL normal? How long until it airs out?,solved,normal,chen26@example.com,"[""product""]",-9572,-9442
TCK-50310,Refund request: double charge,Charged twice for order ORD-100733. Bank shows both pending. Please fix.,solved,normal,carlos78@example.com,"[""billing"",""refund""]",-8892,-8081
TCK-50311,Bounce house wet after rain,The Corporate Retreat Edition got rained on. What is the dry-out protocol before the offsite?,solved,normal,tina80@example.com,"[""bounce"",""care""]",-8979,-8475
TCK-50312,Bounce house booking change,Need to move our Castle Classic rental from Sat to Sun. Same address. Kid changed the theme again.,solved,normal,ernesto16@example.com,"[""bounce"",""booking""]",-8711,-8575
TCK-50313,Bounce house wet after rain,The Corporate Retreat Edition got rained on. What is the dry-out protocol before the offsite?,solved,normal,chen16@example.com,"[""bounce"",""care""]",-9064,-8673
TCK-50314,Pizza float smells like vinyl,Is the vinyl smell on the Pizza Slice XL normal? How long until it airs out?,solved,normal,vera79@example.com,"[""product""]",-9252,-8874
TCK-50315,Where is my order?,Ordered a Sir Reginald Unicorn on 9 days ago. Tracking has not moved. Party is Saturday. Please advise.,solved,normal,tina60@example.com,"[""wismo""]",-8792,-8449
TCK-50316,Repair kit question,Does the repair kit work on the Lazy Kraken tentacle seams or only the body?,solved,normal,otis15@example.com,"[""product""]",-9522,-8741
TCK-50317,Pizza float smells like vinyl,Is the vinyl smell on the Pizza Slice XL normal? How long until it airs out?,solved,normal,bettye45@example.com,"[""product""]",-9280,-8852
TCK-50318,Refund request: double charge,Charged twice for order ORD-100290. Bank shows both pending. Please fix.,open,normal,chen72@example.com,"[""billing"",""refund""]",-9126,-8822
TCK-50319,Bounce house wet after rain,The Corporate Retreat Edition got rained on. What is the dry-out protocol before the offsite?,solved,normal,yosef42@example.com,"[""bounce"",""care""]",-9107,-8637
TCK-50320,Stadium mascot arm replacement,Our mascot system left arm tore during the seventh inning. Need the replacement panel before Friday's home game.,solved,high,bob50@example.com,"[""b2b"",""mascot"",""parts""]",-9626,-9363
TCK-50321,Valve cap missing from box,My Lazy Kraken arrived without the valve cap. It deflates overnight. Love it otherwise.,solved,normal,rosa57@example.com,"[""parts""]",-8802,-8338
TCK-50322,Stadium mascot arm replacement,Our mascot system left arm tore during the seventh inning. Need the replacement panel before Friday's home game.,solved,high,ingrid85@example.com,"[""b2b"",""mascot"",""parts""]",-9392,-8797
TCK-50323,Swan for a wedding?,Is the Colossal Swan available in white only? Wedding is in August. It will be in the photos. It IS the photos.,solved,normal,chen29@example.com,"[""product"",""presales""]",-9547,-9036
TCK-50324,Swan for a wedding?,Is the Colossal Swan available in white only? Wedding is in August. It will be in the photos. It IS the photos.,solved,normal,vera2@example.com,"[""product"",""presales""]",-9478,-8775
TCK-50325,Valve cap missing from box,My Colossal Swan arrived without the valve cap. It deflates overnight. Love it otherwise.,solved,normal,wes48@example.com,"[""parts""]",-8809,-7930
TCK-50326,Invoice copy needed,Our dealership needs a copy of last month's TMaaS invoice for accounting. Unit count changed mid-month.,solved,normal,linda68@example.com,"[""b2b"",""billing""]",-9463,-9096
TCK-50327,Repair kit question,Does the repair kit work on the Lazy Kraken tentacle seams or only the body?,solved,normal,wes50@example.com,"[""product""]",-8903,-8775
TCK-50328,Float Club: pause my membership,"Traveling for two months. Can you pause my Float Club box? Do not cancel. I repeat, do not cancel.",solved,normal,mabel43@example.com,"[""float-club""]",-8948,-8099
TCK-50329,Where is my order?,Ordered a Lazy Kraken on 7 days ago. Tracking has not moved. Party is Saturday. Please advise.,solved,normal,arthur94@example.com,"[""wismo""]",-9515,-9173
TCK-50330,Invoice copy needed,Our dealership needs a copy of last month's TMaaS invoice for accounting. Unit count changed mid-month.,solved,normal,deshawn76@example.com,"[""b2b"",""billing""]",-8935,-8131
TCK-50331,Bounce house wet after rain,The Corporate Retreat Edition got rained on. What is the dry-out protocol before the offsite?,solved,normal,jerome1@example.com,"[""bounce"",""care""]",-9474,-9191
TCK-50332,Sir Reginald has a slow leak,Sir Reginald Unicorn loses about 20% overnight. Within warranty. What are my options?,solved,normal,kitty23@example.com,"[""warranty""]",-8986,-8123
TCK-50333,Gift for retirement party,Can I get a tube man for a retirement party for one weekend? He was in HVAC 30 years. It has to flail.,solved,normal,umar85@example.com,"[""presales"",""tube-man""]",-8722,-8293
TCK-50334,Invoice copy needed,Our dealership needs a copy of last month's TMaaS invoice for accounting. Unit count changed mid-month.,solved,normal,priya76@example.com,"[""b2b"",""billing""]",-8868,-8647
TCK-50335,Swan for a wedding?,Is the Colossal Swan available in white only? Wedding is in August. It will be in the photos. It IS the photos.,solved,normal,mabel95@example.com,"[""product"",""presales""]",-9415,-8805
TCK-50336,Bounce house booking change,Need to move our Castle Classic rental from Sat to Sun. Same address. Kid changed the theme again.,solved,normal,linda1@example.com,"[""bounce"",""booking""]",-8883,-8177
TCK-50337,Address change on subscription,"Moved from Findlay, OH to Erie, PA. Update my Float Club shipping address please.",solved,normal,harriet64@example.com,"[""float-club"",""account""]",-8953,-8475
TCK-50338,Stadium mascot arm replacement,Our mascot system left arm tore during the seventh inning. Need the replacement panel before Friday's home game.,solved,high,harriet18@example.com,"[""b2b"",""mascot"",""parts""]",-9277,-8495
TCK-50339,Invoice copy needed,Our dealership needs a copy of last month's TMaaS invoice for accounting. Unit count changed mid-month.,solved,normal,flo37@example.com,"[""b2b"",""billing""]",-8797,-8380
TCK-50340,Bounce house booking change,Need to move our Castle Classic rental from Sat to Sun. Same address. Kid changed the theme again.,solved,normal,bob95@example.com,"[""bounce"",""booking""]",-9615,-9368
TCK-50341,Bounce house wet after rain,The Corporate Retreat Edition got rained on. What is the dry-out protocol before the offsite?,solved,normal,jerome9@example.com,"[""bounce"",""care""]",-9289,-8573
TCK-50342,Refund request: double charge,Charged twice for order ORD-100984. Bank shows both pending. Please fix.,solved,normal,omar40@example.com,"[""billing"",""refund""]",-9013,-8544
TCK-50343,Repair kit question,Does the repair kit work on the Lazy Kraken tentacle seams or only the body?,solved,normal,curtis23@example.com,"[""product""]",-8839,-8662
TCK-50344,Swan for a wedding?,Is the Colossal Swan available in white only? Wedding is in August. It will be in the photos. It IS the photos.,solved,normal,harriet2@example.com,"[""product"",""presales""]",-9156,-8325
TCK-50345,Float Club: pause my membership,"Traveling for two months. Can you pause my Float Club box? Do not cancel. I repeat, do not cancel.",solved,normal,quinn23@example.com,"[""float-club""]",-8705,-8015
TCK-50346,Stadium mascot arm replacement,Our mascot system left arm tore during the seventh inning. Need the replacement panel before Friday's home game.,solved,high,keiko71@example.com,"[""b2b"",""mascot"",""parts""]",-8794,-8346
TCK-50347,Refund request: double charge,Charged twice for order ORD-101074. Bank shows both pending. Please fix.,open,normal,keiko86@example.com,"[""billing"",""refund""]",-9110,-8380
TCK-50348,Pizza float smells like vinyl,Is the vinyl smell on the Pizza Slice XL normal? How long until it airs out?,solved,normal,carlos52@example.com,"[""product""]",-9442,-8796
TCK-50349,Pizza float smells like vinyl,Is the vinyl smell on the Pizza Slice XL normal? How long until it airs out?,solved,normal,chen2@example.com,"[""product""]",-9369,-9264
TCK-50350,Stadium mascot arm replacement,Our mascot system left arm tore during the seventh inning. Need the replacement panel before Friday's home game.,solved,high,omar40@example.com,"[""b2b"",""mascot"",""parts""]",-9204,-8528
TCK-50351,Refund request: double charge,Charged twice for order ORD-102092. Bank shows both pending. Please fix.,solved,normal,yosef43@example.com,"[""billing"",""refund""]",-9530,-9114
TCK-50352,Tube man dancing weird,Our Standard Wacky unit is doing more of a slow lean than a wave. Customers are asking if he is ok.,solved,normal,mo65@example.com,"[""tube-man"",""b2b""]",-9146,-8370
TCK-50353,Refund request: double charge,Charged twice for order ORD-100148. Bank shows both pending. Please fix.,solved,normal,arthur1@example.com,"[""billing"",""refund""]",-9188,-8527
TCK-50354,Float Club: pause my membership,"Traveling for two months. Can you pause my Float Club box? Do not cancel. I repeat, do not cancel.",solved,normal,yuki19@example.com,"[""float-club""]",-9552,-9105
TCK-50355,Stadium mascot arm replacement,Our mascot system left arm tore during the seventh inning. Need the replacement panel before Friday's home game.,solved,high,paloma29@example.com,"[""b2b"",""mascot"",""parts""]",-9441,-8753
TCK-50356,Sir Reginald has a slow leak,Sir Reginald Unicorn loses about 20% overnight. Within warranty. What are my options?,open,normal,lamar1@example.com,"[""warranty""]",-8780,-8617
TCK-50357,Tube man dancing weird,Our Standard Wacky unit is doing more of a slow lean than a wave. Customers are asking if he is ok.,solved,normal,stan42@example.com,"[""tube-man"",""b2b""]",-9550,-8843
TCK-50358,Pizza float smells like vinyl,Is the vinyl smell on the Pizza Slice XL normal? How long until it airs out?,solved,normal,quinn3@example.com,"[""product""]",-9218,-8891
TCK-50359,Bounce house wet after rain,The Corporate Retreat Edition got rained on. What is the dry-out protocol before the offsite?,solved,normal,deshawn84@example.com,"[""bounce"",""care""]",-9187,-8683
TCK-50360,Tube man dancing weird,Our Standard Wacky unit is doing more of a slow lean than a wave. Customers are asking if he is ok.,solved,normal,pearl42@example.com,"[""tube-man"",""b2b""]",-8773,-8595
TCK-50361,Address change on subscription,"Moved from Ann Arbor, MI to South Bend, IN. Update my Float Club shipping address please.",solved,normal,jamal23@example.com,"[""float-club"",""account""]",-9387,-9284
TCK-50362,Tube man dancing weird,Our Standard Wacky unit is doing more of a slow lean than a wave. Customers are asking if he is ok.,solved,normal,carlos3@example.com,"[""tube-man"",""b2b""]",-9558,-9227
TCK-50363,Bounce house booking change,Need to move our Castle Classic rental from Sat to Sun. Same address. Kid changed the theme again.,solved,normal,nadia70@example.com,"[""bounce"",""booking""]",-8890,-8465
TCK-50364,Valve cap missing from box,My Colossal Swan arrived without the valve cap. It deflates overnight. Love it otherwise.,solved,normal,mabel82@example.com,"[""parts""]",-9520,-8731
TCK-50365,Bounce house booking change,Need to move our Castle Classic rental from Sat to Sun. Same address. Kid changed the theme again.,solved,normal,jerome10@example.com,"[""bounce"",""booking""]",-8863,-8032
TCK-50366,Invoice copy needed,Our dealership needs a copy of last month's TMaaS invoice for accounting. Unit count changed mid-month.,solved,normal,linda85@example.com,"[""b2b"",""billing""]",-8702,-8029
TCK-50367,Float Club: pause my membership,"Traveling for two months. Can you pause my Float Club box? Do not cancel. I repeat, do not cancel.",solved,normal,margaret45@example.com,"[""float-club""]",-9006,-8757
TCK-50368,Invoice copy needed,Our dealership needs a copy of last month's TMaaS invoice for accounting. Unit count changed mid-month.,solved,normal,ray65@example.com,"[""b2b"",""billing""]",-9464,-9204
TCK-50369,Swan for a wedding?,Is the Colossal Swan available in white only? Wedding is in August. It will be in the photos. It IS the photos.,solved,normal,margaret85@example.com,"[""product"",""presales""]",-9624,-8835
TCK-50370,Valve cap missing from box,My Colossal Swan arrived without the valve cap. It deflates overnight. Love it otherwise.,solved,normal,greg53@example.com,"[""parts""]",-8764,-8032
TCK-50371,Address change on subscription,"Moved from Sandusky, OH to Dayton, OH. Update my Float Club shipping address please.",solved,normal,ingrid62@example.com,"[""float-club"",""account""]",-9050,-8888
TCK-50372,Bounce house booking change,Need to move our Castle Classic rental from Sat to Sun. Same address. Kid changed the theme again.,solved,normal,carlos19@example.com,"[""bounce"",""booking""]",-9534,-9021
TCK-50373,Where is my order?,Ordered a Pizza Slice XL on 6 days ago. Tracking has not moved. Party is Saturday. Please advise.,open,normal,chen16@example.com,"[""wismo""]",-8816,-8060
TCK-50374,Tube man dancing weird,Our Standard Wacky unit is doing more of a slow lean than a wave. Customers are asking if he is ok.,solved,normal,mabel72@example.com,"[""tube-man"",""b2b""]",-9338,-9224
TCK-50375,Valve cap missing from box,My Pizza Slice XL arrived without the valve cap. It deflates overnight. Love it otherwise.,solved,normal,yosef47@example.com,"[""parts""]",-8743,-7949
TCK-50376,Gift for retirement party,Can I get a tube man for a retirement party for one weekend? He was in HVAC 30 years. It has to flail.,solved,normal,fatima11@example.com,"[""presales"",""tube-man""]",-9237,-9079
TCK-50377,Tube man dancing weird,Our Standard Wacky unit is doing more of a slow lean than a wave. Customers are asking if he is ok.,solved,normal,yosef60@example.com,"[""tube-man"",""b2b""]",-8841,-8754
TCK-50378,Swan for a wedding?,Is the Colossal Swan available in white only? Wedding is in August. It will be in the photos. It IS the photos.,solved,normal,pearl56@example.com,"[""product"",""presales""]",-9462,-8891
TCK-50379,Bounce house wet after rain,The Corporate Retreat Edition got rained on. What is the dry-out protocol before the offsite?,solved,normal,ernesto20@example.com,"[""bounce"",""care""]",-9598,-9567
TCK-50380,Float Club: pause my membership,"Traveling for two months. Can you pause my Float Club box? Do not cancel. I repeat, do not cancel.",solved,normal,aisha49@example.com,"[""float-club""]",-9160,-8273
TCK-50381,Sir Reginald has a slow leak,Sir Reginald Unicorn loses about 20% overnight. Within warranty. What are my options?,solved,normal,omar84@example.com,"[""warranty""]",-8873,-8458
TCK-50382,Bounce house booking change,Need to move our Castle Classic rental from Sat to Sun. Same address. Kid changed the theme again.,solved,normal,carlos55@example.com,"[""bounce"",""booking""]",-9432,-8895
TCK-50383,Swan for a wedding?,Is the Colossal Swan available in white only? Wedding is in August. It will be in the photos. It IS the photos.,open,normal,quinn78@example.com,"[""product"",""presales""]",-8987,-8408
TCK-50384,Sir Reginald has a slow leak,Sir Reginald Unicorn loses about 20% overnight. Within warranty. What are my options?,open,normal,yosef89@example.com,"[""warranty""]",-9203,-8400
TCK-50385,Valve cap missing from box,My Colossal Swan arrived without the valve cap. It deflates overnight. Love it otherwise.,solved,normal,arthur40@example.com,"[""parts""]",-9173,-8703
TCK-50386,Pizza float smells like vinyl,Is the vinyl smell on the Pizza Slice XL normal? How long until it airs out?,solved,normal,wes20@example.com,"[""product""]",-8882,-8581
TCK-50387,Tube man dancing weird,Our Standard Wacky unit is doing more of a slow lean than a wave. Customers are asking if he is ok.,solved,normal,otis67@example.com,"[""tube-man"",""b2b""]",-8708,-7893
TCK-50388,Gift for retirement party,Can I get a tube man for a retirement party for one weekend? He was in HVAC 30 years. It has to flail.,solved,normal,fatima98@example.com,"[""presales"",""tube-man""]",-8959,-8555
TCK-50389,Address change on subscription,"Moved from South Bend, IN to Ann Arbor, MI. Update my Float Club shipping address please.",solved,normal,lamar83@example.com,"[""float-club"",""account""]",-9519,-9398
TCK-50390,Where is my order?,Ordered a Sir Reginald Unicorn on 6 days ago. Tracking has not moved. Party is Saturday. Please advise.,solved,normal,bob6@example.com,"[""wismo""]",-8934,-8356
TCK-50391,Repair kit question,Does the repair kit work on the Lazy Kraken tentacle seams or only the body?,solved,normal,zoe72@example.com,"[""product""]",-8933,-8647
TCK-50392,Sir Reginald has a slow leak,Sir Reginald Unicorn loses about 20% overnight. Within warranty. What are my options?,solved,normal,wes45@example.com,"[""warranty""]",-8803,-8075
TCK-50393,Stadium mascot arm replacement,Our mascot system left arm tore during the seventh inning. Need the replacement panel before Friday's home game.,solved,high,arthur19@example.com,"[""b2b"",""mascot"",""parts""]",-8862,-8379
TCK-50394,Stadium mascot arm replacement,Our mascot system left arm tore during the seventh inning. Need the replacement panel before Friday's home game.,solved,high,flo76@example.com,"[""b2b"",""mascot"",""parts""]",-9427,-9317
TCK-50395,Tube man dancing weird,Our Standard Wacky unit is doing more of a slow lean than a wave. Customers are asking if he is ok.,solved,normal,kitty2@example.com,"[""tube-man"",""b2b""]",-9534,-8934
TCK-50396,Pizza float smells like vinyl,Is the vinyl smell on the Pizza Slice XL normal? How long until it airs out?,solved,normal,dolores85@example.com,"[""product""]",-9657,-9148
TCK-50397,Float Club: pause my membership,"Traveling for two months. Can you pause my Float Club box? Do not cancel. I repeat, do not cancel.",solved,normal,jamal25@example.com,"[""float-club""]",-8814,-8713
TCK-50398,Sir Reginald has a slow leak,Sir Reginald Unicorn loses about 20% overnight. Within warranty. What are my options?,solved,normal,greg31@example.com,"[""warranty""]",-9183,-8948
TCK-50399,Where is my order?,Ordered a Lazy Kraken on 7 days ago. Tracking has not moved. Party is Saturday. Please advise.,solved,normal,ray40@example.com,"[""wismo""]",-8969,-8072
TCK-50400,Address change on subscription,"Moved from Erie, PA to Erie, PA. Update my Float Club shipping address please.",solved,normal,aisha54@example.com,"[""float-club"",""account""]",-9385,-8923
TCK-50401,Swan for a wedding?,Is the Colossal Swan available in white only? Wedding is in August. It will be in the photos. It IS the photos.,solved,normal,tina34@example.com,"[""product"",""presales""]",-9435,-8679
TCK-50402,Sir Reginald has a slow leak,Sir Reginald Unicorn loses about 20% overnight. Within warranty. What are my options?,solved,normal,hannah93@example.com,"[""warranty""]",-8767,-8692
TCK-50403,Tube man dancing weird,Our Standard Wacky unit is doing more of a slow lean than a wave. Customers are asking if he is ok.,solved,normal,deshawn63@example.com,"[""tube-man"",""b2b""]",-8009,-7675
TCK-50404,Tube man dancing weird,Our Standard Wacky unit is doing more of a slow lean than a wave. Customers are asking if he is ok.,open,normal,tina73@example.com,"[""tube-man"",""b2b""]",-8211,-8095
TCK-50405,Tube man dancing weird,Our Standard Wacky unit is doing more of a slow lean than a wave. Customers are asking if he is ok.,solved,normal,deshawn48@example.com,"[""tube-man"",""b2b""]",-7873,-7486
TCK-50406,Swan for a wedding?,Is the Colossal Swan available in white only? Wedding is in August. It will be in the photos. It IS the photos.,solved,normal,zoe79@example.com,"[""product"",""presales""]",-8077,-7458
TCK-50407,Bounce house wet after rain,The Corporate Retreat Edition got rained on. What is the dry-out protocol before the offsite?,solved,normal,keiko95@example.com,"[""bounce"",""care""]",-7888,-7731
TCK-50408,Gift for retirement party,Can I get a tube man for a retirement party for one weekend? He was in HVAC 30 years. It has to flail.,solved,normal,arthur61@example.com,"[""presales"",""tube-man""]",-7917,-7801
TCK-50409,Bounce house booking change,Need to move our Castle Classic rental from Sat to Sun. Same address. Kid changed the theme again.,solved,normal,omar98@example.com,"[""bounce"",""booking""]",-7475,-7036
TCK-50410,Valve cap missing from box,My Pizza Slice XL arrived without the valve cap. It deflates overnight. Love it otherwise.,solved,normal,ingrid55@example.com,"[""parts""]",-7537,-7301
TCK-50411,Refund request: double charge,Charged twice for order ORD-103468. Bank shows both pending. Please fix.,solved,normal,greg86@example.com,"[""billing"",""refund""]",-7965,-7732
TCK-50412,Sir Reginald has a slow leak,Sir Reginald Unicorn loses about 20% overnight. Within warranty. What are my options?,solved,normal,bettye84@example.com,"[""warranty""]",-7783,-7312
TCK-50413,Tube man dancing weird,Our Standard Wacky unit is doing more of a slow lean than a wave. Customers are asking if he is ok.,solved,normal,rosa13@example.com,"[""tube-man"",""b2b""]",-8129,-7467
TCK-50414,Repair kit question,Does the repair kit work on the Lazy Kraken tentacle seams or only the body?,solved,normal,wes56@example.com,"[""product""]",-8020,-7374
TCK-50415,Address change on subscription,"Moved from Fort Wayne, IN to Akron, OH. Update my Float Club shipping address please.",open,normal,keiko62@example.com,"[""float-club"",""account""]",-8027,-7900
TCK-50416,Bounce house wet after rain,The Corporate Retreat Edition got rained on. What is the dry-out protocol before the offsite?,solved,normal,umar69@example.com,"[""bounce"",""care""]",-7581,-7342
TCK-50417,Where is my order?,Ordered a Sir Reginald Unicorn on 4 days ago. Tracking has not moved. Party is Saturday. Please advise.,solved,normal,otis47@example.com,"[""wismo""]",-7308,-7265
TCK-50418,Address change on subscription,"Moved from Bowling Green, OH to Fort Wayne, IN. Update my Float Club shipping address please.",solved,normal,rosa71@example.com,"[""float-club"",""account""]",-7646,-6890
TCK-50419,Float Club: pause my membership,"Traveling for two months. Can you pause my Float Club box? Do not cancel. I repeat, do not cancel.",solved,normal,bettye35@example.com,"[""float-club""]",-7766,-7719
TCK-50420,Valve cap missing from box,My Pizza Slice XL arrived without the valve cap. It deflates overnight. Love it otherwise.,solved,normal,keiko37@example.com,"[""parts""]",-7542,-7145
TCK-50421,Swan for a wedding?,Is the Colossal Swan available in white only? Wedding is in August. It will be in the photos. It IS the photos.,solved,normal,fatima75@example.com,"[""product"",""presales""]",-8002,-7527
TCK-50422,Float Club: pause my membership,"Traveling for two months. Can you pause my Float Club box? Do not cancel. I repeat, do not cancel.",solved,normal,fatima62@example.com,"[""float-club""]",-8030,-7939
TCK-50423,Pizza float smells like vinyl,Is the vinyl smell on the Pizza Slice XL normal? How long until it airs out?,solved,normal,yosef93@example.com,"[""product""]",-8002,-7172
TCK-50424,Refund request: double charge,Charged twice for order ORD-100720. Bank shows both pending. Please fix.,solved,normal,ivan92@example.com,"[""billing"",""refund""]",-7649,-7441
TCK-50425,Tube man dancing weird,Our Standard Wacky unit is doing more of a slow lean than a wave. Customers are asking if he is ok.,solved,normal,tina51@example.com,"[""tube-man"",""b2b""]",-7798,-7281
TCK-50426,Pizza float smells like vinyl,Is the vinyl smell on the Pizza Slice XL normal? How long until it airs out?,solved,normal,lamar5@example.com,"[""product""]",-7393,-6920
TCK-50427,Where is my order?,Ordered a Sir Reginald Unicorn on 3 days ago. Tracking has not moved. Party is Saturday. Please advise.,solved,normal,carlos83@example.com,"[""wismo""]",-7775,-7124
TCK-50428,Repair kit question,Does the repair kit work on the Lazy Kraken tentacle seams or only the body?,open,normal,linda91@example.com,"[""product""]",-7838,-7313
TCK-50429,Bounce house wet after rain,The Corporate Retreat Edition got rained on. What is the dry-out protocol before the offsite?,solved,normal,jerome64@example.com,"[""bounce"",""care""]",-8173,-7416
TCK-50430,Bounce house wet after rain,The Corporate Retreat Edition got rained on. What is the dry-out protocol before the offsite?,solved,normal,gus75@example.com,"[""bounce"",""care""]",-7339,-6668
TCK-50431,Tube man dancing weird,Our Standard Wacky unit is doing more of a slow lean than a wave. Customers are asking if he is ok.,solved,normal,tomasz8@example.com,"[""tube-man"",""b2b""]",-7660,-7174
TCK-50432,Address change on subscription,"Moved from Ann Arbor, MI to Fort Wayne, IN. Update my Float Club shipping address please.",solved,normal,lamar38@example.com,"[""float-club"",""account""]",-7863,-7818
TCK-50433,Pizza float smells like vinyl,Is the vinyl smell on the Pizza Slice XL normal? How long until it airs out?,solved,normal,gus47@example.com,"[""product""]",-7926,-7089
TCK-50434,Address change on subscription,"Moved from Dayton, OH to Ann Arbor, MI. Update my Float Club shipping address please.",solved,normal,dolores86@example.com,"[""float-club"",""account""]",-7367,-6586
TCK-50435,Valve cap missing from box,My Colossal Swan arrived without the valve cap. It deflates overnight. Love it otherwise.,solved,normal,kitty99@example.com,"[""parts""]",-8081,-7450
TCK-50436,Sir Reginald has a slow leak,Sir Reginald Unicorn loses about 20% overnight. Within warranty. What are my options?,solved,normal,ray38@example.com,"[""warranty""]",-8047,-7860
TCK-50437,Stadium mascot arm replacement,Our mascot system left arm tore during the seventh inning. Need the replacement panel before Friday's home game.,solved,high,wes39@example.com,"[""b2b"",""mascot"",""parts""]",-7943,-7683
TCK-50438,Swan for a wedding?,Is the Colossal Swan available in white only? Wedding is in August. It will be in the photos. It IS the photos.,solved,normal,dolores75@example.com,"[""product"",""presales""]",-7683,-7197
TCK-50439,Repair kit question,Does the repair kit work on the Lazy Kraken tentacle seams or only the body?,solved,normal,arthur87@example.com,"[""product""]",-7725,-7659
TCK-50440,Stadium mascot arm replacement,Our mascot system left arm tore during the seventh inning. Need the replacement panel before Friday's home game.,solved,high,ernesto34@example.com,"[""b2b"",""mascot"",""parts""]",-7582,-7500
TCK-50441,Gift for retirement party,Can I get a tube man for a retirement party for one weekend? He was in HVAC 30 years. It has to flail.,open,normal,aisha50@example.com,"[""presales"",""tube-man""]",-7677,-6899
TCK-50442,Sir Reginald has a slow leak,Sir Reginald Unicorn loses about 20% overnight. Within warranty. What are my options?,solved,normal,tomasz53@example.com,"[""warranty""]",-7671,-6942
TCK-50443,Bounce house booking change,Need to move our Castle Classic rental from Sat to Sun. Same address. Kid changed the theme again.,solved,normal,chen60@example.com,"[""bounce"",""booking""]",-7492,-7460
TCK-50444,Stadium mascot arm replacement,Our mascot system left arm tore during the seventh inning. Need the replacement panel before Friday's home game.,solved,high,nadia57@example.com,"[""b2b"",""mascot"",""parts""]",-8158,-7990
TCK-50445,Invoice copy needed,Our dealership needs a copy of last month's TMaaS invoice for accounting. Unit count changed mid-month.,solved,normal,harriet43@example.com,"[""b2b"",""billing""]",-7628,-7213
TCK-50446,Where is my order?,Ordered a Colossal Swan on 11 days ago. Tracking has not moved. Party is Saturday. Please advise.,solved,normal,luis22@example.com,"[""wismo""]",-8176,-7309
TCK-50447,Sir Reginald has a slow leak,Sir Reginald Unicorn loses about 20% overnight. Within warranty. What are my options?,solved,normal,lamar43@example.com,"[""warranty""]",-8111,-8029
TCK-50448,Invoice copy needed,Our dealership needs a copy of last month's TMaaS invoice for accounting. Unit count changed mid-month.,solved,normal,wes9@example.com,"[""b2b"",""billing""]",-7405,-6869
TCK-50449,Tube man dancing weird,Our Standard Wacky unit is doing more of a slow lean than a wave. Customers are asking if he is ok.,solved,normal,ray56@example.com,"[""tube-man"",""b2b""]",-7405,-6857
TCK-50450,Swan for a wedding?,Is the Colossal Swan available in white only? Wedding is in August. It will be in the photos. It IS the photos.,open,normal,harriet47@example.com,"[""product"",""presales""]",-7759,-7669
TCK-50451,Gift for retirement party,Can I get a tube man for a retirement party for one weekend? He was in HVAC 30 years. It has to flail.,solved,normal,ivan40@example.com,"[""presales"",""tube-man""]",-7898,-7099
TCK-50452,Where is my order?,Ordered a Lazy Kraken on 12 days ago. Tracking has not moved. Party is Saturday. Please advise.,solved,normal,omar21@example.com,"[""wismo""]",-7296,-7266
TCK-50453,Repair kit question,Does the repair kit work on the Lazy Kraken tentacle seams or only the body?,solved,normal,wes66@example.com,"[""product""]",-8176,-7681
TCK-50454,Where is my order?,Ordered a Pizza Slice XL on 9 days ago. Tracking has not moved. Party is Saturday. Please advise.,open,normal,bettye77@example.com,"[""wismo""]",-8015,-7613
TCK-50455,Address change on subscription,"Moved from Findlay, OH to South Bend, IN. Update my Float Club shipping address please.",solved,normal,yuki61@example.com,"[""float-club"",""account""]",-7997,-7487
TCK-50456,Stadium mascot arm replacement,Our mascot system left arm tore during the seventh inning. Need the replacement panel before Friday's home game.,solved,high,keiko59@example.com,"[""b2b"",""mascot"",""parts""]",-7856,-7096
TCK-50457,Float Club: pause my membership,"Traveling for two months. Can you pause my Float Club box? Do not cancel. I repeat, do not cancel.",open,normal,priya55@example.com,"[""float-club""]",-7711,-7007
TCK-50458,Tube man dancing weird,Our Standard Wacky unit is doing more of a slow lean than a wave. Customers are asking if he is ok.,solved,normal,otis14@example.com,"[""tube-man"",""b2b""]",-8009,-7816
TCK-50459,Repair kit question,Does the repair kit work on the Lazy Kraken tentacle seams or only the body?,solved,normal,rosa37@example.com,"[""product""]",-7624,-7463
TCK-50460,Gift for retirement party,Can I get a tube man for a retirement party for one weekend? He was in HVAC 30 years. It has to flail.,solved,normal,margaret38@example.com,"[""presales"",""tube-man""]",-7775,-6900
TCK-50461,Where is my order?,Ordered a Lazy Kraken on 5 days ago. Tracking has not moved. Party is Saturday. Please advise.,solved,normal,omar43@example.com,"[""wismo""]",-7650,-6967
TCK-50462,Refund request: double charge,Charged twice for order ORD-102180. Bank shows both pending. Please fix.,open,normal,chen50@example.com,"[""billing"",""refund""]",-8020,-7156
TCK-50463,Valve cap missing from box,My Pizza Slice XL arrived without the valve cap. It deflates overnight. Love it otherwise.,solved,normal,flo66@example.com,"[""parts""]",-8014,-7499
TCK-50464,Sir Reginald has a slow leak,Sir Reginald Unicorn loses about 20% overnight. Within warranty. What are my options?,open,normal,wes85@example.com,"[""warranty""]",-8108,-7627
TCK-50465,Invoice copy needed,Our dealership needs a copy of last month's TMaaS invoice for accounting. Unit count changed mid-month.,solved,normal,lamar61@example.com,"[""b2b"",""billing""]",-7774,-6997
TCK-50466,Pizza float smells like vinyl,Is the vinyl smell on the Pizza Slice XL normal? How long until it airs out?,solved,normal,nellie76@example.com,"[""product""]",-8200,-7861
TCK-50467,Address change on subscription,"Moved from Toledo, OH to Bowling Green, OH. Update my Float Club shipping address please.",solved,normal,yuki41@example.com,"[""float-club"",""account""]",-7874,-7434
TCK-50468,Float Club: pause my membership,"Traveling for two months. Can you pause my Float Club box? Do not cancel. I repeat, do not cancel.",solved,normal,quinn22@example.com,"[""float-club""]",-7776,-7236
TCK-50469,Pizza float smells like vinyl,Is the vinyl smell on the Pizza Slice XL normal? How long until it airs out?,solved,normal,margaret14@example.com,"[""product""]",-7736,-7628
TCK-50470,Gift for retirement party,Can I get a tube man for a retirement party for one weekend? He was in HVAC 30 years. It has to flail.,solved,normal,fatima12@example.com,"[""presales"",""tube-man""]",-8091,-7723
TCK-50471,Swan for a wedding?,Is the Colossal Swan available in white only? Wedding is in August. It will be in the photos. It IS the photos.,solved,normal,curtis21@example.com,"[""product"",""presales""]",-8013,-7132
TCK-50472,Gift for retirement party,Can I get a tube man for a retirement party for one weekend? He was in HVAC 30 years. It has to flail.,solved,normal,greg85@example.com,"[""presales"",""tube-man""]",-8191,-7695
TCK-50473,Sir Reginald has a slow leak,Sir Reginald Unicorn loses about 20% overnight. Within warranty. What are my options?,solved,normal,jamal26@example.com,"[""warranty""]",-7277,-6797
TCK-50474,Tube man dancing weird,Our Standard Wacky unit is doing more of a slow lean than a wave. Customers are asking if he is ok.,solved,normal,carlos53@example.com,"[""tube-man"",""b2b""]",-8101,-7818
TCK-50475,Stadium mascot arm replacement,Our mascot system left arm tore during the seventh inning. Need the replacement panel before Friday's home game.,solved,high,vera99@example.com,"[""b2b"",""mascot"",""parts""]",-7296,-6864
TCK-50476,Pizza float smells like vinyl,Is the vinyl smell on the Pizza Slice XL normal? How long until it airs out?,solved,normal,nellie19@example.com,"[""product""]",-7430,-6692
TCK-50477,Pizza float smells like vinyl,Is the vinyl smell on the Pizza Slice XL normal? How long until it airs out?,solved,normal,priya87@example.com,"[""product""]",-7423,-6567
TCK-50478,Refund request: double charge,Charged twice for order ORD-102765. Bank shows both pending. Please fix.,solved,normal,tomasz62@example.com,"[""billing"",""refund""]",-7385,-6513
TCK-50479,Gift for retirement party,Can I get a tube man for a retirement party for one weekend? He was in HVAC 30 years. It has to flail.,solved,normal,jerome67@example.com,"[""presales"",""tube-man""]",-7924,-7466
TCK-50480,Float Club: pause my membership,"Traveling for two months. Can you pause my Float Club box? Do not cancel. I repeat, do not cancel.",solved,normal,hannah29@example.com,"[""float-club""]",-8125,-7337
TCK-50481,Bounce house booking change,Need to move our Castle Classic rental from Sat to Sun. Same address. Kid changed the theme again.,solved,normal,quinn18@example.com,"[""bounce"",""booking""]",-7302,-6800
TCK-50482,Pizza float smells like vinyl,Is the vinyl smell on the Pizza Slice XL normal? How long until it airs out?,solved,normal,zoe80@example.com,"[""product""]",-7712,-7671
TCK-50483,Valve cap missing from box,My Colossal Swan arrived without the valve cap. It deflates overnight. Love it otherwise.,solved,normal,hannah34@example.com,"[""parts""]",-7804,-7026
TCK-50484,Address change on subscription,"Moved from Ann Arbor, MI to South Bend, IN. Update my Float Club shipping address please.",solved,normal,pearl71@example.com,"[""float-club"",""account""]",-7466,-6833
TCK-50485,Repair kit question,Does the repair kit work on the Lazy Kraken tentacle seams or only the body?,solved,normal,harriet35@example.com,"[""product""]",-7634,-6774
TCK-50486,Invoice copy needed,Our dealership needs a copy of last month's TMaaS invoice for accounting. Unit count changed mid-month.,solved,normal,fatima62@example.com,"[""b2b"",""billing""]",-7672,-7352
TCK-50487,Where is my order?,Ordered a Pizza Slice XL on 10 days ago. Tracking has not moved. Party is Saturday. Please advise.,solved,normal,lamar25@example.com,"[""wismo""]",-7416,-7170
TCK-50488,Bounce house wet after rain,The Corporate Retreat Edition got rained on. What is the dry-out protocol before the offsite?,solved,normal,deshawn30@example.com,"[""bounce"",""care""]",-7636,-6803
TCK-50489,Where is my order?,Ordered a Lazy Kraken on 5 days ago. Tracking has not moved. Party is Saturday. Please advise.,solved,normal,priya3@example.com,"[""wismo""]",-7543,-7455
TCK-50490,Bounce house wet after rain,The Corporate Retreat Edition got rained on. What is the dry-out protocol before the offsite?,solved,normal,margaret68@example.com,"[""bounce"",""care""]",-7888,-7096
TCK-50491,Address change on subscription,"Moved from Findlay, OH to South Bend, IN. Update my Float Club shipping address please.",solved,normal,tina56@example.com,"[""float-club"",""account""]",-7469,-7414
TCK-50492,Invoice copy needed,Our dealership needs a copy of last month's TMaaS invoice for accounting. Unit count changed mid-month.,solved,normal,nellie54@example.com,"[""b2b"",""billing""]",-8074,-7681
TCK-50493,Bounce house booking change,Need to move our Castle Classic rental from Sat to Sun. Same address. Kid changed the theme again.,solved,normal,greg14@example.com,"[""bounce"",""booking""]",-7784,-7737
TCK-50494,Refund request: double charge,Charged twice for order ORD-101731. Bank shows both pending. Please fix.,open,normal,bettye39@example.com,"[""billing"",""refund""]",-7910,-7215
TCK-50495,Tube man dancing weird,Our Standard Wacky unit is doing more of a slow lean than a wave. Customers are asking if he is ok.,solved,normal,quinn75@example.com,"[""tube-man"",""b2b""]",-7492,-7157
TCK-50496,Address change on subscription,"Moved from Fort Wayne, IN to Ann Arbor, MI. Update my Float Club shipping address please.",solved,normal,quinn67@example.com,"[""float-club"",""account""]",-8039,-7458
TCK-50497,Pizza float smells like vinyl,Is the vinyl smell on the Pizza Slice XL normal? How long until it airs out?,solved,normal,dolores84@example.com,"[""product""]",-7549,-7503
TCK-50498,Bounce house wet after rain,The Corporate Retreat Edition got rained on. What is the dry-out protocol before the offsite?,solved,normal,mabel90@example.com,"[""bounce"",""care""]",-7649,-7440
TCK-50499,Pizza float smells like vinyl,Is the vinyl smell on the Pizza Slice XL normal? How long until it airs out?,solved,normal,wes1@example.com,"[""product""]",-7522,-6886
TCK-50500,Tube man dancing weird,Our Standard Wacky unit is doing more of a slow lean than a wave. Customers are asking if he is ok.,solved,normal,nellie83@example.com,"[""tube-man"",""b2b""]",-7970,-7550
TCK-50501,Swan for a wedding?,Is the Colossal Swan available in white only? Wedding is in August. It will be in the photos. It IS the photos.,solved,normal,wes63@example.com,"[""product"",""presales""]",-8155,-7596
TCK-50502,Swan for a wedding?,Is the Colossal Swan available in white only? Wedding is in August. It will be in the photos. It IS the photos.,solved,normal,lamar35@example.com,"[""product"",""presales""]",-8171,-8017
TCK-50503,Bounce house booking change,Need to move our Castle Classic rental from Sat to Sun. Same address. Kid changed the theme again.,solved,normal,lamar65@example.com,"[""bounce"",""booking""]",-7802,-7111
TCK-50504,Invoice copy needed,Our dealership needs a copy of last month's TMaaS invoice for accounting. Unit count changed mid-month.,solved,normal,greg13@example.com,"[""b2b"",""billing""]",-7514,-6704
TCK-50505,Repair kit question,Does the repair kit work on the Lazy Kraken tentacle seams or only the body?,solved,normal,rosa21@example.com,"[""product""]",-7626,-7436
TCK-50506,Invoice copy needed,Our dealership needs a copy of last month's TMaaS invoice for accounting. Unit count changed mid-month.,solved,normal,pearl99@example.com,"[""b2b"",""billing""]",-7369,-7147
TCK-50507,Bounce house wet after rain,The Corporate Retreat Edition got rained on. What is the dry-out protocol before the offsite?,solved,normal,fatima74@example.com,"[""bounce"",""care""]",-7307,-6776
TCK-50508,Stadium mascot arm replacement,Our mascot system left arm tore during the seventh inning. Need the replacement panel before Friday's home game.,solved,high,flo90@example.com,"[""b2b"",""mascot"",""parts""]",-8094,-7392
TCK-50509,Valve cap missing from box,My Sir Reginald Unicorn arrived without the valve cap. It deflates overnight. Love it otherwise.,solved,normal,arthur74@example.com,"[""parts""]",-8078,-7563
TCK-51562,Repair kit question,Does the repair kit work on the Lazy Kraken tentacle seams or only the body?,solved,normal,jamal21@example.com,"[""product""]",-3744,-3696
TCK-50510,Float Club: pause my membership,"Traveling for two months. Can you pause my Float Club box? Do not cancel. I repeat, do not cancel.",solved,normal,ernesto89@example.com,"[""float-club""]",-7739,-7579
TCK-50511,Float Club: pause my membership,"Traveling for two months. Can you pause my Float Club box? Do not cancel. I repeat, do not cancel.",solved,normal,luis72@example.com,"[""float-club""]",-7746,-7669
TCK-50512,Pizza float smells like vinyl,Is the vinyl smell on the Pizza Slice XL normal? How long until it airs out?,solved,normal,gus62@example.com,"[""product""]",-7379,-6658
TCK-50513,Pizza float smells like vinyl,Is the vinyl smell on the Pizza Slice XL normal? How long until it airs out?,solved,normal,margaret40@example.com,"[""product""]",-8142,-7982
TCK-50514,Address change on subscription,"Moved from South Bend, IN to Dayton, OH. Update my Float Club shipping address please.",solved,normal,lamar46@example.com,"[""float-club"",""account""]",-7784,-7707
TCK-50515,Stadium mascot arm replacement,Our mascot system left arm tore during the seventh inning. Need the replacement panel before Friday's home game.,open,high,carlos62@example.com,"[""b2b"",""mascot"",""parts""]",-7948,-7404
TCK-50516,Float Club: pause my membership,"Traveling for two months. Can you pause my Float Club box? Do not cancel. I repeat, do not cancel.",solved,normal,ernesto79@example.com,"[""float-club""]",-7432,-6817
TCK-50517,Gift for retirement party,Can I get a tube man for a retirement party for one weekend? He was in HVAC 30 years. It has to flail.,open,normal,flo56@example.com,"[""presales"",""tube-man""]",-7585,-6959
TCK-50518,Gift for retirement party,Can I get a tube man for a retirement party for one weekend? He was in HVAC 30 years. It has to flail.,solved,normal,bettye55@example.com,"[""presales"",""tube-man""]",-7596,-7039
TCK-50519,Repair kit question,Does the repair kit work on the Lazy Kraken tentacle seams or only the body?,solved,normal,nadia23@example.com,"[""product""]",-8032,-7825
TCK-50520,Invoice copy needed,Our dealership needs a copy of last month's TMaaS invoice for accounting. Unit count changed mid-month.,solved,normal,vera82@example.com,"[""b2b"",""billing""]",-8213,-7859
TCK-50521,Sir Reginald has a slow leak,Sir Reginald Unicorn loses about 20% overnight. Within warranty. What are my options?,solved,normal,pearl84@example.com,"[""warranty""]",-7858,-7668
TCK-50522,Gift for retirement party,Can I get a tube man for a retirement party for one weekend? He was in HVAC 30 years. It has to flail.,solved,normal,dolores43@example.com,"[""presales"",""tube-man""]",-7669,-7068
TCK-50523,Float Club: pause my membership,"Traveling for two months. Can you pause my Float Club box? Do not cancel. I repeat, do not cancel.",solved,normal,nadia29@example.com,"[""float-club""]",-8177,-7706
TCK-50524,Bounce house wet after rain,The Corporate Retreat Edition got rained on. What is the dry-out protocol before the offsite?,solved,normal,flo27@example.com,"[""bounce"",""care""]",-8193,-7840
TCK-50525,Tube man dancing weird,Our Standard Wacky unit is doing more of a slow lean than a wave. Customers are asking if he is ok.,solved,normal,margaret74@example.com,"[""tube-man"",""b2b""]",-7692,-7136
TCK-50526,Pizza float smells like vinyl,Is the vinyl smell on the Pizza Slice XL normal? How long until it airs out?,solved,normal,paloma12@example.com,"[""product""]",-7808,-7219
TCK-50527,Refund request: double charge,Charged twice for order ORD-101767. Bank shows both pending. Please fix.,solved,normal,quinn55@example.com,"[""billing"",""refund""]",-7734,-7537
TCK-50528,Invoice copy needed,Our dealership needs a copy of last month's TMaaS invoice for accounting. Unit count changed mid-month.,solved,normal,paloma58@example.com,"[""b2b"",""billing""]",-7743,-6984
TCK-50529,Swan for a wedding?,Is the Colossal Swan available in white only? Wedding is in August. It will be in the photos. It IS the photos.,solved,normal,tina16@example.com,"[""product"",""presales""]",-7705,-7032
TCK-50530,Stadium mascot arm replacement,Our mascot system left arm tore during the seventh inning. Need the replacement panel before Friday's home game.,solved,high,omar70@example.com,"[""b2b"",""mascot"",""parts""]",-7277,-6411
TCK-50531,Tube man dancing weird,Our Standard Wacky unit is doing more of a slow lean than a wave. Customers are asking if he is ok.,solved,normal,lamar79@example.com,"[""tube-man"",""b2b""]",-7335,-6587
TCK-50532,Repair kit question,Does the repair kit work on the Lazy Kraken tentacle seams or only the body?,solved,normal,quinn43@example.com,"[""product""]",-8207,-8103
TCK-50533,Sir Reginald has a slow leak,Sir Reginald Unicorn loses about 20% overnight. Within warranty. What are my options?,open,normal,stan46@example.com,"[""warranty""]",-7500,-7060
TCK-50534,Bounce house booking change,Need to move our Castle Classic rental from Sat to Sun. Same address. Kid changed the theme again.,solved,normal,mabel30@example.com,"[""bounce"",""booking""]",-8165,-8114
TCK-50535,Stadium mascot arm replacement,Our mascot system left arm tore during the seventh inning. Need the replacement panel before Friday's home game.,solved,high,zoe70@example.com,"[""b2b"",""mascot"",""parts""]",-7901,-7147
TCK-50536,Valve cap missing from box,My Pizza Slice XL arrived without the valve cap. It deflates overnight. Love it otherwise.,solved,normal,curtis48@example.com,"[""parts""]",-7349,-7216
TCK-50537,Sir Reginald has a slow leak,Sir Reginald Unicorn loses about 20% overnight. Within warranty. What are my options?,solved,normal,nadia73@example.com,"[""warranty""]",-7427,-7279
TCK-50538,Refund request: double charge,Charged twice for order ORD-102455. Bank shows both pending. Please fix.,solved,normal,umar94@example.com,"[""billing"",""refund""]",-8210,-7500
TCK-50539,Bounce house wet after rain,The Corporate Retreat Edition got rained on. What is the dry-out protocol before the offsite?,solved,normal,ivan30@example.com,"[""bounce"",""care""]",-7470,-6573
TCK-50540,Swan for a wedding?,Is the Colossal Swan available in white only? Wedding is in August. It will be in the photos. It IS the photos.,solved,normal,jerome95@example.com,"[""product"",""presales""]",-7432,-7368
TCK-50541,Address change on subscription,"Moved from Fort Wayne, IN to Sandusky, OH. Update my Float Club shipping address please.",solved,normal,pearl57@example.com,"[""float-club"",""account""]",-7529,-6684
TCK-50542,Gift for retirement party,Can I get a tube man for a retirement party for one weekend? He was in HVAC 30 years. It has to flail.,solved,normal,chen76@example.com,"[""presales"",""tube-man""]",-7393,-6822
TCK-50543,Invoice copy needed,Our dealership needs a copy of last month's TMaaS invoice for accounting. Unit count changed mid-month.,solved,normal,pearl98@example.com,"[""b2b"",""billing""]",-7767,-7149
TCK-50544,Refund request: double charge,Charged twice for order ORD-102986. Bank shows both pending. Please fix.,solved,normal,stan53@example.com,"[""billing"",""refund""]",-8167,-7761
TCK-50545,Address change on subscription,"Moved from Fort Wayne, IN to Toledo, OH. Update my Float Club shipping address please.",solved,normal,tomasz81@example.com,"[""float-club"",""account""]",-7318,-7151
TCK-50546,Gift for retirement party,Can I get a tube man for a retirement party for one weekend? He was in HVAC 30 years. It has to flail.,solved,normal,zoe13@example.com,"[""presales"",""tube-man""]",-7321,-6560
TCK-50547,Tube man dancing weird,Our Standard Wacky unit is doing more of a slow lean than a wave. Customers are asking if he is ok.,solved,normal,deshawn20@example.com,"[""tube-man"",""b2b""]",-8117,-7417
TCK-50548,Float Club: pause my membership,"Traveling for two months. Can you pause my Float Club box? Do not cancel. I repeat, do not cancel.",solved,normal,quinn58@example.com,"[""float-club""]",-7743,-7677
TCK-50549,Stadium mascot arm replacement,Our mascot system left arm tore during the seventh inning. Need the replacement panel before Friday's home game.,solved,high,priya97@example.com,"[""b2b"",""mascot"",""parts""]",-7597,-7556
TCK-50550,Tube man dancing weird,Our Standard Wacky unit is doing more of a slow lean than a wave. Customers are asking if he is ok.,solved,normal,stan52@example.com,"[""tube-man"",""b2b""]",-7841,-7463
TCK-50551,Swan for a wedding?,Is the Colossal Swan available in white only? Wedding is in August. It will be in the photos. It IS the photos.,solved,normal,keiko85@example.com,"[""product"",""presales""]",-7441,-6729
TCK-50552,Invoice copy needed,Our dealership needs a copy of last month's TMaaS invoice for accounting. Unit count changed mid-month.,open,normal,zoe45@example.com,"[""b2b"",""billing""]",-7291,-6763
TCK-50553,Invoice copy needed,Our dealership needs a copy of last month's TMaaS invoice for accounting. Unit count changed mid-month.,open,normal,carlos76@example.com,"[""b2b"",""billing""]",-7557,-7526
TCK-50554,Tube man dancing weird,Our Standard Wacky unit is doing more of a slow lean than a wave. Customers are asking if he is ok.,open,normal,mabel2@example.com,"[""tube-man"",""b2b""]",-7857,-7298
TCK-50555,Float Club: pause my membership,"Traveling for two months. Can you pause my Float Club box? Do not cancel. I repeat, do not cancel.",open,normal,otis66@example.com,"[""float-club""]",-7432,-6996
TCK-50556,Stadium mascot arm replacement,Our mascot system left arm tore during the seventh inning. Need the replacement panel before Friday's home game.,solved,high,otis83@example.com,"[""b2b"",""mascot"",""parts""]",-7592,-7031
TCK-50557,Bounce house wet after rain,The Corporate Retreat Edition got rained on. What is the dry-out protocol before the offsite?,solved,normal,mo48@example.com,"[""bounce"",""care""]",-8020,-7978
TCK-50558,Sir Reginald has a slow leak,Sir Reginald Unicorn loses about 20% overnight. Within warranty. What are my options?,solved,normal,luis81@example.com,"[""warranty""]",-8214,-7976
TCK-50559,Where is my order?,Ordered a Pizza Slice XL on 7 days ago. Tracking has not moved. Party is Saturday. Please advise.,solved,normal,wes36@example.com,"[""wismo""]",-7911,-7195
TCK-50560,Invoice copy needed,Our dealership needs a copy of last month's TMaaS invoice for accounting. Unit count changed mid-month.,solved,normal,keiko1@example.com,"[""b2b"",""billing""]",-7917,-7137
TCK-50561,Stadium mascot arm replacement,Our mascot system left arm tore during the seventh inning. Need the replacement panel before Friday's home game.,solved,high,ingrid4@example.com,"[""b2b"",""mascot"",""parts""]",-7301,-6463
TCK-50562,Swan for a wedding?,Is the Colossal Swan available in white only? Wedding is in August. It will be in the photos. It IS the photos.,solved,normal,deshawn4@example.com,"[""product"",""presales""]",-7560,-7158
TCK-50563,Sir Reginald has a slow leak,Sir Reginald Unicorn loses about 20% overnight. Within warranty. What are my options?,solved,normal,ingrid61@example.com,"[""warranty""]",-7949,-7117
TCK-50564,Bounce house booking change,Need to move our Castle Classic rental from Sat to Sun. Same address. Kid changed the theme again.,solved,normal,quinn75@example.com,"[""bounce"",""booking""]",-7503,-7120
TCK-50565,Repair kit question,Does the repair kit work on the Lazy Kraken tentacle seams or only the body?,solved,normal,mabel53@example.com,"[""product""]",-8024,-7947
TCK-50566,Stadium mascot arm replacement,Our mascot system left arm tore during the seventh inning. Need the replacement panel before Friday's home game.,solved,high,paloma41@example.com,"[""b2b"",""mascot"",""parts""]",-7465,-7121
TCK-50567,Tube man dancing weird,Our Standard Wacky unit is doing more of a slow lean than a wave. Customers are asking if he is ok.,solved,normal,keiko37@example.com,"[""tube-man"",""b2b""]",-7630,-6957
TCK-50568,Gift for retirement party,Can I get a tube man for a retirement party for one weekend? He was in HVAC 30 years. It has to flail.,solved,normal,carlos13@example.com,"[""presales"",""tube-man""]",-7734,-7642
TCK-50569,Sir Reginald has a slow leak,Sir Reginald Unicorn loses about 20% overnight. Within warranty. What are my options?,solved,normal,ray80@example.com,"[""warranty""]",-7461,-7248
TCK-50570,Refund request: double charge,Charged twice for order ORD-100088. Bank shows both pending. Please fix.,solved,normal,zoe38@example.com,"[""billing"",""refund""]",-8089,-7850
TCK-50571,Address change on subscription,"Moved from Akron, OH to Erie, PA. Update my Float Club shipping address please.",solved,normal,mo13@example.com,"[""float-club"",""account""]",-7431,-7243
TCK-50572,Gift for retirement party,Can I get a tube man for a retirement party for one weekend? He was in HVAC 30 years. It has to flail.,solved,normal,bob20@example.com,"[""presales"",""tube-man""]",-7707,-7144
TCK-50573,Tube man dancing weird,Our Standard Wacky unit is doing more of a slow lean than a wave. Customers are asking if he is ok.,solved,normal,yuki9@example.com,"[""tube-man"",""b2b""]",-7621,-7418
TCK-50574,Where is my order?,Ordered a Pizza Slice XL on 4 days ago. Tracking has not moved. Party is Saturday. Please advise.,solved,normal,zoe39@example.com,"[""wismo""]",-7634,-7123
TCK-50575,Where is my order?,Ordered a Pizza Slice XL on 5 days ago. Tracking has not moved. Party is Saturday. Please advise.,solved,normal,quinn69@example.com,"[""wismo""]",-7935,-7039
TCK-50576,Where is my order?,Ordered a Lazy Kraken on 3 days ago. Tracking has not moved. Party is Saturday. Please advise.,solved,normal,curtis82@example.com,"[""wismo""]",-7408,-6957
TCK-50577,Bounce house booking change,Need to move our Castle Classic rental from Sat to Sun. Same address. Kid changed the theme again.,solved,normal,chen45@example.com,"[""bounce"",""booking""]",-7851,-7497
TCK-50578,Float Club: pause my membership,"Traveling for two months. Can you pause my Float Club box? Do not cancel. I repeat, do not cancel.",solved,normal,kitty63@example.com,"[""float-club""]",-7838,-7210
TCK-50579,Invoice copy needed,Our dealership needs a copy of last month's TMaaS invoice for accounting. Unit count changed mid-month.,solved,normal,nellie60@example.com,"[""b2b"",""billing""]",-8126,-7414
TCK-50580,Tube man dancing weird,Our Standard Wacky unit is doing more of a slow lean than a wave. Customers are asking if he is ok.,solved,normal,paloma58@example.com,"[""tube-man"",""b2b""]",-7605,-7008
TCK-50581,Pizza float smells like vinyl,Is the vinyl smell on the Pizza Slice XL normal? How long until it airs out?,solved,normal,priya94@example.com,"[""product""]",-7647,-7393
TCK-50582,Valve cap missing from box,My Sir Reginald Unicorn arrived without the valve cap. It deflates overnight. Love it otherwise.,solved,normal,paloma20@example.com,"[""parts""]",-7751,-7500
TCK-50583,Bounce house wet after rain,The Corporate Retreat Edition got rained on. What is the dry-out protocol before the offsite?,solved,normal,linda52@example.com,"[""bounce"",""care""]",-7716,-7320
TCK-50584,Bounce house booking change,Need to move our Castle Classic rental from Sat to Sun. Same address. Kid changed the theme again.,solved,normal,jerome32@example.com,"[""bounce"",""booking""]",-7983,-7829
TCK-50585,Address change on subscription,"Moved from Bowling Green, OH to Ann Arbor, MI. Update my Float Club shipping address please.",solved,normal,greg68@example.com,"[""float-club"",""account""]",-7891,-7756
TCK-50586,Address change on subscription,"Moved from South Bend, IN to Bowling Green, OH. Update my Float Club shipping address please.",solved,normal,keiko33@example.com,"[""float-club"",""account""]",-7339,-6830
TCK-50587,Refund request: double charge,Charged twice for order ORD-102995. Bank shows both pending. Please fix.,solved,normal,nellie1@example.com,"[""billing"",""refund""]",-7443,-6552
TCK-50588,Float Club: pause my membership,"Traveling for two months. Can you pause my Float Club box? Do not cancel. I repeat, do not cancel.",solved,normal,keiko13@example.com,"[""float-club""]",-7632,-7343
TCK-50589,Where is my order?,Ordered a Pizza Slice XL on 7 days ago. Tracking has not moved. Party is Saturday. Please advise.,solved,normal,flo33@example.com,"[""wismo""]",-8217,-7422
TCK-50590,Pizza float smells like vinyl,Is the vinyl smell on the Pizza Slice XL normal? How long until it airs out?,solved,normal,stan70@example.com,"[""product""]",-7703,-7159
TCK-50591,Gift for retirement party,Can I get a tube man for a retirement party for one weekend? He was in HVAC 30 years. It has to flail.,solved,normal,margaret63@example.com,"[""presales"",""tube-man""]",-7289,-6593
TCK-50592,Refund request: double charge,Charged twice for order ORD-103050. Bank shows both pending. Please fix.,solved,normal,flo86@example.com,"[""billing"",""refund""]",-8064,-7579
TCK-50593,Stadium mascot arm replacement,Our mascot system left arm tore during the seventh inning. Need the replacement panel before Friday's home game.,solved,high,ray46@example.com,"[""b2b"",""mascot"",""parts""]",-7389,-6893
TCK-50594,Invoice copy needed,Our dealership needs a copy of last month's TMaaS invoice for accounting. Unit count changed mid-month.,solved,normal,carlos23@example.com,"[""b2b"",""billing""]",-7982,-7523
TCK-50595,Valve cap missing from box,My Colossal Swan arrived without the valve cap. It deflates overnight. Love it otherwise.,solved,normal,jerome14@example.com,"[""parts""]",-7450,-7195
TCK-50596,Tube man dancing weird,Our Standard Wacky unit is doing more of a slow lean than a wave. Customers are asking if he is ok.,solved,normal,nellie28@example.com,"[""tube-man"",""b2b""]",-7404,-6504
TCK-50597,Invoice copy needed,Our dealership needs a copy of last month's TMaaS invoice for accounting. Unit count changed mid-month.,solved,normal,yosef78@example.com,"[""b2b"",""billing""]",-8204,-8167
TCK-50598,Sir Reginald has a slow leak,Sir Reginald Unicorn loses about 20% overnight. Within warranty. What are my options?,solved,normal,stan50@example.com,"[""warranty""]",-7587,-6939
TCK-50599,Bounce house wet after rain,The Corporate Retreat Edition got rained on. What is the dry-out protocol before the offsite?,solved,normal,tomasz25@example.com,"[""bounce"",""care""]",-7964,-7252
TCK-50600,Float Club: pause my membership,"Traveling for two months. Can you pause my Float Club box? Do not cancel. I repeat, do not cancel.",solved,normal,luis13@example.com,"[""float-club""]",-7954,-7727
TCK-50601,Invoice copy needed,Our dealership needs a copy of last month's TMaaS invoice for accounting. Unit count changed mid-month.,solved,normal,ivan80@example.com,"[""b2b"",""billing""]",-7914,-7106
TCK-50602,Gift for retirement party,Can I get a tube man for a retirement party for one weekend? He was in HVAC 30 years. It has to flail.,solved,normal,chen80@example.com,"[""presales"",""tube-man""]",-7812,-7203
TCK-50603,Address change on subscription,"Moved from Dayton, OH to Ann Arbor, MI. Update my Float Club shipping address please.",solved,normal,bettye22@example.com,"[""float-club"",""account""]",-7283,-6512
TCK-50604,Pizza float smells like vinyl,Is the vinyl smell on the Pizza Slice XL normal? How long until it airs out?,solved,normal,keiko12@example.com,"[""product""]",-7412,-6856
TCK-50605,Address change on subscription,"Moved from Kalamazoo, MI to Kalamazoo, MI. Update my Float Club shipping address please.",solved,normal,nellie10@example.com,"[""float-club"",""account""]",-7283,-6526
TCK-50606,Where is my order?,Ordered a Sir Reginald Unicorn on 9 days ago. Tracking has not moved. Party is Saturday. Please advise.,solved,normal,luis65@example.com,"[""wismo""]",-7652,-7198
TCK-50607,Repair kit question,Does the repair kit work on the Lazy Kraken tentacle seams or only the body?,solved,normal,ingrid2@example.com,"[""product""]",-7737,-7164
TCK-50608,Stadium mascot arm replacement,Our mascot system left arm tore during the seventh inning. Need the replacement panel before Friday's home game.,solved,high,omar33@example.com,"[""b2b"",""mascot"",""parts""]",-7744,-6933
TCK-50609,Tube man dancing weird,Our Standard Wacky unit is doing more of a slow lean than a wave. Customers are asking if he is ok.,solved,normal,lamar9@example.com,"[""tube-man"",""b2b""]",-7434,-6614
TCK-50610,Bounce house wet after rain,The Corporate Retreat Edition got rained on. What is the dry-out protocol before the offsite?,solved,normal,dolores19@example.com,"[""bounce"",""care""]",-7584,-7476
TCK-50611,Refund request: double charge,Charged twice for order ORD-103226. Bank shows both pending. Please fix.,solved,normal,aisha56@example.com,"[""billing"",""refund""]",-7285,-6540
TCK-50612,Sir Reginald has a slow leak,Sir Reginald Unicorn loses about 20% overnight. Within warranty. What are my options?,solved,normal,ingrid48@example.com,"[""warranty""]",-8004,-7193
TCK-50613,Valve cap missing from box,My Colossal Swan arrived without the valve cap. It deflates overnight. Love it otherwise.,solved,normal,dolores33@example.com,"[""parts""]",-7767,-7689
TCK-50614,Bounce house wet after rain,The Corporate Retreat Edition got rained on. What is the dry-out protocol before the offsite?,solved,normal,arthur7@example.com,"[""bounce"",""care""]",-8090,-7253
TCK-50615,Valve cap missing from box,My Lazy Kraken arrived without the valve cap. It deflates overnight. Love it otherwise.,solved,normal,deshawn34@example.com,"[""parts""]",-8082,-7236
TCK-50616,Sir Reginald has a slow leak,Sir Reginald Unicorn loses about 20% overnight. Within warranty. What are my options?,solved,normal,arthur47@example.com,"[""warranty""]",-7518,-7016
TCK-50617,Repair kit question,Does the repair kit work on the Lazy Kraken tentacle seams or only the body?,open,normal,gus9@example.com,"[""product""]",-7791,-6934
TCK-52110,Repair kit question,Does the repair kit work on the Lazy Kraken tentacle seams or only the body?,solved,normal,chen46@example.com,"[""product""]",-1811,-964
TCK-50618,Bounce house wet after rain,The Corporate Retreat Edition got rained on. What is the dry-out protocol before the offsite?,solved,normal,curtis11@example.com,"[""bounce"",""care""]",-8150,-7560
TCK-50619,Address change on subscription,"Moved from Sandusky, OH to Fort Wayne, IN. Update my Float Club shipping address please.",open,normal,rosa67@example.com,"[""float-club"",""account""]",-7882,-7437
TCK-50620,Valve cap missing from box,My Pizza Slice XL arrived without the valve cap. It deflates overnight. Love it otherwise.,solved,normal,nadia35@example.com,"[""parts""]",-7894,-7398
TCK-50621,Swan for a wedding?,Is the Colossal Swan available in white only? Wedding is in August. It will be in the photos. It IS the photos.,solved,normal,keiko76@example.com,"[""product"",""presales""]",-7940,-7832
TCK-50622,Swan for a wedding?,Is the Colossal Swan available in white only? Wedding is in August. It will be in the photos. It IS the photos.,solved,normal,jamal79@example.com,"[""product"",""presales""]",-8114,-8010
TCK-50623,Float Club: pause my membership,"Traveling for two months. Can you pause my Float Club box? Do not cancel. I repeat, do not cancel.",solved,normal,bettye31@example.com,"[""float-club""]",-7624,-6899
TCK-50624,Swan for a wedding?,Is the Colossal Swan available in white only? Wedding is in August. It will be in the photos. It IS the photos.,solved,normal,arthur9@example.com,"[""product"",""presales""]",-7458,-7005
TCK-50625,Tube man dancing weird,Our Standard Wacky unit is doing more of a slow lean than a wave. Customers are asking if he is ok.,solved,normal,keiko92@example.com,"[""tube-man"",""b2b""]",-7695,-6826
TCK-50626,Swan for a wedding?,Is the Colossal Swan available in white only? Wedding is in August. It will be in the photos. It IS the photos.,solved,normal,zoe21@example.com,"[""product"",""presales""]",-7552,-7360
TCK-50627,Bounce house wet after rain,The Corporate Retreat Edition got rained on. What is the dry-out protocol before the offsite?,solved,normal,lamar5@example.com,"[""bounce"",""care""]",-7710,-6979
TCK-50628,Stadium mascot arm replacement,Our mascot system left arm tore during the seventh inning. Need the replacement panel before Friday's home game.,open,high,mabel2@example.com,"[""b2b"",""mascot"",""parts""]",-8149,-8102
TCK-50629,Invoice copy needed,Our dealership needs a copy of last month's TMaaS invoice for accounting. Unit count changed mid-month.,solved,normal,gus50@example.com,"[""b2b"",""billing""]",-7324,-6855
TCK-50630,Repair kit question,Does the repair kit work on the Lazy Kraken tentacle seams or only the body?,open,normal,ivan2@example.com,"[""product""]",-7626,-6936
TCK-50631,Where is my order?,Ordered a Pizza Slice XL on 3 days ago. Tracking has not moved. Party is Saturday. Please advise.,solved,normal,kitty65@example.com,"[""wismo""]",-7991,-7702
TCK-50632,Sir Reginald has a slow leak,Sir Reginald Unicorn loses about 20% overnight. Within warranty. What are my options?,solved,normal,harriet87@example.com,"[""warranty""]",-7752,-7269
TCK-50633,Where is my order?,Ordered a Colossal Swan on 5 days ago. Tracking has not moved. Party is Saturday. Please advise.,solved,normal,margaret25@example.com,"[""wismo""]",-7277,-7126
TCK-50634,Gift for retirement party,Can I get a tube man for a retirement party for one weekend? He was in HVAC 30 years. It has to flail.,solved,normal,umar53@example.com,"[""presales"",""tube-man""]",-8184,-7737
TCK-50635,Pizza float smells like vinyl,Is the vinyl smell on the Pizza Slice XL normal? How long until it airs out?,open,normal,gus8@example.com,"[""product""]",-7868,-7098
TCK-50636,Valve cap missing from box,My Pizza Slice XL arrived without the valve cap. It deflates overnight. Love it otherwise.,solved,normal,mabel65@example.com,"[""parts""]",-7452,-7247
TCK-50637,Bounce house booking change,Need to move our Castle Classic rental from Sat to Sun. Same address. Kid changed the theme again.,solved,normal,jerome17@example.com,"[""bounce"",""booking""]",-7300,-7171
TCK-50638,Bounce house wet after rain,The Corporate Retreat Edition got rained on. What is the dry-out protocol before the offsite?,solved,normal,paloma50@example.com,"[""bounce"",""care""]",-8170,-7770
TCK-50639,Tube man dancing weird,Our Standard Wacky unit is doing more of a slow lean than a wave. Customers are asking if he is ok.,solved,normal,wes28@example.com,"[""tube-man"",""b2b""]",-7267,-6565
TCK-50640,Swan for a wedding?,Is the Colossal Swan available in white only? Wedding is in August. It will be in the photos. It IS the photos.,solved,normal,paloma16@example.com,"[""product"",""presales""]",-7417,-6972
TCK-50641,Pizza float smells like vinyl,Is the vinyl smell on the Pizza Slice XL normal? How long until it airs out?,solved,normal,gus55@example.com,"[""product""]",-7620,-7579
TCK-50642,Repair kit question,Does the repair kit work on the Lazy Kraken tentacle seams or only the body?,solved,normal,keiko84@example.com,"[""product""]",-8035,-7392
TCK-50643,Sir Reginald has a slow leak,Sir Reginald Unicorn loses about 20% overnight. Within warranty. What are my options?,solved,normal,aisha95@example.com,"[""warranty""]",-7847,-7422
TCK-50644,Where is my order?,Ordered a Colossal Swan on 8 days ago. Tracking has not moved. Party is Saturday. Please advise.,solved,normal,flo92@example.com,"[""wismo""]",-7280,-6992
TCK-50645,Address change on subscription,"Moved from Sandusky, OH to Columbus, OH. Update my Float Club shipping address please.",solved,normal,carlos38@example.com,"[""float-club"",""account""]",-7279,-6532
TCK-50646,Tube man dancing weird,Our Standard Wacky unit is doing more of a slow lean than a wave. Customers are asking if he is ok.,solved,normal,harriet88@example.com,"[""tube-man"",""b2b""]",-7971,-7733
TCK-50647,Valve cap missing from box,My Pizza Slice XL arrived without the valve cap. It deflates overnight. Love it otherwise.,solved,normal,curtis87@example.com,"[""parts""]",-8013,-7890
TCK-50648,Refund request: double charge,Charged twice for order ORD-103086. Bank shows both pending. Please fix.,open,normal,ray90@example.com,"[""billing"",""refund""]",-7354,-7187
TCK-50649,Sir Reginald has a slow leak,Sir Reginald Unicorn loses about 20% overnight. Within warranty. What are my options?,solved,normal,ray17@example.com,"[""warranty""]",-7759,-7587
TCK-50650,Bounce house booking change,Need to move our Castle Classic rental from Sat to Sun. Same address. Kid changed the theme again.,solved,normal,lamar39@example.com,"[""bounce"",""booking""]",-7539,-6671
TCK-50651,Sir Reginald has a slow leak,Sir Reginald Unicorn loses about 20% overnight. Within warranty. What are my options?,solved,normal,rosa72@example.com,"[""warranty""]",-8019,-7274
TCK-50652,Swan for a wedding?,Is the Colossal Swan available in white only? Wedding is in August. It will be in the photos. It IS the photos.,solved,normal,curtis79@example.com,"[""product"",""presales""]",-7761,-7283
TCK-50653,Float Club: pause my membership,"Traveling for two months. Can you pause my Float Club box? Do not cancel. I repeat, do not cancel.",solved,normal,kitty33@example.com,"[""float-club""]",-7341,-7230
TCK-52509,Repair kit question,Does the repair kit work on the Lazy Kraken tentacle seams or only the body?,open,normal,ray53@example.com,"[""product""]",-120,137
TCK-50654,Tube man dancing weird,Our Standard Wacky unit is doing more of a slow lean than a wave. Customers are asking if he is ok.,solved,normal,ernesto39@example.com,"[""tube-man"",""b2b""]",-7943,-7196
TCK-50655,Bounce house booking change,Need to move our Castle Classic rental from Sat to Sun. Same address. Kid changed the theme again.,solved,normal,zoe77@example.com,"[""bounce"",""booking""]",-7773,-7110
TCK-50656,Repair kit question,Does the repair kit work on the Lazy Kraken tentacle seams or only the body?,solved,normal,zoe88@example.com,"[""product""]",-7602,-7135
TCK-50657,Swan for a wedding?,Is the Colossal Swan available in white only? Wedding is in August. It will be in the photos. It IS the photos.,solved,normal,ernesto58@example.com,"[""product"",""presales""]",-7413,-7224
TCK-50658,Sir Reginald has a slow leak,Sir Reginald Unicorn loses about 20% overnight. Within warranty. What are my options?,solved,normal,ingrid15@example.com,"[""warranty""]",-7755,-7003
TCK-50659,Valve cap missing from box,My Sir Reginald Unicorn arrived without the valve cap. It deflates overnight. Love it otherwise.,solved,normal,aisha42@example.com,"[""parts""]",-8144,-7265
TCK-50660,Repair kit question,Does the repair kit work on the Lazy Kraken tentacle seams or only the body?,solved,normal,zoe65@example.com,"[""product""]",-7729,-7641
TCK-50661,Float Club: pause my membership,"Traveling for two months. Can you pause my Float Club box? Do not cancel. I repeat, do not cancel.",solved,normal,luis79@example.com,"[""float-club""]",-7263,-6363
TCK-50662,Where is my order?,Ordered a Pizza Slice XL on 9 days ago. Tracking has not moved. Party is Saturday. Please advise.,solved,normal,bettye82@example.com,"[""wismo""]",-7583,-7404
TCK-50663,Bounce house wet after rain,The Corporate Retreat Edition got rained on. What is the dry-out protocol before the offsite?,solved,normal,yosef22@example.com,"[""bounce"",""care""]",-7380,-6517
TCK-50664,Pizza float smells like vinyl,Is the vinyl smell on the Pizza Slice XL normal? How long until it airs out?,solved,normal,carlos73@example.com,"[""product""]",-8206,-7424
TCK-50665,Float Club: pause my membership,"Traveling for two months. Can you pause my Float Club box? Do not cancel. I repeat, do not cancel.",solved,normal,tomasz41@example.com,"[""float-club""]",-7592,-7381
TCK-50666,Swan for a wedding?,Is the Colossal Swan available in white only? Wedding is in August. It will be in the photos. It IS the photos.,solved,normal,priya65@example.com,"[""product"",""presales""]",-8207,-8124
TCK-50667,Tube man dancing weird,Our Standard Wacky unit is doing more of a slow lean than a wave. Customers are asking if he is ok.,solved,normal,rosa11@example.com,"[""tube-man"",""b2b""]",-7680,-6928
TCK-50668,Float Club: pause my membership,"Traveling for two months. Can you pause my Float Club box? Do not cancel. I repeat, do not cancel.",open,normal,ernesto18@example.com,"[""float-club""]",-8125,-7343
TCK-50669,Tube man dancing weird,Our Standard Wacky unit is doing more of a slow lean than a wave. Customers are asking if he is ok.,solved,normal,hannah83@example.com,"[""tube-man"",""b2b""]",-7903,-7833
TCK-50670,Address change on subscription,"Moved from Ann Arbor, MI to Findlay, OH. Update my Float Club shipping address please.",solved,normal,jerome29@example.com,"[""float-club"",""account""]",-7553,-7458
TCK-50671,Stadium mascot arm replacement,Our mascot system left arm tore during the seventh inning. Need the replacement panel before Friday's home game.,solved,high,aisha61@example.com,"[""b2b"",""mascot"",""parts""]",-7619,-6974
TCK-50672,Address change on subscription,"Moved from Ann Arbor, MI to Kalamazoo, MI. Update my Float Club shipping address please.",solved,normal,priya30@example.com,"[""float-club"",""account""]",-8188,-8120
TCK-50673,Invoice copy needed,Our dealership needs a copy of last month's TMaaS invoice for accounting. Unit count changed mid-month.,open,normal,nellie23@example.com,"[""b2b"",""billing""]",-7642,-7091
TCK-50674,Stadium mascot arm replacement,Our mascot system left arm tore during the seventh inning. Need the replacement panel before Friday's home game.,solved,high,chen10@example.com,"[""b2b"",""mascot"",""parts""]",-7702,-7032
TCK-50675,Bounce house wet after rain,The Corporate Retreat Edition got rained on. What is the dry-out protocol before the offsite?,solved,normal,ximena65@example.com,"[""bounce"",""care""]",-8112,-8038
TCK-50676,Where is my order?,Ordered a Lazy Kraken on 4 days ago. Tracking has not moved. Party is Saturday. Please advise.,solved,normal,otis57@example.com,"[""wismo""]",-7574,-6955
TCK-50677,Float Club: pause my membership,"Traveling for two months. Can you pause my Float Club box? Do not cancel. I repeat, do not cancel.",solved,normal,curtis77@example.com,"[""float-club""]",-7758,-7659
TCK-50678,Valve cap missing from box,My Sir Reginald Unicorn arrived without the valve cap. It deflates overnight. Love it otherwise.,solved,normal,omar36@example.com,"[""parts""]",-7913,-7349
TCK-50679,Stadium mascot arm replacement,Our mascot system left arm tore during the seventh inning. Need the replacement panel before Friday's home game.,solved,high,deshawn37@example.com,"[""b2b"",""mascot"",""parts""]",-8054,-7161
TCK-50680,Bounce house booking change,Need to move our Castle Classic rental from Sat to Sun. Same address. Kid changed the theme again.,solved,normal,priya92@example.com,"[""bounce"",""booking""]",-7699,-7062
TCK-50681,Swan for a wedding?,Is the Colossal Swan available in white only? Wedding is in August. It will be in the photos. It IS the photos.,solved,normal,vera9@example.com,"[""product"",""presales""]",-8058,-7456
TCK-50682,Valve cap missing from box,My Colossal Swan arrived without the valve cap. It deflates overnight. Love it otherwise.,solved,normal,aisha62@example.com,"[""parts""]",-7965,-7891
TCK-50683,Float Club: pause my membership,"Traveling for two months. Can you pause my Float Club box? Do not cancel. I repeat, do not cancel.",solved,normal,linda33@example.com,"[""float-club""]",-7606,-6867
TCK-50684,Bounce house booking change,Need to move our Castle Classic rental from Sat to Sun. Same address. Kid changed the theme again.,solved,normal,linda66@example.com,"[""bounce"",""booking""]",-7436,-7058
TCK-50685,Invoice copy needed,Our dealership needs a copy of last month's TMaaS invoice for accounting. Unit count changed mid-month.,solved,normal,ximena2@example.com,"[""b2b"",""billing""]",-7674,-7628
TCK-50686,Address change on subscription,"Moved from Toledo, OH to Kalamazoo, MI. Update my Float Club shipping address please.",solved,normal,nadia8@example.com,"[""float-club"",""account""]",-7520,-6996
TCK-50687,Invoice copy needed,Our dealership needs a copy of last month's TMaaS invoice for accounting. Unit count changed mid-month.,solved,normal,jerome27@example.com,"[""b2b"",""billing""]",-7722,-6885
TCK-50688,Bounce house booking change,Need to move our Castle Classic rental from Sat to Sun. Same address. Kid changed the theme again.,solved,normal,jerome2@example.com,"[""bounce"",""booking""]",-7789,-7529
TCK-50689,Tube man dancing weird,Our Standard Wacky unit is doing more of a slow lean than a wave. Customers are asking if he is ok.,solved,normal,wes72@example.com,"[""tube-man"",""b2b""]",-7650,-7390
TCK-50690,Stadium mascot arm replacement,Our mascot system left arm tore during the seventh inning. Need the replacement panel before Friday's home game.,solved,high,fatima25@example.com,"[""b2b"",""mascot"",""parts""]",-7472,-6798
TCK-50691,Valve cap missing from box,My Colossal Swan arrived without the valve cap. It deflates overnight. Love it otherwise.,solved,normal,jamal69@example.com,"[""parts""]",-7875,-7797
TCK-50692,Address change on subscription,"Moved from South Bend, IN to Toledo, OH. Update my Float Club shipping address please.",solved,normal,chen21@example.com,"[""float-club"",""account""]",-7783,-7287
TCK-50693,Bounce house booking change,Need to move our Castle Classic rental from Sat to Sun. Same address. Kid changed the theme again.,solved,normal,nadia74@example.com,"[""bounce"",""booking""]",-8144,-8039
TCK-50694,Bounce house booking change,Need to move our Castle Classic rental from Sat to Sun. Same address. Kid changed the theme again.,solved,normal,harriet54@example.com,"[""bounce"",""booking""]",-8151,-7799
TCK-50695,Repair kit question,Does the repair kit work on the Lazy Kraken tentacle seams or only the body?,solved,normal,paloma49@example.com,"[""product""]",-8054,-7264
TCK-50696,Bounce house wet after rain,The Corporate Retreat Edition got rained on. What is the dry-out protocol before the offsite?,solved,normal,rosa22@example.com,"[""bounce"",""care""]",-7982,-7348
TCK-50697,Bounce house wet after rain,The Corporate Retreat Edition got rained on. What is the dry-out protocol before the offsite?,solved,normal,nellie50@example.com,"[""bounce"",""care""]",-7838,-6974
TCK-50698,Tube man dancing weird,Our Standard Wacky unit is doing more of a slow lean than a wave. Customers are asking if he is ok.,solved,normal,flo80@example.com,"[""tube-man"",""b2b""]",-7716,-7231
TCK-50699,Repair kit question,Does the repair kit work on the Lazy Kraken tentacle seams or only the body?,solved,normal,margaret76@example.com,"[""product""]",-7833,-7410
TCK-50700,Pizza float smells like vinyl,Is the vinyl smell on the Pizza Slice XL normal? How long until it airs out?,solved,normal,dolores15@example.com,"[""product""]",-8013,-7415
TCK-50701,Valve cap missing from box,My Colossal Swan arrived without the valve cap. It deflates overnight. Love it otherwise.,solved,normal,bettye49@example.com,"[""parts""]",-7809,-7202
TCK-50702,Invoice copy needed,Our dealership needs a copy of last month's TMaaS invoice for accounting. Unit count changed mid-month.,solved,normal,yosef17@example.com,"[""b2b"",""billing""]",-7495,-7155
TCK-50703,Float Club: pause my membership,"Traveling for two months. Can you pause my Float Club box? Do not cancel. I repeat, do not cancel.",solved,normal,kitty68@example.com,"[""float-club""]",-7482,-6807
TCK-50704,Address change on subscription,"Moved from Erie, PA to Kalamazoo, MI. Update my Float Club shipping address please.",solved,normal,yuki13@example.com,"[""float-club"",""account""]",-7839,-7573
TCK-50705,Float Club: pause my membership,"Traveling for two months. Can you pause my Float Club box? Do not cancel. I repeat, do not cancel.",solved,normal,vera67@example.com,"[""float-club""]",-7565,-6918
TCK-50706,Refund request: double charge,Charged twice for order ORD-102008. Bank shows both pending. Please fix.,solved,normal,ray56@example.com,"[""billing"",""refund""]",-7709,-7008
TCK-50707,Where is my order?,Ordered a Colossal Swan on 10 days ago. Tracking has not moved. Party is Saturday. Please advise.,solved,normal,yosef1@example.com,"[""wismo""]",-7714,-7361
TCK-50708,Float Club: pause my membership,"Traveling for two months. Can you pause my Float Club box? Do not cancel. I repeat, do not cancel.",solved,normal,fatima97@example.com,"[""float-club""]",-7481,-7235
TCK-50709,Gift for retirement party,Can I get a tube man for a retirement party for one weekend? He was in HVAC 30 years. It has to flail.,solved,normal,omar92@example.com,"[""presales"",""tube-man""]",-7867,-7719
TCK-50710,Float Club: pause my membership,"Traveling for two months. Can you pause my Float Club box? Do not cancel. I repeat, do not cancel.",solved,normal,ray88@example.com,"[""float-club""]",-8059,-7201
TCK-50711,Bounce house booking change,Need to move our Castle Classic rental from Sat to Sun. Same address. Kid changed the theme again.,solved,normal,ray14@example.com,"[""bounce"",""booking""]",-7708,-7328
TCK-50712,Float Club: pause my membership,"Traveling for two months. Can you pause my Float Club box? Do not cancel. I repeat, do not cancel.",solved,normal,jerome93@example.com,"[""float-club""]",-7787,-6989
TCK-50713,Valve cap missing from box,My Colossal Swan arrived without the valve cap. It deflates overnight. Love it otherwise.,solved,normal,wes48@example.com,"[""parts""]",-8182,-7522
TCK-50714,Invoice copy needed,Our dealership needs a copy of last month's TMaaS invoice for accounting. Unit count changed mid-month.,solved,normal,greg4@example.com,"[""b2b"",""billing""]",-7459,-6893
TCK-50715,Gift for retirement party,Can I get a tube man for a retirement party for one weekend? He was in HVAC 30 years. It has to flail.,open,normal,tomasz27@example.com,"[""presales"",""tube-man""]",-7944,-7080
TCK-50716,Address change on subscription,"Moved from Toledo, OH to Dayton, OH. Update my Float Club shipping address please.",solved,normal,dolores43@example.com,"[""float-club"",""account""]",-7770,-6968
TCK-50717,Where is my order?,Ordered a Pizza Slice XL on 10 days ago. Tracking has not moved. Party is Saturday. Please advise.,solved,normal,luis27@example.com,"[""wismo""]",-7292,-6909
TCK-50718,Pizza float smells like vinyl,Is the vinyl smell on the Pizza Slice XL normal? How long until it airs out?,solved,normal,lamar66@example.com,"[""product""]",-8201,-7686
TCK-50719,Valve cap missing from box,My Sir Reginald Unicorn arrived without the valve cap. It deflates overnight. Love it otherwise.,solved,normal,carlos4@example.com,"[""parts""]",-7952,-7832
TCK-50720,Float Club: pause my membership,"Traveling for two months. Can you pause my Float Club box? Do not cancel. I repeat, do not cancel.",solved,normal,rosa25@example.com,"[""float-club""]",-7566,-6894
TCK-50721,Stadium mascot arm replacement,Our mascot system left arm tore during the seventh inning. Need the replacement panel before Friday's home game.,solved,high,mabel5@example.com,"[""b2b"",""mascot"",""parts""]",-7427,-7290
TCK-50722,Pizza float smells like vinyl,Is the vinyl smell on the Pizza Slice XL normal? How long until it airs out?,solved,normal,quinn91@example.com,"[""product""]",-7740,-6935
TCK-50723,Repair kit question,Does the repair kit work on the Lazy Kraken tentacle seams or only the body?,solved,normal,rosa7@example.com,"[""product""]",-7584,-6743
TCK-50724,Float Club: pause my membership,"Traveling for two months. Can you pause my Float Club box? Do not cancel. I repeat, do not cancel.",solved,normal,luis26@example.com,"[""float-club""]",-8147,-7314
TCK-50725,Invoice copy needed,Our dealership needs a copy of last month's TMaaS invoice for accounting. Unit count changed mid-month.,solved,normal,ingrid22@example.com,"[""b2b"",""billing""]",-7334,-7049
TCK-50726,Where is my order?,Ordered a Pizza Slice XL on 5 days ago. Tracking has not moved. Party is Saturday. Please advise.,solved,normal,arthur90@example.com,"[""wismo""]",-7938,-7858
TCK-50727,Refund request: double charge,Charged twice for order ORD-101889. Bank shows both pending. Please fix.,solved,normal,ray26@example.com,"[""billing"",""refund""]",-8060,-7821
TCK-50728,Pizza float smells like vinyl,Is the vinyl smell on the Pizza Slice XL normal? How long until it airs out?,solved,normal,curtis20@example.com,"[""product""]",-7427,-7242
TCK-50729,Stadium mascot arm replacement,Our mascot system left arm tore during the seventh inning. Need the replacement panel before Friday's home game.,solved,high,ingrid13@example.com,"[""b2b"",""mascot"",""parts""]",-8212,-7331
TCK-50730,Valve cap missing from box,My Pizza Slice XL arrived without the valve cap. It deflates overnight. Love it otherwise.,solved,normal,ivan34@example.com,"[""parts""]",-7580,-6775
TCK-50731,Stadium mascot arm replacement,Our mascot system left arm tore during the seventh inning. Need the replacement panel before Friday's home game.,solved,high,ernesto20@example.com,"[""b2b"",""mascot"",""parts""]",-8025,-7891
TCK-50732,Bounce house booking change,Need to move our Castle Classic rental from Sat to Sun. Same address. Kid changed the theme again.,solved,normal,dolores84@example.com,"[""bounce"",""booking""]",-8091,-7775
TCK-50733,Where is my order?,Ordered a Sir Reginald Unicorn on 10 days ago. Tracking has not moved. Party is Saturday. Please advise.,solved,normal,greg54@example.com,"[""wismo""]",-7674,-7236
TCK-50734,Tube man dancing weird,Our Standard Wacky unit is doing more of a slow lean than a wave. Customers are asking if he is ok.,solved,normal,quinn37@example.com,"[""tube-man"",""b2b""]",-7636,-7297
TCK-50735,Swan for a wedding?,Is the Colossal Swan available in white only? Wedding is in August. It will be in the photos. It IS the photos.,solved,normal,chen53@example.com,"[""product"",""presales""]",-8123,-7539
TCK-50736,Where is my order?,Ordered a Sir Reginald Unicorn on 5 days ago. Tracking has not moved. Party is Saturday. Please advise.,solved,normal,quinn79@example.com,"[""wismo""]",-7668,-7248
TCK-50737,Stadium mascot arm replacement,Our mascot system left arm tore during the seventh inning. Need the replacement panel before Friday's home game.,solved,high,hannah81@example.com,"[""b2b"",""mascot"",""parts""]",-8137,-7240
TCK-50738,Bounce house wet after rain,The Corporate Retreat Edition got rained on. What is the dry-out protocol before the offsite?,solved,normal,paloma89@example.com,"[""bounce"",""care""]",-8048,-7276
TCK-50739,Valve cap missing from box,My Pizza Slice XL arrived without the valve cap. It deflates overnight. Love it otherwise.,solved,normal,yuki48@example.com,"[""parts""]",-7544,-7472
TCK-50740,Bounce house wet after rain,The Corporate Retreat Edition got rained on. What is the dry-out protocol before the offsite?,solved,normal,zoe11@example.com,"[""bounce"",""care""]",-7436,-6601
TCK-50741,Float Club: pause my membership,"Traveling for two months. Can you pause my Float Club box? Do not cancel. I repeat, do not cancel.",solved,normal,dolores3@example.com,"[""float-club""]",-7326,-6744
TCK-50742,Repair kit question,Does the repair kit work on the Lazy Kraken tentacle seams or only the body?,solved,normal,gus66@example.com,"[""product""]",-7426,-7373
TCK-50743,Float Club: pause my membership,"Traveling for two months. Can you pause my Float Club box? Do not cancel. I repeat, do not cancel.",solved,normal,dolores43@example.com,"[""float-club""]",-7669,-7355
TCK-50744,Gift for retirement party,Can I get a tube man for a retirement party for one weekend? He was in HVAC 30 years. It has to flail.,solved,normal,stan35@example.com,"[""presales"",""tube-man""]",-8035,-7827
TCK-50745,Bounce house wet after rain,The Corporate Retreat Edition got rained on. What is the dry-out protocol before the offsite?,solved,normal,deshawn79@example.com,"[""bounce"",""care""]",-7264,-6972
TCK-50746,Gift for retirement party,Can I get a tube man for a retirement party for one weekend? He was in HVAC 30 years. It has to flail.,solved,normal,paloma46@example.com,"[""presales"",""tube-man""]",-8067,-7369
TCK-50747,Where is my order?,Ordered a Lazy Kraken on 11 days ago. Tracking has not moved. Party is Saturday. Please advise.,open,normal,greg63@example.com,"[""wismo""]",-7926,-7537
TCK-50748,Swan for a wedding?,Is the Colossal Swan available in white only? Wedding is in August. It will be in the photos. It IS the photos.,solved,normal,nadia52@example.com,"[""product"",""presales""]",-7527,-7455
TCK-50749,Repair kit question,Does the repair kit work on the Lazy Kraken tentacle seams or only the body?,solved,normal,ernesto49@example.com,"[""product""]",-7329,-7091
TCK-50750,Bounce house booking change,Need to move our Castle Classic rental from Sat to Sun. Same address. Kid changed the theme again.,solved,normal,ray61@example.com,"[""bounce"",""booking""]",-7644,-7112
TCK-50751,Refund request: double charge,Charged twice for order ORD-101989. Bank shows both pending. Please fix.,solved,normal,ray49@example.com,"[""billing"",""refund""]",-7917,-7700
TCK-50752,Invoice copy needed,Our dealership needs a copy of last month's TMaaS invoice for accounting. Unit count changed mid-month.,solved,normal,ernesto98@example.com,"[""b2b"",""billing""]",-7846,-7293
TCK-50753,Stadium mascot arm replacement,Our mascot system left arm tore during the seventh inning. Need the replacement panel before Friday's home game.,solved,high,jamal80@example.com,"[""b2b"",""mascot"",""parts""]",-7717,-7581
TCK-50754,Gift for retirement party,Can I get a tube man for a retirement party for one weekend? He was in HVAC 30 years. It has to flail.,solved,normal,linda43@example.com,"[""presales"",""tube-man""]",-7553,-6731
TCK-50755,Tube man dancing weird,Our Standard Wacky unit is doing more of a slow lean than a wave. Customers are asking if he is ok.,solved,normal,curtis56@example.com,"[""tube-man"",""b2b""]",-7725,-6931
TCK-50756,Invoice copy needed,Our dealership needs a copy of last month's TMaaS invoice for accounting. Unit count changed mid-month.,solved,normal,aisha4@example.com,"[""b2b"",""billing""]",-7771,-6903
TCK-50757,Stadium mascot arm replacement,Our mascot system left arm tore during the seventh inning. Need the replacement panel before Friday's home game.,solved,high,ivan52@example.com,"[""b2b"",""mascot"",""parts""]",-8015,-7246
TCK-50758,Bounce house booking change,Need to move our Castle Classic rental from Sat to Sun. Same address. Kid changed the theme again.,solved,normal,mabel79@example.com,"[""bounce"",""booking""]",-7376,-6946
TCK-50759,Invoice copy needed,Our dealership needs a copy of last month's TMaaS invoice for accounting. Unit count changed mid-month.,solved,normal,bettye29@example.com,"[""b2b"",""billing""]",-7698,-7202
TCK-50760,Swan for a wedding?,Is the Colossal Swan available in white only? Wedding is in August. It will be in the photos. It IS the photos.,solved,normal,vera74@example.com,"[""product"",""presales""]",-8195,-7433
TCK-50761,Valve cap missing from box,My Lazy Kraken arrived without the valve cap. It deflates overnight. Love it otherwise.,solved,normal,priya96@example.com,"[""parts""]",-7740,-7590
TCK-50762,Where is my order?,Ordered a Lazy Kraken on 7 days ago. Tracking has not moved. Party is Saturday. Please advise.,solved,normal,luis94@example.com,"[""wismo""]",-7758,-7690
TCK-50763,Bounce house wet after rain,The Corporate Retreat Edition got rained on. What is the dry-out protocol before the offsite?,solved,normal,mabel58@example.com,"[""bounce"",""care""]",-7676,-7117
TCK-50764,Invoice copy needed,Our dealership needs a copy of last month's TMaaS invoice for accounting. Unit count changed mid-month.,solved,normal,jerome90@example.com,"[""b2b"",""billing""]",-7593,-6886
TCK-50765,Bounce house booking change,Need to move our Castle Classic rental from Sat to Sun. Same address. Kid changed the theme again.,solved,normal,aisha57@example.com,"[""bounce"",""booking""]",-7417,-7008
TCK-50766,Bounce house wet after rain,The Corporate Retreat Edition got rained on. What is the dry-out protocol before the offsite?,solved,normal,wes4@example.com,"[""bounce"",""care""]",-7369,-6614
TCK-50767,Refund request: double charge,Charged twice for order ORD-100224. Bank shows both pending. Please fix.,solved,normal,mabel58@example.com,"[""billing"",""refund""]",-7696,-7292
TCK-50768,Gift for retirement party,Can I get a tube man for a retirement party for one weekend? He was in HVAC 30 years. It has to flail.,solved,normal,paloma86@example.com,"[""presales"",""tube-man""]",-7714,-7523
TCK-50769,Bounce house booking change,Need to move our Castle Classic rental from Sat to Sun. Same address. Kid changed the theme again.,solved,normal,dolores24@example.com,"[""bounce"",""booking""]",-7793,-7214
TCK-50770,Gift for retirement party,Can I get a tube man for a retirement party for one weekend? He was in HVAC 30 years. It has to flail.,solved,normal,yuki19@example.com,"[""presales"",""tube-man""]",-7839,-7404
TCK-50771,Bounce house wet after rain,The Corporate Retreat Edition got rained on. What is the dry-out protocol before the offsite?,solved,normal,aisha88@example.com,"[""bounce"",""care""]",-7827,-7348
TCK-50772,Address change on subscription,"Moved from South Bend, IN to Findlay, OH. Update my Float Club shipping address please.",solved,normal,harriet8@example.com,"[""float-club"",""account""]",-7910,-7296
TCK-50773,Address change on subscription,"Moved from Bowling Green, OH to Dayton, OH. Update my Float Club shipping address please.",solved,normal,ximena40@example.com,"[""float-club"",""account""]",-7617,-7084
TCK-50774,Bounce house booking change,Need to move our Castle Classic rental from Sat to Sun. Same address. Kid changed the theme again.,solved,normal,jerome20@example.com,"[""bounce"",""booking""]",-8174,-7962
TCK-50775,Where is my order?,Ordered a Sir Reginald Unicorn on 11 days ago. Tracking has not moved. Party is Saturday. Please advise.,solved,normal,ximena81@example.com,"[""wismo""]",-7866,-7035
TCK-50776,Repair kit question,Does the repair kit work on the Lazy Kraken tentacle seams or only the body?,solved,normal,ingrid65@example.com,"[""product""]",-7738,-7328
TCK-50777,Valve cap missing from box,My Pizza Slice XL arrived without the valve cap. It deflates overnight. Love it otherwise.,solved,normal,carlos60@example.com,"[""parts""]",-7427,-6590
TCK-50778,Invoice copy needed,Our dealership needs a copy of last month's TMaaS invoice for accounting. Unit count changed mid-month.,solved,normal,linda77@example.com,"[""b2b"",""billing""]",-7296,-6473
TCK-50779,Where is my order?,Ordered a Sir Reginald Unicorn on 8 days ago. Tracking has not moved. Party is Saturday. Please advise.,solved,normal,greg5@example.com,"[""wismo""]",-6070,-5821
TCK-50780,Stadium mascot arm replacement,Our mascot system left arm tore during the seventh inning. Need the replacement panel before Friday's home game.,solved,high,priya3@example.com,"[""b2b"",""mascot"",""parts""]",-6391,-6349
TCK-50781,Float Club: pause my membership,"Traveling for two months. Can you pause my Float Club box? Do not cancel. I repeat, do not cancel.",solved,normal,jerome31@example.com,"[""float-club""]",-6024,-5200
TCK-50782,Valve cap missing from box,My Lazy Kraken arrived without the valve cap. It deflates overnight. Love it otherwise.,solved,normal,ingrid27@example.com,"[""parts""]",-5873,-5500
TCK-50783,Gift for retirement party,Can I get a tube man for a retirement party for one weekend? He was in HVAC 30 years. It has to flail.,solved,normal,mo5@example.com,"[""presales"",""tube-man""]",-6767,-6616
TCK-50784,Gift for retirement party,Can I get a tube man for a retirement party for one weekend? He was in HVAC 30 years. It has to flail.,solved,normal,flo2@example.com,"[""presales"",""tube-man""]",-6046,-5527
TCK-50785,Float Club: pause my membership,"Traveling for two months. Can you pause my Float Club box? Do not cancel. I repeat, do not cancel.",solved,normal,fatima44@example.com,"[""float-club""]",-6356,-6203
TCK-50786,Gift for retirement party,Can I get a tube man for a retirement party for one weekend? He was in HVAC 30 years. It has to flail.,solved,normal,harriet96@example.com,"[""presales"",""tube-man""]",-6233,-6187
TCK-50787,Bounce house booking change,Need to move our Castle Classic rental from Sat to Sun. Same address. Kid changed the theme again.,open,normal,pearl22@example.com,"[""bounce"",""booking""]",-6493,-5663
TCK-50788,Swan for a wedding?,Is the Colossal Swan available in white only? Wedding is in August. It will be in the photos. It IS the photos.,solved,normal,curtis76@example.com,"[""product"",""presales""]",-6521,-5751
TCK-50789,Repair kit question,Does the repair kit work on the Lazy Kraken tentacle seams or only the body?,solved,normal,jerome68@example.com,"[""product""]",-6214,-5784
TCK-50790,Valve cap missing from box,My Sir Reginald Unicorn arrived without the valve cap. It deflates overnight. Love it otherwise.,solved,normal,fatima61@example.com,"[""parts""]",-6408,-5869
TCK-50791,Stadium mascot arm replacement,Our mascot system left arm tore during the seventh inning. Need the replacement panel before Friday's home game.,solved,high,vera19@example.com,"[""b2b"",""mascot"",""parts""]",-6067,-5562
TCK-50792,Valve cap missing from box,My Pizza Slice XL arrived without the valve cap. It deflates overnight. Love it otherwise.,solved,normal,stan26@example.com,"[""parts""]",-6256,-5974
TCK-50793,Float Club: pause my membership,"Traveling for two months. Can you pause my Float Club box? Do not cancel. I repeat, do not cancel.",solved,normal,umar30@example.com,"[""float-club""]",-5901,-5439
TCK-50794,Where is my order?,Ordered a Lazy Kraken on 12 days ago. Tracking has not moved. Party is Saturday. Please advise.,solved,normal,arthur44@example.com,"[""wismo""]",-6539,-6001
TCK-50795,Valve cap missing from box,My Sir Reginald Unicorn arrived without the valve cap. It deflates overnight. Love it otherwise.,solved,normal,stan95@example.com,"[""parts""]",-6377,-5830
TCK-50796,Valve cap missing from box,My Sir Reginald Unicorn arrived without the valve cap. It deflates overnight. Love it otherwise.,solved,normal,wes79@example.com,"[""parts""]",-6287,-5818
TCK-50797,Float Club: pause my membership,"Traveling for two months. Can you pause my Float Club box? Do not cancel. I repeat, do not cancel.",solved,normal,linda63@example.com,"[""float-club""]",-6301,-5757
TCK-50798,Tube man dancing weird,Our Standard Wacky unit is doing more of a slow lean than a wave. Customers are asking if he is ok.,solved,normal,mabel45@example.com,"[""tube-man"",""b2b""]",-5894,-5585
TCK-50799,Float Club: pause my membership,"Traveling for two months. Can you pause my Float Club box? Do not cancel. I repeat, do not cancel.",solved,normal,chen19@example.com,"[""float-club""]",-5881,-5804
TCK-50800,Valve cap missing from box,My Colossal Swan arrived without the valve cap. It deflates overnight. Love it otherwise.,solved,normal,carlos56@example.com,"[""parts""]",-6209,-5972
TCK-50801,Float Club: pause my membership,"Traveling for two months. Can you pause my Float Club box? Do not cancel. I repeat, do not cancel.",solved,normal,ray25@example.com,"[""float-club""]",-6356,-6041
TCK-50802,Gift for retirement party,Can I get a tube man for a retirement party for one weekend? He was in HVAC 30 years. It has to flail.,solved,normal,margaret62@example.com,"[""presales"",""tube-man""]",-5906,-5839
TCK-50803,Swan for a wedding?,Is the Colossal Swan available in white only? Wedding is in August. It will be in the photos. It IS the photos.,solved,normal,kitty14@example.com,"[""product"",""presales""]",-6026,-5773
TCK-50804,Where is my order?,Ordered a Pizza Slice XL on 3 days ago. Tracking has not moved. Party is Saturday. Please advise.,solved,normal,chen37@example.com,"[""wismo""]",-6484,-5584
TCK-50805,Tube man dancing weird,Our Standard Wacky unit is doing more of a slow lean than a wave. Customers are asking if he is ok.,solved,normal,priya22@example.com,"[""tube-man"",""b2b""]",-6613,-6300
TCK-50806,Valve cap missing from box,My Pizza Slice XL arrived without the valve cap. It deflates overnight. Love it otherwise.,solved,normal,harriet14@example.com,"[""parts""]",-6577,-6275
TCK-50807,Sir Reginald has a slow leak,Sir Reginald Unicorn loses about 20% overnight. Within warranty. What are my options?,solved,normal,jamal41@example.com,"[""warranty""]",-6176,-6126
TCK-50808,Where is my order?,Ordered a Pizza Slice XL on 9 days ago. Tracking has not moved. Party is Saturday. Please advise.,solved,normal,mabel17@example.com,"[""wismo""]",-6774,-6262
TCK-50809,Invoice copy needed,Our dealership needs a copy of last month's TMaaS invoice for accounting. Unit count changed mid-month.,solved,normal,priya13@example.com,"[""b2b"",""billing""]",-6227,-5379
TCK-50810,Bounce house wet after rain,The Corporate Retreat Edition got rained on. What is the dry-out protocol before the offsite?,solved,normal,wes10@example.com,"[""bounce"",""care""]",-6772,-5923
TCK-50811,Refund request: double charge,Charged twice for order ORD-100388. Bank shows both pending. Please fix.,open,normal,gus76@example.com,"[""billing"",""refund""]",-6241,-5938
TCK-50812,Swan for a wedding?,Is the Colossal Swan available in white only? Wedding is in August. It will be in the photos. It IS the photos.,solved,normal,curtis49@example.com,"[""product"",""presales""]",-6427,-6136
TCK-50813,Valve cap missing from box,My Sir Reginald Unicorn arrived without the valve cap. It deflates overnight. Love it otherwise.,solved,normal,yuki78@example.com,"[""parts""]",-6727,-6302
TCK-50814,Sir Reginald has a slow leak,Sir Reginald Unicorn loses about 20% overnight. Within warranty. What are my options?,solved,normal,omar87@example.com,"[""warranty""]",-6197,-5519
TCK-50815,Valve cap missing from box,My Colossal Swan arrived without the valve cap. It deflates overnight. Love it otherwise.,solved,normal,yuki37@example.com,"[""parts""]",-6016,-5430
TCK-50816,Invoice copy needed,Our dealership needs a copy of last month's TMaaS invoice for accounting. Unit count changed mid-month.,solved,normal,flo73@example.com,"[""b2b"",""billing""]",-5970,-5678
TCK-50817,Valve cap missing from box,My Colossal Swan arrived without the valve cap. It deflates overnight. Love it otherwise.,solved,normal,bob35@example.com,"[""parts""]",-6033,-5519
TCK-50818,Bounce house booking change,Need to move our Castle Classic rental from Sat to Sun. Same address. Kid changed the theme again.,solved,normal,gus82@example.com,"[""bounce"",""booking""]",-6736,-6419
TCK-50819,Swan for a wedding?,Is the Colossal Swan available in white only? Wedding is in August. It will be in the photos. It IS the photos.,solved,normal,ximena14@example.com,"[""product"",""presales""]",-6247,-5356
TCK-50820,Sir Reginald has a slow leak,Sir Reginald Unicorn loses about 20% overnight. Within warranty. What are my options?,solved,normal,omar14@example.com,"[""warranty""]",-6460,-5586
TCK-50821,Bounce house wet after rain,The Corporate Retreat Edition got rained on. What is the dry-out protocol before the offsite?,solved,normal,umar59@example.com,"[""bounce"",""care""]",-6684,-6278
TCK-50822,Stadium mascot arm replacement,Our mascot system left arm tore during the seventh inning. Need the replacement panel before Friday's home game.,solved,high,mabel89@example.com,"[""b2b"",""mascot"",""parts""]",-6492,-6052
TCK-50823,Where is my order?,Ordered a Lazy Kraken on 7 days ago. Tracking has not moved. Party is Saturday. Please advise.,solved,normal,kitty30@example.com,"[""wismo""]",-5984,-5586
TCK-50824,Bounce house booking change,Need to move our Castle Classic rental from Sat to Sun. Same address. Kid changed the theme again.,solved,normal,nellie18@example.com,"[""bounce"",""booking""]",-6042,-5435
TCK-50825,Sir Reginald has a slow leak,Sir Reginald Unicorn loses about 20% overnight. Within warranty. What are my options?,solved,normal,ray55@example.com,"[""warranty""]",-6155,-5933
TCK-50826,Pizza float smells like vinyl,Is the vinyl smell on the Pizza Slice XL normal? How long until it airs out?,solved,normal,hannah40@example.com,"[""product""]",-6720,-6625
TCK-50827,Refund request: double charge,Charged twice for order ORD-103531. Bank shows both pending. Please fix.,solved,normal,gus91@example.com,"[""billing"",""refund""]",-6122,-5961
TCK-50828,Swan for a wedding?,Is the Colossal Swan available in white only? Wedding is in August. It will be in the photos. It IS the photos.,solved,normal,bettye50@example.com,"[""product"",""presales""]",-6408,-6179
TCK-50829,Invoice copy needed,Our dealership needs a copy of last month's TMaaS invoice for accounting. Unit count changed mid-month.,solved,normal,curtis40@example.com,"[""b2b"",""billing""]",-6605,-6220
TCK-50830,Where is my order?,Ordered a Colossal Swan on 4 days ago. Tracking has not moved. Party is Saturday. Please advise.,solved,normal,bob91@example.com,"[""wismo""]",-6702,-6295
TCK-50831,Tube man dancing weird,Our Standard Wacky unit is doing more of a slow lean than a wave. Customers are asking if he is ok.,solved,normal,omar45@example.com,"[""tube-man"",""b2b""]",-6625,-6119
TCK-50832,Pizza float smells like vinyl,Is the vinyl smell on the Pizza Slice XL normal? How long until it airs out?,solved,normal,stan74@example.com,"[""product""]",-5974,-5584
TCK-50833,Tube man dancing weird,Our Standard Wacky unit is doing more of a slow lean than a wave. Customers are asking if he is ok.,open,normal,otis14@example.com,"[""tube-man"",""b2b""]",-6358,-5959
TCK-50834,Sir Reginald has a slow leak,Sir Reginald Unicorn loses about 20% overnight. Within warranty. What are my options?,solved,normal,chen86@example.com,"[""warranty""]",-6079,-5590
TCK-50835,Invoice copy needed,Our dealership needs a copy of last month's TMaaS invoice for accounting. Unit count changed mid-month.,solved,normal,stan87@example.com,"[""b2b"",""billing""]",-5989,-5108
TCK-50836,Swan for a wedding?,Is the Colossal Swan available in white only? Wedding is in August. It will be in the photos. It IS the photos.,solved,normal,tina78@example.com,"[""product"",""presales""]",-6199,-5601
TCK-50837,Pizza float smells like vinyl,Is the vinyl smell on the Pizza Slice XL normal? How long until it airs out?,solved,normal,umar73@example.com,"[""product""]",-6401,-6252
TCK-50838,Valve cap missing from box,My Colossal Swan arrived without the valve cap. It deflates overnight. Love it otherwise.,solved,normal,chen18@example.com,"[""parts""]",-5972,-5892
TCK-50839,Repair kit question,Does the repair kit work on the Lazy Kraken tentacle seams or only the body?,solved,normal,ivan13@example.com,"[""product""]",-5981,-5471
TCK-50840,Repair kit question,Does the repair kit work on the Lazy Kraken tentacle seams or only the body?,open,normal,fatima44@example.com,"[""product""]",-6385,-5871
TCK-50841,Float Club: pause my membership,"Traveling for two months. Can you pause my Float Club box? Do not cancel. I repeat, do not cancel.",solved,normal,curtis88@example.com,"[""float-club""]",-6570,-5672
TCK-50842,Tube man dancing weird,Our Standard Wacky unit is doing more of a slow lean than a wave. Customers are asking if he is ok.,solved,normal,aisha23@example.com,"[""tube-man"",""b2b""]",-5963,-5073
TCK-50843,Where is my order?,Ordered a Colossal Swan on 8 days ago. Tracking has not moved. Party is Saturday. Please advise.,solved,normal,wes47@example.com,"[""wismo""]",-5877,-5229
TCK-50844,Tube man dancing weird,Our Standard Wacky unit is doing more of a slow lean than a wave. Customers are asking if he is ok.,solved,normal,margaret90@example.com,"[""tube-man"",""b2b""]",-6514,-5745
TCK-50845,Where is my order?,Ordered a Pizza Slice XL on 6 days ago. Tracking has not moved. Party is Saturday. Please advise.,solved,normal,chen41@example.com,"[""wismo""]",-5946,-5084
TCK-50846,Repair kit question,Does the repair kit work on the Lazy Kraken tentacle seams or only the body?,solved,normal,margaret39@example.com,"[""product""]",-6308,-6042
TCK-50847,Stadium mascot arm replacement,Our mascot system left arm tore during the seventh inning. Need the replacement panel before Friday's home game.,solved,high,harriet51@example.com,"[""b2b"",""mascot"",""parts""]",-6653,-6186
TCK-50848,Bounce house wet after rain,The Corporate Retreat Edition got rained on. What is the dry-out protocol before the offsite?,open,normal,nellie22@example.com,"[""bounce"",""care""]",-6222,-5774
TCK-50849,Bounce house wet after rain,The Corporate Retreat Edition got rained on. What is the dry-out protocol before the offsite?,solved,normal,hannah49@example.com,"[""bounce"",""care""]",-6688,-6457
TCK-50850,Sir Reginald has a slow leak,Sir Reginald Unicorn loses about 20% overnight. Within warranty. What are my options?,solved,normal,zoe50@example.com,"[""warranty""]",-6563,-6317
TCK-50851,Pizza float smells like vinyl,Is the vinyl smell on the Pizza Slice XL normal? How long until it airs out?,solved,normal,deshawn66@example.com,"[""product""]",-5840,-5247
TCK-50852,Where is my order?,Ordered a Sir Reginald Unicorn on 6 days ago. Tracking has not moved. Party is Saturday. Please advise.,solved,normal,kitty35@example.com,"[""wismo""]",-6020,-5491
TCK-50853,Refund request: double charge,Charged twice for order ORD-102575. Bank shows both pending. Please fix.,solved,normal,bettye22@example.com,"[""billing"",""refund""]",-5910,-5429
TCK-50854,Gift for retirement party,Can I get a tube man for a retirement party for one weekend? He was in HVAC 30 years. It has to flail.,solved,normal,pearl44@example.com,"[""presales"",""tube-man""]",-6359,-5586
TCK-50855,Address change on subscription,"Moved from South Bend, IN to Kalamazoo, MI. Update my Float Club shipping address please.",open,normal,ray88@example.com,"[""float-club"",""account""]",-5955,-5267
TCK-50856,Stadium mascot arm replacement,Our mascot system left arm tore during the seventh inning. Need the replacement panel before Friday's home game.,solved,high,yosef92@example.com,"[""b2b"",""mascot"",""parts""]",-6323,-5425
TCK-50857,Invoice copy needed,Our dealership needs a copy of last month's TMaaS invoice for accounting. Unit count changed mid-month.,solved,normal,harriet83@example.com,"[""b2b"",""billing""]",-6597,-6391
TCK-50858,Stadium mascot arm replacement,Our mascot system left arm tore during the seventh inning. Need the replacement panel before Friday's home game.,solved,high,carlos53@example.com,"[""b2b"",""mascot"",""parts""]",-6509,-6370
TCK-50859,Swan for a wedding?,Is the Colossal Swan available in white only? Wedding is in August. It will be in the photos. It IS the photos.,solved,normal,flo38@example.com,"[""product"",""presales""]",-6177,-5971
TCK-50860,Bounce house wet after rain,The Corporate Retreat Edition got rained on. What is the dry-out protocol before the offsite?,solved,normal,jamal37@example.com,"[""bounce"",""care""]",-6234,-5844
TCK-50861,Pizza float smells like vinyl,Is the vinyl smell on the Pizza Slice XL normal? How long until it airs out?,solved,normal,ingrid37@example.com,"[""product""]",-6626,-6517
TCK-50862,Swan for a wedding?,Is the Colossal Swan available in white only? Wedding is in August. It will be in the photos. It IS the photos.,solved,normal,chen50@example.com,"[""product"",""presales""]",-6008,-5862
TCK-50863,Swan for a wedding?,Is the Colossal Swan available in white only? Wedding is in August. It will be in the photos. It IS the photos.,solved,normal,chen78@example.com,"[""product"",""presales""]",-6023,-5619
TCK-50864,Repair kit question,Does the repair kit work on the Lazy Kraken tentacle seams or only the body?,solved,normal,ray80@example.com,"[""product""]",-6180,-5335
TCK-50865,Tube man dancing weird,Our Standard Wacky unit is doing more of a slow lean than a wave. Customers are asking if he is ok.,solved,normal,otis51@example.com,"[""tube-man"",""b2b""]",-6450,-5649
TCK-50866,Valve cap missing from box,My Pizza Slice XL arrived without the valve cap. It deflates overnight. Love it otherwise.,solved,normal,keiko61@example.com,"[""parts""]",-6150,-5989
TCK-50867,Repair kit question,Does the repair kit work on the Lazy Kraken tentacle seams or only the body?,solved,normal,jerome10@example.com,"[""product""]",-6094,-5433
TCK-50868,Valve cap missing from box,My Sir Reginald Unicorn arrived without the valve cap. It deflates overnight. Love it otherwise.,solved,normal,carlos76@example.com,"[""parts""]",-6761,-6145
TCK-50869,Bounce house wet after rain,The Corporate Retreat Edition got rained on. What is the dry-out protocol before the offsite?,solved,normal,rosa35@example.com,"[""bounce"",""care""]",-6434,-6089
TCK-50870,Valve cap missing from box,My Colossal Swan arrived without the valve cap. It deflates overnight. Love it otherwise.,solved,normal,harriet71@example.com,"[""parts""]",-6038,-5943
TCK-50871,Refund request: double charge,Charged twice for order ORD-100561. Bank shows both pending. Please fix.,solved,normal,mo91@example.com,"[""billing"",""refund""]",-6695,-6139
TCK-50872,Float Club: pause my membership,"Traveling for two months. Can you pause my Float Club box? Do not cancel. I repeat, do not cancel.",solved,normal,kitty54@example.com,"[""float-club""]",-6733,-6423
TCK-50873,Repair kit question,Does the repair kit work on the Lazy Kraken tentacle seams or only the body?,solved,normal,tomasz47@example.com,"[""product""]",-6645,-6431
TCK-50874,Bounce house wet after rain,The Corporate Retreat Edition got rained on. What is the dry-out protocol before the offsite?,solved,normal,hannah50@example.com,"[""bounce"",""care""]",-5860,-5649
TCK-50875,Invoice copy needed,Our dealership needs a copy of last month's TMaaS invoice for accounting. Unit count changed mid-month.,solved,normal,vera7@example.com,"[""b2b"",""billing""]",-6567,-5720
TCK-50876,Stadium mascot arm replacement,Our mascot system left arm tore during the seventh inning. Need the replacement panel before Friday's home game.,solved,high,nellie82@example.com,"[""b2b"",""mascot"",""parts""]",-6471,-6008
TCK-50877,Where is my order?,Ordered a Colossal Swan on 4 days ago. Tracking has not moved. Party is Saturday. Please advise.,solved,normal,harriet86@example.com,"[""wismo""]",-6773,-5902
TCK-50878,Invoice copy needed,Our dealership needs a copy of last month's TMaaS invoice for accounting. Unit count changed mid-month.,solved,normal,chen72@example.com,"[""b2b"",""billing""]",-6428,-6067
TCK-50879,Sir Reginald has a slow leak,Sir Reginald Unicorn loses about 20% overnight. Within warranty. What are my options?,solved,normal,quinn19@example.com,"[""warranty""]",-6129,-5247
TCK-50880,Where is my order?,Ordered a Lazy Kraken on 10 days ago. Tracking has not moved. Party is Saturday. Please advise.,solved,normal,ivan19@example.com,"[""wismo""]",-6570,-6131
TCK-50881,Pizza float smells like vinyl,Is the vinyl smell on the Pizza Slice XL normal? How long until it airs out?,solved,normal,ingrid83@example.com,"[""product""]",-6305,-5560
TCK-50882,Invoice copy needed,Our dealership needs a copy of last month's TMaaS invoice for accounting. Unit count changed mid-month.,solved,normal,ximena7@example.com,"[""b2b"",""billing""]",-6441,-6041
TCK-50883,Sir Reginald has a slow leak,Sir Reginald Unicorn loses about 20% overnight. Within warranty. What are my options?,solved,normal,chen52@example.com,"[""warranty""]",-6621,-5804
TCK-50884,Repair kit question,Does the repair kit work on the Lazy Kraken tentacle seams or only the body?,solved,normal,nadia28@example.com,"[""product""]",-6229,-5872
TCK-50885,Bounce house wet after rain,The Corporate Retreat Edition got rained on. What is the dry-out protocol before the offsite?,solved,normal,wes1@example.com,"[""bounce"",""care""]",-6455,-6258
TCK-50886,Stadium mascot arm replacement,Our mascot system left arm tore during the seventh inning. Need the replacement panel before Friday's home game.,solved,high,margaret54@example.com,"[""b2b"",""mascot"",""parts""]",-6084,-5637
TCK-50887,Stadium mascot arm replacement,Our mascot system left arm tore during the seventh inning. Need the replacement panel before Friday's home game.,solved,high,nadia7@example.com,"[""b2b"",""mascot"",""parts""]",-6760,-6250
TCK-50888,Bounce house wet after rain,The Corporate Retreat Edition got rained on. What is the dry-out protocol before the offsite?,solved,normal,aisha81@example.com,"[""bounce"",""care""]",-6032,-5655
TCK-50889,Tube man dancing weird,Our Standard Wacky unit is doing more of a slow lean than a wave. Customers are asking if he is ok.,solved,normal,chen67@example.com,"[""tube-man"",""b2b""]",-6397,-5556
TCK-50890,Where is my order?,Ordered a Pizza Slice XL on 3 days ago. Tracking has not moved. Party is Saturday. Please advise.,solved,normal,zoe67@example.com,"[""wismo""]",-6212,-5649
TCK-50891,Refund request: double charge,Charged twice for order ORD-102780. Bank shows both pending. Please fix.,solved,normal,ray16@example.com,"[""billing"",""refund""]",-6453,-5567
TCK-50892,Valve cap missing from box,My Colossal Swan arrived without the valve cap. It deflates overnight. Love it otherwise.,solved,normal,lamar51@example.com,"[""parts""]",-6679,-6346
TCK-50893,Stadium mascot arm replacement,Our mascot system left arm tore during the seventh inning. Need the replacement panel before Friday's home game.,solved,high,yosef27@example.com,"[""b2b"",""mascot"",""parts""]",-6004,-5582
TCK-50894,Bounce house wet after rain,The Corporate Retreat Edition got rained on. What is the dry-out protocol before the offsite?,solved,normal,paloma32@example.com,"[""bounce"",""care""]",-6486,-5626
TCK-50895,Pizza float smells like vinyl,Is the vinyl smell on the Pizza Slice XL normal? How long until it airs out?,solved,normal,curtis13@example.com,"[""product""]",-6367,-5673
TCK-50896,Float Club: pause my membership,"Traveling for two months. Can you pause my Float Club box? Do not cancel. I repeat, do not cancel.",solved,normal,rosa96@example.com,"[""float-club""]",-6750,-6164
TCK-50897,Gift for retirement party,Can I get a tube man for a retirement party for one weekend? He was in HVAC 30 years. It has to flail.,solved,normal,zoe50@example.com,"[""presales"",""tube-man""]",-6708,-6668
TCK-50898,Repair kit question,Does the repair kit work on the Lazy Kraken tentacle seams or only the body?,solved,normal,greg38@example.com,"[""product""]",-6017,-5415
TCK-50899,Repair kit question,Does the repair kit work on the Lazy Kraken tentacle seams or only the body?,solved,normal,ernesto72@example.com,"[""product""]",-6545,-5716
TCK-50900,Valve cap missing from box,My Pizza Slice XL arrived without the valve cap. It deflates overnight. Love it otherwise.,solved,normal,carlos94@example.com,"[""parts""]",-6656,-5945
TCK-50901,Pizza float smells like vinyl,Is the vinyl smell on the Pizza Slice XL normal? How long until it airs out?,solved,normal,linda80@example.com,"[""product""]",-6401,-5628
TCK-50902,Gift for retirement party,Can I get a tube man for a retirement party for one weekend? He was in HVAC 30 years. It has to flail.,solved,normal,mabel36@example.com,"[""presales"",""tube-man""]",-6631,-6580
TCK-50903,Bounce house wet after rain,The Corporate Retreat Edition got rained on. What is the dry-out protocol before the offsite?,solved,normal,harriet50@example.com,"[""bounce"",""care""]",-6517,-6017
TCK-50904,Repair kit question,Does the repair kit work on the Lazy Kraken tentacle seams or only the body?,solved,normal,tomasz81@example.com,"[""product""]",-5932,-5793
TCK-50905,Refund request: double charge,Charged twice for order ORD-101394. Bank shows both pending. Please fix.,solved,normal,otis87@example.com,"[""billing"",""refund""]",-6093,-5393
TCK-50906,Bounce house wet after rain,The Corporate Retreat Edition got rained on. What is the dry-out protocol before the offsite?,solved,normal,linda10@example.com,"[""bounce"",""care""]",-6473,-6400
TCK-50907,Gift for retirement party,Can I get a tube man for a retirement party for one weekend? He was in HVAC 30 years. It has to flail.,solved,normal,mo29@example.com,"[""presales"",""tube-man""]",-6611,-6425
TCK-50908,Gift for retirement party,Can I get a tube man for a retirement party for one weekend? He was in HVAC 30 years. It has to flail.,solved,normal,mabel58@example.com,"[""presales"",""tube-man""]",-6197,-5423
TCK-50909,Pizza float smells like vinyl,Is the vinyl smell on the Pizza Slice XL normal? How long until it airs out?,solved,normal,ernesto68@example.com,"[""product""]",-6417,-5782
TCK-50910,Pizza float smells like vinyl,Is the vinyl smell on the Pizza Slice XL normal? How long until it airs out?,solved,normal,margaret24@example.com,"[""product""]",-6722,-6219
TCK-50911,Where is my order?,Ordered a Pizza Slice XL on 11 days ago. Tracking has not moved. Party is Saturday. Please advise.,solved,normal,vera24@example.com,"[""wismo""]",-6400,-6086
TCK-50912,Invoice copy needed,Our dealership needs a copy of last month's TMaaS invoice for accounting. Unit count changed mid-month.,solved,normal,carlos82@example.com,"[""b2b"",""billing""]",-6196,-5883
TCK-50913,Gift for retirement party,Can I get a tube man for a retirement party for one weekend? He was in HVAC 30 years. It has to flail.,solved,normal,mabel54@example.com,"[""presales"",""tube-man""]",-6233,-6127
TCK-50914,Sir Reginald has a slow leak,Sir Reginald Unicorn loses about 20% overnight. Within warranty. What are my options?,solved,normal,harriet81@example.com,"[""warranty""]",-6400,-5660
TCK-50915,Bounce house wet after rain,The Corporate Retreat Edition got rained on. What is the dry-out protocol before the offsite?,solved,normal,pearl93@example.com,"[""bounce"",""care""]",-5822,-5454
TCK-50916,Bounce house booking change,Need to move our Castle Classic rental from Sat to Sun. Same address. Kid changed the theme again.,solved,normal,jerome89@example.com,"[""bounce"",""booking""]",-6179,-5887
TCK-50917,Tube man dancing weird,Our Standard Wacky unit is doing more of a slow lean than a wave. Customers are asking if he is ok.,solved,normal,rosa57@example.com,"[""tube-man"",""b2b""]",-6289,-5631
TCK-50918,Bounce house wet after rain,The Corporate Retreat Edition got rained on. What is the dry-out protocol before the offsite?,solved,normal,chen63@example.com,"[""bounce"",""care""]",-6654,-6285
TCK-50919,Bounce house booking change,Need to move our Castle Classic rental from Sat to Sun. Same address. Kid changed the theme again.,solved,normal,yuki96@example.com,"[""bounce"",""booking""]",-6089,-5237
TCK-50920,Invoice copy needed,Our dealership needs a copy of last month's TMaaS invoice for accounting. Unit count changed mid-month.,solved,normal,quinn19@example.com,"[""b2b"",""billing""]",-6266,-5944
TCK-50921,Swan for a wedding?,Is the Colossal Swan available in white only? Wedding is in August. It will be in the photos. It IS the photos.,solved,normal,bettye68@example.com,"[""product"",""presales""]",-6527,-5946
TCK-50922,Where is my order?,Ordered a Colossal Swan on 4 days ago. Tracking has not moved. Party is Saturday. Please advise.,solved,normal,tina79@example.com,"[""wismo""]",-6543,-5902
TCK-50923,Stadium mascot arm replacement,Our mascot system left arm tore during the seventh inning. Need the replacement panel before Friday's home game.,solved,high,ximena8@example.com,"[""b2b"",""mascot"",""parts""]",-6052,-5230
TCK-50924,Repair kit question,Does the repair kit work on the Lazy Kraken tentacle seams or only the body?,solved,normal,ingrid98@example.com,"[""product""]",-5820,-5573
TCK-50925,Pizza float smells like vinyl,Is the vinyl smell on the Pizza Slice XL normal? How long until it airs out?,solved,normal,lamar92@example.com,"[""product""]",-6410,-5623
TCK-50926,Tube man dancing weird,Our Standard Wacky unit is doing more of a slow lean than a wave. Customers are asking if he is ok.,solved,normal,aisha34@example.com,"[""tube-man"",""b2b""]",-6414,-5971
TCK-50927,Sir Reginald has a slow leak,Sir Reginald Unicorn loses about 20% overnight. Within warranty. What are my options?,solved,normal,dolores19@example.com,"[""warranty""]",-5862,-5353
TCK-50928,Address change on subscription,"Moved from Fort Wayne, IN to South Bend, IN. Update my Float Club shipping address please.",open,normal,margaret27@example.com,"[""float-club"",""account""]",-6209,-5581
TCK-50929,Invoice copy needed,Our dealership needs a copy of last month's TMaaS invoice for accounting. Unit count changed mid-month.,solved,normal,ximena14@example.com,"[""b2b"",""billing""]",-6087,-5697
TCK-50930,Pizza float smells like vinyl,Is the vinyl smell on the Pizza Slice XL normal? How long until it airs out?,solved,normal,curtis73@example.com,"[""product""]",-6370,-5700
TCK-50931,Sir Reginald has a slow leak,Sir Reginald Unicorn loses about 20% overnight. Within warranty. What are my options?,solved,normal,gus17@example.com,"[""warranty""]",-6743,-6138
TCK-50932,Pizza float smells like vinyl,Is the vinyl smell on the Pizza Slice XL normal? How long until it airs out?,solved,normal,priya3@example.com,"[""product""]",-6506,-5918
TCK-50933,Stadium mascot arm replacement,Our mascot system left arm tore during the seventh inning. Need the replacement panel before Friday's home game.,solved,high,vera39@example.com,"[""b2b"",""mascot"",""parts""]",-6637,-6051
TCK-50934,Bounce house booking change,Need to move our Castle Classic rental from Sat to Sun. Same address. Kid changed the theme again.,solved,normal,arthur36@example.com,"[""bounce"",""booking""]",-6502,-5869
TCK-50935,Repair kit question,Does the repair kit work on the Lazy Kraken tentacle seams or only the body?,solved,normal,pearl54@example.com,"[""product""]",-6259,-5561
TCK-50936,Bounce house booking change,Need to move our Castle Classic rental from Sat to Sun. Same address. Kid changed the theme again.,solved,normal,carlos4@example.com,"[""bounce"",""booking""]",-6124,-5476
TCK-50937,Refund request: double charge,Charged twice for order ORD-103342. Bank shows both pending. Please fix.,solved,normal,jerome23@example.com,"[""billing"",""refund""]",-6134,-5703
TCK-50938,Refund request: double charge,Charged twice for order ORD-101180. Bank shows both pending. Please fix.,solved,normal,mo40@example.com,"[""billing"",""refund""]",-5820,-5574
TCK-50939,Refund request: double charge,Charged twice for order ORD-102030. Bank shows both pending. Please fix.,solved,normal,kitty33@example.com,"[""billing"",""refund""]",-6751,-6185
TCK-50940,Invoice copy needed,Our dealership needs a copy of last month's TMaaS invoice for accounting. Unit count changed mid-month.,solved,normal,fatima6@example.com,"[""b2b"",""billing""]",-6606,-6021
TCK-50941,Stadium mascot arm replacement,Our mascot system left arm tore during the seventh inning. Need the replacement panel before Friday's home game.,solved,high,rosa5@example.com,"[""b2b"",""mascot"",""parts""]",-6164,-5307
TCK-50942,Sir Reginald has a slow leak,Sir Reginald Unicorn loses about 20% overnight. Within warranty. What are my options?,solved,normal,chen41@example.com,"[""warranty""]",-5986,-5769
TCK-50943,Address change on subscription,"Moved from Bowling Green, OH to Dayton, OH. Update my Float Club shipping address please.",solved,normal,flo77@example.com,"[""float-club"",""account""]",-6694,-6567
TCK-50944,Stadium mascot arm replacement,Our mascot system left arm tore during the seventh inning. Need the replacement panel before Friday's home game.,solved,high,lamar16@example.com,"[""b2b"",""mascot"",""parts""]",-6715,-6387
TCK-50945,Sir Reginald has a slow leak,Sir Reginald Unicorn loses about 20% overnight. Within warranty. What are my options?,solved,normal,lamar99@example.com,"[""warranty""]",-6351,-6238
TCK-50946,Repair kit question,Does the repair kit work on the Lazy Kraken tentacle seams or only the body?,solved,normal,ernesto13@example.com,"[""product""]",-6543,-5764
TCK-50947,Bounce house booking change,Need to move our Castle Classic rental from Sat to Sun. Same address. Kid changed the theme again.,open,normal,ingrid60@example.com,"[""bounce"",""booking""]",-6607,-6041
TCK-50948,Sir Reginald has a slow leak,Sir Reginald Unicorn loses about 20% overnight. Within warranty. What are my options?,solved,normal,curtis20@example.com,"[""warranty""]",-6703,-5898
TCK-50949,Bounce house wet after rain,The Corporate Retreat Edition got rained on. What is the dry-out protocol before the offsite?,solved,normal,otis83@example.com,"[""bounce"",""care""]",-6612,-6259
TCK-50950,Tube man dancing weird,Our Standard Wacky unit is doing more of a slow lean than a wave. Customers are asking if he is ok.,solved,normal,kitty20@example.com,"[""tube-man"",""b2b""]",-5897,-5727
TCK-50951,Valve cap missing from box,My Colossal Swan arrived without the valve cap. It deflates overnight. Love it otherwise.,solved,normal,hannah29@example.com,"[""parts""]",-6577,-6059
TCK-50952,Pizza float smells like vinyl,Is the vinyl smell on the Pizza Slice XL normal? How long until it airs out?,solved,normal,ray35@example.com,"[""product""]",-5965,-5341
TCK-50953,Address change on subscription,"Moved from Bowling Green, OH to Fort Wayne, IN. Update my Float Club shipping address please.",solved,normal,nadia39@example.com,"[""float-club"",""account""]",-6471,-5665
TCK-50954,Tube man dancing weird,Our Standard Wacky unit is doing more of a slow lean than a wave. Customers are asking if he is ok.,open,normal,bettye56@example.com,"[""tube-man"",""b2b""]",-6271,-6014
TCK-50955,Tube man dancing weird,Our Standard Wacky unit is doing more of a slow lean than a wave. Customers are asking if he is ok.,solved,normal,tina56@example.com,"[""tube-man"",""b2b""]",-5936,-5336
TCK-50956,Repair kit question,Does the repair kit work on the Lazy Kraken tentacle seams or only the body?,solved,normal,fatima86@example.com,"[""product""]",-6343,-6065
TCK-50957,Sir Reginald has a slow leak,Sir Reginald Unicorn loses about 20% overnight. Within warranty. What are my options?,solved,normal,ray2@example.com,"[""warranty""]",-5989,-5320
TCK-50958,Gift for retirement party,Can I get a tube man for a retirement party for one weekend? He was in HVAC 30 years. It has to flail.,solved,normal,luis29@example.com,"[""presales"",""tube-man""]",-5902,-5492
TCK-50959,Sir Reginald has a slow leak,Sir Reginald Unicorn loses about 20% overnight. Within warranty. What are my options?,solved,normal,keiko27@example.com,"[""warranty""]",-6492,-5979
TCK-50960,Sir Reginald has a slow leak,Sir Reginald Unicorn loses about 20% overnight. Within warranty. What are my options?,solved,normal,bettye52@example.com,"[""warranty""]",-5992,-5386
TCK-50961,Tube man dancing weird,Our Standard Wacky unit is doing more of a slow lean than a wave. Customers are asking if he is ok.,solved,normal,harriet33@example.com,"[""tube-man"",""b2b""]",-6127,-5384
TCK-50962,Repair kit question,Does the repair kit work on the Lazy Kraken tentacle seams or only the body?,solved,normal,pearl16@example.com,"[""product""]",-5877,-5629
TCK-50963,Float Club: pause my membership,"Traveling for two months. Can you pause my Float Club box? Do not cancel. I repeat, do not cancel.",solved,normal,aisha40@example.com,"[""float-club""]",-6055,-5534
TCK-50964,Sir Reginald has a slow leak,Sir Reginald Unicorn loses about 20% overnight. Within warranty. What are my options?,solved,normal,aisha66@example.com,"[""warranty""]",-6679,-5897
TCK-50965,Stadium mascot arm replacement,Our mascot system left arm tore during the seventh inning. Need the replacement panel before Friday's home game.,solved,high,jamal83@example.com,"[""b2b"",""mascot"",""parts""]",-6518,-6342
TCK-50966,Invoice copy needed,Our dealership needs a copy of last month's TMaaS invoice for accounting. Unit count changed mid-month.,solved,normal,nellie16@example.com,"[""b2b"",""billing""]",-6024,-5326
TCK-50967,Pizza float smells like vinyl,Is the vinyl smell on the Pizza Slice XL normal? How long until it airs out?,solved,normal,nadia18@example.com,"[""product""]",-6619,-6440
TCK-50968,Repair kit question,Does the repair kit work on the Lazy Kraken tentacle seams or only the body?,solved,normal,carlos8@example.com,"[""product""]",-6095,-5905
TCK-50969,Address change on subscription,"Moved from Columbus, OH to Bowling Green, OH. Update my Float Club shipping address please.",solved,normal,lamar56@example.com,"[""float-club"",""account""]",-6356,-5936
TCK-50970,Pizza float smells like vinyl,Is the vinyl smell on the Pizza Slice XL normal? How long until it airs out?,solved,normal,nadia14@example.com,"[""product""]",-6178,-6137
TCK-50971,Invoice copy needed,Our dealership needs a copy of last month's TMaaS invoice for accounting. Unit count changed mid-month.,open,normal,ernesto86@example.com,"[""b2b"",""billing""]",-5939,-5499
TCK-50972,Bounce house booking change,Need to move our Castle Classic rental from Sat to Sun. Same address. Kid changed the theme again.,solved,normal,tomasz26@example.com,"[""bounce"",""booking""]",-6016,-5953
TCK-50973,Repair kit question,Does the repair kit work on the Lazy Kraken tentacle seams or only the body?,solved,normal,quinn87@example.com,"[""product""]",-6775,-6559
TCK-50974,Gift for retirement party,Can I get a tube man for a retirement party for one weekend? He was in HVAC 30 years. It has to flail.,solved,normal,nellie34@example.com,"[""presales"",""tube-man""]",-6682,-6208
TCK-50975,Stadium mascot arm replacement,Our mascot system left arm tore during the seventh inning. Need the replacement panel before Friday's home game.,solved,high,zoe92@example.com,"[""b2b"",""mascot"",""parts""]",-6765,-6435
TCK-50976,Repair kit question,Does the repair kit work on the Lazy Kraken tentacle seams or only the body?,solved,normal,deshawn95@example.com,"[""product""]",-6226,-5951
TCK-50977,Gift for retirement party,Can I get a tube man for a retirement party for one weekend? He was in HVAC 30 years. It has to flail.,solved,normal,nellie20@example.com,"[""presales"",""tube-man""]",-6302,-6086
TCK-50978,Stadium mascot arm replacement,Our mascot system left arm tore during the seventh inning. Need the replacement panel before Friday's home game.,solved,high,carlos11@example.com,"[""b2b"",""mascot"",""parts""]",-6082,-5329
TCK-50979,Float Club: pause my membership,"Traveling for two months. Can you pause my Float Club box? Do not cancel. I repeat, do not cancel.",solved,normal,tomasz15@example.com,"[""float-club""]",-6063,-5649
TCK-50980,Swan for a wedding?,Is the Colossal Swan available in white only? Wedding is in August. It will be in the photos. It IS the photos.,open,normal,vera62@example.com,"[""product"",""presales""]",-6614,-6373
TCK-50981,Where is my order?,Ordered a Lazy Kraken on 7 days ago. Tracking has not moved. Party is Saturday. Please advise.,solved,normal,arthur9@example.com,"[""wismo""]",-6237,-5444
TCK-50982,Where is my order?,Ordered a Sir Reginald Unicorn on 10 days ago. Tracking has not moved. Party is Saturday. Please advise.,solved,normal,gus53@example.com,"[""wismo""]",-6483,-6129
TCK-50983,Bounce house booking change,Need to move our Castle Classic rental from Sat to Sun. Same address. Kid changed the theme again.,solved,normal,fatima50@example.com,"[""bounce"",""booking""]",-6655,-6309
TCK-50984,Invoice copy needed,Our dealership needs a copy of last month's TMaaS invoice for accounting. Unit count changed mid-month.,solved,normal,vera61@example.com,"[""b2b"",""billing""]",-6482,-6317
TCK-50985,Float Club: pause my membership,"Traveling for two months. Can you pause my Float Club box? Do not cancel. I repeat, do not cancel.",open,normal,kitty44@example.com,"[""float-club""]",-6079,-5769
TCK-50986,Refund request: double charge,Charged twice for order ORD-103533. Bank shows both pending. Please fix.,solved,normal,carlos82@example.com,"[""billing"",""refund""]",-6431,-6120
TCK-50987,Gift for retirement party,Can I get a tube man for a retirement party for one weekend? He was in HVAC 30 years. It has to flail.,solved,normal,rosa74@example.com,"[""presales"",""tube-man""]",-6704,-6356
TCK-50988,Gift for retirement party,Can I get a tube man for a retirement party for one weekend? He was in HVAC 30 years. It has to flail.,solved,normal,tomasz10@example.com,"[""presales"",""tube-man""]",-5953,-5698
TCK-50989,Pizza float smells like vinyl,Is the vinyl smell on the Pizza Slice XL normal? How long until it airs out?,solved,normal,hannah37@example.com,"[""product""]",-6726,-6590
TCK-50990,Swan for a wedding?,Is the Colossal Swan available in white only? Wedding is in August. It will be in the photos. It IS the photos.,solved,normal,curtis79@example.com,"[""product"",""presales""]",-5908,-5346
TCK-50991,Swan for a wedding?,Is the Colossal Swan available in white only? Wedding is in August. It will be in the photos. It IS the photos.,solved,normal,luis7@example.com,"[""product"",""presales""]",-6145,-6060
TCK-50992,Sir Reginald has a slow leak,Sir Reginald Unicorn loses about 20% overnight. Within warranty. What are my options?,solved,normal,carlos15@example.com,"[""warranty""]",-6631,-6187
TCK-50993,Swan for a wedding?,Is the Colossal Swan available in white only? Wedding is in August. It will be in the photos. It IS the photos.,solved,normal,ingrid62@example.com,"[""product"",""presales""]",-6299,-5609
TCK-50994,Invoice copy needed,Our dealership needs a copy of last month's TMaaS invoice for accounting. Unit count changed mid-month.,solved,normal,yuki50@example.com,"[""b2b"",""billing""]",-5871,-5518
TCK-50995,Tube man dancing weird,Our Standard Wacky unit is doing more of a slow lean than a wave. Customers are asking if he is ok.,solved,normal,hannah46@example.com,"[""tube-man"",""b2b""]",-5941,-5287
TCK-50996,Valve cap missing from box,My Lazy Kraken arrived without the valve cap. It deflates overnight. Love it otherwise.,solved,normal,pearl90@example.com,"[""parts""]",-6558,-5873
TCK-50997,Valve cap missing from box,My Sir Reginald Unicorn arrived without the valve cap. It deflates overnight. Love it otherwise.,solved,normal,lamar38@example.com,"[""parts""]",-6492,-5812
TCK-50998,Gift for retirement party,Can I get a tube man for a retirement party for one weekend? He was in HVAC 30 years. It has to flail.,solved,normal,paloma1@example.com,"[""presales"",""tube-man""]",-6127,-5247
TCK-50999,Pizza float smells like vinyl,Is the vinyl smell on the Pizza Slice XL normal? How long until it airs out?,open,normal,bob77@example.com,"[""product""]",-6484,-6073
TCK-51000,Valve cap missing from box,My Sir Reginald Unicorn arrived without the valve cap. It deflates overnight. Love it otherwise.,solved,normal,yuki93@example.com,"[""parts""]",-6114,-5322
TCK-51001,Pizza float smells like vinyl,Is the vinyl smell on the Pizza Slice XL normal? How long until it airs out?,solved,normal,mabel25@example.com,"[""product""]",-6395,-6163
TCK-51002,Tube man dancing weird,Our Standard Wacky unit is doing more of a slow lean than a wave. Customers are asking if he is ok.,solved,normal,yuki78@example.com,"[""tube-man"",""b2b""]",-6752,-6489
TCK-51003,Repair kit question,Does the repair kit work on the Lazy Kraken tentacle seams or only the body?,solved,normal,ray67@example.com,"[""product""]",-6441,-6078
TCK-51004,Stadium mascot arm replacement,Our mascot system left arm tore during the seventh inning. Need the replacement panel before Friday's home game.,solved,high,kitty97@example.com,"[""b2b"",""mascot"",""parts""]",-6044,-5279
TCK-51005,Where is my order?,Ordered a Sir Reginald Unicorn on 11 days ago. Tracking has not moved. Party is Saturday. Please advise.,solved,normal,ray41@example.com,"[""wismo""]",-6348,-5866
TCK-51006,Tube man dancing weird,Our Standard Wacky unit is doing more of a slow lean than a wave. Customers are asking if he is ok.,solved,normal,hannah8@example.com,"[""tube-man"",""b2b""]",-6051,-5938
TCK-51007,Bounce house booking change,Need to move our Castle Classic rental from Sat to Sun. Same address. Kid changed the theme again.,open,normal,kitty65@example.com,"[""bounce"",""booking""]",-6382,-5697
TCK-51008,Swan for a wedding?,Is the Colossal Swan available in white only? Wedding is in August. It will be in the photos. It IS the photos.,solved,normal,margaret25@example.com,"[""product"",""presales""]",-6777,-6165
TCK-51009,Swan for a wedding?,Is the Colossal Swan available in white only? Wedding is in August. It will be in the photos. It IS the photos.,solved,normal,deshawn5@example.com,"[""product"",""presales""]",-6256,-5384
TCK-51010,Gift for retirement party,Can I get a tube man for a retirement party for one weekend? He was in HVAC 30 years. It has to flail.,solved,normal,margaret13@example.com,"[""presales"",""tube-man""]",-6527,-6260
TCK-51011,Tube man dancing weird,Our Standard Wacky unit is doing more of a slow lean than a wave. Customers are asking if he is ok.,solved,normal,ximena74@example.com,"[""tube-man"",""b2b""]",-6511,-6120
TCK-51012,Gift for retirement party,Can I get a tube man for a retirement party for one weekend? He was in HVAC 30 years. It has to flail.,solved,normal,keiko38@example.com,"[""presales"",""tube-man""]",-6312,-6093
TCK-51013,Repair kit question,Does the repair kit work on the Lazy Kraken tentacle seams or only the body?,solved,normal,jerome38@example.com,"[""product""]",-6025,-5349
TCK-51014,Bounce house wet after rain,The Corporate Retreat Edition got rained on. What is the dry-out protocol before the offsite?,solved,normal,harriet10@example.com,"[""bounce"",""care""]",-6455,-6385
TCK-51015,Valve cap missing from box,My Pizza Slice XL arrived without the valve cap. It deflates overnight. Love it otherwise.,open,normal,jerome78@example.com,"[""parts""]",-6685,-5951
TCK-51016,Sir Reginald has a slow leak,Sir Reginald Unicorn loses about 20% overnight. Within warranty. What are my options?,solved,normal,mabel47@example.com,"[""warranty""]",-6776,-5975
TCK-51017,Swan for a wedding?,Is the Colossal Swan available in white only? Wedding is in August. It will be in the photos. It IS the photos.,solved,normal,yosef69@example.com,"[""product"",""presales""]",-5852,-5245
TCK-51018,Gift for retirement party,Can I get a tube man for a retirement party for one weekend? He was in HVAC 30 years. It has to flail.,solved,normal,bettye78@example.com,"[""presales"",""tube-man""]",-6632,-6122
TCK-51019,Gift for retirement party,Can I get a tube man for a retirement party for one weekend? He was in HVAC 30 years. It has to flail.,solved,normal,bettye9@example.com,"[""presales"",""tube-man""]",-6597,-6335
TCK-51020,Bounce house wet after rain,The Corporate Retreat Edition got rained on. What is the dry-out protocol before the offsite?,solved,normal,nellie90@example.com,"[""bounce"",""care""]",-6408,-6231
TCK-51021,Gift for retirement party,Can I get a tube man for a retirement party for one weekend? He was in HVAC 30 years. It has to flail.,solved,normal,hannah19@example.com,"[""presales"",""tube-man""]",-6365,-5795
TCK-51022,Valve cap missing from box,My Colossal Swan arrived without the valve cap. It deflates overnight. Love it otherwise.,solved,normal,ernesto18@example.com,"[""parts""]",-6277,-5944
TCK-51023,Refund request: double charge,Charged twice for order ORD-103575. Bank shows both pending. Please fix.,solved,normal,yuki12@example.com,"[""billing"",""refund""]",-6610,-6222
TCK-51024,Where is my order?,Ordered a Lazy Kraken on 7 days ago. Tracking has not moved. Party is Saturday. Please advise.,solved,normal,jamal52@example.com,"[""wismo""]",-6118,-5430
TCK-51025,Bounce house booking change,Need to move our Castle Classic rental from Sat to Sun. Same address. Kid changed the theme again.,open,normal,vera26@example.com,"[""bounce"",""booking""]",-6266,-5422
TCK-51026,Invoice copy needed,Our dealership needs a copy of last month's TMaaS invoice for accounting. Unit count changed mid-month.,solved,normal,yosef76@example.com,"[""b2b"",""billing""]",-6074,-5270
TCK-51027,Stadium mascot arm replacement,Our mascot system left arm tore during the seventh inning. Need the replacement panel before Friday's home game.,solved,high,omar91@example.com,"[""b2b"",""mascot"",""parts""]",-6464,-5935
TCK-51028,Valve cap missing from box,My Sir Reginald Unicorn arrived without the valve cap. It deflates overnight. Love it otherwise.,solved,normal,rosa85@example.com,"[""parts""]",-6149,-5519
TCK-51029,Sir Reginald has a slow leak,Sir Reginald Unicorn loses about 20% overnight. Within warranty. What are my options?,solved,normal,fatima9@example.com,"[""warranty""]",-6196,-6100
TCK-51030,Gift for retirement party,Can I get a tube man for a retirement party for one weekend? He was in HVAC 30 years. It has to flail.,solved,normal,stan50@example.com,"[""presales"",""tube-man""]",-5997,-5166
TCK-51031,Bounce house wet after rain,The Corporate Retreat Edition got rained on. What is the dry-out protocol before the offsite?,solved,normal,margaret24@example.com,"[""bounce"",""care""]",-5965,-5855
TCK-51032,Tube man dancing weird,Our Standard Wacky unit is doing more of a slow lean than a wave. Customers are asking if he is ok.,solved,normal,tina4@example.com,"[""tube-man"",""b2b""]",-6763,-6388
TCK-51033,Where is my order?,Ordered a Pizza Slice XL on 6 days ago. Tracking has not moved. Party is Saturday. Please advise.,solved,normal,gus27@example.com,"[""wismo""]",-6393,-5845
TCK-51034,Bounce house wet after rain,The Corporate Retreat Edition got rained on. What is the dry-out protocol before the offsite?,solved,normal,mo46@example.com,"[""bounce"",""care""]",-6044,-5488
TCK-51035,Invoice copy needed,Our dealership needs a copy of last month's TMaaS invoice for accounting. Unit count changed mid-month.,solved,normal,mabel69@example.com,"[""b2b"",""billing""]",-5926,-5462
TCK-51036,Pizza float smells like vinyl,Is the vinyl smell on the Pizza Slice XL normal? How long until it airs out?,solved,normal,wes25@example.com,"[""product""]",-6213,-5968
TCK-51037,Bounce house booking change,Need to move our Castle Classic rental from Sat to Sun. Same address. Kid changed the theme again.,solved,normal,ingrid88@example.com,"[""bounce"",""booking""]",-6553,-6093
TCK-51038,Tube man dancing weird,Our Standard Wacky unit is doing more of a slow lean than a wave. Customers are asking if he is ok.,open,normal,stan26@example.com,"[""tube-man"",""b2b""]",-6425,-6264
TCK-51039,Sir Reginald has a slow leak,Sir Reginald Unicorn loses about 20% overnight. Within warranty. What are my options?,solved,normal,jamal17@example.com,"[""warranty""]",-6115,-6019
TCK-51040,Stadium mascot arm replacement,Our mascot system left arm tore during the seventh inning. Need the replacement panel before Friday's home game.,solved,high,nellie36@example.com,"[""b2b"",""mascot"",""parts""]",-6603,-6323
TCK-51041,Gift for retirement party,Can I get a tube man for a retirement party for one weekend? He was in HVAC 30 years. It has to flail.,solved,normal,mo95@example.com,"[""presales"",""tube-man""]",-5984,-5545
TCK-51042,Bounce house booking change,Need to move our Castle Classic rental from Sat to Sun. Same address. Kid changed the theme again.,solved,normal,nadia40@example.com,"[""bounce"",""booking""]",-6204,-5769
TCK-51043,Pizza float smells like vinyl,Is the vinyl smell on the Pizza Slice XL normal? How long until it airs out?,solved,normal,carlos41@example.com,"[""product""]",-6709,-6227
TCK-51044,Repair kit question,Does the repair kit work on the Lazy Kraken tentacle seams or only the body?,solved,normal,wes70@example.com,"[""product""]",-6738,-6674
TCK-51045,Bounce house booking change,Need to move our Castle Classic rental from Sat to Sun. Same address. Kid changed the theme again.,solved,normal,ximena17@example.com,"[""bounce"",""booking""]",-6385,-5539
TCK-51046,Address change on subscription,"Moved from Findlay, OH to Erie, PA. Update my Float Club shipping address please.",solved,normal,jamal91@example.com,"[""float-club"",""account""]",-5844,-5276
TCK-51047,Refund request: double charge,Charged twice for order ORD-102497. Bank shows both pending. Please fix.,open,normal,stan49@example.com,"[""billing"",""refund""]",-6291,-5825
TCK-51048,Pizza float smells like vinyl,Is the vinyl smell on the Pizza Slice XL normal? How long until it airs out?,solved,normal,chen31@example.com,"[""product""]",-5907,-5804
TCK-51049,Bounce house wet after rain,The Corporate Retreat Edition got rained on. What is the dry-out protocol before the offsite?,solved,normal,wes25@example.com,"[""bounce"",""care""]",-6087,-5457
TCK-51050,Sir Reginald has a slow leak,Sir Reginald Unicorn loses about 20% overnight. Within warranty. What are my options?,solved,normal,fatima84@example.com,"[""warranty""]",-6773,-6497
TCK-51051,Gift for retirement party,Can I get a tube man for a retirement party for one weekend? He was in HVAC 30 years. It has to flail.,solved,normal,tina14@example.com,"[""presales"",""tube-man""]",-6390,-6069
TCK-51052,Where is my order?,Ordered a Pizza Slice XL on 6 days ago. Tracking has not moved. Party is Saturday. Please advise.,solved,normal,quinn67@example.com,"[""wismo""]",-6628,-6333
TCK-51053,Swan for a wedding?,Is the Colossal Swan available in white only? Wedding is in August. It will be in the photos. It IS the photos.,solved,normal,otis6@example.com,"[""product"",""presales""]",-6608,-5903
TCK-51054,Float Club: pause my membership,"Traveling for two months. Can you pause my Float Club box? Do not cancel. I repeat, do not cancel.",open,normal,omar23@example.com,"[""float-club""]",-5890,-5445
TCK-51055,Bounce house wet after rain,The Corporate Retreat Edition got rained on. What is the dry-out protocol before the offsite?,solved,normal,nadia65@example.com,"[""bounce"",""care""]",-6642,-6345
TCK-51056,Gift for retirement party,Can I get a tube man for a retirement party for one weekend? He was in HVAC 30 years. It has to flail.,solved,normal,carlos16@example.com,"[""presales"",""tube-man""]",-6642,-6460
TCK-51057,Address change on subscription,"Moved from Fort Wayne, IN to Dayton, OH. Update my Float Club shipping address please.",solved,normal,chen34@example.com,"[""float-club"",""account""]",-6678,-5825
TCK-51058,Pizza float smells like vinyl,Is the vinyl smell on the Pizza Slice XL normal? How long until it airs out?,solved,normal,hannah76@example.com,"[""product""]",-6012,-5533
TCK-51059,Stadium mascot arm replacement,Our mascot system left arm tore during the seventh inning. Need the replacement panel before Friday's home game.,solved,high,stan20@example.com,"[""b2b"",""mascot"",""parts""]",-6022,-5749
TCK-51060,Pizza float smells like vinyl,Is the vinyl smell on the Pizza Slice XL normal? How long until it airs out?,solved,normal,vera96@example.com,"[""product""]",-6481,-6338
TCK-51061,Tube man dancing weird,Our Standard Wacky unit is doing more of a slow lean than a wave. Customers are asking if he is ok.,solved,normal,greg58@example.com,"[""tube-man"",""b2b""]",-5845,-5326
TCK-51062,Gift for retirement party,Can I get a tube man for a retirement party for one weekend? He was in HVAC 30 years. It has to flail.,solved,normal,umar51@example.com,"[""presales"",""tube-man""]",-6523,-6150
TCK-51063,Tube man dancing weird,Our Standard Wacky unit is doing more of a slow lean than a wave. Customers are asking if he is ok.,solved,normal,wes8@example.com,"[""tube-man"",""b2b""]",-6485,-6144
TCK-51064,Bounce house booking change,Need to move our Castle Classic rental from Sat to Sun. Same address. Kid changed the theme again.,solved,normal,jerome22@example.com,"[""bounce"",""booking""]",-6731,-6462
TCK-51065,Stadium mascot arm replacement,Our mascot system left arm tore during the seventh inning. Need the replacement panel before Friday's home game.,solved,high,keiko89@example.com,"[""b2b"",""mascot"",""parts""]",-5999,-5707
TCK-51066,Sir Reginald has a slow leak,Sir Reginald Unicorn loses about 20% overnight. Within warranty. What are my options?,solved,normal,luis69@example.com,"[""warranty""]",-6550,-5844
TCK-51067,Gift for retirement party,Can I get a tube man for a retirement party for one weekend? He was in HVAC 30 years. It has to flail.,open,normal,zoe96@example.com,"[""presales"",""tube-man""]",-6668,-6449
TCK-51068,Swan for a wedding?,Is the Colossal Swan available in white only? Wedding is in August. It will be in the photos. It IS the photos.,solved,normal,quinn35@example.com,"[""product"",""presales""]",-5933,-5455
TCK-51069,Swan for a wedding?,Is the Colossal Swan available in white only? Wedding is in August. It will be in the photos. It IS the photos.,solved,normal,stan26@example.com,"[""product"",""presales""]",-5957,-5835
TCK-51070,Stadium mascot arm replacement,Our mascot system left arm tore during the seventh inning. Need the replacement panel before Friday's home game.,solved,high,paloma1@example.com,"[""b2b"",""mascot"",""parts""]",-6006,-5711
TCK-51071,Gift for retirement party,Can I get a tube man for a retirement party for one weekend? He was in HVAC 30 years. It has to flail.,solved,normal,chen20@example.com,"[""presales"",""tube-man""]",-5831,-5753
TCK-51072,Swan for a wedding?,Is the Colossal Swan available in white only? Wedding is in August. It will be in the photos. It IS the photos.,solved,normal,wes47@example.com,"[""product"",""presales""]",-6392,-6115
TCK-51073,Address change on subscription,"Moved from Findlay, OH to Akron, OH. Update my Float Club shipping address please.",solved,normal,tina27@example.com,"[""float-club"",""account""]",-6024,-5559
TCK-51074,Address change on subscription,"Moved from Dayton, OH to Columbus, OH. Update my Float Club shipping address please.",solved,normal,nadia96@example.com,"[""float-club"",""account""]",-5883,-5682
TCK-51075,Pizza float smells like vinyl,Is the vinyl smell on the Pizza Slice XL normal? How long until it airs out?,solved,normal,zoe60@example.com,"[""product""]",-6745,-6242
TCK-51076,Bounce house booking change,Need to move our Castle Classic rental from Sat to Sun. Same address. Kid changed the theme again.,solved,normal,margaret59@example.com,"[""bounce"",""booking""]",-6670,-5823
TCK-51077,Gift for retirement party,Can I get a tube man for a retirement party for one weekend? He was in HVAC 30 years. It has to flail.,solved,normal,tomasz87@example.com,"[""presales"",""tube-man""]",-6670,-6206
TCK-51078,Valve cap missing from box,My Sir Reginald Unicorn arrived without the valve cap. It deflates overnight. Love it otherwise.,solved,normal,mo73@example.com,"[""parts""]",-6008,-5531
TCK-51079,Bounce house wet after rain,The Corporate Retreat Edition got rained on. What is the dry-out protocol before the offsite?,solved,normal,zoe82@example.com,"[""bounce"",""care""]",-6334,-6078
TCK-51080,Tube man dancing weird,Our Standard Wacky unit is doing more of a slow lean than a wave. Customers are asking if he is ok.,solved,normal,yuki83@example.com,"[""tube-man"",""b2b""]",-6347,-5637
TCK-51081,Swan for a wedding?,Is the Colossal Swan available in white only? Wedding is in August. It will be in the photos. It IS the photos.,solved,normal,greg30@example.com,"[""product"",""presales""]",-6372,-6245
TCK-51082,Refund request: double charge,Charged twice for order ORD-101510. Bank shows both pending. Please fix.,solved,normal,omar87@example.com,"[""billing"",""refund""]",-6436,-6382
TCK-51083,Bounce house wet after rain,The Corporate Retreat Edition got rained on. What is the dry-out protocol before the offsite?,solved,normal,ximena67@example.com,"[""bounce"",""care""]",-6018,-5175
TCK-51084,Invoice copy needed,Our dealership needs a copy of last month's TMaaS invoice for accounting. Unit count changed mid-month.,solved,normal,nellie1@example.com,"[""b2b"",""billing""]",-5832,-5064
TCK-51085,Bounce house booking change,Need to move our Castle Classic rental from Sat to Sun. Same address. Kid changed the theme again.,solved,normal,quinn20@example.com,"[""bounce"",""booking""]",-6312,-6156
TCK-51086,Address change on subscription,"Moved from Bowling Green, OH to Sandusky, OH. Update my Float Club shipping address please.",open,normal,quinn70@example.com,"[""float-club"",""account""]",-6399,-5506
TCK-51087,Address change on subscription,"Moved from Akron, OH to Sandusky, OH. Update my Float Club shipping address please.",solved,normal,mabel44@example.com,"[""float-club"",""account""]",-6716,-6452
TCK-51088,Valve cap missing from box,My Sir Reginald Unicorn arrived without the valve cap. It deflates overnight. Love it otherwise.,solved,normal,zoe96@example.com,"[""parts""]",-6590,-5934
TCK-51089,Invoice copy needed,Our dealership needs a copy of last month's TMaaS invoice for accounting. Unit count changed mid-month.,solved,normal,zoe79@example.com,"[""b2b"",""billing""]",-6057,-5645
TCK-51090,Pizza float smells like vinyl,Is the vinyl smell on the Pizza Slice XL normal? How long until it airs out?,solved,normal,yuki8@example.com,"[""product""]",-6194,-5826
TCK-51091,Tube man dancing weird,Our Standard Wacky unit is doing more of a slow lean than a wave. Customers are asking if he is ok.,solved,normal,dolores10@example.com,"[""tube-man"",""b2b""]",-6684,-6530
TCK-51092,Float Club: pause my membership,"Traveling for two months. Can you pause my Float Club box? Do not cancel. I repeat, do not cancel.",solved,normal,priya19@example.com,"[""float-club""]",-5933,-5538
TCK-51093,Valve cap missing from box,My Sir Reginald Unicorn arrived without the valve cap. It deflates overnight. Love it otherwise.,solved,normal,stan44@example.com,"[""parts""]",-5928,-5835
TCK-51094,Float Club: pause my membership,"Traveling for two months. Can you pause my Float Club box? Do not cancel. I repeat, do not cancel.",solved,normal,ray94@example.com,"[""float-club""]",-6563,-6008
TCK-51095,Stadium mascot arm replacement,Our mascot system left arm tore during the seventh inning. Need the replacement panel before Friday's home game.,solved,high,margaret19@example.com,"[""b2b"",""mascot"",""parts""]",-6405,-5774
TCK-51096,Address change on subscription,"Moved from Akron, OH to Bowling Green, OH. Update my Float Club shipping address please.",solved,normal,stan26@example.com,"[""float-club"",""account""]",-6372,-5707
TCK-51097,Repair kit question,Does the repair kit work on the Lazy Kraken tentacle seams or only the body?,solved,normal,bettye41@example.com,"[""product""]",-5903,-5366
TCK-51098,Pizza float smells like vinyl,Is the vinyl smell on the Pizza Slice XL normal? How long until it airs out?,solved,normal,yuki99@example.com,"[""product""]",-6186,-6076
TCK-51099,Swan for a wedding?,Is the Colossal Swan available in white only? Wedding is in August. It will be in the photos. It IS the photos.,open,normal,wes16@example.com,"[""product"",""presales""]",-6434,-6395
TCK-51100,Bounce house wet after rain,The Corporate Retreat Edition got rained on. What is the dry-out protocol before the offsite?,solved,normal,yuki27@example.com,"[""bounce"",""care""]",-6038,-5790
TCK-51101,Bounce house wet after rain,The Corporate Retreat Edition got rained on. What is the dry-out protocol before the offsite?,solved,normal,deshawn12@example.com,"[""bounce"",""care""]",-6393,-6172
TCK-51102,Float Club: pause my membership,"Traveling for two months. Can you pause my Float Club box? Do not cancel. I repeat, do not cancel.",solved,normal,jamal64@example.com,"[""float-club""]",-6030,-5843
TCK-51103,Valve cap missing from box,My Lazy Kraken arrived without the valve cap. It deflates overnight. Love it otherwise.,solved,normal,ivan32@example.com,"[""parts""]",-6042,-5696
TCK-51104,Valve cap missing from box,My Sir Reginald Unicorn arrived without the valve cap. It deflates overnight. Love it otherwise.,solved,normal,harriet87@example.com,"[""parts""]",-6117,-5834
TCK-51105,Sir Reginald has a slow leak,Sir Reginald Unicorn loses about 20% overnight. Within warranty. What are my options?,solved,normal,priya46@example.com,"[""warranty""]",-6306,-5535
TCK-51106,Bounce house booking change,Need to move our Castle Classic rental from Sat to Sun. Same address. Kid changed the theme again.,solved,normal,tomasz67@example.com,"[""bounce"",""booking""]",-6276,-6190
TCK-51107,Bounce house wet after rain,The Corporate Retreat Edition got rained on. What is the dry-out protocol before the offsite?,solved,normal,zoe11@example.com,"[""bounce"",""care""]",-6276,-6099
TCK-51108,Gift for retirement party,Can I get a tube man for a retirement party for one weekend? He was in HVAC 30 years. It has to flail.,solved,normal,margaret81@example.com,"[""presales"",""tube-man""]",-6127,-5583
TCK-51109,Pizza float smells like vinyl,Is the vinyl smell on the Pizza Slice XL normal? How long until it airs out?,solved,normal,priya32@example.com,"[""product""]",-6503,-5952
TCK-51110,Invoice copy needed,Our dealership needs a copy of last month's TMaaS invoice for accounting. Unit count changed mid-month.,solved,normal,jerome55@example.com,"[""b2b"",""billing""]",-6563,-5894
TCK-51111,Tube man dancing weird,Our Standard Wacky unit is doing more of a slow lean than a wave. Customers are asking if he is ok.,solved,normal,rosa77@example.com,"[""tube-man"",""b2b""]",-6116,-5528
TCK-51112,Where is my order?,Ordered a Sir Reginald Unicorn on 9 days ago. Tracking has not moved. Party is Saturday. Please advise.,solved,normal,zoe27@example.com,"[""wismo""]",-6677,-6278
TCK-51113,Refund request: double charge,Charged twice for order ORD-103165. Bank shows both pending. Please fix.,solved,normal,harriet88@example.com,"[""billing"",""refund""]",-6380,-5527
TCK-51114,Where is my order?,Ordered a Pizza Slice XL on 11 days ago. Tracking has not moved. Party is Saturday. Please advise.,solved,normal,tomasz20@example.com,"[""wismo""]",-6279,-5935
TCK-51115,Repair kit question,Does the repair kit work on the Lazy Kraken tentacle seams or only the body?,solved,normal,bob41@example.com,"[""product""]",-6407,-5665
TCK-51116,Float Club: pause my membership,"Traveling for two months. Can you pause my Float Club box? Do not cancel. I repeat, do not cancel.",solved,normal,zoe87@example.com,"[""float-club""]",-5936,-5687
TCK-51117,Invoice copy needed,Our dealership needs a copy of last month's TMaaS invoice for accounting. Unit count changed mid-month.,solved,normal,bob44@example.com,"[""b2b"",""billing""]",-5827,-5424
TCK-51118,Pizza float smells like vinyl,Is the vinyl smell on the Pizza Slice XL normal? How long until it airs out?,solved,normal,omar38@example.com,"[""product""]",-6352,-6303
TCK-51119,Float Club: pause my membership,"Traveling for two months. Can you pause my Float Club box? Do not cancel. I repeat, do not cancel.",solved,normal,hannah76@example.com,"[""float-club""]",-5927,-5682
TCK-51120,Swan for a wedding?,Is the Colossal Swan available in white only? Wedding is in August. It will be in the photos. It IS the photos.,solved,normal,pearl67@example.com,"[""product"",""presales""]",-5950,-5537
TCK-51121,Swan for a wedding?,Is the Colossal Swan available in white only? Wedding is in August. It will be in the photos. It IS the photos.,solved,normal,greg55@example.com,"[""product"",""presales""]",-6176,-6099
TCK-51122,Tube man dancing weird,Our Standard Wacky unit is doing more of a slow lean than a wave. Customers are asking if he is ok.,solved,normal,deshawn49@example.com,"[""tube-man"",""b2b""]",-6223,-6084
TCK-51123,Swan for a wedding?,Is the Colossal Swan available in white only? Wedding is in August. It will be in the photos. It IS the photos.,solved,normal,aisha95@example.com,"[""product"",""presales""]",-6176,-6020
TCK-51124,Bounce house booking change,Need to move our Castle Classic rental from Sat to Sun. Same address. Kid changed the theme again.,solved,normal,flo75@example.com,"[""bounce"",""booking""]",-5945,-5515
TCK-51125,Invoice copy needed,Our dealership needs a copy of last month's TMaaS invoice for accounting. Unit count changed mid-month.,solved,normal,curtis49@example.com,"[""b2b"",""billing""]",-6340,-6004
TCK-51126,Sir Reginald has a slow leak,Sir Reginald Unicorn loses about 20% overnight. Within warranty. What are my options?,solved,normal,arthur28@example.com,"[""warranty""]",-6629,-5949
TCK-51127,Tube man dancing weird,Our Standard Wacky unit is doing more of a slow lean than a wave. Customers are asking if he is ok.,solved,normal,nadia10@example.com,"[""tube-man"",""b2b""]",-6087,-5723
TCK-51128,Invoice copy needed,Our dealership needs a copy of last month's TMaaS invoice for accounting. Unit count changed mid-month.,solved,normal,keiko84@example.com,"[""b2b"",""billing""]",-6559,-5990
TCK-51129,Where is my order?,Ordered a Colossal Swan on 5 days ago. Tracking has not moved. Party is Saturday. Please advise.,solved,normal,luis72@example.com,"[""wismo""]",-6426,-5688
TCK-51130,Bounce house booking change,Need to move our Castle Classic rental from Sat to Sun. Same address. Kid changed the theme again.,solved,normal,yosef62@example.com,"[""bounce"",""booking""]",-6113,-5520
TCK-51131,Swan for a wedding?,Is the Colossal Swan available in white only? Wedding is in August. It will be in the photos. It IS the photos.,solved,normal,rosa21@example.com,"[""product"",""presales""]",-6538,-5641
TCK-51132,Pizza float smells like vinyl,Is the vinyl smell on the Pizza Slice XL normal? How long until it airs out?,solved,normal,dolores52@example.com,"[""product""]",-6077,-5323
TCK-51133,Where is my order?,Ordered a Lazy Kraken on 9 days ago. Tracking has not moved. Party is Saturday. Please advise.,solved,normal,chen73@example.com,"[""wismo""]",-6704,-5932
TCK-51134,Refund request: double charge,Charged twice for order ORD-100433. Bank shows both pending. Please fix.,solved,normal,umar70@example.com,"[""billing"",""refund""]",-6026,-5191
TCK-51135,Repair kit question,Does the repair kit work on the Lazy Kraken tentacle seams or only the body?,solved,normal,quinn24@example.com,"[""product""]",-5829,-4944
TCK-51136,Refund request: double charge,Charged twice for order ORD-102345. Bank shows both pending. Please fix.,solved,normal,bob17@example.com,"[""billing"",""refund""]",-6297,-5469
TCK-51137,Pizza float smells like vinyl,Is the vinyl smell on the Pizza Slice XL normal? How long until it airs out?,solved,normal,otis82@example.com,"[""product""]",-5909,-5360
TCK-51138,Stadium mascot arm replacement,Our mascot system left arm tore during the seventh inning. Need the replacement panel before Friday's home game.,solved,high,jerome36@example.com,"[""b2b"",""mascot"",""parts""]",-6508,-6188
TCK-51139,Where is my order?,Ordered a Sir Reginald Unicorn on 7 days ago. Tracking has not moved. Party is Saturday. Please advise.,solved,normal,lamar21@example.com,"[""wismo""]",-6683,-5983
TCK-51140,Pizza float smells like vinyl,Is the vinyl smell on the Pizza Slice XL normal? How long until it airs out?,solved,normal,hannah22@example.com,"[""product""]",-6428,-6222
TCK-51141,Valve cap missing from box,My Lazy Kraken arrived without the valve cap. It deflates overnight. Love it otherwise.,solved,normal,nadia72@example.com,"[""parts""]",-6394,-5536
TCK-51142,Bounce house booking change,Need to move our Castle Classic rental from Sat to Sun. Same address. Kid changed the theme again.,solved,normal,linda58@example.com,"[""bounce"",""booking""]",-6253,-5914
TCK-51143,Invoice copy needed,Our dealership needs a copy of last month's TMaaS invoice for accounting. Unit count changed mid-month.,open,normal,curtis62@example.com,"[""b2b"",""billing""]",-6312,-5902
TCK-51144,Tube man dancing weird,Our Standard Wacky unit is doing more of a slow lean than a wave. Customers are asking if he is ok.,open,normal,omar16@example.com,"[""tube-man"",""b2b""]",-6665,-5826
TCK-51145,Where is my order?,Ordered a Lazy Kraken on 6 days ago. Tracking has not moved. Party is Saturday. Please advise.,open,normal,ivan77@example.com,"[""wismo""]",-6442,-6180
TCK-51146,Sir Reginald has a slow leak,Sir Reginald Unicorn loses about 20% overnight. Within warranty. What are my options?,solved,normal,harriet27@example.com,"[""warranty""]",-6206,-5756
TCK-51147,Tube man dancing weird,Our Standard Wacky unit is doing more of a slow lean than a wave. Customers are asking if he is ok.,solved,normal,aisha70@example.com,"[""tube-man"",""b2b""]",-6143,-5599
TCK-51148,Pizza float smells like vinyl,Is the vinyl smell on the Pizza Slice XL normal? How long until it airs out?,solved,normal,deshawn94@example.com,"[""product""]",-6597,-6436
TCK-51149,Stadium mascot arm replacement,Our mascot system left arm tore during the seventh inning. Need the replacement panel before Friday's home game.,solved,high,curtis79@example.com,"[""b2b"",""mascot"",""parts""]",-6555,-6417
TCK-51150,Tube man dancing weird,Our Standard Wacky unit is doing more of a slow lean than a wave. Customers are asking if he is ok.,solved,normal,nellie51@example.com,"[""tube-man"",""b2b""]",-6443,-6208
TCK-51151,Invoice copy needed,Our dealership needs a copy of last month's TMaaS invoice for accounting. Unit count changed mid-month.,open,normal,nellie88@example.com,"[""b2b"",""billing""]",-6138,-5370
TCK-51152,Float Club: pause my membership,"Traveling for two months. Can you pause my Float Club box? Do not cancel. I repeat, do not cancel.",solved,normal,carlos85@example.com,"[""float-club""]",-6142,-5980
TCK-51153,Repair kit question,Does the repair kit work on the Lazy Kraken tentacle seams or only the body?,solved,normal,luis19@example.com,"[""product""]",-6043,-5283
TCK-51154,Address change on subscription,"Moved from Columbus, OH to Bowling Green, OH. Update my Float Club shipping address please.",solved,normal,ingrid8@example.com,"[""float-club"",""account""]",-6399,-6177
TCK-51155,Bounce house wet after rain,The Corporate Retreat Edition got rained on. What is the dry-out protocol before the offsite?,solved,normal,jamal35@example.com,"[""bounce"",""care""]",-5976,-5352
TCK-51156,Invoice copy needed,Our dealership needs a copy of last month's TMaaS invoice for accounting. Unit count changed mid-month.,open,normal,mabel19@example.com,"[""b2b"",""billing""]",-6449,-5748
TCK-51157,Refund request: double charge,Charged twice for order ORD-101087. Bank shows both pending. Please fix.,solved,normal,lamar79@example.com,"[""billing"",""refund""]",-6658,-6173
TCK-51158,Invoice copy needed,Our dealership needs a copy of last month's TMaaS invoice for accounting. Unit count changed mid-month.,solved,normal,flo25@example.com,"[""b2b"",""billing""]",-6369,-6014
TCK-51159,Valve cap missing from box,My Lazy Kraken arrived without the valve cap. It deflates overnight. Love it otherwise.,solved,normal,hannah90@example.com,"[""parts""]",-6715,-6189
TCK-51160,Sir Reginald has a slow leak,Sir Reginald Unicorn loses about 20% overnight. Within warranty. What are my options?,solved,normal,gus45@example.com,"[""warranty""]",-6561,-5965
TCK-51161,Invoice copy needed,Our dealership needs a copy of last month's TMaaS invoice for accounting. Unit count changed mid-month.,open,normal,curtis91@example.com,"[""b2b"",""billing""]",-5859,-5725
TCK-51162,Gift for retirement party,Can I get a tube man for a retirement party for one weekend? He was in HVAC 30 years. It has to flail.,solved,normal,jamal86@example.com,"[""presales"",""tube-man""]",-6420,-5967
TCK-51163,Tube man dancing weird,Our Standard Wacky unit is doing more of a slow lean than a wave. Customers are asking if he is ok.,solved,normal,jerome3@example.com,"[""tube-man"",""b2b""]",-5976,-5871
TCK-51164,Pizza float smells like vinyl,Is the vinyl smell on the Pizza Slice XL normal? How long until it airs out?,solved,normal,yosef29@example.com,"[""product""]",-6360,-6105
TCK-51165,Where is my order?,Ordered a Colossal Swan on 3 days ago. Tracking has not moved. Party is Saturday. Please advise.,solved,normal,ray20@example.com,"[""wismo""]",-6619,-5739
TCK-51166,Gift for retirement party,Can I get a tube man for a retirement party for one weekend? He was in HVAC 30 years. It has to flail.,solved,normal,harriet54@example.com,"[""presales"",""tube-man""]",-6016,-5598
TCK-51167,Stadium mascot arm replacement,Our mascot system left arm tore during the seventh inning. Need the replacement panel before Friday's home game.,solved,high,ray11@example.com,"[""b2b"",""mascot"",""parts""]",-6384,-5971
TCK-51168,Pizza float smells like vinyl,Is the vinyl smell on the Pizza Slice XL normal? How long until it airs out?,solved,normal,ximena6@example.com,"[""product""]",-6509,-6021
TCK-51169,Refund request: double charge,Charged twice for order ORD-102105. Bank shows both pending. Please fix.,open,normal,dolores39@example.com,"[""billing"",""refund""]",-5871,-5761
TCK-51170,Bounce house booking change,Need to move our Castle Classic rental from Sat to Sun. Same address. Kid changed the theme again.,solved,normal,ingrid9@example.com,"[""bounce"",""booking""]",-5840,-5783
TCK-51171,Bounce house booking change,Need to move our Castle Classic rental from Sat to Sun. Same address. Kid changed the theme again.,solved,normal,jerome16@example.com,"[""bounce"",""booking""]",-6632,-5981
TCK-51172,Stadium mascot arm replacement,Our mascot system left arm tore during the seventh inning. Need the replacement panel before Friday's home game.,solved,high,bettye50@example.com,"[""b2b"",""mascot"",""parts""]",-6281,-5533
TCK-51173,Invoice copy needed,Our dealership needs a copy of last month's TMaaS invoice for accounting. Unit count changed mid-month.,solved,normal,ximena86@example.com,"[""b2b"",""billing""]",-5821,-5110
TCK-51174,Invoice copy needed,Our dealership needs a copy of last month's TMaaS invoice for accounting. Unit count changed mid-month.,solved,normal,dolores24@example.com,"[""b2b"",""billing""]",-6553,-6500
TCK-51175,Tube man dancing weird,Our Standard Wacky unit is doing more of a slow lean than a wave. Customers are asking if he is ok.,solved,normal,otis79@example.com,"[""tube-man"",""b2b""]",-6100,-5965
TCK-51176,Float Club: pause my membership,"Traveling for two months. Can you pause my Float Club box? Do not cancel. I repeat, do not cancel.",open,normal,tomasz20@example.com,"[""float-club""]",-4670,-4237
TCK-51177,Valve cap missing from box,My Colossal Swan arrived without the valve cap. It deflates overnight. Love it otherwise.,open,normal,harriet17@example.com,"[""parts""]",-4408,-3513
TCK-51178,Bounce house booking change,Need to move our Castle Classic rental from Sat to Sun. Same address. Kid changed the theme again.,solved,normal,ernesto59@example.com,"[""bounce"",""booking""]",-5060,-4324
TCK-51179,Stadium mascot arm replacement,Our mascot system left arm tore during the seventh inning. Need the replacement panel before Friday's home game.,solved,high,dolores25@example.com,"[""b2b"",""mascot"",""parts""]",-5069,-4402
TCK-51180,Float Club: pause my membership,"Traveling for two months. Can you pause my Float Club box? Do not cancel. I repeat, do not cancel.",solved,normal,nadia22@example.com,"[""float-club""]",-5149,-4478
TCK-51181,Bounce house booking change,Need to move our Castle Classic rental from Sat to Sun. Same address. Kid changed the theme again.,solved,normal,curtis22@example.com,"[""bounce"",""booking""]",-4534,-4454
TCK-51182,Bounce house booking change,Need to move our Castle Classic rental from Sat to Sun. Same address. Kid changed the theme again.,solved,normal,harriet58@example.com,"[""bounce"",""booking""]",-4981,-4642
TCK-51183,Pizza float smells like vinyl,Is the vinyl smell on the Pizza Slice XL normal? How long until it airs out?,solved,normal,bob47@example.com,"[""product""]",-4919,-4214
TCK-51184,Refund request: double charge,Charged twice for order ORD-101710. Bank shows both pending. Please fix.,solved,normal,wes48@example.com,"[""billing"",""refund""]",-5028,-4959
TCK-51185,Bounce house wet after rain,The Corporate Retreat Edition got rained on. What is the dry-out protocol before the offsite?,solved,normal,bettye33@example.com,"[""bounce"",""care""]",-4434,-3981
TCK-51186,Bounce house wet after rain,The Corporate Retreat Edition got rained on. What is the dry-out protocol before the offsite?,solved,normal,curtis64@example.com,"[""bounce"",""care""]",-4614,-3749
TCK-51187,Repair kit question,Does the repair kit work on the Lazy Kraken tentacle seams or only the body?,open,normal,ivan26@example.com,"[""product""]",-5283,-4468
TCK-51188,Tube man dancing weird,Our Standard Wacky unit is doing more of a slow lean than a wave. Customers are asking if he is ok.,solved,normal,carlos50@example.com,"[""tube-man"",""b2b""]",-5331,-4604
TCK-51189,Swan for a wedding?,Is the Colossal Swan available in white only? Wedding is in August. It will be in the photos. It IS the photos.,solved,normal,mo91@example.com,"[""product"",""presales""]",-4808,-4586
TCK-51190,Tube man dancing weird,Our Standard Wacky unit is doing more of a slow lean than a wave. Customers are asking if he is ok.,solved,normal,yosef88@example.com,"[""tube-man"",""b2b""]",-4702,-4269
TCK-51191,Bounce house wet after rain,The Corporate Retreat Edition got rained on. What is the dry-out protocol before the offsite?,solved,normal,flo10@example.com,"[""bounce"",""care""]",-5324,-5037
TCK-51192,Refund request: double charge,Charged twice for order ORD-102641. Bank shows both pending. Please fix.,solved,normal,tomasz66@example.com,"[""billing"",""refund""]",-5162,-4497
TCK-51193,Address change on subscription,"Moved from Toledo, OH to Ann Arbor, MI. Update my Float Club shipping address please.",solved,normal,linda41@example.com,"[""float-club"",""account""]",-5022,-4983
TCK-51194,Gift for retirement party,Can I get a tube man for a retirement party for one weekend? He was in HVAC 30 years. It has to flail.,solved,normal,bettye10@example.com,"[""presales"",""tube-man""]",-4921,-4752
TCK-51195,Refund request: double charge,Charged twice for order ORD-100315. Bank shows both pending. Please fix.,solved,normal,yosef4@example.com,"[""billing"",""refund""]",-4969,-4188
TCK-51196,Gift for retirement party,Can I get a tube man for a retirement party for one weekend? He was in HVAC 30 years. It has to flail.,solved,normal,omar56@example.com,"[""presales"",""tube-man""]",-4522,-4211
TCK-51197,Tube man dancing weird,Our Standard Wacky unit is doing more of a slow lean than a wave. Customers are asking if he is ok.,solved,normal,jamal54@example.com,"[""tube-man"",""b2b""]",-4723,-3886
TCK-51198,Swan for a wedding?,Is the Colossal Swan available in white only? Wedding is in August. It will be in the photos. It IS the photos.,solved,normal,bob6@example.com,"[""product"",""presales""]",-4391,-4028
TCK-51199,Repair kit question,Does the repair kit work on the Lazy Kraken tentacle seams or only the body?,solved,normal,ray17@example.com,"[""product""]",-4413,-3553
TCK-51200,Bounce house booking change,Need to move our Castle Classic rental from Sat to Sun. Same address. Kid changed the theme again.,solved,normal,ernesto28@example.com,"[""bounce"",""booking""]",-5274,-4520
TCK-51201,Bounce house booking change,Need to move our Castle Classic rental from Sat to Sun. Same address. Kid changed the theme again.,solved,normal,vera76@example.com,"[""bounce"",""booking""]",-5052,-4428
TCK-51202,Repair kit question,Does the repair kit work on the Lazy Kraken tentacle seams or only the body?,solved,normal,flo71@example.com,"[""product""]",-4807,-4690
TCK-51203,Bounce house wet after rain,The Corporate Retreat Edition got rained on. What is the dry-out protocol before the offsite?,open,normal,vera7@example.com,"[""bounce"",""care""]",-4981,-4666
TCK-51204,Pizza float smells like vinyl,Is the vinyl smell on the Pizza Slice XL normal? How long until it airs out?,solved,normal,aisha73@example.com,"[""product""]",-4776,-4088
TCK-51205,Bounce house wet after rain,The Corporate Retreat Edition got rained on. What is the dry-out protocol before the offsite?,solved,normal,mabel65@example.com,"[""bounce"",""care""]",-4529,-4128
TCK-51206,Gift for retirement party,Can I get a tube man for a retirement party for one weekend? He was in HVAC 30 years. It has to flail.,solved,normal,nadia44@example.com,"[""presales"",""tube-man""]",-5035,-4874
TCK-51207,Address change on subscription,"Moved from Findlay, OH to Sandusky, OH. Update my Float Club shipping address please.",solved,normal,harriet19@example.com,"[""float-club"",""account""]",-4380,-3540
TCK-51208,Tube man dancing weird,Our Standard Wacky unit is doing more of a slow lean than a wave. Customers are asking if he is ok.,solved,normal,bob63@example.com,"[""tube-man"",""b2b""]",-5114,-4479
TCK-51209,Invoice copy needed,Our dealership needs a copy of last month's TMaaS invoice for accounting. Unit count changed mid-month.,open,normal,ray86@example.com,"[""b2b"",""billing""]",-4742,-4566
TCK-51210,Valve cap missing from box,My Lazy Kraken arrived without the valve cap. It deflates overnight. Love it otherwise.,solved,normal,ximena37@example.com,"[""parts""]",-5185,-4503
TCK-51211,Gift for retirement party,Can I get a tube man for a retirement party for one weekend? He was in HVAC 30 years. It has to flail.,solved,normal,otis10@example.com,"[""presales"",""tube-man""]",-4919,-4813
TCK-51212,Where is my order?,Ordered a Colossal Swan on 6 days ago. Tracking has not moved. Party is Saturday. Please advise.,solved,normal,lamar70@example.com,"[""wismo""]",-4414,-4067
TCK-51213,Stadium mascot arm replacement,Our mascot system left arm tore during the seventh inning. Need the replacement panel before Friday's home game.,solved,high,rosa60@example.com,"[""b2b"",""mascot"",""parts""]",-5145,-4995
TCK-51214,Sir Reginald has a slow leak,Sir Reginald Unicorn loses about 20% overnight. Within warranty. What are my options?,solved,normal,zoe77@example.com,"[""warranty""]",-4671,-3898
TCK-51215,Address change on subscription,"Moved from Akron, OH to South Bend, IN. Update my Float Club shipping address please.",solved,normal,margaret64@example.com,"[""float-club"",""account""]",-4888,-4577
TCK-51216,Where is my order?,Ordered a Colossal Swan on 5 days ago. Tracking has not moved. Party is Saturday. Please advise.,solved,normal,tina89@example.com,"[""wismo""]",-4517,-4038
TCK-51217,Gift for retirement party,Can I get a tube man for a retirement party for one weekend? He was in HVAC 30 years. It has to flail.,solved,normal,bettye97@example.com,"[""presales"",""tube-man""]",-4750,-4669
TCK-51218,Bounce house wet after rain,The Corporate Retreat Edition got rained on. What is the dry-out protocol before the offsite?,solved,normal,pearl52@example.com,"[""bounce"",""care""]",-4834,-4328
TCK-51219,Tube man dancing weird,Our Standard Wacky unit is doing more of a slow lean than a wave. Customers are asking if he is ok.,solved,normal,quinn5@example.com,"[""tube-man"",""b2b""]",-5034,-4543
TCK-51220,Tube man dancing weird,Our Standard Wacky unit is doing more of a slow lean than a wave. Customers are asking if he is ok.,solved,normal,ingrid92@example.com,"[""tube-man"",""b2b""]",-4462,-3720
TCK-51221,Invoice copy needed,Our dealership needs a copy of last month's TMaaS invoice for accounting. Unit count changed mid-month.,solved,normal,dolores90@example.com,"[""b2b"",""billing""]",-4916,-4705
TCK-51222,Swan for a wedding?,Is the Colossal Swan available in white only? Wedding is in August. It will be in the photos. It IS the photos.,open,normal,lamar88@example.com,"[""product"",""presales""]",-4813,-4217
TCK-51223,Sir Reginald has a slow leak,Sir Reginald Unicorn loses about 20% overnight. Within warranty. What are my options?,solved,normal,carlos35@example.com,"[""warranty""]",-4936,-4303
TCK-51224,Invoice copy needed,Our dealership needs a copy of last month's TMaaS invoice for accounting. Unit count changed mid-month.,solved,normal,tina59@example.com,"[""b2b"",""billing""]",-4912,-4178
TCK-51225,Gift for retirement party,Can I get a tube man for a retirement party for one weekend? He was in HVAC 30 years. It has to flail.,solved,normal,tomasz53@example.com,"[""presales"",""tube-man""]",-4892,-4541
TCK-51226,Tube man dancing weird,Our Standard Wacky unit is doing more of a slow lean than a wave. Customers are asking if he is ok.,solved,normal,wes42@example.com,"[""tube-man"",""b2b""]",-5165,-4728
TCK-51227,Where is my order?,Ordered a Lazy Kraken on 9 days ago. Tracking has not moved. Party is Saturday. Please advise.,solved,normal,aisha22@example.com,"[""wismo""]",-5114,-4400
TCK-51228,Bounce house wet after rain,The Corporate Retreat Edition got rained on. What is the dry-out protocol before the offsite?,solved,normal,yuki75@example.com,"[""bounce"",""care""]",-4692,-4158
TCK-51229,Gift for retirement party,Can I get a tube man for a retirement party for one weekend? He was in HVAC 30 years. It has to flail.,solved,normal,luis58@example.com,"[""presales"",""tube-man""]",-4703,-3942
TCK-51230,Valve cap missing from box,My Sir Reginald Unicorn arrived without the valve cap. It deflates overnight. Love it otherwise.,solved,normal,ivan10@example.com,"[""parts""]",-5061,-4214
TCK-51231,Refund request: double charge,Charged twice for order ORD-102074. Bank shows both pending. Please fix.,solved,normal,vera71@example.com,"[""billing"",""refund""]",-4815,-4646
TCK-51232,Gift for retirement party,Can I get a tube man for a retirement party for one weekend? He was in HVAC 30 years. It has to flail.,solved,normal,lamar13@example.com,"[""presales"",""tube-man""]",-5189,-5012
TCK-51233,Pizza float smells like vinyl,Is the vinyl smell on the Pizza Slice XL normal? How long until it airs out?,solved,normal,tomasz85@example.com,"[""product""]",-4535,-4206
TCK-51234,Pizza float smells like vinyl,Is the vinyl smell on the Pizza Slice XL normal? How long until it airs out?,solved,normal,nellie72@example.com,"[""product""]",-4538,-4476
TCK-51235,Valve cap missing from box,My Lazy Kraken arrived without the valve cap. It deflates overnight. Love it otherwise.,solved,normal,tomasz75@example.com,"[""parts""]",-4824,-4434
TCK-51236,Bounce house booking change,Need to move our Castle Classic rental from Sat to Sun. Same address. Kid changed the theme again.,solved,normal,margaret19@example.com,"[""bounce"",""booking""]",-5325,-4978
TCK-51237,Where is my order?,Ordered a Colossal Swan on 3 days ago. Tracking has not moved. Party is Saturday. Please advise.,solved,normal,luis13@example.com,"[""wismo""]",-4637,-4066
TCK-51238,Where is my order?,Ordered a Pizza Slice XL on 5 days ago. Tracking has not moved. Party is Saturday. Please advise.,solved,normal,zoe26@example.com,"[""wismo""]",-4667,-4252
TCK-51239,Valve cap missing from box,My Colossal Swan arrived without the valve cap. It deflates overnight. Love it otherwise.,solved,normal,zoe96@example.com,"[""parts""]",-4550,-4225
TCK-51240,Float Club: pause my membership,"Traveling for two months. Can you pause my Float Club box? Do not cancel. I repeat, do not cancel.",solved,normal,jerome78@example.com,"[""float-club""]",-5276,-4795
TCK-51241,Address change on subscription,"Moved from Fort Wayne, IN to Sandusky, OH. Update my Float Club shipping address please.",solved,normal,luis63@example.com,"[""float-club"",""account""]",-4848,-4534
TCK-51242,Float Club: pause my membership,"Traveling for two months. Can you pause my Float Club box? Do not cancel. I repeat, do not cancel.",solved,normal,greg46@example.com,"[""float-club""]",-4873,-4795
TCK-51243,Bounce house booking change,Need to move our Castle Classic rental from Sat to Sun. Same address. Kid changed the theme again.,solved,normal,arthur88@example.com,"[""bounce"",""booking""]",-5070,-4285
TCK-51244,Repair kit question,Does the repair kit work on the Lazy Kraken tentacle seams or only the body?,solved,normal,otis67@example.com,"[""product""]",-4942,-4159
TCK-51245,Stadium mascot arm replacement,Our mascot system left arm tore during the seventh inning. Need the replacement panel before Friday's home game.,open,high,jerome92@example.com,"[""b2b"",""mascot"",""parts""]",-4604,-3717
TCK-51246,Gift for retirement party,Can I get a tube man for a retirement party for one weekend? He was in HVAC 30 years. It has to flail.,solved,normal,zoe30@example.com,"[""presales"",""tube-man""]",-4752,-4156
TCK-51247,Sir Reginald has a slow leak,Sir Reginald Unicorn loses about 20% overnight. Within warranty. What are my options?,solved,normal,rosa61@example.com,"[""warranty""]",-4603,-3864
TCK-51248,Repair kit question,Does the repair kit work on the Lazy Kraken tentacle seams or only the body?,solved,normal,curtis73@example.com,"[""product""]",-4921,-4224
TCK-51249,Bounce house wet after rain,The Corporate Retreat Edition got rained on. What is the dry-out protocol before the offsite?,solved,normal,mabel41@example.com,"[""bounce"",""care""]",-4916,-4064
TCK-51250,Stadium mascot arm replacement,Our mascot system left arm tore during the seventh inning. Need the replacement panel before Friday's home game.,solved,high,tina57@example.com,"[""b2b"",""mascot"",""parts""]",-5283,-4635
TCK-51251,Stadium mascot arm replacement,Our mascot system left arm tore during the seventh inning. Need the replacement panel before Friday's home game.,solved,high,kitty49@example.com,"[""b2b"",""mascot"",""parts""]",-4815,-4563
TCK-51252,Swan for a wedding?,Is the Colossal Swan available in white only? Wedding is in August. It will be in the photos. It IS the photos.,solved,normal,hannah4@example.com,"[""product"",""presales""]",-4946,-4777
TCK-51253,Bounce house booking change,Need to move our Castle Classic rental from Sat to Sun. Same address. Kid changed the theme again.,solved,normal,jamal72@example.com,"[""bounce"",""booking""]",-4635,-4419
TCK-51254,Invoice copy needed,Our dealership needs a copy of last month's TMaaS invoice for accounting. Unit count changed mid-month.,solved,normal,arthur14@example.com,"[""b2b"",""billing""]",-4664,-4210
TCK-51255,Stadium mascot arm replacement,Our mascot system left arm tore during the seventh inning. Need the replacement panel before Friday's home game.,solved,high,kitty95@example.com,"[""b2b"",""mascot"",""parts""]",-5285,-4692
TCK-51256,Refund request: double charge,Charged twice for order ORD-100379. Bank shows both pending. Please fix.,solved,normal,yosef63@example.com,"[""billing"",""refund""]",-4527,-3702
TCK-51257,Swan for a wedding?,Is the Colossal Swan available in white only? Wedding is in August. It will be in the photos. It IS the photos.,solved,normal,bob93@example.com,"[""product"",""presales""]",-4766,-4050
TCK-51258,Refund request: double charge,Charged twice for order ORD-100847. Bank shows both pending. Please fix.,solved,normal,pearl12@example.com,"[""billing"",""refund""]",-5225,-5127
TCK-51259,Gift for retirement party,Can I get a tube man for a retirement party for one weekend? He was in HVAC 30 years. It has to flail.,solved,normal,stan2@example.com,"[""presales"",""tube-man""]",-4833,-4633
TCK-51260,Repair kit question,Does the repair kit work on the Lazy Kraken tentacle seams or only the body?,solved,normal,tomasz84@example.com,"[""product""]",-5120,-4971
TCK-51261,Repair kit question,Does the repair kit work on the Lazy Kraken tentacle seams or only the body?,solved,normal,greg92@example.com,"[""product""]",-5106,-4746
TCK-51262,Refund request: double charge,Charged twice for order ORD-102457. Bank shows both pending. Please fix.,solved,normal,nadia38@example.com,"[""billing"",""refund""]",-5222,-5161
TCK-51263,Bounce house booking change,Need to move our Castle Classic rental from Sat to Sun. Same address. Kid changed the theme again.,solved,normal,hannah18@example.com,"[""bounce"",""booking""]",-4576,-3789
TCK-51264,Where is my order?,Ordered a Colossal Swan on 5 days ago. Tracking has not moved. Party is Saturday. Please advise.,solved,normal,gus28@example.com,"[""wismo""]",-5214,-4415
TCK-51265,Tube man dancing weird,Our Standard Wacky unit is doing more of a slow lean than a wave. Customers are asking if he is ok.,solved,normal,bettye46@example.com,"[""tube-man"",""b2b""]",-4461,-4042
TCK-51266,Pizza float smells like vinyl,Is the vinyl smell on the Pizza Slice XL normal? How long until it airs out?,solved,normal,margaret44@example.com,"[""product""]",-4899,-4450
TCK-51267,Where is my order?,Ordered a Lazy Kraken on 11 days ago. Tracking has not moved. Party is Saturday. Please advise.,solved,normal,paloma79@example.com,"[""wismo""]",-4421,-3747
TCK-51268,Bounce house booking change,Need to move our Castle Classic rental from Sat to Sun. Same address. Kid changed the theme again.,solved,normal,paloma71@example.com,"[""bounce"",""booking""]",-5128,-4780
TCK-51269,Address change on subscription,"Moved from Fort Wayne, IN to Sandusky, OH. Update my Float Club shipping address please.",solved,normal,curtis37@example.com,"[""float-club"",""account""]",-4783,-4340
TCK-51270,Gift for retirement party,Can I get a tube man for a retirement party for one weekend? He was in HVAC 30 years. It has to flail.,solved,normal,aisha11@example.com,"[""presales"",""tube-man""]",-5018,-4306
TCK-51271,Address change on subscription,"Moved from Toledo, OH to Kalamazoo, MI. Update my Float Club shipping address please.",solved,normal,deshawn44@example.com,"[""float-club"",""account""]",-5062,-4950
TCK-51272,Sir Reginald has a slow leak,Sir Reginald Unicorn loses about 20% overnight. Within warranty. What are my options?,solved,normal,wes16@example.com,"[""warranty""]",-4559,-4445
TCK-51273,Address change on subscription,"Moved from Erie, PA to Dayton, OH. Update my Float Club shipping address please.",solved,normal,yosef99@example.com,"[""float-club"",""account""]",-4395,-3815
TCK-51274,Invoice copy needed,Our dealership needs a copy of last month's TMaaS invoice for accounting. Unit count changed mid-month.,solved,normal,linda90@example.com,"[""b2b"",""billing""]",-4769,-4259
TCK-51275,Swan for a wedding?,Is the Colossal Swan available in white only? Wedding is in August. It will be in the photos. It IS the photos.,solved,normal,curtis42@example.com,"[""product"",""presales""]",-4609,-4359
TCK-51276,Gift for retirement party,Can I get a tube man for a retirement party for one weekend? He was in HVAC 30 years. It has to flail.,solved,normal,jerome42@example.com,"[""presales"",""tube-man""]",-4897,-4549
TCK-51277,Pizza float smells like vinyl,Is the vinyl smell on the Pizza Slice XL normal? How long until it airs out?,solved,normal,tomasz71@example.com,"[""product""]",-4584,-3691
TCK-51278,Tube man dancing weird,Our Standard Wacky unit is doing more of a slow lean than a wave. Customers are asking if he is ok.,solved,normal,mabel97@example.com,"[""tube-man"",""b2b""]",-4489,-4044
TCK-51279,Tube man dancing weird,Our Standard Wacky unit is doing more of a slow lean than a wave. Customers are asking if he is ok.,solved,normal,umar32@example.com,"[""tube-man"",""b2b""]",-4742,-4243
TCK-51280,Bounce house booking change,Need to move our Castle Classic rental from Sat to Sun. Same address. Kid changed the theme again.,solved,normal,umar86@example.com,"[""bounce"",""booking""]",-5286,-4638
TCK-51281,Address change on subscription,"Moved from Dayton, OH to Columbus, OH. Update my Float Club shipping address please.",solved,normal,umar94@example.com,"[""float-club"",""account""]",-5127,-4999
TCK-51282,Stadium mascot arm replacement,Our mascot system left arm tore during the seventh inning. Need the replacement panel before Friday's home game.,solved,high,stan84@example.com,"[""b2b"",""mascot"",""parts""]",-4984,-4490
TCK-51283,Stadium mascot arm replacement,Our mascot system left arm tore during the seventh inning. Need the replacement panel before Friday's home game.,solved,high,paloma48@example.com,"[""b2b"",""mascot"",""parts""]",-4791,-4123
TCK-51284,Bounce house booking change,Need to move our Castle Classic rental from Sat to Sun. Same address. Kid changed the theme again.,solved,normal,nadia97@example.com,"[""bounce"",""booking""]",-4609,-3762
TCK-51285,Swan for a wedding?,Is the Colossal Swan available in white only? Wedding is in August. It will be in the photos. It IS the photos.,open,normal,greg28@example.com,"[""product"",""presales""]",-4825,-4544
TCK-51286,Valve cap missing from box,My Pizza Slice XL arrived without the valve cap. It deflates overnight. Love it otherwise.,solved,normal,gus63@example.com,"[""parts""]",-4809,-4710
TCK-51287,Gift for retirement party,Can I get a tube man for a retirement party for one weekend? He was in HVAC 30 years. It has to flail.,solved,normal,vera2@example.com,"[""presales"",""tube-man""]",-4948,-4278
TCK-51288,Pizza float smells like vinyl,Is the vinyl smell on the Pizza Slice XL normal? How long until it airs out?,solved,normal,greg45@example.com,"[""product""]",-4476,-4028
TCK-51289,Stadium mascot arm replacement,Our mascot system left arm tore during the seventh inning. Need the replacement panel before Friday's home game.,solved,high,ximena38@example.com,"[""b2b"",""mascot"",""parts""]",-5245,-5178
TCK-51290,Bounce house wet after rain,The Corporate Retreat Edition got rained on. What is the dry-out protocol before the offsite?,solved,normal,luis70@example.com,"[""bounce"",""care""]",-5014,-4610
TCK-51291,Bounce house booking change,Need to move our Castle Classic rental from Sat to Sun. Same address. Kid changed the theme again.,solved,normal,paloma84@example.com,"[""bounce"",""booking""]",-4693,-3891
TCK-51292,Invoice copy needed,Our dealership needs a copy of last month's TMaaS invoice for accounting. Unit count changed mid-month.,solved,normal,lamar4@example.com,"[""b2b"",""billing""]",-4835,-4149
TCK-51293,Address change on subscription,"Moved from Columbus, OH to Akron, OH. Update my Float Club shipping address please.",solved,normal,aisha2@example.com,"[""float-club"",""account""]",-5003,-4231
TCK-51294,Address change on subscription,"Moved from Ann Arbor, MI to Toledo, OH. Update my Float Club shipping address please.",solved,normal,greg1@example.com,"[""float-club"",""account""]",-4781,-4701
TCK-51295,Stadium mascot arm replacement,Our mascot system left arm tore during the seventh inning. Need the replacement panel before Friday's home game.,solved,high,luis81@example.com,"[""b2b"",""mascot"",""parts""]",-4898,-4638
TCK-51296,Bounce house wet after rain,The Corporate Retreat Edition got rained on. What is the dry-out protocol before the offsite?,solved,normal,jamal9@example.com,"[""bounce"",""care""]",-4511,-4463
TCK-51297,Stadium mascot arm replacement,Our mascot system left arm tore during the seventh inning. Need the replacement panel before Friday's home game.,solved,high,gus87@example.com,"[""b2b"",""mascot"",""parts""]",-4957,-4536
TCK-51298,Pizza float smells like vinyl,Is the vinyl smell on the Pizza Slice XL normal? How long until it airs out?,solved,normal,margaret47@example.com,"[""product""]",-5130,-4565
TCK-51299,Pizza float smells like vinyl,Is the vinyl smell on the Pizza Slice XL normal? How long until it airs out?,solved,normal,vera93@example.com,"[""product""]",-4843,-4314
TCK-51300,Valve cap missing from box,My Colossal Swan arrived without the valve cap. It deflates overnight. Love it otherwise.,solved,normal,lamar27@example.com,"[""parts""]",-4701,-4266
TCK-51301,Invoice copy needed,Our dealership needs a copy of last month's TMaaS invoice for accounting. Unit count changed mid-month.,solved,normal,pearl51@example.com,"[""b2b"",""billing""]",-4834,-4217
TCK-51302,Repair kit question,Does the repair kit work on the Lazy Kraken tentacle seams or only the body?,solved,normal,harriet50@example.com,"[""product""]",-5055,-4869
TCK-51303,Pizza float smells like vinyl,Is the vinyl smell on the Pizza Slice XL normal? How long until it airs out?,solved,normal,wes58@example.com,"[""product""]",-4981,-4415
TCK-51304,Repair kit question,Does the repair kit work on the Lazy Kraken tentacle seams or only the body?,solved,normal,fatima19@example.com,"[""product""]",-5220,-4605
TCK-51305,Swan for a wedding?,Is the Colossal Swan available in white only? Wedding is in August. It will be in the photos. It IS the photos.,solved,normal,carlos17@example.com,"[""product"",""presales""]",-5033,-4688
TCK-51307,Float Club: pause my membership,"Traveling for two months. Can you pause my Float Club box? Do not cancel. I repeat, do not cancel.",solved,normal,nadia96@example.com,"[""float-club""]",-4771,-4404
TCK-51308,Pizza float smells like vinyl,Is the vinyl smell on the Pizza Slice XL normal? How long until it airs out?,solved,normal,zoe15@example.com,"[""product""]",-4875,-4458
TCK-51309,Gift for retirement party,Can I get a tube man for a retirement party for one weekend? He was in HVAC 30 years. It has to flail.,solved,normal,paloma68@example.com,"[""presales"",""tube-man""]",-4699,-3993
TCK-51310,Pizza float smells like vinyl,Is the vinyl smell on the Pizza Slice XL normal? How long until it airs out?,solved,normal,ivan89@example.com,"[""product""]",-4973,-4921
TCK-51311,Invoice copy needed,Our dealership needs a copy of last month's TMaaS invoice for accounting. Unit count changed mid-month.,solved,normal,lamar15@example.com,"[""b2b"",""billing""]",-4944,-4313
TCK-51312,Invoice copy needed,Our dealership needs a copy of last month's TMaaS invoice for accounting. Unit count changed mid-month.,solved,normal,kitty13@example.com,"[""b2b"",""billing""]",-5048,-4739
TCK-51313,Float Club: pause my membership,"Traveling for two months. Can you pause my Float Club box? Do not cancel. I repeat, do not cancel.",solved,normal,margaret19@example.com,"[""float-club""]",-4509,-4247
TCK-51314,Sir Reginald has a slow leak,Sir Reginald Unicorn loses about 20% overnight. Within warranty. What are my options?,solved,normal,stan94@example.com,"[""warranty""]",-5174,-4599
TCK-51315,Repair kit question,Does the repair kit work on the Lazy Kraken tentacle seams or only the body?,solved,normal,carlos52@example.com,"[""product""]",-5153,-4439
TCK-51316,Sir Reginald has a slow leak,Sir Reginald Unicorn loses about 20% overnight. Within warranty. What are my options?,solved,normal,paloma91@example.com,"[""warranty""]",-4670,-3876
TCK-51317,Tube man dancing weird,Our Standard Wacky unit is doing more of a slow lean than a wave. Customers are asking if he is ok.,solved,normal,gus90@example.com,"[""tube-man"",""b2b""]",-4983,-4942
TCK-51318,Repair kit question,Does the repair kit work on the Lazy Kraken tentacle seams or only the body?,solved,normal,rosa85@example.com,"[""product""]",-5223,-4900
TCK-51319,Sir Reginald has a slow leak,Sir Reginald Unicorn loses about 20% overnight. Within warranty. What are my options?,solved,normal,wes46@example.com,"[""warranty""]",-4576,-3784
TCK-51320,Valve cap missing from box,My Sir Reginald Unicorn arrived without the valve cap. It deflates overnight. Love it otherwise.,solved,normal,kitty49@example.com,"[""parts""]",-4692,-4165
TCK-51321,Sir Reginald has a slow leak,Sir Reginald Unicorn loses about 20% overnight. Within warranty. What are my options?,solved,normal,priya99@example.com,"[""warranty""]",-4900,-4382
TCK-51322,Sir Reginald has a slow leak,Sir Reginald Unicorn loses about 20% overnight. Within warranty. What are my options?,solved,normal,yuki60@example.com,"[""warranty""]",-4994,-4444
TCK-51323,Swan for a wedding?,Is the Colossal Swan available in white only? Wedding is in August. It will be in the photos. It IS the photos.,solved,normal,margaret35@example.com,"[""product"",""presales""]",-4877,-4164
TCK-51324,Where is my order?,Ordered a Sir Reginald Unicorn on 4 days ago. Tracking has not moved. Party is Saturday. Please advise.,solved,normal,nellie75@example.com,"[""wismo""]",-4933,-4076
TCK-51325,Pizza float smells like vinyl,Is the vinyl smell on the Pizza Slice XL normal? How long until it airs out?,solved,normal,chen46@example.com,"[""product""]",-5183,-4673
TCK-51326,Gift for retirement party,Can I get a tube man for a retirement party for one weekend? He was in HVAC 30 years. It has to flail.,solved,normal,tomasz25@example.com,"[""presales"",""tube-man""]",-4929,-4792
TCK-51327,Swan for a wedding?,Is the Colossal Swan available in white only? Wedding is in August. It will be in the photos. It IS the photos.,solved,normal,deshawn87@example.com,"[""product"",""presales""]",-4608,-3970
TCK-51328,Bounce house booking change,Need to move our Castle Classic rental from Sat to Sun. Same address. Kid changed the theme again.,open,normal,quinn76@example.com,"[""bounce"",""booking""]",-4475,-4312
TCK-51329,Tube man dancing weird,Our Standard Wacky unit is doing more of a slow lean than a wave. Customers are asking if he is ok.,solved,normal,ximena18@example.com,"[""tube-man"",""b2b""]",-5224,-4659
TCK-51330,Gift for retirement party,Can I get a tube man for a retirement party for one weekend? He was in HVAC 30 years. It has to flail.,open,normal,lamar47@example.com,"[""presales"",""tube-man""]",-4831,-4654
TCK-51331,Invoice copy needed,Our dealership needs a copy of last month's TMaaS invoice for accounting. Unit count changed mid-month.,solved,normal,fatima90@example.com,"[""b2b"",""billing""]",-4422,-3738
TCK-51332,Valve cap missing from box,My Lazy Kraken arrived without the valve cap. It deflates overnight. Love it otherwise.,solved,normal,bettye91@example.com,"[""parts""]",-5266,-4616
TCK-51333,Stadium mascot arm replacement,Our mascot system left arm tore during the seventh inning. Need the replacement panel before Friday's home game.,solved,high,nellie60@example.com,"[""b2b"",""mascot"",""parts""]",-5109,-4224
TCK-51334,Gift for retirement party,Can I get a tube man for a retirement party for one weekend? He was in HVAC 30 years. It has to flail.,solved,normal,curtis65@example.com,"[""presales"",""tube-man""]",-4741,-4014
TCK-51335,Float Club: pause my membership,"Traveling for two months. Can you pause my Float Club box? Do not cancel. I repeat, do not cancel.",solved,normal,umar66@example.com,"[""float-club""]",-5331,-4836
TCK-51336,Valve cap missing from box,My Pizza Slice XL arrived without the valve cap. It deflates overnight. Love it otherwise.,solved,normal,tina62@example.com,"[""parts""]",-5185,-4646
TCK-51337,Bounce house booking change,Need to move our Castle Classic rental from Sat to Sun. Same address. Kid changed the theme again.,solved,normal,dolores2@example.com,"[""bounce"",""booking""]",-5331,-4468
TCK-51338,Where is my order?,Ordered a Sir Reginald Unicorn on 5 days ago. Tracking has not moved. Party is Saturday. Please advise.,solved,normal,umar91@example.com,"[""wismo""]",-4746,-4628
TCK-51339,Sir Reginald has a slow leak,Sir Reginald Unicorn loses about 20% overnight. Within warranty. What are my options?,solved,normal,wes66@example.com,"[""warranty""]",-4496,-3631
TCK-51340,Refund request: double charge,Charged twice for order ORD-100018. Bank shows both pending. Please fix.,open,normal,arthur39@example.com,"[""billing"",""refund""]",-4892,-4358
TCK-51341,Invoice copy needed,Our dealership needs a copy of last month's TMaaS invoice for accounting. Unit count changed mid-month.,solved,normal,jerome8@example.com,"[""b2b"",""billing""]",-4749,-4300
TCK-51342,Address change on subscription,"Moved from Dayton, OH to Columbus, OH. Update my Float Club shipping address please.",solved,normal,ivan30@example.com,"[""float-club"",""account""]",-5122,-5081
TCK-51343,Pizza float smells like vinyl,Is the vinyl smell on the Pizza Slice XL normal? How long until it airs out?,solved,normal,priya42@example.com,"[""product""]",-5264,-4898
TCK-51344,Refund request: double charge,Charged twice for order ORD-103025. Bank shows both pending. Please fix.,solved,normal,wes97@example.com,"[""billing"",""refund""]",-4686,-4470
TCK-51345,Invoice copy needed,Our dealership needs a copy of last month's TMaaS invoice for accounting. Unit count changed mid-month.,solved,normal,ernesto94@example.com,"[""b2b"",""billing""]",-4411,-3790
TCK-51346,Stadium mascot arm replacement,Our mascot system left arm tore during the seventh inning. Need the replacement panel before Friday's home game.,solved,high,arthur28@example.com,"[""b2b"",""mascot"",""parts""]",-5333,-5030
TCK-51347,Gift for retirement party,Can I get a tube man for a retirement party for one weekend? He was in HVAC 30 years. It has to flail.,solved,normal,yosef86@example.com,"[""presales"",""tube-man""]",-4995,-4831
TCK-51348,Repair kit question,Does the repair kit work on the Lazy Kraken tentacle seams or only the body?,solved,normal,curtis75@example.com,"[""product""]",-5194,-4962
TCK-51349,Float Club: pause my membership,"Traveling for two months. Can you pause my Float Club box? Do not cancel. I repeat, do not cancel.",open,normal,hannah45@example.com,"[""float-club""]",-4460,-4334
TCK-51350,Pizza float smells like vinyl,Is the vinyl smell on the Pizza Slice XL normal? How long until it airs out?,solved,normal,curtis90@example.com,"[""product""]",-4983,-4722
TCK-51351,Bounce house booking change,Need to move our Castle Classic rental from Sat to Sun. Same address. Kid changed the theme again.,solved,normal,omar48@example.com,"[""bounce"",""booking""]",-5163,-5092
TCK-51352,Where is my order?,Ordered a Colossal Swan on 7 days ago. Tracking has not moved. Party is Saturday. Please advise.,solved,normal,ernesto15@example.com,"[""wismo""]",-4429,-4177
TCK-51353,Sir Reginald has a slow leak,Sir Reginald Unicorn loses about 20% overnight. Within warranty. What are my options?,solved,normal,pearl26@example.com,"[""warranty""]",-4893,-4571
TCK-51354,Bounce house booking change,Need to move our Castle Classic rental from Sat to Sun. Same address. Kid changed the theme again.,solved,normal,bob34@example.com,"[""bounce"",""booking""]",-4791,-4530
TCK-51355,Where is my order?,Ordered a Sir Reginald Unicorn on 7 days ago. Tracking has not moved. Party is Saturday. Please advise.,solved,normal,pearl62@example.com,"[""wismo""]",-5175,-4810
TCK-51356,Valve cap missing from box,My Colossal Swan arrived without the valve cap. It deflates overnight. Love it otherwise.,solved,normal,ivan16@example.com,"[""parts""]",-4796,-4390
TCK-51357,Repair kit question,Does the repair kit work on the Lazy Kraken tentacle seams or only the body?,solved,normal,omar46@example.com,"[""product""]",-5331,-5014
TCK-51358,Sir Reginald has a slow leak,Sir Reginald Unicorn loses about 20% overnight. Within warranty. What are my options?,solved,normal,bob19@example.com,"[""warranty""]",-4633,-3740
TCK-51359,Gift for retirement party,Can I get a tube man for a retirement party for one weekend? He was in HVAC 30 years. It has to flail.,solved,normal,ernesto71@example.com,"[""presales"",""tube-man""]",-5246,-4578
TCK-51360,Repair kit question,Does the repair kit work on the Lazy Kraken tentacle seams or only the body?,solved,normal,umar12@example.com,"[""product""]",-4469,-3882
TCK-51361,Tube man dancing weird,Our Standard Wacky unit is doing more of a slow lean than a wave. Customers are asking if he is ok.,solved,normal,wes8@example.com,"[""tube-man"",""b2b""]",-4837,-4078
TCK-51362,Sir Reginald has a slow leak,Sir Reginald Unicorn loses about 20% overnight. Within warranty. What are my options?,solved,normal,priya93@example.com,"[""warranty""]",-4585,-4393
TCK-51363,Sir Reginald has a slow leak,Sir Reginald Unicorn loses about 20% overnight. Within warranty. What are my options?,solved,normal,carlos32@example.com,"[""warranty""]",-4969,-4144
TCK-51364,Where is my order?,Ordered a Pizza Slice XL on 10 days ago. Tracking has not moved. Party is Saturday. Please advise.,solved,normal,chen99@example.com,"[""wismo""]",-4542,-3780
TCK-51365,Where is my order?,Ordered a Sir Reginald Unicorn on 6 days ago. Tracking has not moved. Party is Saturday. Please advise.,solved,normal,mo84@example.com,"[""wismo""]",-5264,-5040
TCK-51366,Tube man dancing weird,Our Standard Wacky unit is doing more of a slow lean than a wave. Customers are asking if he is ok.,solved,normal,keiko98@example.com,"[""tube-man"",""b2b""]",-4725,-4675
TCK-51367,Bounce house wet after rain,The Corporate Retreat Edition got rained on. What is the dry-out protocol before the offsite?,solved,normal,jerome24@example.com,"[""bounce"",""care""]",-5289,-5039
TCK-51368,Swan for a wedding?,Is the Colossal Swan available in white only? Wedding is in August. It will be in the photos. It IS the photos.,solved,normal,kitty26@example.com,"[""product"",""presales""]",-5212,-4496
TCK-51369,Sir Reginald has a slow leak,Sir Reginald Unicorn loses about 20% overnight. Within warranty. What are my options?,solved,normal,paloma94@example.com,"[""warranty""]",-5194,-5017
TCK-51370,Tube man dancing weird,Our Standard Wacky unit is doing more of a slow lean than a wave. Customers are asking if he is ok.,solved,normal,omar77@example.com,"[""tube-man"",""b2b""]",-4567,-4362
TCK-51371,Repair kit question,Does the repair kit work on the Lazy Kraken tentacle seams or only the body?,solved,normal,ingrid60@example.com,"[""product""]",-4990,-4278
TCK-51372,Pizza float smells like vinyl,Is the vinyl smell on the Pizza Slice XL normal? How long until it airs out?,solved,normal,ray33@example.com,"[""product""]",-4597,-4320
TCK-51373,Tube man dancing weird,Our Standard Wacky unit is doing more of a slow lean than a wave. Customers are asking if he is ok.,solved,normal,ernesto6@example.com,"[""tube-man"",""b2b""]",-4896,-4355
TCK-51374,Pizza float smells like vinyl,Is the vinyl smell on the Pizza Slice XL normal? How long until it airs out?,solved,normal,ingrid91@example.com,"[""product""]",-4405,-4195
TCK-51375,Where is my order?,Ordered a Colossal Swan on 6 days ago. Tracking has not moved. Party is Saturday. Please advise.,solved,normal,kitty3@example.com,"[""wismo""]",-4653,-3768
TCK-51376,Bounce house wet after rain,The Corporate Retreat Edition got rained on. What is the dry-out protocol before the offsite?,solved,normal,fatima92@example.com,"[""bounce"",""care""]",-4860,-4419
TCK-51377,Gift for retirement party,Can I get a tube man for a retirement party for one weekend? He was in HVAC 30 years. It has to flail.,solved,normal,bob35@example.com,"[""presales"",""tube-man""]",-5195,-4434
TCK-51378,Tube man dancing weird,Our Standard Wacky unit is doing more of a slow lean than a wave. Customers are asking if he is ok.,solved,normal,keiko57@example.com,"[""tube-man"",""b2b""]",-4712,-4160
TCK-51379,Bounce house wet after rain,The Corporate Retreat Edition got rained on. What is the dry-out protocol before the offsite?,solved,normal,nadia97@example.com,"[""bounce"",""care""]",-4694,-4244
TCK-51380,Sir Reginald has a slow leak,Sir Reginald Unicorn loses about 20% overnight. Within warranty. What are my options?,solved,normal,carlos4@example.com,"[""warranty""]",-4869,-3974
TCK-51381,Float Club: pause my membership,"Traveling for two months. Can you pause my Float Club box? Do not cancel. I repeat, do not cancel.",solved,normal,bettye98@example.com,"[""float-club""]",-5072,-4744
TCK-51382,Refund request: double charge,Charged twice for order ORD-101725. Bank shows both pending. Please fix.,solved,normal,ingrid76@example.com,"[""billing"",""refund""]",-4928,-4298
TCK-51383,Gift for retirement party,Can I get a tube man for a retirement party for one weekend? He was in HVAC 30 years. It has to flail.,solved,normal,umar19@example.com,"[""presales"",""tube-man""]",-4704,-4604
TCK-51384,Bounce house booking change,Need to move our Castle Classic rental from Sat to Sun. Same address. Kid changed the theme again.,solved,normal,keiko89@example.com,"[""bounce"",""booking""]",-5193,-4413
TCK-51385,Bounce house wet after rain,The Corporate Retreat Edition got rained on. What is the dry-out protocol before the offsite?,solved,normal,zoe11@example.com,"[""bounce"",""care""]",-4739,-3927
TCK-51386,Swan for a wedding?,Is the Colossal Swan available in white only? Wedding is in August. It will be in the photos. It IS the photos.,solved,normal,nadia97@example.com,"[""product"",""presales""]",-5146,-4843
TCK-51387,Repair kit question,Does the repair kit work on the Lazy Kraken tentacle seams or only the body?,solved,normal,quinn64@example.com,"[""product""]",-4884,-4848
TCK-51388,Bounce house booking change,Need to move our Castle Classic rental from Sat to Sun. Same address. Kid changed the theme again.,solved,normal,quinn47@example.com,"[""bounce"",""booking""]",-4392,-4339
TCK-51389,Swan for a wedding?,Is the Colossal Swan available in white only? Wedding is in August. It will be in the photos. It IS the photos.,solved,normal,tomasz5@example.com,"[""product"",""presales""]",-4422,-3944
TCK-51390,Bounce house booking change,Need to move our Castle Classic rental from Sat to Sun. Same address. Kid changed the theme again.,solved,normal,linda5@example.com,"[""bounce"",""booking""]",-4732,-3976
TCK-51391,Gift for retirement party,Can I get a tube man for a retirement party for one weekend? He was in HVAC 30 years. It has to flail.,solved,normal,harriet43@example.com,"[""presales"",""tube-man""]",-4772,-4574
TCK-51392,Stadium mascot arm replacement,Our mascot system left arm tore during the seventh inning. Need the replacement panel before Friday's home game.,solved,high,gus48@example.com,"[""b2b"",""mascot"",""parts""]",-4664,-4543
TCK-51393,Repair kit question,Does the repair kit work on the Lazy Kraken tentacle seams or only the body?,solved,normal,harriet70@example.com,"[""product""]",-5218,-5066
TCK-51394,Float Club: pause my membership,"Traveling for two months. Can you pause my Float Club box? Do not cancel. I repeat, do not cancel.",solved,normal,jamal67@example.com,"[""float-club""]",-5226,-4528
TCK-51395,Sir Reginald has a slow leak,Sir Reginald Unicorn loses about 20% overnight. Within warranty. What are my options?,solved,normal,stan79@example.com,"[""warranty""]",-4962,-4197
TCK-51396,Where is my order?,Ordered a Colossal Swan on 7 days ago. Tracking has not moved. Party is Saturday. Please advise.,solved,normal,fatima90@example.com,"[""wismo""]",-4716,-4449
TCK-51397,Address change on subscription,"Moved from Bowling Green, OH to Kalamazoo, MI. Update my Float Club shipping address please.",open,normal,bob86@example.com,"[""float-club"",""account""]",-4498,-3604
TCK-51398,Repair kit question,Does the repair kit work on the Lazy Kraken tentacle seams or only the body?,solved,normal,kitty53@example.com,"[""product""]",-5025,-4992
TCK-51399,Address change on subscription,"Moved from Erie, PA to Akron, OH. Update my Float Club shipping address please.",solved,normal,nellie97@example.com,"[""float-club"",""account""]",-4969,-4424
TCK-51400,Refund request: double charge,Charged twice for order ORD-101298. Bank shows both pending. Please fix.,solved,normal,bob43@example.com,"[""billing"",""refund""]",-4991,-4803
TCK-51401,Stadium mascot arm replacement,Our mascot system left arm tore during the seventh inning. Need the replacement panel before Friday's home game.,solved,high,nadia75@example.com,"[""b2b"",""mascot"",""parts""]",-4387,-4347
TCK-51402,Where is my order?,Ordered a Pizza Slice XL on 5 days ago. Tracking has not moved. Party is Saturday. Please advise.,solved,normal,aisha8@example.com,"[""wismo""]",-5220,-5100
TCK-51403,Address change on subscription,"Moved from Fort Wayne, IN to Erie, PA. Update my Float Club shipping address please.",solved,normal,mo52@example.com,"[""float-club"",""account""]",-4568,-4440
TCK-51404,Bounce house wet after rain,The Corporate Retreat Edition got rained on. What is the dry-out protocol before the offsite?,solved,normal,curtis56@example.com,"[""bounce"",""care""]",-4912,-4042
TCK-51405,Where is my order?,Ordered a Lazy Kraken on 7 days ago. Tracking has not moved. Party is Saturday. Please advise.,solved,normal,deshawn42@example.com,"[""wismo""]",-5002,-4558
TCK-51406,Refund request: double charge,Charged twice for order ORD-102404. Bank shows both pending. Please fix.,solved,normal,mo54@example.com,"[""billing"",""refund""]",-5271,-4877
TCK-51407,Refund request: double charge,Charged twice for order ORD-100759. Bank shows both pending. Please fix.,solved,normal,keiko85@example.com,"[""billing"",""refund""]",-5073,-4997
TCK-51408,Tube man dancing weird,Our Standard Wacky unit is doing more of a slow lean than a wave. Customers are asking if he is ok.,solved,normal,carlos99@example.com,"[""tube-man"",""b2b""]",-4851,-4123
TCK-51409,Repair kit question,Does the repair kit work on the Lazy Kraken tentacle seams or only the body?,solved,normal,margaret22@example.com,"[""product""]",-4512,-4335
TCK-51410,Where is my order?,Ordered a Lazy Kraken on 3 days ago. Tracking has not moved. Party is Saturday. Please advise.,solved,normal,vera78@example.com,"[""wismo""]",-4689,-3965
TCK-51411,Address change on subscription,"Moved from Sandusky, OH to Findlay, OH. Update my Float Club shipping address please.",solved,normal,quinn91@example.com,"[""float-club"",""account""]",-4434,-3947
TCK-51412,Bounce house booking change,Need to move our Castle Classic rental from Sat to Sun. Same address. Kid changed the theme again.,solved,normal,ernesto84@example.com,"[""bounce"",""booking""]",-4899,-4468
TCK-51413,Repair kit question,Does the repair kit work on the Lazy Kraken tentacle seams or only the body?,solved,normal,nadia82@example.com,"[""product""]",-4916,-4395
TCK-51414,Valve cap missing from box,My Colossal Swan arrived without the valve cap. It deflates overnight. Love it otherwise.,solved,normal,nellie46@example.com,"[""parts""]",-4563,-3997
TCK-51415,Stadium mascot arm replacement,Our mascot system left arm tore during the seventh inning. Need the replacement panel before Friday's home game.,solved,high,pearl81@example.com,"[""b2b"",""mascot"",""parts""]",-4747,-4462
TCK-51416,Gift for retirement party,Can I get a tube man for a retirement party for one weekend? He was in HVAC 30 years. It has to flail.,solved,normal,quinn87@example.com,"[""presales"",""tube-man""]",-4947,-4073
TCK-51417,Valve cap missing from box,My Sir Reginald Unicorn arrived without the valve cap. It deflates overnight. Love it otherwise.,solved,normal,linda28@example.com,"[""parts""]",-4978,-4531
TCK-51418,Swan for a wedding?,Is the Colossal Swan available in white only? Wedding is in August. It will be in the photos. It IS the photos.,solved,normal,curtis96@example.com,"[""product"",""presales""]",-4849,-4161
TCK-51419,Refund request: double charge,Charged twice for order ORD-103273. Bank shows both pending. Please fix.,solved,normal,yosef64@example.com,"[""billing"",""refund""]",-5334,-4763
TCK-51420,Pizza float smells like vinyl,Is the vinyl smell on the Pizza Slice XL normal? How long until it airs out?,solved,normal,rosa85@example.com,"[""product""]",-4749,-4069
TCK-51421,Valve cap missing from box,My Sir Reginald Unicorn arrived without the valve cap. It deflates overnight. Love it otherwise.,solved,normal,arthur35@example.com,"[""parts""]",-5144,-4292
TCK-51422,Invoice copy needed,Our dealership needs a copy of last month's TMaaS invoice for accounting. Unit count changed mid-month.,solved,normal,quinn27@example.com,"[""b2b"",""billing""]",-4970,-4808
TCK-51423,Pizza float smells like vinyl,Is the vinyl smell on the Pizza Slice XL normal? How long until it airs out?,solved,normal,luis31@example.com,"[""product""]",-5301,-5266
TCK-51424,Invoice copy needed,Our dealership needs a copy of last month's TMaaS invoice for accounting. Unit count changed mid-month.,solved,normal,carlos28@example.com,"[""b2b"",""billing""]",-4875,-4125
TCK-51425,Where is my order?,Ordered a Colossal Swan on 5 days ago. Tracking has not moved. Party is Saturday. Please advise.,solved,normal,ximena62@example.com,"[""wismo""]",-5007,-4946
TCK-51426,Repair kit question,Does the repair kit work on the Lazy Kraken tentacle seams or only the body?,solved,normal,ingrid48@example.com,"[""product""]",-5118,-4993
TCK-51427,Bounce house wet after rain,The Corporate Retreat Edition got rained on. What is the dry-out protocol before the offsite?,solved,normal,quinn92@example.com,"[""bounce"",""care""]",-4988,-4514
TCK-51428,Tube man dancing weird,Our Standard Wacky unit is doing more of a slow lean than a wave. Customers are asking if he is ok.,solved,normal,umar30@example.com,"[""tube-man"",""b2b""]",-4720,-4027
TCK-51429,Stadium mascot arm replacement,Our mascot system left arm tore during the seventh inning. Need the replacement panel before Friday's home game.,solved,high,mabel51@example.com,"[""b2b"",""mascot"",""parts""]",-5306,-4932
TCK-51430,Bounce house booking change,Need to move our Castle Classic rental from Sat to Sun. Same address. Kid changed the theme again.,solved,normal,curtis5@example.com,"[""bounce"",""booking""]",-4831,-4622
TCK-51431,Valve cap missing from box,My Sir Reginald Unicorn arrived without the valve cap. It deflates overnight. Love it otherwise.,solved,normal,mabel93@example.com,"[""parts""]",-4650,-4604
TCK-51432,Gift for retirement party,Can I get a tube man for a retirement party for one weekend? He was in HVAC 30 years. It has to flail.,solved,normal,mabel20@example.com,"[""presales"",""tube-man""]",-4862,-4328
TCK-51433,Pizza float smells like vinyl,Is the vinyl smell on the Pizza Slice XL normal? How long until it airs out?,solved,normal,jerome64@example.com,"[""product""]",-5305,-5184
TCK-51434,Tube man dancing weird,Our Standard Wacky unit is doing more of a slow lean than a wave. Customers are asking if he is ok.,open,normal,zoe63@example.com,"[""tube-man"",""b2b""]",-4893,-4412
TCK-51435,Sir Reginald has a slow leak,Sir Reginald Unicorn loses about 20% overnight. Within warranty. What are my options?,solved,normal,ximena87@example.com,"[""warranty""]",-4700,-4448
TCK-51436,Where is my order?,Ordered a Lazy Kraken on 4 days ago. Tracking has not moved. Party is Saturday. Please advise.,solved,normal,stan49@example.com,"[""wismo""]",-4494,-4283
TCK-51437,Stadium mascot arm replacement,Our mascot system left arm tore during the seventh inning. Need the replacement panel before Friday's home game.,solved,high,dolores15@example.com,"[""b2b"",""mascot"",""parts""]",-4606,-4146
TCK-51438,Swan for a wedding?,Is the Colossal Swan available in white only? Wedding is in August. It will be in the photos. It IS the photos.,solved,normal,greg93@example.com,"[""product"",""presales""]",-5289,-4711
TCK-51439,Valve cap missing from box,My Sir Reginald Unicorn arrived without the valve cap. It deflates overnight. Love it otherwise.,solved,normal,carlos73@example.com,"[""parts""]",-5316,-5023
TCK-51440,Swan for a wedding?,Is the Colossal Swan available in white only? Wedding is in August. It will be in the photos. It IS the photos.,open,normal,bettye27@example.com,"[""product"",""presales""]",-4960,-4130
TCK-51441,Invoice copy needed,Our dealership needs a copy of last month's TMaaS invoice for accounting. Unit count changed mid-month.,solved,normal,yosef81@example.com,"[""b2b"",""billing""]",-4817,-4175
TCK-51442,Gift for retirement party,Can I get a tube man for a retirement party for one weekend? He was in HVAC 30 years. It has to flail.,solved,normal,linda69@example.com,"[""presales"",""tube-man""]",-5142,-4336
TCK-51443,Swan for a wedding?,Is the Colossal Swan available in white only? Wedding is in August. It will be in the photos. It IS the photos.,solved,normal,pearl51@example.com,"[""product"",""presales""]",-4870,-4744
TCK-51444,Repair kit question,Does the repair kit work on the Lazy Kraken tentacle seams or only the body?,solved,normal,yuki86@example.com,"[""product""]",-4495,-3923
TCK-51445,Gift for retirement party,Can I get a tube man for a retirement party for one weekend? He was in HVAC 30 years. It has to flail.,solved,normal,quinn83@example.com,"[""presales"",""tube-man""]",-5202,-5020
TCK-51446,Repair kit question,Does the repair kit work on the Lazy Kraken tentacle seams or only the body?,solved,normal,bob23@example.com,"[""product""]",-4542,-3986
TCK-51447,Sir Reginald has a slow leak,Sir Reginald Unicorn loses about 20% overnight. Within warranty. What are my options?,solved,normal,otis31@example.com,"[""warranty""]",-4605,-4116
TCK-51448,Where is my order?,Ordered a Pizza Slice XL on 6 days ago. Tracking has not moved. Party is Saturday. Please advise.,open,normal,pearl79@example.com,"[""wismo""]",-5176,-4953
TCK-51449,Stadium mascot arm replacement,Our mascot system left arm tore during the seventh inning. Need the replacement panel before Friday's home game.,solved,high,flo53@example.com,"[""b2b"",""mascot"",""parts""]",-5240,-4836
TCK-51450,Stadium mascot arm replacement,Our mascot system left arm tore during the seventh inning. Need the replacement panel before Friday's home game.,solved,high,harriet94@example.com,"[""b2b"",""mascot"",""parts""]",-5018,-4239
TCK-51451,Float Club: pause my membership,"Traveling for two months. Can you pause my Float Club box? Do not cancel. I repeat, do not cancel.",solved,normal,fatima46@example.com,"[""float-club""]",-4858,-4183
TCK-51452,Stadium mascot arm replacement,Our mascot system left arm tore during the seventh inning. Need the replacement panel before Friday's home game.,solved,high,bettye84@example.com,"[""b2b"",""mascot"",""parts""]",-4906,-4583
TCK-51453,Swan for a wedding?,Is the Colossal Swan available in white only? Wedding is in August. It will be in the photos. It IS the photos.,solved,normal,yosef40@example.com,"[""product"",""presales""]",-4415,-3903
TCK-51454,Address change on subscription,"Moved from Erie, PA to Sandusky, OH. Update my Float Club shipping address please.",solved,normal,paloma41@example.com,"[""float-club"",""account""]",-5147,-4847
TCK-51455,Pizza float smells like vinyl,Is the vinyl smell on the Pizza Slice XL normal? How long until it airs out?,solved,normal,dolores97@example.com,"[""product""]",-4514,-4181
TCK-51456,Sir Reginald has a slow leak,Sir Reginald Unicorn loses about 20% overnight. Within warranty. What are my options?,solved,normal,ingrid5@example.com,"[""warranty""]",-4627,-3943
TCK-51457,Tube man dancing weird,Our Standard Wacky unit is doing more of a slow lean than a wave. Customers are asking if he is ok.,solved,normal,carlos85@example.com,"[""tube-man"",""b2b""]",-4813,-4050
TCK-51458,Stadium mascot arm replacement,Our mascot system left arm tore during the seventh inning. Need the replacement panel before Friday's home game.,solved,high,zoe86@example.com,"[""b2b"",""mascot"",""parts""]",-4431,-3937
TCK-51459,Repair kit question,Does the repair kit work on the Lazy Kraken tentacle seams or only the body?,open,normal,dolores89@example.com,"[""product""]",-4976,-4507
TCK-51460,Invoice copy needed,Our dealership needs a copy of last month's TMaaS invoice for accounting. Unit count changed mid-month.,solved,normal,luis47@example.com,"[""b2b"",""billing""]",-4974,-4122
TCK-51461,Repair kit question,Does the repair kit work on the Lazy Kraken tentacle seams or only the body?,solved,normal,dolores30@example.com,"[""product""]",-5083,-4529
TCK-51462,Address change on subscription,"Moved from Ann Arbor, MI to South Bend, IN. Update my Float Club shipping address please.",solved,normal,wes57@example.com,"[""float-club"",""account""]",-5098,-5039
TCK-51463,Float Club: pause my membership,"Traveling for two months. Can you pause my Float Club box? Do not cancel. I repeat, do not cancel.",solved,normal,bob28@example.com,"[""float-club""]",-4420,-3568
TCK-51464,Pizza float smells like vinyl,Is the vinyl smell on the Pizza Slice XL normal? How long until it airs out?,solved,normal,omar14@example.com,"[""product""]",-5112,-4867
TCK-51465,Repair kit question,Does the repair kit work on the Lazy Kraken tentacle seams or only the body?,solved,normal,wes7@example.com,"[""product""]",-4778,-4533
TCK-51466,Gift for retirement party,Can I get a tube man for a retirement party for one weekend? He was in HVAC 30 years. It has to flail.,solved,normal,nadia94@example.com,"[""presales"",""tube-man""]",-4870,-4632
TCK-51467,Gift for retirement party,Can I get a tube man for a retirement party for one weekend? He was in HVAC 30 years. It has to flail.,solved,normal,deshawn22@example.com,"[""presales"",""tube-man""]",-4938,-4357
TCK-51468,Gift for retirement party,Can I get a tube man for a retirement party for one weekend? He was in HVAC 30 years. It has to flail.,solved,normal,dolores72@example.com,"[""presales"",""tube-man""]",-5232,-5196
TCK-51469,Pizza float smells like vinyl,Is the vinyl smell on the Pizza Slice XL normal? How long until it airs out?,solved,normal,chen54@example.com,"[""product""]",-5002,-4668
TCK-51470,Bounce house wet after rain,The Corporate Retreat Edition got rained on. What is the dry-out protocol before the offsite?,solved,normal,ernesto92@example.com,"[""bounce"",""care""]",-5340,-4777
TCK-51471,Address change on subscription,"Moved from South Bend, IN to Akron, OH. Update my Float Club shipping address please.",solved,normal,wes14@example.com,"[""float-club"",""account""]",-4815,-4715
TCK-51472,Stadium mascot arm replacement,Our mascot system left arm tore during the seventh inning. Need the replacement panel before Friday's home game.,solved,high,tina37@example.com,"[""b2b"",""mascot"",""parts""]",-4902,-4279
TCK-51473,Address change on subscription,"Moved from Findlay, OH to Sandusky, OH. Update my Float Club shipping address please.",solved,normal,yosef1@example.com,"[""float-club"",""account""]",-4907,-4856
TCK-51474,Gift for retirement party,Can I get a tube man for a retirement party for one weekend? He was in HVAC 30 years. It has to flail.,solved,normal,lamar1@example.com,"[""presales"",""tube-man""]",-4830,-4735
TCK-51475,Address change on subscription,"Moved from South Bend, IN to Findlay, OH. Update my Float Club shipping address please.",solved,normal,otis75@example.com,"[""float-club"",""account""]",-5217,-4945
TCK-51476,Bounce house booking change,Need to move our Castle Classic rental from Sat to Sun. Same address. Kid changed the theme again.,solved,normal,umar88@example.com,"[""bounce"",""booking""]",-4485,-4070
TCK-51477,Pizza float smells like vinyl,Is the vinyl smell on the Pizza Slice XL normal? How long until it airs out?,solved,normal,omar3@example.com,"[""product""]",-4901,-4868
TCK-51478,Valve cap missing from box,My Colossal Swan arrived without the valve cap. It deflates overnight. Love it otherwise.,solved,normal,harriet5@example.com,"[""parts""]",-4768,-4415
TCK-51479,Bounce house booking change,Need to move our Castle Classic rental from Sat to Sun. Same address. Kid changed the theme again.,solved,normal,aisha24@example.com,"[""bounce"",""booking""]",-4821,-4096
TCK-51480,Where is my order?,Ordered a Pizza Slice XL on 9 days ago. Tracking has not moved. Party is Saturday. Please advise.,solved,normal,vera45@example.com,"[""wismo""]",-4979,-4698
TCK-51481,Tube man dancing weird,Our Standard Wacky unit is doing more of a slow lean than a wave. Customers are asking if he is ok.,solved,normal,umar41@example.com,"[""tube-man"",""b2b""]",-5208,-5145
TCK-51482,Valve cap missing from box,My Lazy Kraken arrived without the valve cap. It deflates overnight. Love it otherwise.,solved,normal,margaret3@example.com,"[""parts""]",-5334,-4745
TCK-51483,Bounce house booking change,Need to move our Castle Classic rental from Sat to Sun. Same address. Kid changed the theme again.,solved,normal,priya21@example.com,"[""bounce"",""booking""]",-4957,-4067
TCK-51484,Float Club: pause my membership,"Traveling for two months. Can you pause my Float Club box? Do not cancel. I repeat, do not cancel.",solved,normal,flo33@example.com,"[""float-club""]",-5135,-4433
TCK-51485,Sir Reginald has a slow leak,Sir Reginald Unicorn loses about 20% overnight. Within warranty. What are my options?,solved,normal,gus3@example.com,"[""warranty""]",-4724,-4430
TCK-51486,Valve cap missing from box,My Colossal Swan arrived without the valve cap. It deflates overnight. Love it otherwise.,solved,normal,keiko80@example.com,"[""parts""]",-5116,-4287
TCK-51487,Valve cap missing from box,My Lazy Kraken arrived without the valve cap. It deflates overnight. Love it otherwise.,solved,normal,wes96@example.com,"[""parts""]",-4567,-3915
TCK-51488,Gift for retirement party,Can I get a tube man for a retirement party for one weekend? He was in HVAC 30 years. It has to flail.,solved,normal,jerome45@example.com,"[""presales"",""tube-man""]",-5157,-4638
TCK-51489,Float Club: pause my membership,"Traveling for two months. Can you pause my Float Club box? Do not cancel. I repeat, do not cancel.",open,normal,ingrid10@example.com,"[""float-club""]",-5152,-4682
TCK-51490,Bounce house wet after rain,The Corporate Retreat Edition got rained on. What is the dry-out protocol before the offsite?,solved,normal,fatima91@example.com,"[""bounce"",""care""]",-4453,-3885
TCK-51491,Tube man dancing weird,Our Standard Wacky unit is doing more of a slow lean than a wave. Customers are asking if he is ok.,solved,normal,carlos98@example.com,"[""tube-man"",""b2b""]",-4475,-4066
TCK-51492,Repair kit question,Does the repair kit work on the Lazy Kraken tentacle seams or only the body?,open,normal,zoe69@example.com,"[""product""]",-4493,-4020
TCK-51493,Repair kit question,Does the repair kit work on the Lazy Kraken tentacle seams or only the body?,solved,normal,bob95@example.com,"[""product""]",-4439,-3859
TCK-51494,Pizza float smells like vinyl,Is the vinyl smell on the Pizza Slice XL normal? How long until it airs out?,solved,normal,jerome17@example.com,"[""product""]",-4585,-4185
TCK-51495,Bounce house booking change,Need to move our Castle Classic rental from Sat to Sun. Same address. Kid changed the theme again.,solved,normal,mo98@example.com,"[""bounce"",""booking""]",-4698,-4256
TCK-51496,Where is my order?,Ordered a Colossal Swan on 10 days ago. Tracking has not moved. Party is Saturday. Please advise.,solved,normal,deshawn40@example.com,"[""wismo""]",-4849,-4333
TCK-51497,Bounce house booking change,Need to move our Castle Classic rental from Sat to Sun. Same address. Kid changed the theme again.,solved,normal,omar18@example.com,"[""bounce"",""booking""]",-4822,-4370
TCK-51498,Swan for a wedding?,Is the Colossal Swan available in white only? Wedding is in August. It will be in the photos. It IS the photos.,solved,normal,margaret4@example.com,"[""product"",""presales""]",-4756,-4013
TCK-51499,Repair kit question,Does the repair kit work on the Lazy Kraken tentacle seams or only the body?,solved,normal,dolores40@example.com,"[""product""]",-4417,-4387
TCK-51500,Pizza float smells like vinyl,Is the vinyl smell on the Pizza Slice XL normal? How long until it airs out?,solved,normal,ingrid25@example.com,"[""product""]",-4559,-4164
TCK-51501,Valve cap missing from box,My Colossal Swan arrived without the valve cap. It deflates overnight. Love it otherwise.,open,normal,dolores90@example.com,"[""parts""]",-5151,-5054
TCK-51502,Address change on subscription,"Moved from Findlay, OH to Fort Wayne, IN. Update my Float Club shipping address please.",open,normal,vera53@example.com,"[""float-club"",""account""]",-5013,-4316
TCK-51503,Refund request: double charge,Charged twice for order ORD-101983. Bank shows both pending. Please fix.,solved,normal,hannah54@example.com,"[""billing"",""refund""]",-5096,-4413
TCK-51504,Pizza float smells like vinyl,Is the vinyl smell on the Pizza Slice XL normal? How long until it airs out?,solved,normal,deshawn61@example.com,"[""product""]",-5301,-5147
TCK-51505,Tube man dancing weird,Our Standard Wacky unit is doing more of a slow lean than a wave. Customers are asking if he is ok.,solved,normal,jamal16@example.com,"[""tube-man"",""b2b""]",-4534,-3895
TCK-51506,Address change on subscription,"Moved from Ann Arbor, MI to Findlay, OH. Update my Float Club shipping address please.",solved,normal,paloma21@example.com,"[""float-club"",""account""]",-5037,-4668
TCK-51507,Gift for retirement party,Can I get a tube man for a retirement party for one weekend? He was in HVAC 30 years. It has to flail.,solved,normal,wes19@example.com,"[""presales"",""tube-man""]",-4448,-4327
TCK-51508,Where is my order?,Ordered a Lazy Kraken on 10 days ago. Tracking has not moved. Party is Saturday. Please advise.,solved,normal,jerome74@example.com,"[""wismo""]",-5060,-4683
TCK-51509,Refund request: double charge,Charged twice for order ORD-103314. Bank shows both pending. Please fix.,solved,normal,kitty11@example.com,"[""billing"",""refund""]",-4949,-4837
TCK-51510,Refund request: double charge,Charged twice for order ORD-102757. Bank shows both pending. Please fix.,solved,normal,gus86@example.com,"[""billing"",""refund""]",-5331,-4949
TCK-51511,Stadium mascot arm replacement,Our mascot system left arm tore during the seventh inning. Need the replacement panel before Friday's home game.,solved,high,ray25@example.com,"[""b2b"",""mascot"",""parts""]",-4539,-3755
TCK-51512,Bounce house booking change,Need to move our Castle Classic rental from Sat to Sun. Same address. Kid changed the theme again.,solved,normal,keiko34@example.com,"[""bounce"",""booking""]",-4429,-3689
TCK-51513,Valve cap missing from box,My Pizza Slice XL arrived without the valve cap. It deflates overnight. Love it otherwise.,solved,normal,greg64@example.com,"[""parts""]",-5195,-4594
TCK-51514,Pizza float smells like vinyl,Is the vinyl smell on the Pizza Slice XL normal? How long until it airs out?,solved,normal,omar96@example.com,"[""product""]",-4962,-4752
TCK-51515,Repair kit question,Does the repair kit work on the Lazy Kraken tentacle seams or only the body?,solved,normal,carlos16@example.com,"[""product""]",-4716,-4085
TCK-51516,Stadium mascot arm replacement,Our mascot system left arm tore during the seventh inning. Need the replacement panel before Friday's home game.,solved,high,margaret82@example.com,"[""b2b"",""mascot"",""parts""]",-5034,-4285
TCK-51517,Sir Reginald has a slow leak,Sir Reginald Unicorn loses about 20% overnight. Within warranty. What are my options?,solved,normal,hannah67@example.com,"[""warranty""]",-5055,-4532
TCK-51518,Sir Reginald has a slow leak,Sir Reginald Unicorn loses about 20% overnight. Within warranty. What are my options?,solved,normal,pearl38@example.com,"[""warranty""]",-4992,-4278
TCK-51519,Valve cap missing from box,My Lazy Kraken arrived without the valve cap. It deflates overnight. Love it otherwise.,solved,normal,pearl46@example.com,"[""parts""]",-4502,-4110
TCK-51520,Repair kit question,Does the repair kit work on the Lazy Kraken tentacle seams or only the body?,solved,normal,bob12@example.com,"[""product""]",-4544,-3644
TCK-51521,Valve cap missing from box,My Lazy Kraken arrived without the valve cap. It deflates overnight. Love it otherwise.,solved,normal,priya92@example.com,"[""parts""]",-4805,-4725
TCK-51522,Sir Reginald has a slow leak,Sir Reginald Unicorn loses about 20% overnight. Within warranty. What are my options?,solved,normal,omar46@example.com,"[""warranty""]",-4602,-3847
TCK-51523,Stadium mascot arm replacement,Our mascot system left arm tore during the seventh inning. Need the replacement panel before Friday's home game.,solved,high,aisha47@example.com,"[""b2b"",""mascot"",""parts""]",-4574,-3836
TCK-51524,Address change on subscription,"Moved from Toledo, OH to Ann Arbor, MI. Update my Float Club shipping address please.",solved,normal,luis26@example.com,"[""float-club"",""account""]",-4639,-4107
TCK-51525,Address change on subscription,"Moved from South Bend, IN to Erie, PA. Update my Float Club shipping address please.",solved,normal,yuki9@example.com,"[""float-club"",""account""]",-5314,-4434
TCK-51526,Swan for a wedding?,Is the Colossal Swan available in white only? Wedding is in August. It will be in the photos. It IS the photos.,solved,normal,yosef50@example.com,"[""product"",""presales""]",-5206,-4825
TCK-51527,Stadium mascot arm replacement,Our mascot system left arm tore during the seventh inning. Need the replacement panel before Friday's home game.,solved,high,ernesto25@example.com,"[""b2b"",""mascot"",""parts""]",-4445,-4139
TCK-51528,Pizza float smells like vinyl,Is the vinyl smell on the Pizza Slice XL normal? How long until it airs out?,solved,normal,harriet73@example.com,"[""product""]",-5127,-4919
TCK-51529,Float Club: pause my membership,"Traveling for two months. Can you pause my Float Club box? Do not cancel. I repeat, do not cancel.",solved,normal,jerome77@example.com,"[""float-club""]",-5051,-4280
TCK-51530,Bounce house wet after rain,The Corporate Retreat Edition got rained on. What is the dry-out protocol before the offsite?,solved,normal,ray29@example.com,"[""bounce"",""care""]",-4460,-4127
TCK-51531,Tube man dancing weird,Our Standard Wacky unit is doing more of a slow lean than a wave. Customers are asking if he is ok.,solved,normal,tina17@example.com,"[""tube-man"",""b2b""]",-5057,-4876
TCK-51532,Tube man dancing weird,Our Standard Wacky unit is doing more of a slow lean than a wave. Customers are asking if he is ok.,solved,normal,carlos64@example.com,"[""tube-man"",""b2b""]",-5227,-4353
TCK-51533,Repair kit question,Does the repair kit work on the Lazy Kraken tentacle seams or only the body?,solved,normal,harriet25@example.com,"[""product""]",-4516,-4076
TCK-51534,Tube man dancing weird,Our Standard Wacky unit is doing more of a slow lean than a wave. Customers are asking if he is ok.,solved,normal,kitty82@example.com,"[""tube-man"",""b2b""]",-5213,-4610
TCK-51535,Address change on subscription,"Moved from Columbus, OH to Findlay, OH. Update my Float Club shipping address please.",solved,normal,nadia35@example.com,"[""float-club"",""account""]",-4671,-3787
TCK-51536,Valve cap missing from box,My Lazy Kraken arrived without the valve cap. It deflates overnight. Love it otherwise.,solved,normal,ximena42@example.com,"[""parts""]",-4839,-4692
TCK-51537,Swan for a wedding?,Is the Colossal Swan available in white only? Wedding is in August. It will be in the photos. It IS the photos.,solved,normal,harriet37@example.com,"[""product"",""presales""]",-5109,-4350
TCK-51538,Pizza float smells like vinyl,Is the vinyl smell on the Pizza Slice XL normal? How long until it airs out?,solved,normal,aisha76@example.com,"[""product""]",-5059,-4521
TCK-51539,Swan for a wedding?,Is the Colossal Swan available in white only? Wedding is in August. It will be in the photos. It IS the photos.,solved,normal,stan53@example.com,"[""product"",""presales""]",-4918,-4197
TCK-51540,Refund request: double charge,Charged twice for order ORD-102117. Bank shows both pending. Please fix.,solved,normal,zoe42@example.com,"[""billing"",""refund""]",-4439,-4123
TCK-51541,Stadium mascot arm replacement,Our mascot system left arm tore during the seventh inning. Need the replacement panel before Friday's home game.,solved,high,zoe59@example.com,"[""b2b"",""mascot"",""parts""]",-4872,-4081
TCK-51542,Bounce house wet after rain,The Corporate Retreat Edition got rained on. What is the dry-out protocol before the offsite?,solved,normal,luis57@example.com,"[""bounce"",""care""]",-5299,-4593
TCK-51543,Valve cap missing from box,My Colossal Swan arrived without the valve cap. It deflates overnight. Love it otherwise.,solved,normal,otis63@example.com,"[""parts""]",-3836,-3134
TCK-51544,Address change on subscription,"Moved from Sandusky, OH to Ann Arbor, MI. Update my Float Club shipping address please.",solved,normal,arthur70@example.com,"[""float-club"",""account""]",-3396,-2806
TCK-51545,Pizza float smells like vinyl,Is the vinyl smell on the Pizza Slice XL normal? How long until it airs out?,solved,normal,arthur8@example.com,"[""product""]",-3463,-3132
TCK-51546,Where is my order?,Ordered a Colossal Swan on 9 days ago. Tracking has not moved. Party is Saturday. Please advise.,solved,normal,kitty41@example.com,"[""wismo""]",-3883,-3521
TCK-51547,Sir Reginald has a slow leak,Sir Reginald Unicorn loses about 20% overnight. Within warranty. What are my options?,open,normal,nadia72@example.com,"[""warranty""]",-3779,-3187
TCK-51548,Bounce house booking change,Need to move our Castle Classic rental from Sat to Sun. Same address. Kid changed the theme again.,solved,normal,rosa86@example.com,"[""bounce"",""booking""]",-3636,-2967
TCK-51549,Gift for retirement party,Can I get a tube man for a retirement party for one weekend? He was in HVAC 30 years. It has to flail.,solved,normal,nadia47@example.com,"[""presales"",""tube-man""]",-2941,-2201
TCK-51550,Stadium mascot arm replacement,Our mascot system left arm tore during the seventh inning. Need the replacement panel before Friday's home game.,solved,high,nadia83@example.com,"[""b2b"",""mascot"",""parts""]",-3333,-3214
TCK-51551,Sir Reginald has a slow leak,Sir Reginald Unicorn loses about 20% overnight. Within warranty. What are my options?,solved,normal,priya33@example.com,"[""warranty""]",-3601,-3449
TCK-51552,Float Club: pause my membership,"Traveling for two months. Can you pause my Float Club box? Do not cancel. I repeat, do not cancel.",solved,normal,margaret11@example.com,"[""float-club""]",-3374,-2589
TCK-51553,Gift for retirement party,Can I get a tube man for a retirement party for one weekend? He was in HVAC 30 years. It has to flail.,solved,normal,jamal44@example.com,"[""presales"",""tube-man""]",-3843,-3149
TCK-51554,Float Club: pause my membership,"Traveling for two months. Can you pause my Float Club box? Do not cancel. I repeat, do not cancel.",solved,normal,curtis56@example.com,"[""float-club""]",-2960,-2166
TCK-51555,Valve cap missing from box,My Pizza Slice XL arrived without the valve cap. It deflates overnight. Love it otherwise.,solved,normal,greg95@example.com,"[""parts""]",-3518,-2653
TCK-51556,Swan for a wedding?,Is the Colossal Swan available in white only? Wedding is in August. It will be in the photos. It IS the photos.,solved,normal,fatima18@example.com,"[""product"",""presales""]",-3087,-2334
TCK-51557,Tube man dancing weird,Our Standard Wacky unit is doing more of a slow lean than a wave. Customers are asking if he is ok.,solved,normal,rosa73@example.com,"[""tube-man"",""b2b""]",-3657,-3302
TCK-51558,Refund request: double charge,Charged twice for order ORD-102995. Bank shows both pending. Please fix.,solved,normal,harriet32@example.com,"[""billing"",""refund""]",-3821,-3384
TCK-51559,Repair kit question,Does the repair kit work on the Lazy Kraken tentacle seams or only the body?,solved,normal,umar49@example.com,"[""product""]",-3004,-2802
TCK-51560,Bounce house wet after rain,The Corporate Retreat Edition got rained on. What is the dry-out protocol before the offsite?,solved,normal,margaret39@example.com,"[""bounce"",""care""]",-3067,-2606
TCK-51561,Sir Reginald has a slow leak,Sir Reginald Unicorn loses about 20% overnight. Within warranty. What are my options?,solved,normal,mo92@example.com,"[""warranty""]",-3604,-3263
TCK-51563,Swan for a wedding?,Is the Colossal Swan available in white only? Wedding is in August. It will be in the photos. It IS the photos.,solved,normal,stan57@example.com,"[""product"",""presales""]",-3192,-2460
TCK-51564,Repair kit question,Does the repair kit work on the Lazy Kraken tentacle seams or only the body?,open,normal,linda99@example.com,"[""product""]",-3014,-2789
TCK-51565,Refund request: double charge,Charged twice for order ORD-102160. Bank shows both pending. Please fix.,open,normal,curtis97@example.com,"[""billing"",""refund""]",-3008,-2914
TCK-51566,Tube man dancing weird,Our Standard Wacky unit is doing more of a slow lean than a wave. Customers are asking if he is ok.,solved,normal,ingrid61@example.com,"[""tube-man"",""b2b""]",-3562,-2817
TCK-51567,Tube man dancing weird,Our Standard Wacky unit is doing more of a slow lean than a wave. Customers are asking if he is ok.,solved,normal,priya14@example.com,"[""tube-man"",""b2b""]",-3060,-2857
TCK-51568,Sir Reginald has a slow leak,Sir Reginald Unicorn loses about 20% overnight. Within warranty. What are my options?,solved,normal,dolores3@example.com,"[""warranty""]",-3680,-2958
TCK-51569,Swan for a wedding?,Is the Colossal Swan available in white only? Wedding is in August. It will be in the photos. It IS the photos.,solved,normal,jamal38@example.com,"[""product"",""presales""]",-3821,-2962
TCK-51570,Sir Reginald has a slow leak,Sir Reginald Unicorn loses about 20% overnight. Within warranty. What are my options?,solved,normal,otis99@example.com,"[""warranty""]",-3780,-3298
TCK-51571,Invoice copy needed,Our dealership needs a copy of last month's TMaaS invoice for accounting. Unit count changed mid-month.,solved,normal,vera52@example.com,"[""b2b"",""billing""]",-3249,-2465
TCK-51572,Repair kit question,Does the repair kit work on the Lazy Kraken tentacle seams or only the body?,solved,normal,flo38@example.com,"[""product""]",-3164,-2502
TCK-51573,Where is my order?,Ordered a Colossal Swan on 3 days ago. Tracking has not moved. Party is Saturday. Please advise.,solved,normal,quinn68@example.com,"[""wismo""]",-3501,-2937
TCK-51574,Refund request: double charge,Charged twice for order ORD-103064. Bank shows both pending. Please fix.,solved,normal,paloma96@example.com,"[""billing"",""refund""]",-3476,-3327
TCK-51575,Float Club: pause my membership,"Traveling for two months. Can you pause my Float Club box? Do not cancel. I repeat, do not cancel.",solved,normal,tomasz53@example.com,"[""float-club""]",-3433,-2996
TCK-51576,Bounce house wet after rain,The Corporate Retreat Edition got rained on. What is the dry-out protocol before the offsite?,solved,normal,dolores48@example.com,"[""bounce"",""care""]",-3348,-2731
TCK-51577,Float Club: pause my membership,"Traveling for two months. Can you pause my Float Club box? Do not cancel. I repeat, do not cancel.",solved,normal,luis3@example.com,"[""float-club""]",-3737,-3189
TCK-51578,Bounce house wet after rain,The Corporate Retreat Edition got rained on. What is the dry-out protocol before the offsite?,solved,normal,jamal80@example.com,"[""bounce"",""care""]",-3721,-3064
TCK-51579,Float Club: pause my membership,"Traveling for two months. Can you pause my Float Club box? Do not cancel. I repeat, do not cancel.",solved,normal,fatima52@example.com,"[""float-club""]",-3232,-2670
TCK-51580,Bounce house wet after rain,The Corporate Retreat Edition got rained on. What is the dry-out protocol before the offsite?,solved,normal,deshawn10@example.com,"[""bounce"",""care""]",-3092,-2730
TCK-51581,Bounce house booking change,Need to move our Castle Classic rental from Sat to Sun. Same address. Kid changed the theme again.,solved,normal,paloma73@example.com,"[""bounce"",""booking""]",-3206,-2540
TCK-51582,Valve cap missing from box,My Colossal Swan arrived without the valve cap. It deflates overnight. Love it otherwise.,solved,normal,ray86@example.com,"[""parts""]",-3249,-2964
TCK-51583,Bounce house booking change,Need to move our Castle Classic rental from Sat to Sun. Same address. Kid changed the theme again.,solved,normal,bettye89@example.com,"[""bounce"",""booking""]",-3346,-2574
TCK-51584,Bounce house booking change,Need to move our Castle Classic rental from Sat to Sun. Same address. Kid changed the theme again.,solved,normal,tina33@example.com,"[""bounce"",""booking""]",-3657,-3552
TCK-51585,Swan for a wedding?,Is the Colossal Swan available in white only? Wedding is in August. It will be in the photos. It IS the photos.,solved,normal,wes13@example.com,"[""product"",""presales""]",-3352,-3128
TCK-51586,Swan for a wedding?,Is the Colossal Swan available in white only? Wedding is in August. It will be in the photos. It IS the photos.,solved,normal,greg32@example.com,"[""product"",""presales""]",-3223,-2381
TCK-51587,Repair kit question,Does the repair kit work on the Lazy Kraken tentacle seams or only the body?,open,normal,bettye54@example.com,"[""product""]",-3410,-3269
TCK-51588,Pizza float smells like vinyl,Is the vinyl smell on the Pizza Slice XL normal? How long until it airs out?,solved,normal,lamar10@example.com,"[""product""]",-3605,-3464
TCK-51589,Sir Reginald has a slow leak,Sir Reginald Unicorn loses about 20% overnight. Within warranty. What are my options?,solved,normal,curtis88@example.com,"[""warranty""]",-3611,-2999
TCK-51590,Invoice copy needed,Our dealership needs a copy of last month's TMaaS invoice for accounting. Unit count changed mid-month.,open,normal,nellie83@example.com,"[""b2b"",""billing""]",-3686,-3581
TCK-51591,Sir Reginald has a slow leak,Sir Reginald Unicorn loses about 20% overnight. Within warranty. What are my options?,solved,normal,chen52@example.com,"[""warranty""]",-3886,-3747
TCK-51592,Tube man dancing weird,Our Standard Wacky unit is doing more of a slow lean than a wave. Customers are asking if he is ok.,solved,normal,ingrid13@example.com,"[""tube-man"",""b2b""]",-3378,-2576
TCK-51593,Sir Reginald has a slow leak,Sir Reginald Unicorn loses about 20% overnight. Within warranty. What are my options?,solved,normal,deshawn81@example.com,"[""warranty""]",-2994,-2765
TCK-51594,Refund request: double charge,Charged twice for order ORD-103445. Bank shows both pending. Please fix.,solved,normal,hannah96@example.com,"[""billing"",""refund""]",-3257,-3003
TCK-51595,Tube man dancing weird,Our Standard Wacky unit is doing more of a slow lean than a wave. Customers are asking if he is ok.,solved,normal,keiko83@example.com,"[""tube-man"",""b2b""]",-3556,-2868
TCK-51596,Valve cap missing from box,My Lazy Kraken arrived without the valve cap. It deflates overnight. Love it otherwise.,open,normal,zoe92@example.com,"[""parts""]",-3828,-3599
TCK-51597,Invoice copy needed,Our dealership needs a copy of last month's TMaaS invoice for accounting. Unit count changed mid-month.,solved,normal,zoe87@example.com,"[""b2b"",""billing""]",-3332,-3284
TCK-51598,Where is my order?,Ordered a Lazy Kraken on 7 days ago. Tracking has not moved. Party is Saturday. Please advise.,solved,normal,carlos58@example.com,"[""wismo""]",-3279,-2851
TCK-51599,Gift for retirement party,Can I get a tube man for a retirement party for one weekend? He was in HVAC 30 years. It has to flail.,solved,normal,dolores84@example.com,"[""presales"",""tube-man""]",-3870,-3793
TCK-51600,Invoice copy needed,Our dealership needs a copy of last month's TMaaS invoice for accounting. Unit count changed mid-month.,open,normal,harriet63@example.com,"[""b2b"",""billing""]",-3253,-3072
TCK-51601,Float Club: pause my membership,"Traveling for two months. Can you pause my Float Club box? Do not cancel. I repeat, do not cancel.",solved,normal,flo76@example.com,"[""float-club""]",-3120,-3012
TCK-51602,Bounce house booking change,Need to move our Castle Classic rental from Sat to Sun. Same address. Kid changed the theme again.,solved,normal,margaret36@example.com,"[""bounce"",""booking""]",-2984,-2241
TCK-51603,Float Club: pause my membership,"Traveling for two months. Can you pause my Float Club box? Do not cancel. I repeat, do not cancel.",solved,normal,mo43@example.com,"[""float-club""]",-3842,-3258
TCK-51604,Gift for retirement party,Can I get a tube man for a retirement party for one weekend? He was in HVAC 30 years. It has to flail.,solved,normal,mabel65@example.com,"[""presales"",""tube-man""]",-3356,-2749
TCK-51605,Address change on subscription,"Moved from Akron, OH to Akron, OH. Update my Float Club shipping address please.",solved,normal,ernesto75@example.com,"[""float-club"",""account""]",-3466,-3264
TCK-51606,Bounce house booking change,Need to move our Castle Classic rental from Sat to Sun. Same address. Kid changed the theme again.,open,normal,umar2@example.com,"[""bounce"",""booking""]",-3675,-3628
TCK-51607,Bounce house wet after rain,The Corporate Retreat Edition got rained on. What is the dry-out protocol before the offsite?,solved,normal,arthur27@example.com,"[""bounce"",""care""]",-3139,-2867
TCK-51608,Gift for retirement party,Can I get a tube man for a retirement party for one weekend? He was in HVAC 30 years. It has to flail.,solved,normal,keiko42@example.com,"[""presales"",""tube-man""]",-3375,-2846
TCK-51609,Invoice copy needed,Our dealership needs a copy of last month's TMaaS invoice for accounting. Unit count changed mid-month.,solved,normal,umar48@example.com,"[""b2b"",""billing""]",-3627,-3082
TCK-51610,Valve cap missing from box,My Pizza Slice XL arrived without the valve cap. It deflates overnight. Love it otherwise.,solved,normal,jamal61@example.com,"[""parts""]",-3383,-3183
TCK-51611,Stadium mascot arm replacement,Our mascot system left arm tore during the seventh inning. Need the replacement panel before Friday's home game.,solved,high,yosef50@example.com,"[""b2b"",""mascot"",""parts""]",-3848,-3478
TCK-51612,Valve cap missing from box,My Pizza Slice XL arrived without the valve cap. It deflates overnight. Love it otherwise.,solved,normal,stan3@example.com,"[""parts""]",-3653,-2946
TCK-51613,Bounce house booking change,Need to move our Castle Classic rental from Sat to Sun. Same address. Kid changed the theme again.,solved,normal,zoe59@example.com,"[""bounce"",""booking""]",-3112,-2358
TCK-51614,Where is my order?,Ordered a Pizza Slice XL on 8 days ago. Tracking has not moved. Party is Saturday. Please advise.,solved,normal,tomasz93@example.com,"[""wismo""]",-3810,-3102
TCK-51615,Pizza float smells like vinyl,Is the vinyl smell on the Pizza Slice XL normal? How long until it airs out?,solved,normal,gus5@example.com,"[""product""]",-3739,-3051
TCK-51616,Where is my order?,Ordered a Pizza Slice XL on 5 days ago. Tracking has not moved. Party is Saturday. Please advise.,solved,normal,ivan1@example.com,"[""wismo""]",-3370,-2875
TCK-51617,Tube man dancing weird,Our Standard Wacky unit is doing more of a slow lean than a wave. Customers are asking if he is ok.,solved,normal,ximena25@example.com,"[""tube-man"",""b2b""]",-2971,-2750
TCK-51618,Swan for a wedding?,Is the Colossal Swan available in white only? Wedding is in August. It will be in the photos. It IS the photos.,solved,normal,mabel10@example.com,"[""product"",""presales""]",-3518,-3384
TCK-51619,Stadium mascot arm replacement,Our mascot system left arm tore during the seventh inning. Need the replacement panel before Friday's home game.,solved,high,mo32@example.com,"[""b2b"",""mascot"",""parts""]",-3850,-3190
TCK-51620,Refund request: double charge,Charged twice for order ORD-101105. Bank shows both pending. Please fix.,open,normal,nellie82@example.com,"[""billing"",""refund""]",-3867,-3293
TCK-51621,Tube man dancing weird,Our Standard Wacky unit is doing more of a slow lean than a wave. Customers are asking if he is ok.,solved,normal,pearl27@example.com,"[""tube-man"",""b2b""]",-3068,-2839
TCK-51622,Bounce house booking change,Need to move our Castle Classic rental from Sat to Sun. Same address. Kid changed the theme again.,solved,normal,arthur47@example.com,"[""bounce"",""booking""]",-3209,-2844
TCK-51623,Bounce house booking change,Need to move our Castle Classic rental from Sat to Sun. Same address. Kid changed the theme again.,solved,normal,quinn33@example.com,"[""bounce"",""booking""]",-3327,-2796
TCK-51624,Float Club: pause my membership,"Traveling for two months. Can you pause my Float Club box? Do not cancel. I repeat, do not cancel.",solved,normal,lamar92@example.com,"[""float-club""]",-3502,-3033
TCK-51625,Gift for retirement party,Can I get a tube man for a retirement party for one weekend? He was in HVAC 30 years. It has to flail.,solved,normal,paloma18@example.com,"[""presales"",""tube-man""]",-3180,-2692
TCK-51626,Pizza float smells like vinyl,Is the vinyl smell on the Pizza Slice XL normal? How long until it airs out?,solved,normal,zoe43@example.com,"[""product""]",-3241,-3001
TCK-51627,Valve cap missing from box,My Lazy Kraken arrived without the valve cap. It deflates overnight. Love it otherwise.,solved,normal,rosa44@example.com,"[""parts""]",-3612,-3132
TCK-51628,Float Club: pause my membership,"Traveling for two months. Can you pause my Float Club box? Do not cancel. I repeat, do not cancel.",solved,normal,yosef51@example.com,"[""float-club""]",-3866,-3476
TCK-51629,Valve cap missing from box,My Pizza Slice XL arrived without the valve cap. It deflates overnight. Love it otherwise.,solved,normal,pearl12@example.com,"[""parts""]",-3118,-2386
TCK-51630,Float Club: pause my membership,"Traveling for two months. Can you pause my Float Club box? Do not cancel. I repeat, do not cancel.",solved,normal,gus86@example.com,"[""float-club""]",-3861,-3224
TCK-51631,Invoice copy needed,Our dealership needs a copy of last month's TMaaS invoice for accounting. Unit count changed mid-month.,solved,normal,wes7@example.com,"[""b2b"",""billing""]",-3428,-3005
TCK-51632,Repair kit question,Does the repair kit work on the Lazy Kraken tentacle seams or only the body?,solved,normal,curtis94@example.com,"[""product""]",-3479,-3060
TCK-51633,Swan for a wedding?,Is the Colossal Swan available in white only? Wedding is in August. It will be in the photos. It IS the photos.,solved,normal,linda54@example.com,"[""product"",""presales""]",-2987,-2785
TCK-51634,Where is my order?,Ordered a Colossal Swan on 10 days ago. Tracking has not moved. Party is Saturday. Please advise.,solved,normal,mabel91@example.com,"[""wismo""]",-3015,-2314
TCK-51635,Address change on subscription,"Moved from Dayton, OH to Dayton, OH. Update my Float Club shipping address please.",solved,normal,bob48@example.com,"[""float-club"",""account""]",-3204,-2911
TCK-51636,Stadium mascot arm replacement,Our mascot system left arm tore during the seventh inning. Need the replacement panel before Friday's home game.,solved,high,ray95@example.com,"[""b2b"",""mascot"",""parts""]",-3381,-3005
TCK-51637,Bounce house wet after rain,The Corporate Retreat Edition got rained on. What is the dry-out protocol before the offsite?,solved,normal,carlos84@example.com,"[""bounce"",""care""]",-3479,-2642
TCK-51638,Bounce house booking change,Need to move our Castle Classic rental from Sat to Sun. Same address. Kid changed the theme again.,solved,normal,deshawn12@example.com,"[""bounce"",""booking""]",-3265,-2645
TCK-51639,Invoice copy needed,Our dealership needs a copy of last month's TMaaS invoice for accounting. Unit count changed mid-month.,solved,normal,mo89@example.com,"[""b2b"",""billing""]",-3042,-2146
TCK-51640,Bounce house wet after rain,The Corporate Retreat Edition got rained on. What is the dry-out protocol before the offsite?,solved,normal,dolores26@example.com,"[""bounce"",""care""]",-3841,-3600
TCK-51641,Pizza float smells like vinyl,Is the vinyl smell on the Pizza Slice XL normal? How long until it airs out?,solved,normal,gus92@example.com,"[""product""]",-3566,-3091
TCK-51642,Address change on subscription,"Moved from Columbus, OH to Findlay, OH. Update my Float Club shipping address please.",solved,normal,mabel96@example.com,"[""float-club"",""account""]",-3398,-2743
TCK-51643,Where is my order?,Ordered a Lazy Kraken on 6 days ago. Tracking has not moved. Party is Saturday. Please advise.,solved,normal,kitty63@example.com,"[""wismo""]",-3493,-2866
TCK-51644,Where is my order?,Ordered a Colossal Swan on 9 days ago. Tracking has not moved. Party is Saturday. Please advise.,solved,normal,deshawn45@example.com,"[""wismo""]",-2983,-2706
TCK-51645,Repair kit question,Does the repair kit work on the Lazy Kraken tentacle seams or only the body?,solved,normal,bettye7@example.com,"[""product""]",-3315,-2503
TCK-51646,Swan for a wedding?,Is the Colossal Swan available in white only? Wedding is in August. It will be in the photos. It IS the photos.,solved,normal,vera39@example.com,"[""product"",""presales""]",-3389,-2898
TCK-51647,Stadium mascot arm replacement,Our mascot system left arm tore during the seventh inning. Need the replacement panel before Friday's home game.,solved,high,tomasz84@example.com,"[""b2b"",""mascot"",""parts""]",-3402,-2766
TCK-51648,Address change on subscription,"Moved from Columbus, OH to South Bend, IN. Update my Float Club shipping address please.",solved,normal,dolores96@example.com,"[""float-club"",""account""]",-3715,-3668
TCK-51649,Where is my order?,Ordered a Sir Reginald Unicorn on 10 days ago. Tracking has not moved. Party is Saturday. Please advise.,solved,normal,yosef81@example.com,"[""wismo""]",-3603,-3553
TCK-51650,Invoice copy needed,Our dealership needs a copy of last month's TMaaS invoice for accounting. Unit count changed mid-month.,solved,normal,linda63@example.com,"[""b2b"",""billing""]",-3646,-2784
TCK-51651,Valve cap missing from box,My Sir Reginald Unicorn arrived without the valve cap. It deflates overnight. Love it otherwise.,solved,normal,zoe1@example.com,"[""parts""]",-3843,-3211
TCK-51652,Invoice copy needed,Our dealership needs a copy of last month's TMaaS invoice for accounting. Unit count changed mid-month.,solved,normal,wes48@example.com,"[""b2b"",""billing""]",-3537,-3359
TCK-51653,Stadium mascot arm replacement,Our mascot system left arm tore during the seventh inning. Need the replacement panel before Friday's home game.,solved,high,yosef54@example.com,"[""b2b"",""mascot"",""parts""]",-3899,-3576
TCK-51654,Refund request: double charge,Charged twice for order ORD-101760. Bank shows both pending. Please fix.,solved,normal,ximena60@example.com,"[""billing"",""refund""]",-3288,-2463
TCK-51655,Swan for a wedding?,Is the Colossal Swan available in white only? Wedding is in August. It will be in the photos. It IS the photos.,solved,normal,zoe82@example.com,"[""product"",""presales""]",-3686,-3165
TCK-51656,Tube man dancing weird,Our Standard Wacky unit is doing more of a slow lean than a wave. Customers are asking if he is ok.,solved,normal,linda92@example.com,"[""tube-man"",""b2b""]",-3385,-3088
TCK-51657,Swan for a wedding?,Is the Colossal Swan available in white only? Wedding is in August. It will be in the photos. It IS the photos.,solved,normal,jamal23@example.com,"[""product"",""presales""]",-3497,-3175
TCK-51658,Refund request: double charge,Charged twice for order ORD-100712. Bank shows both pending. Please fix.,solved,normal,greg94@example.com,"[""billing"",""refund""]",-3696,-3607
TCK-51659,Valve cap missing from box,My Lazy Kraken arrived without the valve cap. It deflates overnight. Love it otherwise.,solved,normal,quinn78@example.com,"[""parts""]",-3472,-3009
TCK-51660,Tube man dancing weird,Our Standard Wacky unit is doing more of a slow lean than a wave. Customers are asking if he is ok.,solved,normal,keiko27@example.com,"[""tube-man"",""b2b""]",-3182,-3000
TCK-51661,Tube man dancing weird,Our Standard Wacky unit is doing more of a slow lean than a wave. Customers are asking if he is ok.,solved,normal,luis91@example.com,"[""tube-man"",""b2b""]",-3448,-3198
TCK-51662,Sir Reginald has a slow leak,Sir Reginald Unicorn loses about 20% overnight. Within warranty. What are my options?,solved,normal,ernesto22@example.com,"[""warranty""]",-3500,-3433
TCK-51663,Gift for retirement party,Can I get a tube man for a retirement party for one weekend? He was in HVAC 30 years. It has to flail.,open,normal,zoe16@example.com,"[""presales"",""tube-man""]",-2944,-2781
TCK-51664,Bounce house booking change,Need to move our Castle Classic rental from Sat to Sun. Same address. Kid changed the theme again.,solved,normal,hannah79@example.com,"[""bounce"",""booking""]",-3519,-2723
TCK-51665,Address change on subscription,"Moved from Fort Wayne, IN to South Bend, IN. Update my Float Club shipping address please.",solved,normal,nellie8@example.com,"[""float-club"",""account""]",-3404,-3358
TCK-51666,Float Club: pause my membership,"Traveling for two months. Can you pause my Float Club box? Do not cancel. I repeat, do not cancel.",solved,normal,stan93@example.com,"[""float-club""]",-3488,-3024
TCK-51667,Pizza float smells like vinyl,Is the vinyl smell on the Pizza Slice XL normal? How long until it airs out?,solved,normal,dolores81@example.com,"[""product""]",-3105,-2953
TCK-51668,Float Club: pause my membership,"Traveling for two months. Can you pause my Float Club box? Do not cancel. I repeat, do not cancel.",solved,normal,ingrid77@example.com,"[""float-club""]",-3601,-3055
TCK-51669,Where is my order?,Ordered a Colossal Swan on 4 days ago. Tracking has not moved. Party is Saturday. Please advise.,solved,normal,gus28@example.com,"[""wismo""]",-3417,-3190
TCK-51670,Pizza float smells like vinyl,Is the vinyl smell on the Pizza Slice XL normal? How long until it airs out?,solved,normal,margaret84@example.com,"[""product""]",-3438,-3007
TCK-51671,Bounce house booking change,Need to move our Castle Classic rental from Sat to Sun. Same address. Kid changed the theme again.,solved,normal,stan16@example.com,"[""bounce"",""booking""]",-3045,-2779
TCK-51672,Where is my order?,Ordered a Sir Reginald Unicorn on 4 days ago. Tracking has not moved. Party is Saturday. Please advise.,solved,normal,rosa67@example.com,"[""wismo""]",-3081,-2869
TCK-51673,Address change on subscription,"Moved from Akron, OH to Erie, PA. Update my Float Club shipping address please.",solved,normal,linda14@example.com,"[""float-club"",""account""]",-3891,-3185
TCK-51674,Swan for a wedding?,Is the Colossal Swan available in white only? Wedding is in August. It will be in the photos. It IS the photos.,solved,normal,bettye15@example.com,"[""product"",""presales""]",-3834,-3569
TCK-51675,Bounce house booking change,Need to move our Castle Classic rental from Sat to Sun. Same address. Kid changed the theme again.,solved,normal,quinn35@example.com,"[""bounce"",""booking""]",-3432,-2954
TCK-51676,Gift for retirement party,Can I get a tube man for a retirement party for one weekend? He was in HVAC 30 years. It has to flail.,solved,normal,deshawn16@example.com,"[""presales"",""tube-man""]",-3714,-3080
TCK-51677,Repair kit question,Does the repair kit work on the Lazy Kraken tentacle seams or only the body?,solved,normal,dolores32@example.com,"[""product""]",-3555,-3158
TCK-51678,Gift for retirement party,Can I get a tube man for a retirement party for one weekend? He was in HVAC 30 years. It has to flail.,open,normal,gus33@example.com,"[""presales"",""tube-man""]",-3742,-3416
TCK-51679,Refund request: double charge,Charged twice for order ORD-100988. Bank shows both pending. Please fix.,solved,normal,zoe5@example.com,"[""billing"",""refund""]",-3390,-2653
TCK-51680,Float Club: pause my membership,"Traveling for two months. Can you pause my Float Club box? Do not cancel. I repeat, do not cancel.",solved,normal,wes95@example.com,"[""float-club""]",-2993,-2298
TCK-51681,Gift for retirement party,Can I get a tube man for a retirement party for one weekend? He was in HVAC 30 years. It has to flail.,solved,normal,tomasz5@example.com,"[""presales"",""tube-man""]",-3292,-2395
TCK-51682,Repair kit question,Does the repair kit work on the Lazy Kraken tentacle seams or only the body?,solved,normal,paloma5@example.com,"[""product""]",-2989,-2235
TCK-51683,Address change on subscription,"Moved from Kalamazoo, MI to Ann Arbor, MI. Update my Float Club shipping address please.",solved,normal,stan19@example.com,"[""float-club"",""account""]",-3790,-3162
TCK-51684,Bounce house booking change,Need to move our Castle Classic rental from Sat to Sun. Same address. Kid changed the theme again.,solved,normal,chen23@example.com,"[""bounce"",""booking""]",-3833,-2986
TCK-51685,Bounce house wet after rain,The Corporate Retreat Edition got rained on. What is the dry-out protocol before the offsite?,solved,normal,luis47@example.com,"[""bounce"",""care""]",-3362,-2969
TCK-51686,Stadium mascot arm replacement,Our mascot system left arm tore during the seventh inning. Need the replacement panel before Friday's home game.,solved,high,mo27@example.com,"[""b2b"",""mascot"",""parts""]",-3315,-3098
TCK-51687,Where is my order?,Ordered a Lazy Kraken on 8 days ago. Tracking has not moved. Party is Saturday. Please advise.,solved,normal,zoe5@example.com,"[""wismo""]",-3639,-2849
TCK-51688,Refund request: double charge,Charged twice for order ORD-103002. Bank shows both pending. Please fix.,solved,normal,linda99@example.com,"[""billing"",""refund""]",-3706,-2889
TCK-51689,Tube man dancing weird,Our Standard Wacky unit is doing more of a slow lean than a wave. Customers are asking if he is ok.,solved,normal,ray88@example.com,"[""tube-man"",""b2b""]",-3156,-2522
TCK-51690,Bounce house wet after rain,The Corporate Retreat Edition got rained on. What is the dry-out protocol before the offsite?,solved,normal,bettye56@example.com,"[""bounce"",""care""]",-3028,-2510
TCK-51691,Bounce house booking change,Need to move our Castle Classic rental from Sat to Sun. Same address. Kid changed the theme again.,solved,normal,yosef77@example.com,"[""bounce"",""booking""]",-3245,-2420
TCK-51692,Tube man dancing weird,Our Standard Wacky unit is doing more of a slow lean than a wave. Customers are asking if he is ok.,solved,normal,yuki20@example.com,"[""tube-man"",""b2b""]",-3362,-2593
TCK-51693,Stadium mascot arm replacement,Our mascot system left arm tore during the seventh inning. Need the replacement panel before Friday's home game.,solved,high,bob50@example.com,"[""b2b"",""mascot"",""parts""]",-3755,-3432
TCK-51694,Valve cap missing from box,My Lazy Kraken arrived without the valve cap. It deflates overnight. Love it otherwise.,solved,normal,umar11@example.com,"[""parts""]",-3063,-2463
TCK-51695,Stadium mascot arm replacement,Our mascot system left arm tore during the seventh inning. Need the replacement panel before Friday's home game.,solved,high,carlos91@example.com,"[""b2b"",""mascot"",""parts""]",-3399,-3077
TCK-51696,Repair kit question,Does the repair kit work on the Lazy Kraken tentacle seams or only the body?,solved,normal,yuki50@example.com,"[""product""]",-3601,-3352
TCK-51697,Gift for retirement party,Can I get a tube man for a retirement party for one weekend? He was in HVAC 30 years. It has to flail.,solved,normal,ernesto29@example.com,"[""presales"",""tube-man""]",-3551,-3235
TCK-51698,Pizza float smells like vinyl,Is the vinyl smell on the Pizza Slice XL normal? How long until it airs out?,solved,normal,omar8@example.com,"[""product""]",-3511,-3285
TCK-51699,Swan for a wedding?,Is the Colossal Swan available in white only? Wedding is in August. It will be in the photos. It IS the photos.,solved,normal,margaret79@example.com,"[""product"",""presales""]",-3017,-2313
TCK-51700,Repair kit question,Does the repair kit work on the Lazy Kraken tentacle seams or only the body?,solved,normal,dolores61@example.com,"[""product""]",-3736,-3360
TCK-51701,Swan for a wedding?,Is the Colossal Swan available in white only? Wedding is in August. It will be in the photos. It IS the photos.,solved,normal,harriet85@example.com,"[""product"",""presales""]",-3091,-2208
TCK-51702,Tube man dancing weird,Our Standard Wacky unit is doing more of a slow lean than a wave. Customers are asking if he is ok.,solved,normal,margaret32@example.com,"[""tube-man"",""b2b""]",-3088,-2252
TCK-51703,Pizza float smells like vinyl,Is the vinyl smell on the Pizza Slice XL normal? How long until it airs out?,solved,normal,ximena93@example.com,"[""product""]",-3707,-2881
TCK-51704,Tube man dancing weird,Our Standard Wacky unit is doing more of a slow lean than a wave. Customers are asking if he is ok.,solved,normal,deshawn77@example.com,"[""tube-man"",""b2b""]",-3599,-2709
TCK-51705,Valve cap missing from box,My Lazy Kraken arrived without the valve cap. It deflates overnight. Love it otherwise.,solved,normal,ray85@example.com,"[""parts""]",-3769,-3513
TCK-51706,Stadium mascot arm replacement,Our mascot system left arm tore during the seventh inning. Need the replacement panel before Friday's home game.,solved,high,mabel75@example.com,"[""b2b"",""mascot"",""parts""]",-3462,-3414
TCK-51707,Valve cap missing from box,My Lazy Kraken arrived without the valve cap. It deflates overnight. Love it otherwise.,solved,normal,kitty71@example.com,"[""parts""]",-2991,-2209
TCK-51708,Sir Reginald has a slow leak,Sir Reginald Unicorn loses about 20% overnight. Within warranty. What are my options?,solved,normal,ingrid64@example.com,"[""warranty""]",-3504,-2801
TCK-51709,Bounce house booking change,Need to move our Castle Classic rental from Sat to Sun. Same address. Kid changed the theme again.,solved,normal,linda70@example.com,"[""bounce"",""booking""]",-3022,-2271
TCK-51710,Float Club: pause my membership,"Traveling for two months. Can you pause my Float Club box? Do not cancel. I repeat, do not cancel.",solved,normal,carlos45@example.com,"[""float-club""]",-2985,-2799
TCK-51711,Swan for a wedding?,Is the Colossal Swan available in white only? Wedding is in August. It will be in the photos. It IS the photos.,solved,normal,gus32@example.com,"[""product"",""presales""]",-3660,-3047
TCK-51712,Where is my order?,Ordered a Sir Reginald Unicorn on 4 days ago. Tracking has not moved. Party is Saturday. Please advise.,solved,normal,quinn63@example.com,"[""wismo""]",-3505,-2658
TCK-51713,Bounce house booking change,Need to move our Castle Classic rental from Sat to Sun. Same address. Kid changed the theme again.,solved,normal,ivan3@example.com,"[""bounce"",""booking""]",-3296,-2554
TCK-51714,Sir Reginald has a slow leak,Sir Reginald Unicorn loses about 20% overnight. Within warranty. What are my options?,solved,normal,carlos1@example.com,"[""warranty""]",-3667,-3547
TCK-51715,Gift for retirement party,Can I get a tube man for a retirement party for one weekend? He was in HVAC 30 years. It has to flail.,solved,normal,dolores14@example.com,"[""presales"",""tube-man""]",-3798,-3103
TCK-51716,Valve cap missing from box,My Sir Reginald Unicorn arrived without the valve cap. It deflates overnight. Love it otherwise.,solved,normal,flo58@example.com,"[""parts""]",-2990,-2401
TCK-51717,Stadium mascot arm replacement,Our mascot system left arm tore during the seventh inning. Need the replacement panel before Friday's home game.,open,high,paloma81@example.com,"[""b2b"",""mascot"",""parts""]",-3678,-3369
TCK-51718,Address change on subscription,"Moved from South Bend, IN to Bowling Green, OH. Update my Float Club shipping address please.",solved,normal,margaret45@example.com,"[""float-club"",""account""]",-3710,-2945
TCK-51719,Tube man dancing weird,Our Standard Wacky unit is doing more of a slow lean than a wave. Customers are asking if he is ok.,solved,normal,jerome88@example.com,"[""tube-man"",""b2b""]",-3562,-3199
TCK-51720,Float Club: pause my membership,"Traveling for two months. Can you pause my Float Club box? Do not cancel. I repeat, do not cancel.",solved,normal,keiko4@example.com,"[""float-club""]",-3161,-3036
TCK-51721,Where is my order?,Ordered a Sir Reginald Unicorn on 9 days ago. Tracking has not moved. Party is Saturday. Please advise.,solved,normal,nadia58@example.com,"[""wismo""]",-3339,-3265
TCK-51722,Float Club: pause my membership,"Traveling for two months. Can you pause my Float Club box? Do not cancel. I repeat, do not cancel.",solved,normal,jamal23@example.com,"[""float-club""]",-3712,-3027
TCK-51723,Invoice copy needed,Our dealership needs a copy of last month's TMaaS invoice for accounting. Unit count changed mid-month.,solved,normal,bettye71@example.com,"[""b2b"",""billing""]",-3280,-3131
TCK-51724,Address change on subscription,"Moved from Kalamazoo, MI to Columbus, OH. Update my Float Club shipping address please.",open,normal,mo72@example.com,"[""float-club"",""account""]",-3836,-3769
TCK-51725,Bounce house booking change,Need to move our Castle Classic rental from Sat to Sun. Same address. Kid changed the theme again.,open,normal,luis10@example.com,"[""bounce"",""booking""]",-3288,-2416
TCK-51726,Sir Reginald has a slow leak,Sir Reginald Unicorn loses about 20% overnight. Within warranty. What are my options?,solved,normal,gus57@example.com,"[""warranty""]",-3162,-2374
TCK-51727,Where is my order?,Ordered a Lazy Kraken on 9 days ago. Tracking has not moved. Party is Saturday. Please advise.,solved,normal,yosef59@example.com,"[""wismo""]",-3171,-3009
TCK-51728,Where is my order?,Ordered a Lazy Kraken on 11 days ago. Tracking has not moved. Party is Saturday. Please advise.,solved,normal,ximena46@example.com,"[""wismo""]",-2973,-2205
TCK-51729,Bounce house wet after rain,The Corporate Retreat Edition got rained on. What is the dry-out protocol before the offsite?,solved,normal,umar74@example.com,"[""bounce"",""care""]",-3266,-3100
TCK-51730,Float Club: pause my membership,"Traveling for two months. Can you pause my Float Club box? Do not cancel. I repeat, do not cancel.",solved,normal,ximena76@example.com,"[""float-club""]",-3452,-3384
TCK-51731,Bounce house wet after rain,The Corporate Retreat Edition got rained on. What is the dry-out protocol before the offsite?,solved,normal,priya97@example.com,"[""bounce"",""care""]",-3144,-3094
TCK-51732,Swan for a wedding?,Is the Colossal Swan available in white only? Wedding is in August. It will be in the photos. It IS the photos.,solved,normal,gus57@example.com,"[""product"",""presales""]",-3614,-3266
TCK-51733,Pizza float smells like vinyl,Is the vinyl smell on the Pizza Slice XL normal? How long until it airs out?,solved,normal,zoe31@example.com,"[""product""]",-3065,-2615
TCK-51734,Pizza float smells like vinyl,Is the vinyl smell on the Pizza Slice XL normal? How long until it airs out?,open,normal,tomasz90@example.com,"[""product""]",-3528,-3134
TCK-51735,Repair kit question,Does the repair kit work on the Lazy Kraken tentacle seams or only the body?,solved,normal,yosef68@example.com,"[""product""]",-3212,-2477
TCK-51736,Stadium mascot arm replacement,Our mascot system left arm tore during the seventh inning. Need the replacement panel before Friday's home game.,open,high,linda35@example.com,"[""b2b"",""mascot"",""parts""]",-3030,-2351
TCK-51737,Swan for a wedding?,Is the Colossal Swan available in white only? Wedding is in August. It will be in the photos. It IS the photos.,solved,normal,deshawn33@example.com,"[""product"",""presales""]",-3231,-2903
TCK-51738,Stadium mascot arm replacement,Our mascot system left arm tore during the seventh inning. Need the replacement panel before Friday's home game.,open,high,umar19@example.com,"[""b2b"",""mascot"",""parts""]",-3449,-3395
TCK-51739,Bounce house wet after rain,The Corporate Retreat Edition got rained on. What is the dry-out protocol before the offsite?,solved,normal,ernesto90@example.com,"[""bounce"",""care""]",-3701,-3525
TCK-51740,Repair kit question,Does the repair kit work on the Lazy Kraken tentacle seams or only the body?,solved,normal,priya50@example.com,"[""product""]",-3869,-3663
TCK-51741,Bounce house booking change,Need to move our Castle Classic rental from Sat to Sun. Same address. Kid changed the theme again.,solved,normal,gus14@example.com,"[""bounce"",""booking""]",-3306,-2955
TCK-51742,Tube man dancing weird,Our Standard Wacky unit is doing more of a slow lean than a wave. Customers are asking if he is ok.,solved,normal,mabel99@example.com,"[""tube-man"",""b2b""]",-3158,-2530
TCK-51743,Refund request: double charge,Charged twice for order ORD-103069. Bank shows both pending. Please fix.,solved,normal,yuki32@example.com,"[""billing"",""refund""]",-2941,-2257
TCK-51744,Invoice copy needed,Our dealership needs a copy of last month's TMaaS invoice for accounting. Unit count changed mid-month.,solved,normal,linda87@example.com,"[""b2b"",""billing""]",-2997,-2363
TCK-51745,Refund request: double charge,Charged twice for order ORD-100092. Bank shows both pending. Please fix.,solved,normal,bob1@example.com,"[""billing"",""refund""]",-3741,-3072
TCK-51746,Stadium mascot arm replacement,Our mascot system left arm tore during the seventh inning. Need the replacement panel before Friday's home game.,solved,high,ximena16@example.com,"[""b2b"",""mascot"",""parts""]",-3455,-2565
TCK-51747,Gift for retirement party,Can I get a tube man for a retirement party for one weekend? He was in HVAC 30 years. It has to flail.,solved,normal,vera22@example.com,"[""presales"",""tube-man""]",-3071,-2317
TCK-51748,Float Club: pause my membership,"Traveling for two months. Can you pause my Float Club box? Do not cancel. I repeat, do not cancel.",solved,normal,tina8@example.com,"[""float-club""]",-2954,-2706
TCK-51749,Float Club: pause my membership,"Traveling for two months. Can you pause my Float Club box? Do not cancel. I repeat, do not cancel.",solved,normal,ray4@example.com,"[""float-club""]",-3202,-2783
TCK-51750,Sir Reginald has a slow leak,Sir Reginald Unicorn loses about 20% overnight. Within warranty. What are my options?,solved,normal,bettye78@example.com,"[""warranty""]",-3898,-3529
TCK-51751,Gift for retirement party,Can I get a tube man for a retirement party for one weekend? He was in HVAC 30 years. It has to flail.,solved,normal,dolores69@example.com,"[""presales"",""tube-man""]",-3147,-3058
TCK-51752,Stadium mascot arm replacement,Our mascot system left arm tore during the seventh inning. Need the replacement panel before Friday's home game.,solved,high,nellie40@example.com,"[""b2b"",""mascot"",""parts""]",-3201,-2451
TCK-51753,Sir Reginald has a slow leak,Sir Reginald Unicorn loses about 20% overnight. Within warranty. What are my options?,solved,normal,luis30@example.com,"[""warranty""]",-3221,-2475
TCK-51754,Tube man dancing weird,Our Standard Wacky unit is doing more of a slow lean than a wave. Customers are asking if he is ok.,solved,normal,vera99@example.com,"[""tube-man"",""b2b""]",-3145,-2375
TCK-51755,Gift for retirement party,Can I get a tube man for a retirement party for one weekend? He was in HVAC 30 years. It has to flail.,solved,normal,tina2@example.com,"[""presales"",""tube-man""]",-3074,-2365
TCK-51756,Where is my order?,Ordered a Pizza Slice XL on 6 days ago. Tracking has not moved. Party is Saturday. Please advise.,open,normal,quinn19@example.com,"[""wismo""]",-2968,-2108
TCK-51757,Repair kit question,Does the repair kit work on the Lazy Kraken tentacle seams or only the body?,solved,normal,ivan80@example.com,"[""product""]",-2990,-2326
TCK-51758,Float Club: pause my membership,"Traveling for two months. Can you pause my Float Club box? Do not cancel. I repeat, do not cancel.",solved,normal,zoe83@example.com,"[""float-club""]",-3678,-3463
TCK-51759,Swan for a wedding?,Is the Colossal Swan available in white only? Wedding is in August. It will be in the photos. It IS the photos.,solved,normal,paloma81@example.com,"[""product"",""presales""]",-3131,-2458
TCK-51760,Bounce house booking change,Need to move our Castle Classic rental from Sat to Sun. Same address. Kid changed the theme again.,solved,normal,nadia87@example.com,"[""bounce"",""booking""]",-3169,-2457
TCK-51761,Where is my order?,Ordered a Colossal Swan on 8 days ago. Tracking has not moved. Party is Saturday. Please advise.,solved,normal,nellie89@example.com,"[""wismo""]",-3091,-2720
TCK-51762,Stadium mascot arm replacement,Our mascot system left arm tore during the seventh inning. Need the replacement panel before Friday's home game.,solved,high,ximena45@example.com,"[""b2b"",""mascot"",""parts""]",-3267,-2599
TCK-51763,Where is my order?,Ordered a Pizza Slice XL on 3 days ago. Tracking has not moved. Party is Saturday. Please advise.,solved,normal,tomasz21@example.com,"[""wismo""]",-2947,-2419
TCK-51764,Pizza float smells like vinyl,Is the vinyl smell on the Pizza Slice XL normal? How long until it airs out?,solved,normal,nellie46@example.com,"[""product""]",-3883,-3562
TCK-51765,Sir Reginald has a slow leak,Sir Reginald Unicorn loses about 20% overnight. Within warranty. What are my options?,solved,normal,otis81@example.com,"[""warranty""]",-3655,-3364
TCK-51766,Gift for retirement party,Can I get a tube man for a retirement party for one weekend? He was in HVAC 30 years. It has to flail.,solved,normal,tomasz39@example.com,"[""presales"",""tube-man""]",-3238,-2817
TCK-51767,Pizza float smells like vinyl,Is the vinyl smell on the Pizza Slice XL normal? How long until it airs out?,open,normal,otis15@example.com,"[""product""]",-3105,-2593
TCK-51768,Stadium mascot arm replacement,Our mascot system left arm tore during the seventh inning. Need the replacement panel before Friday's home game.,solved,high,priya4@example.com,"[""b2b"",""mascot"",""parts""]",-3506,-2643
TCK-51769,Gift for retirement party,Can I get a tube man for a retirement party for one weekend? He was in HVAC 30 years. It has to flail.,solved,normal,lamar83@example.com,"[""presales"",""tube-man""]",-3800,-3513
TCK-51770,Float Club: pause my membership,"Traveling for two months. Can you pause my Float Club box? Do not cancel. I repeat, do not cancel.",solved,normal,harriet22@example.com,"[""float-club""]",-3742,-2850
TCK-51771,Invoice copy needed,Our dealership needs a copy of last month's TMaaS invoice for accounting. Unit count changed mid-month.,solved,normal,pearl48@example.com,"[""b2b"",""billing""]",-3483,-2861
TCK-51772,Repair kit question,Does the repair kit work on the Lazy Kraken tentacle seams or only the body?,solved,normal,rosa93@example.com,"[""product""]",-3511,-3283
TCK-51773,Where is my order?,Ordered a Pizza Slice XL on 11 days ago. Tracking has not moved. Party is Saturday. Please advise.,solved,normal,kitty94@example.com,"[""wismo""]",-2957,-2697
TCK-51774,Pizza float smells like vinyl,Is the vinyl smell on the Pizza Slice XL normal? How long until it airs out?,solved,normal,yosef14@example.com,"[""product""]",-2965,-2662
TCK-51775,Gift for retirement party,Can I get a tube man for a retirement party for one weekend? He was in HVAC 30 years. It has to flail.,solved,normal,hannah33@example.com,"[""presales"",""tube-man""]",-3305,-2626
TCK-51776,Refund request: double charge,Charged twice for order ORD-101909. Bank shows both pending. Please fix.,solved,normal,stan27@example.com,"[""billing"",""refund""]",-3850,-3679
TCK-51777,Where is my order?,Ordered a Colossal Swan on 5 days ago. Tracking has not moved. Party is Saturday. Please advise.,solved,normal,nadia10@example.com,"[""wismo""]",-3819,-3192
TCK-51778,Address change on subscription,"Moved from Dayton, OH to Sandusky, OH. Update my Float Club shipping address please.",solved,normal,mabel3@example.com,"[""float-club"",""account""]",-3371,-2758
TCK-51779,Tube man dancing weird,Our Standard Wacky unit is doing more of a slow lean than a wave. Customers are asking if he is ok.,solved,normal,carlos75@example.com,"[""tube-man"",""b2b""]",-3548,-3165
TCK-51780,Address change on subscription,"Moved from Erie, PA to Akron, OH. Update my Float Club shipping address please.",solved,normal,harriet52@example.com,"[""float-club"",""account""]",-3227,-2446
TCK-51781,Where is my order?,Ordered a Colossal Swan on 8 days ago. Tracking has not moved. Party is Saturday. Please advise.,solved,normal,quinn58@example.com,"[""wismo""]",-3644,-3327
TCK-51782,Stadium mascot arm replacement,Our mascot system left arm tore during the seventh inning. Need the replacement panel before Friday's home game.,solved,high,jerome74@example.com,"[""b2b"",""mascot"",""parts""]",-3750,-3696
TCK-51783,Tube man dancing weird,Our Standard Wacky unit is doing more of a slow lean than a wave. Customers are asking if he is ok.,solved,normal,dolores46@example.com,"[""tube-man"",""b2b""]",-3092,-2571
TCK-51784,Swan for a wedding?,Is the Colossal Swan available in white only? Wedding is in August. It will be in the photos. It IS the photos.,solved,normal,zoe19@example.com,"[""product"",""presales""]",-3133,-2813
TCK-51785,Invoice copy needed,Our dealership needs a copy of last month's TMaaS invoice for accounting. Unit count changed mid-month.,solved,normal,jamal92@example.com,"[""b2b"",""billing""]",-3740,-3678
TCK-51786,Address change on subscription,"Moved from Bowling Green, OH to Erie, PA. Update my Float Club shipping address please.",solved,normal,paloma65@example.com,"[""float-club"",""account""]",-3619,-3240
TCK-51787,Gift for retirement party,Can I get a tube man for a retirement party for one weekend? He was in HVAC 30 years. It has to flail.,solved,normal,nellie4@example.com,"[""presales"",""tube-man""]",-3848,-3555
TCK-51788,Tube man dancing weird,Our Standard Wacky unit is doing more of a slow lean than a wave. Customers are asking if he is ok.,solved,normal,jerome16@example.com,"[""tube-man"",""b2b""]",-3311,-3102
TCK-51789,Sir Reginald has a slow leak,Sir Reginald Unicorn loses about 20% overnight. Within warranty. What are my options?,solved,normal,lamar91@example.com,"[""warranty""]",-3347,-2974
TCK-51790,Repair kit question,Does the repair kit work on the Lazy Kraken tentacle seams or only the body?,solved,normal,priya35@example.com,"[""product""]",-3224,-2925
TCK-51791,Invoice copy needed,Our dealership needs a copy of last month's TMaaS invoice for accounting. Unit count changed mid-month.,open,normal,curtis15@example.com,"[""b2b"",""billing""]",-3701,-2814
TCK-51792,Refund request: double charge,Charged twice for order ORD-101195. Bank shows both pending. Please fix.,solved,normal,jamal47@example.com,"[""billing"",""refund""]",-3579,-3039
TCK-51793,Bounce house wet after rain,The Corporate Retreat Edition got rained on. What is the dry-out protocol before the offsite?,solved,normal,deshawn9@example.com,"[""bounce"",""care""]",-3827,-3101
TCK-51794,Bounce house booking change,Need to move our Castle Classic rental from Sat to Sun. Same address. Kid changed the theme again.,solved,normal,carlos40@example.com,"[""bounce"",""booking""]",-3170,-2599
TCK-51795,Bounce house wet after rain,The Corporate Retreat Edition got rained on. What is the dry-out protocol before the offsite?,solved,normal,wes46@example.com,"[""bounce"",""care""]",-3040,-2694
TCK-51796,Gift for retirement party,Can I get a tube man for a retirement party for one weekend? He was in HVAC 30 years. It has to flail.,solved,normal,flo73@example.com,"[""presales"",""tube-man""]",-3537,-3176
TCK-51797,Swan for a wedding?,Is the Colossal Swan available in white only? Wedding is in August. It will be in the photos. It IS the photos.,solved,normal,curtis64@example.com,"[""product"",""presales""]",-3745,-3714
TCK-51798,Tube man dancing weird,Our Standard Wacky unit is doing more of a slow lean than a wave. Customers are asking if he is ok.,solved,normal,chen8@example.com,"[""tube-man"",""b2b""]",-2987,-2089
TCK-51799,Bounce house wet after rain,The Corporate Retreat Edition got rained on. What is the dry-out protocol before the offsite?,solved,normal,quinn93@example.com,"[""bounce"",""care""]",-3419,-2797
TCK-51800,Valve cap missing from box,My Sir Reginald Unicorn arrived without the valve cap. It deflates overnight. Love it otherwise.,solved,normal,priya47@example.com,"[""parts""]",-3890,-3706
TCK-51801,Where is my order?,Ordered a Sir Reginald Unicorn on 5 days ago. Tracking has not moved. Party is Saturday. Please advise.,solved,normal,ingrid89@example.com,"[""wismo""]",-3479,-3017
TCK-51802,Stadium mascot arm replacement,Our mascot system left arm tore during the seventh inning. Need the replacement panel before Friday's home game.,solved,high,umar70@example.com,"[""b2b"",""mascot"",""parts""]",-3397,-3123
TCK-51803,Refund request: double charge,Charged twice for order ORD-101337. Bank shows both pending. Please fix.,solved,normal,flo80@example.com,"[""billing"",""refund""]",-3507,-2748
TCK-51804,Float Club: pause my membership,"Traveling for two months. Can you pause my Float Club box? Do not cancel. I repeat, do not cancel.",solved,normal,stan39@example.com,"[""float-club""]",-3307,-3009
TCK-51805,Where is my order?,Ordered a Sir Reginald Unicorn on 11 days ago. Tracking has not moved. Party is Saturday. Please advise.,solved,normal,margaret21@example.com,"[""wismo""]",-3172,-2643
TCK-51806,Where is my order?,Ordered a Lazy Kraken on 5 days ago. Tracking has not moved. Party is Saturday. Please advise.,solved,normal,keiko1@example.com,"[""wismo""]",-3470,-3348
TCK-51807,Bounce house wet after rain,The Corporate Retreat Edition got rained on. What is the dry-out protocol before the offsite?,solved,normal,keiko57@example.com,"[""bounce"",""care""]",-3580,-3304
TCK-51808,Bounce house booking change,Need to move our Castle Classic rental from Sat to Sun. Same address. Kid changed the theme again.,solved,normal,margaret3@example.com,"[""bounce"",""booking""]",-3400,-3171
TCK-51809,Bounce house booking change,Need to move our Castle Classic rental from Sat to Sun. Same address. Kid changed the theme again.,solved,normal,gus49@example.com,"[""bounce"",""booking""]",-2955,-2375
TCK-51810,Valve cap missing from box,My Lazy Kraken arrived without the valve cap. It deflates overnight. Love it otherwise.,solved,normal,luis90@example.com,"[""parts""]",-3487,-2752
TCK-51811,Repair kit question,Does the repair kit work on the Lazy Kraken tentacle seams or only the body?,solved,normal,margaret12@example.com,"[""product""]",-3070,-2443
TCK-51812,Swan for a wedding?,Is the Colossal Swan available in white only? Wedding is in August. It will be in the photos. It IS the photos.,open,normal,bettye66@example.com,"[""product"",""presales""]",-3127,-2594
TCK-51813,Repair kit question,Does the repair kit work on the Lazy Kraken tentacle seams or only the body?,solved,normal,fatima49@example.com,"[""product""]",-3672,-3031
TCK-51814,Refund request: double charge,Charged twice for order ORD-101772. Bank shows both pending. Please fix.,solved,normal,luis72@example.com,"[""billing"",""refund""]",-3360,-3006
TCK-51815,Invoice copy needed,Our dealership needs a copy of last month's TMaaS invoice for accounting. Unit count changed mid-month.,solved,normal,kitty79@example.com,"[""b2b"",""billing""]",-3459,-3271
TCK-51816,Float Club: pause my membership,"Traveling for two months. Can you pause my Float Club box? Do not cancel. I repeat, do not cancel.",solved,normal,nellie38@example.com,"[""float-club""]",-3494,-3248
TCK-51817,Where is my order?,Ordered a Colossal Swan on 5 days ago. Tracking has not moved. Party is Saturday. Please advise.,solved,normal,zoe30@example.com,"[""wismo""]",-3760,-3642
TCK-51818,Tube man dancing weird,Our Standard Wacky unit is doing more of a slow lean than a wave. Customers are asking if he is ok.,solved,normal,lamar40@example.com,"[""tube-man"",""b2b""]",-3074,-2261
TCK-51819,Stadium mascot arm replacement,Our mascot system left arm tore during the seventh inning. Need the replacement panel before Friday's home game.,solved,high,nellie53@example.com,"[""b2b"",""mascot"",""parts""]",-3624,-2997
TCK-51820,Pizza float smells like vinyl,Is the vinyl smell on the Pizza Slice XL normal? How long until it airs out?,solved,normal,otis4@example.com,"[""product""]",-3495,-3423
TCK-51821,Where is my order?,Ordered a Lazy Kraken on 8 days ago. Tracking has not moved. Party is Saturday. Please advise.,solved,normal,harriet9@example.com,"[""wismo""]",-3427,-3161
TCK-51822,Valve cap missing from box,My Colossal Swan arrived without the valve cap. It deflates overnight. Love it otherwise.,solved,normal,umar29@example.com,"[""parts""]",-3162,-2487
TCK-51823,Where is my order?,Ordered a Colossal Swan on 11 days ago. Tracking has not moved. Party is Saturday. Please advise.,solved,normal,arthur22@example.com,"[""wismo""]",-3078,-2328
TCK-51824,Bounce house booking change,Need to move our Castle Classic rental from Sat to Sun. Same address. Kid changed the theme again.,solved,normal,gus66@example.com,"[""bounce"",""booking""]",-3125,-2743
TCK-51825,Bounce house wet after rain,The Corporate Retreat Edition got rained on. What is the dry-out protocol before the offsite?,solved,normal,fatima82@example.com,"[""bounce"",""care""]",-3251,-3073
TCK-51826,Tube man dancing weird,Our Standard Wacky unit is doing more of a slow lean than a wave. Customers are asking if he is ok.,solved,normal,mabel11@example.com,"[""tube-man"",""b2b""]",-3216,-2907
TCK-51827,Stadium mascot arm replacement,Our mascot system left arm tore during the seventh inning. Need the replacement panel before Friday's home game.,solved,high,wes96@example.com,"[""b2b"",""mascot"",""parts""]",-3258,-2985
TCK-51828,Pizza float smells like vinyl,Is the vinyl smell on the Pizza Slice XL normal? How long until it airs out?,solved,normal,jerome95@example.com,"[""product""]",-3026,-2648
TCK-51829,Address change on subscription,"Moved from Sandusky, OH to Findlay, OH. Update my Float Club shipping address please.",solved,normal,lamar56@example.com,"[""float-club"",""account""]",-3150,-2768
TCK-51830,Float Club: pause my membership,"Traveling for two months. Can you pause my Float Club box? Do not cancel. I repeat, do not cancel.",solved,normal,quinn13@example.com,"[""float-club""]",-3253,-2649
TCK-51831,Float Club: pause my membership,"Traveling for two months. Can you pause my Float Club box? Do not cancel. I repeat, do not cancel.",solved,normal,linda81@example.com,"[""float-club""]",-3881,-3023
TCK-51832,Address change on subscription,"Moved from Sandusky, OH to Fort Wayne, IN. Update my Float Club shipping address please.",solved,normal,vera88@example.com,"[""float-club"",""account""]",-3895,-3292
TCK-51833,Invoice copy needed,Our dealership needs a copy of last month's TMaaS invoice for accounting. Unit count changed mid-month.,solved,normal,margaret46@example.com,"[""b2b"",""billing""]",-3536,-3359
TCK-51834,Stadium mascot arm replacement,Our mascot system left arm tore during the seventh inning. Need the replacement panel before Friday's home game.,solved,high,ray45@example.com,"[""b2b"",""mascot"",""parts""]",-3319,-2751
TCK-51835,Bounce house booking change,Need to move our Castle Classic rental from Sat to Sun. Same address. Kid changed the theme again.,solved,normal,priya79@example.com,"[""bounce"",""booking""]",-3565,-3271
TCK-51836,Where is my order?,Ordered a Colossal Swan on 12 days ago. Tracking has not moved. Party is Saturday. Please advise.,solved,normal,gus68@example.com,"[""wismo""]",-3234,-2939
TCK-51837,Where is my order?,Ordered a Pizza Slice XL on 10 days ago. Tracking has not moved. Party is Saturday. Please advise.,solved,normal,rosa71@example.com,"[""wismo""]",-3655,-3069
TCK-51838,Bounce house booking change,Need to move our Castle Classic rental from Sat to Sun. Same address. Kid changed the theme again.,solved,normal,ray15@example.com,"[""bounce"",""booking""]",-3172,-2448
TCK-51839,Sir Reginald has a slow leak,Sir Reginald Unicorn loses about 20% overnight. Within warranty. What are my options?,solved,normal,jamal12@example.com,"[""warranty""]",-3886,-3466
TCK-51840,Stadium mascot arm replacement,Our mascot system left arm tore during the seventh inning. Need the replacement panel before Friday's home game.,solved,high,jamal43@example.com,"[""b2b"",""mascot"",""parts""]",-3463,-2735
TCK-51841,Address change on subscription,"Moved from Fort Wayne, IN to Akron, OH. Update my Float Club shipping address please.",solved,normal,rosa26@example.com,"[""float-club"",""account""]",-3647,-2956
TCK-51842,Address change on subscription,"Moved from Findlay, OH to Sandusky, OH. Update my Float Club shipping address please.",solved,normal,hannah94@example.com,"[""float-club"",""account""]",-3846,-3715
TCK-51843,Refund request: double charge,Charged twice for order ORD-103438. Bank shows both pending. Please fix.,solved,normal,curtis36@example.com,"[""billing"",""refund""]",-3678,-2902
TCK-51844,Address change on subscription,"Moved from Fort Wayne, IN to Findlay, OH. Update my Float Club shipping address please.",solved,normal,yosef17@example.com,"[""float-club"",""account""]",-3121,-2901
TCK-51845,Repair kit question,Does the repair kit work on the Lazy Kraken tentacle seams or only the body?,solved,normal,aisha24@example.com,"[""product""]",-3285,-2662
TCK-51846,Pizza float smells like vinyl,Is the vinyl smell on the Pizza Slice XL normal? How long until it airs out?,solved,normal,jerome98@example.com,"[""product""]",-3011,-2547
TCK-51847,Valve cap missing from box,My Lazy Kraken arrived without the valve cap. It deflates overnight. Love it otherwise.,solved,normal,harriet29@example.com,"[""parts""]",-3148,-2636
TCK-51848,Address change on subscription,"Moved from Erie, PA to Akron, OH. Update my Float Club shipping address please.",solved,normal,paloma65@example.com,"[""float-club"",""account""]",-3520,-3218
TCK-51849,Valve cap missing from box,My Lazy Kraken arrived without the valve cap. It deflates overnight. Love it otherwise.,solved,normal,ximena33@example.com,"[""parts""]",-3386,-2840
TCK-51850,Address change on subscription,"Moved from Akron, OH to Bowling Green, OH. Update my Float Club shipping address please.",open,normal,pearl96@example.com,"[""float-club"",""account""]",-3009,-2138
TCK-51851,Address change on subscription,"Moved from Kalamazoo, MI to Erie, PA. Update my Float Club shipping address please.",solved,normal,hannah90@example.com,"[""float-club"",""account""]",-3517,-3406
TCK-51852,Address change on subscription,"Moved from South Bend, IN to Ann Arbor, MI. Update my Float Club shipping address please.",solved,normal,bob18@example.com,"[""float-club"",""account""]",-3807,-3515
TCK-51853,Gift for retirement party,Can I get a tube man for a retirement party for one weekend? He was in HVAC 30 years. It has to flail.,solved,normal,lamar8@example.com,"[""presales"",""tube-man""]",-3501,-2664
TCK-51854,Repair kit question,Does the repair kit work on the Lazy Kraken tentacle seams or only the body?,solved,normal,margaret27@example.com,"[""product""]",-3671,-3631
TCK-51855,Swan for a wedding?,Is the Colossal Swan available in white only? Wedding is in August. It will be in the photos. It IS the photos.,solved,normal,nadia87@example.com,"[""product"",""presales""]",-3356,-2534
TCK-51856,Swan for a wedding?,Is the Colossal Swan available in white only? Wedding is in August. It will be in the photos. It IS the photos.,solved,normal,zoe47@example.com,"[""product"",""presales""]",-3301,-3110
TCK-51857,Repair kit question,Does the repair kit work on the Lazy Kraken tentacle seams or only the body?,solved,normal,ivan15@example.com,"[""product""]",-3251,-2769
TCK-51858,Pizza float smells like vinyl,Is the vinyl smell on the Pizza Slice XL normal? How long until it airs out?,open,normal,otis60@example.com,"[""product""]",-3152,-2787
TCK-51859,Swan for a wedding?,Is the Colossal Swan available in white only? Wedding is in August. It will be in the photos. It IS the photos.,solved,normal,yuki25@example.com,"[""product"",""presales""]",-3234,-3030
TCK-51860,Address change on subscription,"Moved from Akron, OH to Akron, OH. Update my Float Club shipping address please.",solved,normal,bettye31@example.com,"[""float-club"",""account""]",-3182,-3152
TCK-51861,Where is my order?,Ordered a Pizza Slice XL on 11 days ago. Tracking has not moved. Party is Saturday. Please advise.,solved,normal,arthur43@example.com,"[""wismo""]",-3062,-2868
TCK-51862,Refund request: double charge,Charged twice for order ORD-100780. Bank shows both pending. Please fix.,solved,normal,umar83@example.com,"[""billing"",""refund""]",-3784,-3118
TCK-51863,Swan for a wedding?,Is the Colossal Swan available in white only? Wedding is in August. It will be in the photos. It IS the photos.,solved,normal,ingrid58@example.com,"[""product"",""presales""]",-3448,-3085
TCK-51864,Sir Reginald has a slow leak,Sir Reginald Unicorn loses about 20% overnight. Within warranty. What are my options?,solved,normal,curtis88@example.com,"[""warranty""]",-3445,-3206
TCK-51865,Address change on subscription,"Moved from Ann Arbor, MI to Erie, PA. Update my Float Club shipping address please.",solved,normal,tomasz35@example.com,"[""float-club"",""account""]",-3777,-3228
TCK-51866,Pizza float smells like vinyl,Is the vinyl smell on the Pizza Slice XL normal? How long until it airs out?,solved,normal,quinn73@example.com,"[""product""]",-3373,-3176
TCK-51867,Gift for retirement party,Can I get a tube man for a retirement party for one weekend? He was in HVAC 30 years. It has to flail.,solved,normal,bob48@example.com,"[""presales"",""tube-man""]",-3582,-3207
TCK-51868,Where is my order?,Ordered a Sir Reginald Unicorn on 6 days ago. Tracking has not moved. Party is Saturday. Please advise.,solved,normal,deshawn14@example.com,"[""wismo""]",-3204,-2419
TCK-51869,Valve cap missing from box,My Pizza Slice XL arrived without the valve cap. It deflates overnight. Love it otherwise.,solved,normal,quinn99@example.com,"[""parts""]",-3129,-2890
TCK-51870,Tube man dancing weird,Our Standard Wacky unit is doing more of a slow lean than a wave. Customers are asking if he is ok.,solved,normal,chen74@example.com,"[""tube-man"",""b2b""]",-3073,-2528
TCK-51871,Tube man dancing weird,Our Standard Wacky unit is doing more of a slow lean than a wave. Customers are asking if he is ok.,solved,normal,linda47@example.com,"[""tube-man"",""b2b""]",-3370,-3309
TCK-51872,Swan for a wedding?,Is the Colossal Swan available in white only? Wedding is in August. It will be in the photos. It IS the photos.,solved,normal,greg26@example.com,"[""product"",""presales""]",-3448,-2648
TCK-51873,Refund request: double charge,Charged twice for order ORD-100612. Bank shows both pending. Please fix.,open,normal,paloma12@example.com,"[""billing"",""refund""]",-3093,-2614
TCK-51874,Sir Reginald has a slow leak,Sir Reginald Unicorn loses about 20% overnight. Within warranty. What are my options?,solved,normal,carlos83@example.com,"[""warranty""]",-3574,-3417
TCK-51875,Address change on subscription,"Moved from Sandusky, OH to Findlay, OH. Update my Float Club shipping address please.",solved,normal,quinn7@example.com,"[""float-club"",""account""]",-2996,-2114
TCK-51876,Valve cap missing from box,My Lazy Kraken arrived without the valve cap. It deflates overnight. Love it otherwise.,open,normal,mo67@example.com,"[""parts""]",-3019,-2675
TCK-51877,Refund request: double charge,Charged twice for order ORD-102410. Bank shows both pending. Please fix.,solved,normal,ivan18@example.com,"[""billing"",""refund""]",-3195,-2703
TCK-51878,Bounce house booking change,Need to move our Castle Classic rental from Sat to Sun. Same address. Kid changed the theme again.,solved,normal,rosa77@example.com,"[""bounce"",""booking""]",-3471,-3406
TCK-51879,Bounce house booking change,Need to move our Castle Classic rental from Sat to Sun. Same address. Kid changed the theme again.,solved,normal,kitty97@example.com,"[""bounce"",""booking""]",-3885,-3261
TCK-51880,Bounce house wet after rain,The Corporate Retreat Edition got rained on. What is the dry-out protocol before the offsite?,solved,normal,ray30@example.com,"[""bounce"",""care""]",-3498,-3088
TCK-51881,Where is my order?,Ordered a Lazy Kraken on 7 days ago. Tracking has not moved. Party is Saturday. Please advise.,solved,normal,ximena56@example.com,"[""wismo""]",-3019,-2378
TCK-51882,Where is my order?,Ordered a Colossal Swan on 5 days ago. Tracking has not moved. Party is Saturday. Please advise.,solved,normal,nellie84@example.com,"[""wismo""]",-3209,-2420
TCK-51883,Address change on subscription,"Moved from Ann Arbor, MI to Toledo, OH. Update my Float Club shipping address please.",solved,normal,bob98@example.com,"[""float-club"",""account""]",-3837,-3470
TCK-51884,Gift for retirement party,Can I get a tube man for a retirement party for one weekend? He was in HVAC 30 years. It has to flail.,solved,normal,pearl27@example.com,"[""presales"",""tube-man""]",-3203,-2392
TCK-51885,Tube man dancing weird,Our Standard Wacky unit is doing more of a slow lean than a wave. Customers are asking if he is ok.,solved,normal,keiko24@example.com,"[""tube-man"",""b2b""]",-3609,-3290
TCK-51886,Float Club: pause my membership,"Traveling for two months. Can you pause my Float Club box? Do not cancel. I repeat, do not cancel.",solved,normal,jerome62@example.com,"[""float-club""]",-3510,-3210
TCK-51887,Float Club: pause my membership,"Traveling for two months. Can you pause my Float Club box? Do not cancel. I repeat, do not cancel.",solved,normal,gus39@example.com,"[""float-club""]",-3259,-3023
TCK-51888,Repair kit question,Does the repair kit work on the Lazy Kraken tentacle seams or only the body?,open,normal,otis30@example.com,"[""product""]",-3834,-3458
TCK-51889,Valve cap missing from box,My Sir Reginald Unicorn arrived without the valve cap. It deflates overnight. Love it otherwise.,solved,normal,ingrid40@example.com,"[""parts""]",-3454,-3096
TCK-51890,Bounce house booking change,Need to move our Castle Classic rental from Sat to Sun. Same address. Kid changed the theme again.,solved,normal,bettye44@example.com,"[""bounce"",""booking""]",-3055,-2786
TCK-51891,Invoice copy needed,Our dealership needs a copy of last month's TMaaS invoice for accounting. Unit count changed mid-month.,solved,normal,keiko34@example.com,"[""b2b"",""billing""]",-3105,-3027
TCK-51892,Bounce house booking change,Need to move our Castle Classic rental from Sat to Sun. Same address. Kid changed the theme again.,solved,normal,gus61@example.com,"[""bounce"",""booking""]",-3215,-3158
TCK-51893,Bounce house wet after rain,The Corporate Retreat Edition got rained on. What is the dry-out protocol before the offsite?,solved,normal,bob83@example.com,"[""bounce"",""care""]",-2956,-2302
TCK-51894,Float Club: pause my membership,"Traveling for two months. Can you pause my Float Club box? Do not cancel. I repeat, do not cancel.",solved,normal,ernesto14@example.com,"[""float-club""]",-3791,-3472
TCK-51895,Valve cap missing from box,My Sir Reginald Unicorn arrived without the valve cap. It deflates overnight. Love it otherwise.,solved,normal,pearl53@example.com,"[""parts""]",-3363,-3176
TCK-51896,Address change on subscription,"Moved from Columbus, OH to Bowling Green, OH. Update my Float Club shipping address please.",solved,normal,keiko34@example.com,"[""float-club"",""account""]",-3607,-3568
TCK-51897,Bounce house wet after rain,The Corporate Retreat Edition got rained on. What is the dry-out protocol before the offsite?,solved,normal,aisha47@example.com,"[""bounce"",""care""]",-2963,-2277
TCK-51898,Repair kit question,Does the repair kit work on the Lazy Kraken tentacle seams or only the body?,solved,normal,carlos55@example.com,"[""product""]",-3576,-3245
TCK-51899,Sir Reginald has a slow leak,Sir Reginald Unicorn loses about 20% overnight. Within warranty. What are my options?,solved,normal,priya65@example.com,"[""warranty""]",-3407,-3363
TCK-51900,Repair kit question,Does the repair kit work on the Lazy Kraken tentacle seams or only the body?,solved,normal,rosa70@example.com,"[""product""]",-3523,-2748
TCK-51901,Repair kit question,Does the repair kit work on the Lazy Kraken tentacle seams or only the body?,solved,normal,zoe59@example.com,"[""product""]",-3657,-3588
TCK-51902,Refund request: double charge,Charged twice for order ORD-102086. Bank shows both pending. Please fix.,solved,normal,keiko20@example.com,"[""billing"",""refund""]",-3539,-2690
TCK-51903,Pizza float smells like vinyl,Is the vinyl smell on the Pizza Slice XL normal? How long until it airs out?,solved,normal,zoe72@example.com,"[""product""]",-3803,-3693
TCK-51904,Address change on subscription,"Moved from Columbus, OH to Columbus, OH. Update my Float Club shipping address please.",solved,normal,luis19@example.com,"[""float-club"",""account""]",-3198,-3106
TCK-51905,Valve cap missing from box,My Sir Reginald Unicorn arrived without the valve cap. It deflates overnight. Love it otherwise.,solved,normal,bettye74@example.com,"[""parts""]",-3317,-2956
TCK-51906,Sir Reginald has a slow leak,Sir Reginald Unicorn loses about 20% overnight. Within warranty. What are my options?,open,normal,omar47@example.com,"[""warranty""]",-3141,-2301
TCK-51907,Sir Reginald has a slow leak,Sir Reginald Unicorn loses about 20% overnight. Within warranty. What are my options?,solved,normal,mabel77@example.com,"[""warranty""]",-3549,-2730
TCK-51908,Sir Reginald has a slow leak,Sir Reginald Unicorn loses about 20% overnight. Within warranty. What are my options?,solved,normal,nellie6@example.com,"[""warranty""]",-3310,-3157
TCK-51909,Invoice copy needed,Our dealership needs a copy of last month's TMaaS invoice for accounting. Unit count changed mid-month.,solved,normal,jerome97@example.com,"[""b2b"",""billing""]",-3891,-3394
TCK-51910,Gift for retirement party,Can I get a tube man for a retirement party for one weekend? He was in HVAC 30 years. It has to flail.,solved,normal,quinn62@example.com,"[""presales"",""tube-man""]",-3895,-3054
TCK-51911,Gift for retirement party,Can I get a tube man for a retirement party for one weekend? He was in HVAC 30 years. It has to flail.,solved,normal,linda28@example.com,"[""presales"",""tube-man""]",-3328,-2584
TCK-51912,Gift for retirement party,Can I get a tube man for a retirement party for one weekend? He was in HVAC 30 years. It has to flail.,solved,normal,carlos60@example.com,"[""presales"",""tube-man""]",-1662,-1537
TCK-51913,Swan for a wedding?,Is the Colossal Swan available in white only? Wedding is in August. It will be in the photos. It IS the photos.,solved,normal,ernesto74@example.com,"[""product"",""presales""]",-2291,-1656
TCK-51914,Gift for retirement party,Can I get a tube man for a retirement party for one weekend? He was in HVAC 30 years. It has to flail.,solved,normal,harriet6@example.com,"[""presales"",""tube-man""]",-2230,-1812
TCK-51915,Refund request: double charge,Charged twice for order ORD-100510. Bank shows both pending. Please fix.,solved,normal,curtis1@example.com,"[""billing"",""refund""]",-1759,-1050
TCK-51916,Bounce house wet after rain,The Corporate Retreat Edition got rained on. What is the dry-out protocol before the offsite?,solved,normal,mabel77@example.com,"[""bounce"",""care""]",-1709,-1083
TCK-51917,Swan for a wedding?,Is the Colossal Swan available in white only? Wedding is in August. It will be in the photos. It IS the photos.,solved,normal,quinn71@example.com,"[""product"",""presales""]",-2236,-1642
TCK-51918,Valve cap missing from box,My Pizza Slice XL arrived without the valve cap. It deflates overnight. Love it otherwise.,open,normal,carlos27@example.com,"[""parts""]",-1975,-1777
TCK-51919,Float Club: pause my membership,"Traveling for two months. Can you pause my Float Club box? Do not cancel. I repeat, do not cancel.",solved,normal,lamar47@example.com,"[""float-club""]",-1880,-1160
TCK-51920,Bounce house wet after rain,The Corporate Retreat Edition got rained on. What is the dry-out protocol before the offsite?,solved,normal,linda68@example.com,"[""bounce"",""care""]",-2105,-1821
TCK-51921,Tube man dancing weird,Our Standard Wacky unit is doing more of a slow lean than a wave. Customers are asking if he is ok.,solved,normal,arthur31@example.com,"[""tube-man"",""b2b""]",-1749,-1353
TCK-51922,Where is my order?,Ordered a Colossal Swan on 6 days ago. Tracking has not moved. Party is Saturday. Please advise.,solved,normal,greg38@example.com,"[""wismo""]",-1954,-1814
TCK-51923,Invoice copy needed,Our dealership needs a copy of last month's TMaaS invoice for accounting. Unit count changed mid-month.,solved,normal,ivan3@example.com,"[""b2b"",""billing""]",-2244,-1944
TCK-51924,Gift for retirement party,Can I get a tube man for a retirement party for one weekend? He was in HVAC 30 years. It has to flail.,solved,normal,tomasz14@example.com,"[""presales"",""tube-man""]",-1637,-1576
TCK-51925,Address change on subscription,"Moved from South Bend, IN to Dayton, OH. Update my Float Club shipping address please.",open,normal,stan83@example.com,"[""float-club"",""account""]",-2080,-1394
TCK-51926,Bounce house booking change,Need to move our Castle Classic rental from Sat to Sun. Same address. Kid changed the theme again.,solved,normal,zoe13@example.com,"[""bounce"",""booking""]",-1718,-1406
TCK-51927,Refund request: double charge,Charged twice for order ORD-103143. Bank shows both pending. Please fix.,solved,normal,yosef62@example.com,"[""billing"",""refund""]",-1803,-1106
TCK-51928,Stadium mascot arm replacement,Our mascot system left arm tore during the seventh inning. Need the replacement panel before Friday's home game.,solved,high,mo26@example.com,"[""b2b"",""mascot"",""parts""]",-2460,-2426
TCK-51929,Swan for a wedding?,Is the Colossal Swan available in white only? Wedding is in August. It will be in the photos. It IS the photos.,solved,normal,dolores10@example.com,"[""product"",""presales""]",-2133,-1354
TCK-51930,Pizza float smells like vinyl,Is the vinyl smell on the Pizza Slice XL normal? How long until it airs out?,solved,normal,nadia1@example.com,"[""product""]",-2253,-2087
TCK-51931,Swan for a wedding?,Is the Colossal Swan available in white only? Wedding is in August. It will be in the photos. It IS the photos.,solved,normal,jerome71@example.com,"[""product"",""presales""]",-2409,-1880
TCK-51932,Repair kit question,Does the repair kit work on the Lazy Kraken tentacle seams or only the body?,solved,normal,stan48@example.com,"[""product""]",-1885,-1061
TCK-51933,Where is my order?,Ordered a Lazy Kraken on 4 days ago. Tracking has not moved. Party is Saturday. Please advise.,solved,normal,margaret31@example.com,"[""wismo""]",-1526,-696
TCK-51934,Repair kit question,Does the repair kit work on the Lazy Kraken tentacle seams or only the body?,open,normal,fatima30@example.com,"[""product""]",-1574,-782
TCK-51935,Repair kit question,Does the repair kit work on the Lazy Kraken tentacle seams or only the body?,solved,normal,omar89@example.com,"[""product""]",-2141,-1397
TCK-51936,Repair kit question,Does the repair kit work on the Lazy Kraken tentacle seams or only the body?,solved,normal,arthur34@example.com,"[""product""]",-2275,-2031
TCK-51937,Refund request: double charge,Charged twice for order ORD-103181. Bank shows both pending. Please fix.,solved,normal,lamar48@example.com,"[""billing"",""refund""]",-2455,-2140
TCK-51938,Refund request: double charge,Charged twice for order ORD-101427. Bank shows both pending. Please fix.,solved,normal,wes49@example.com,"[""billing"",""refund""]",-1924,-1880
TCK-51939,Valve cap missing from box,My Colossal Swan arrived without the valve cap. It deflates overnight. Love it otherwise.,solved,normal,mo84@example.com,"[""parts""]",-2016,-1696
TCK-51940,Refund request: double charge,Charged twice for order ORD-102975. Bank shows both pending. Please fix.,solved,normal,margaret17@example.com,"[""billing"",""refund""]",-2405,-1815
TCK-51941,Valve cap missing from box,My Pizza Slice XL arrived without the valve cap. It deflates overnight. Love it otherwise.,solved,normal,chen37@example.com,"[""parts""]",-1653,-1115
TCK-51942,Bounce house wet after rain,The Corporate Retreat Edition got rained on. What is the dry-out protocol before the offsite?,solved,normal,dolores83@example.com,"[""bounce"",""care""]",-1907,-1772
TCK-51943,Refund request: double charge,Charged twice for order ORD-100006. Bank shows both pending. Please fix.,solved,normal,dolores61@example.com,"[""billing"",""refund""]",-2074,-1378
TCK-51944,Pizza float smells like vinyl,Is the vinyl smell on the Pizza Slice XL normal? How long until it airs out?,solved,normal,rosa56@example.com,"[""product""]",-1994,-1795
TCK-51945,Tube man dancing weird,Our Standard Wacky unit is doing more of a slow lean than a wave. Customers are asking if he is ok.,solved,normal,yosef8@example.com,"[""tube-man"",""b2b""]",-2432,-1619
TCK-51946,Swan for a wedding?,Is the Colossal Swan available in white only? Wedding is in August. It will be in the photos. It IS the photos.,solved,normal,hannah8@example.com,"[""product"",""presales""]",-1519,-809
TCK-51947,Gift for retirement party,Can I get a tube man for a retirement party for one weekend? He was in HVAC 30 years. It has to flail.,solved,normal,yuki13@example.com,"[""presales"",""tube-man""]",-1603,-1412
TCK-51948,Repair kit question,Does the repair kit work on the Lazy Kraken tentacle seams or only the body?,solved,normal,margaret7@example.com,"[""product""]",-1976,-1264
TCK-51949,Tube man dancing weird,Our Standard Wacky unit is doing more of a slow lean than a wave. Customers are asking if he is ok.,solved,normal,wes38@example.com,"[""tube-man"",""b2b""]",-2231,-2164
TCK-51950,Bounce house booking change,Need to move our Castle Classic rental from Sat to Sun. Same address. Kid changed the theme again.,solved,normal,omar44@example.com,"[""bounce"",""booking""]",-2118,-1226
TCK-51951,Invoice copy needed,Our dealership needs a copy of last month's TMaaS invoice for accounting. Unit count changed mid-month.,solved,normal,paloma45@example.com,"[""b2b"",""billing""]",-1730,-1304
TCK-51952,Stadium mascot arm replacement,Our mascot system left arm tore during the seventh inning. Need the replacement panel before Friday's home game.,solved,high,nellie12@example.com,"[""b2b"",""mascot"",""parts""]",-2445,-2018
TCK-51953,Gift for retirement party,Can I get a tube man for a retirement party for one weekend? He was in HVAC 30 years. It has to flail.,solved,normal,stan54@example.com,"[""presales"",""tube-man""]",-2319,-1819
TCK-51954,Address change on subscription,"Moved from Kalamazoo, MI to Sandusky, OH. Update my Float Club shipping address please.",solved,normal,paloma62@example.com,"[""float-club"",""account""]",-2098,-1453
TCK-51955,Bounce house wet after rain,The Corporate Retreat Edition got rained on. What is the dry-out protocol before the offsite?,solved,normal,rosa83@example.com,"[""bounce"",""care""]",-1506,-1290
TCK-51956,Where is my order?,Ordered a Pizza Slice XL on 9 days ago. Tracking has not moved. Party is Saturday. Please advise.,solved,normal,yuki81@example.com,"[""wismo""]",-1970,-1604
TCK-51957,Pizza float smells like vinyl,Is the vinyl smell on the Pizza Slice XL normal? How long until it airs out?,solved,normal,harriet34@example.com,"[""product""]",-2019,-1857
TCK-51958,Stadium mascot arm replacement,Our mascot system left arm tore during the seventh inning. Need the replacement panel before Friday's home game.,solved,high,chen40@example.com,"[""b2b"",""mascot"",""parts""]",-1765,-1390
TCK-51959,Pizza float smells like vinyl,Is the vinyl smell on the Pizza Slice XL normal? How long until it airs out?,solved,normal,ernesto78@example.com,"[""product""]",-2060,-1569
TCK-51960,Refund request: double charge,Charged twice for order ORD-102829. Bank shows both pending. Please fix.,solved,normal,hannah10@example.com,"[""billing"",""refund""]",-2293,-1426
TCK-51961,Sir Reginald has a slow leak,Sir Reginald Unicorn loses about 20% overnight. Within warranty. What are my options?,solved,normal,stan10@example.com,"[""warranty""]",-1839,-1519
TCK-51962,Repair kit question,Does the repair kit work on the Lazy Kraken tentacle seams or only the body?,solved,normal,yosef22@example.com,"[""product""]",-2219,-2067
TCK-51963,Address change on subscription,"Moved from Kalamazoo, MI to Kalamazoo, MI. Update my Float Club shipping address please.",solved,normal,harriet12@example.com,"[""float-club"",""account""]",-1714,-1606
TCK-51964,Where is my order?,Ordered a Sir Reginald Unicorn on 11 days ago. Tracking has not moved. Party is Saturday. Please advise.,solved,normal,jerome45@example.com,"[""wismo""]",-2112,-1456
TCK-51965,Invoice copy needed,Our dealership needs a copy of last month's TMaaS invoice for accounting. Unit count changed mid-month.,solved,normal,bob16@example.com,"[""b2b"",""billing""]",-2409,-2166
TCK-51966,Stadium mascot arm replacement,Our mascot system left arm tore during the seventh inning. Need the replacement panel before Friday's home game.,solved,high,zoe64@example.com,"[""b2b"",""mascot"",""parts""]",-2130,-1504
TCK-51967,Sir Reginald has a slow leak,Sir Reginald Unicorn loses about 20% overnight. Within warranty. What are my options?,solved,normal,kitty17@example.com,"[""warranty""]",-1673,-1276
TCK-51968,Bounce house booking change,Need to move our Castle Classic rental from Sat to Sun. Same address. Kid changed the theme again.,open,normal,arthur92@example.com,"[""bounce"",""booking""]",-2227,-1491
TCK-51969,Tube man dancing weird,Our Standard Wacky unit is doing more of a slow lean than a wave. Customers are asking if he is ok.,solved,normal,mabel4@example.com,"[""tube-man"",""b2b""]",-1960,-1880
TCK-51970,Invoice copy needed,Our dealership needs a copy of last month's TMaaS invoice for accounting. Unit count changed mid-month.,solved,normal,bettye31@example.com,"[""b2b"",""billing""]",-1648,-1420
TCK-51971,Valve cap missing from box,My Colossal Swan arrived without the valve cap. It deflates overnight. Love it otherwise.,solved,normal,otis45@example.com,"[""parts""]",-1535,-1092
TCK-51972,Tube man dancing weird,Our Standard Wacky unit is doing more of a slow lean than a wave. Customers are asking if he is ok.,solved,normal,pearl54@example.com,"[""tube-man"",""b2b""]",-2008,-1134
TCK-51973,Repair kit question,Does the repair kit work on the Lazy Kraken tentacle seams or only the body?,solved,normal,fatima4@example.com,"[""product""]",-1647,-1091
TCK-51974,Stadium mascot arm replacement,Our mascot system left arm tore during the seventh inning. Need the replacement panel before Friday's home game.,solved,high,yosef15@example.com,"[""b2b"",""mascot"",""parts""]",-2376,-1644
TCK-51975,Sir Reginald has a slow leak,Sir Reginald Unicorn loses about 20% overnight. Within warranty. What are my options?,solved,normal,nellie68@example.com,"[""warranty""]",-1538,-1508
TCK-51976,Valve cap missing from box,My Sir Reginald Unicorn arrived without the valve cap. It deflates overnight. Love it otherwise.,solved,normal,pearl52@example.com,"[""parts""]",-1955,-1841
TCK-51977,Valve cap missing from box,My Colossal Swan arrived without the valve cap. It deflates overnight. Love it otherwise.,solved,normal,ingrid80@example.com,"[""parts""]",-2244,-2188
TCK-51978,Invoice copy needed,Our dealership needs a copy of last month's TMaaS invoice for accounting. Unit count changed mid-month.,solved,normal,ivan32@example.com,"[""b2b"",""billing""]",-2154,-1582
TCK-51979,Stadium mascot arm replacement,Our mascot system left arm tore during the seventh inning. Need the replacement panel before Friday's home game.,solved,high,rosa16@example.com,"[""b2b"",""mascot"",""parts""]",-1554,-1368
TCK-51980,Bounce house booking change,Need to move our Castle Classic rental from Sat to Sun. Same address. Kid changed the theme again.,solved,normal,chen20@example.com,"[""bounce"",""booking""]",-2010,-1647
TCK-51981,Gift for retirement party,Can I get a tube man for a retirement party for one weekend? He was in HVAC 30 years. It has to flail.,solved,normal,rosa45@example.com,"[""presales"",""tube-man""]",-1952,-1685
TCK-51982,Stadium mascot arm replacement,Our mascot system left arm tore during the seventh inning. Need the replacement panel before Friday's home game.,solved,high,deshawn56@example.com,"[""b2b"",""mascot"",""parts""]",-2282,-1447
TCK-51983,Refund request: double charge,Charged twice for order ORD-101124. Bank shows both pending. Please fix.,solved,normal,wes43@example.com,"[""billing"",""refund""]",-1811,-992
TCK-51984,Float Club: pause my membership,"Traveling for two months. Can you pause my Float Club box? Do not cancel. I repeat, do not cancel.",solved,normal,ingrid88@example.com,"[""float-club""]",-1714,-1089
TCK-51985,Tube man dancing weird,Our Standard Wacky unit is doing more of a slow lean than a wave. Customers are asking if he is ok.,solved,normal,kitty45@example.com,"[""tube-man"",""b2b""]",-1910,-1657
TCK-51986,Gift for retirement party,Can I get a tube man for a retirement party for one weekend? He was in HVAC 30 years. It has to flail.,solved,normal,gus41@example.com,"[""presales"",""tube-man""]",-2027,-1837
TCK-51987,Address change on subscription,"Moved from Toledo, OH to Kalamazoo, MI. Update my Float Club shipping address please.",open,normal,margaret3@example.com,"[""float-club"",""account""]",-2120,-1655
TCK-51988,Repair kit question,Does the repair kit work on the Lazy Kraken tentacle seams or only the body?,solved,normal,deshawn89@example.com,"[""product""]",-1966,-1242
TCK-51989,Repair kit question,Does the repair kit work on the Lazy Kraken tentacle seams or only the body?,solved,normal,aisha76@example.com,"[""product""]",-1563,-820
TCK-51990,Invoice copy needed,Our dealership needs a copy of last month's TMaaS invoice for accounting. Unit count changed mid-month.,solved,normal,omar35@example.com,"[""b2b"",""billing""]",-1595,-1087
TCK-51991,Tube man dancing weird,Our Standard Wacky unit is doing more of a slow lean than a wave. Customers are asking if he is ok.,solved,normal,aisha48@example.com,"[""tube-man"",""b2b""]",-2328,-2126
TCK-51992,Address change on subscription,"Moved from Fort Wayne, IN to Dayton, OH. Update my Float Club shipping address please.",solved,normal,priya60@example.com,"[""float-club"",""account""]",-1900,-1421
TCK-51993,Invoice copy needed,Our dealership needs a copy of last month's TMaaS invoice for accounting. Unit count changed mid-month.,solved,normal,quinn17@example.com,"[""b2b"",""billing""]",-1745,-932
TCK-51994,Stadium mascot arm replacement,Our mascot system left arm tore during the seventh inning. Need the replacement panel before Friday's home game.,solved,high,jerome76@example.com,"[""b2b"",""mascot"",""parts""]",-1833,-1642
TCK-51995,Pizza float smells like vinyl,Is the vinyl smell on the Pizza Slice XL normal? How long until it airs out?,solved,normal,fatima12@example.com,"[""product""]",-1555,-1271
TCK-51996,Repair kit question,Does the repair kit work on the Lazy Kraken tentacle seams or only the body?,open,normal,margaret86@example.com,"[""product""]",-1546,-1301
TCK-51997,Address change on subscription,"Moved from Akron, OH to Ann Arbor, MI. Update my Float Club shipping address please.",solved,normal,stan69@example.com,"[""float-club"",""account""]",-1576,-810
TCK-51998,Address change on subscription,"Moved from Bowling Green, OH to Columbus, OH. Update my Float Club shipping address please.",solved,normal,quinn84@example.com,"[""float-club"",""account""]",-1636,-1171
TCK-51999,Pizza float smells like vinyl,Is the vinyl smell on the Pizza Slice XL normal? How long until it airs out?,solved,normal,ximena1@example.com,"[""product""]",-2001,-1531
TCK-52000,Stadium mascot arm replacement,Our mascot system left arm tore during the seventh inning. Need the replacement panel before Friday's home game.,solved,high,nadia18@example.com,"[""b2b"",""mascot"",""parts""]",-2068,-1329
TCK-52001,Address change on subscription,"Moved from Findlay, OH to Erie, PA. Update my Float Club shipping address please.",solved,normal,margaret74@example.com,"[""float-club"",""account""]",-1688,-1066
TCK-52002,Float Club: pause my membership,"Traveling for two months. Can you pause my Float Club box? Do not cancel. I repeat, do not cancel.",solved,normal,pearl8@example.com,"[""float-club""]",-2446,-2257
TCK-52003,Invoice copy needed,Our dealership needs a copy of last month's TMaaS invoice for accounting. Unit count changed mid-month.,solved,normal,wes96@example.com,"[""b2b"",""billing""]",-1574,-1456
TCK-52004,Swan for a wedding?,Is the Colossal Swan available in white only? Wedding is in August. It will be in the photos. It IS the photos.,open,normal,ivan71@example.com,"[""product"",""presales""]",-1664,-1309
TCK-52005,Float Club: pause my membership,"Traveling for two months. Can you pause my Float Club box? Do not cancel. I repeat, do not cancel.",solved,normal,keiko81@example.com,"[""float-club""]",-2116,-1485
TCK-52006,Bounce house booking change,Need to move our Castle Classic rental from Sat to Sun. Same address. Kid changed the theme again.,solved,normal,margaret73@example.com,"[""bounce"",""booking""]",-1843,-1113
TCK-52007,Sir Reginald has a slow leak,Sir Reginald Unicorn loses about 20% overnight. Within warranty. What are my options?,solved,normal,tomasz67@example.com,"[""warranty""]",-1576,-1117
TCK-52008,Address change on subscription,"Moved from Bowling Green, OH to Sandusky, OH. Update my Float Club shipping address please.",solved,normal,kitty31@example.com,"[""float-club"",""account""]",-1526,-960
TCK-52009,Refund request: double charge,Charged twice for order ORD-103489. Bank shows both pending. Please fix.,solved,normal,greg43@example.com,"[""billing"",""refund""]",-2305,-1426
TCK-52010,Float Club: pause my membership,"Traveling for two months. Can you pause my Float Club box? Do not cancel. I repeat, do not cancel.",solved,normal,pearl55@example.com,"[""float-club""]",-2132,-1648
TCK-52011,Sir Reginald has a slow leak,Sir Reginald Unicorn loses about 20% overnight. Within warranty. What are my options?,solved,normal,greg24@example.com,"[""warranty""]",-1925,-1063
TCK-52012,Stadium mascot arm replacement,Our mascot system left arm tore during the seventh inning. Need the replacement panel before Friday's home game.,solved,high,dolores64@example.com,"[""b2b"",""mascot"",""parts""]",-1635,-1246
TCK-52013,Pizza float smells like vinyl,Is the vinyl smell on the Pizza Slice XL normal? How long until it airs out?,open,normal,pearl41@example.com,"[""product""]",-2431,-2267
TCK-52014,Gift for retirement party,Can I get a tube man for a retirement party for one weekend? He was in HVAC 30 years. It has to flail.,solved,normal,greg64@example.com,"[""presales"",""tube-man""]",-2126,-1501
TCK-52015,Pizza float smells like vinyl,Is the vinyl smell on the Pizza Slice XL normal? How long until it airs out?,solved,normal,dolores65@example.com,"[""product""]",-2337,-2261
TCK-52016,Tube man dancing weird,Our Standard Wacky unit is doing more of a slow lean than a wave. Customers are asking if he is ok.,solved,normal,rosa79@example.com,"[""tube-man"",""b2b""]",-2122,-1641
TCK-52017,Swan for a wedding?,Is the Colossal Swan available in white only? Wedding is in August. It will be in the photos. It IS the photos.,solved,normal,mo47@example.com,"[""product"",""presales""]",-1699,-1653
TCK-52018,Where is my order?,Ordered a Pizza Slice XL on 6 days ago. Tracking has not moved. Party is Saturday. Please advise.,solved,normal,hannah30@example.com,"[""wismo""]",-1974,-1369
TCK-52019,Bounce house wet after rain,The Corporate Retreat Edition got rained on. What is the dry-out protocol before the offsite?,solved,normal,arthur37@example.com,"[""bounce"",""care""]",-2408,-1611
TCK-52020,Pizza float smells like vinyl,Is the vinyl smell on the Pizza Slice XL normal? How long until it airs out?,solved,normal,jamal65@example.com,"[""product""]",-2183,-1858
TCK-52021,Refund request: double charge,Charged twice for order ORD-101584. Bank shows both pending. Please fix.,solved,normal,fatima62@example.com,"[""billing"",""refund""]",-1811,-1084
TCK-52022,Invoice copy needed,Our dealership needs a copy of last month's TMaaS invoice for accounting. Unit count changed mid-month.,solved,normal,omar42@example.com,"[""b2b"",""billing""]",-2174,-1484
TCK-52023,Bounce house booking change,Need to move our Castle Classic rental from Sat to Sun. Same address. Kid changed the theme again.,solved,normal,quinn53@example.com,"[""bounce"",""booking""]",-2325,-1967
TCK-52024,Refund request: double charge,Charged twice for order ORD-103140. Bank shows both pending. Please fix.,solved,normal,chen22@example.com,"[""billing"",""refund""]",-1573,-1301
TCK-52025,Repair kit question,Does the repair kit work on the Lazy Kraken tentacle seams or only the body?,solved,normal,linda53@example.com,"[""product""]",-1801,-1154
TCK-52026,Bounce house booking change,Need to move our Castle Classic rental from Sat to Sun. Same address. Kid changed the theme again.,solved,normal,ernesto33@example.com,"[""bounce"",""booking""]",-2256,-1664
TCK-52027,Stadium mascot arm replacement,Our mascot system left arm tore during the seventh inning. Need the replacement panel before Friday's home game.,solved,high,yosef26@example.com,"[""b2b"",""mascot"",""parts""]",-1935,-1096
TCK-52028,Swan for a wedding?,Is the Colossal Swan available in white only? Wedding is in August. It will be in the photos. It IS the photos.,solved,normal,ray74@example.com,"[""product"",""presales""]",-2304,-1950
TCK-52029,Invoice copy needed,Our dealership needs a copy of last month's TMaaS invoice for accounting. Unit count changed mid-month.,solved,normal,harriet47@example.com,"[""b2b"",""billing""]",-2187,-1533
TCK-52030,Valve cap missing from box,My Lazy Kraken arrived without the valve cap. It deflates overnight. Love it otherwise.,solved,normal,hannah49@example.com,"[""parts""]",-1860,-1119
TCK-52031,Address change on subscription,"Moved from Bowling Green, OH to Toledo, OH. Update my Float Club shipping address please.",solved,normal,priya62@example.com,"[""float-club"",""account""]",-1944,-1799
TCK-52032,Pizza float smells like vinyl,Is the vinyl smell on the Pizza Slice XL normal? How long until it airs out?,solved,normal,aisha29@example.com,"[""product""]",-2007,-1244
TCK-52033,Pizza float smells like vinyl,Is the vinyl smell on the Pizza Slice XL normal? How long until it airs out?,solved,normal,carlos1@example.com,"[""product""]",-1704,-1305
TCK-52034,Pizza float smells like vinyl,Is the vinyl smell on the Pizza Slice XL normal? How long until it airs out?,solved,normal,wes8@example.com,"[""product""]",-1862,-1658
TCK-52035,Valve cap missing from box,My Colossal Swan arrived without the valve cap. It deflates overnight. Love it otherwise.,solved,normal,mabel23@example.com,"[""parts""]",-2371,-2327
TCK-52036,Float Club: pause my membership,"Traveling for two months. Can you pause my Float Club box? Do not cancel. I repeat, do not cancel.",solved,normal,stan35@example.com,"[""float-club""]",-1734,-916
TCK-52037,Valve cap missing from box,My Lazy Kraken arrived without the valve cap. It deflates overnight. Love it otherwise.,solved,normal,ximena27@example.com,"[""parts""]",-2423,-2182
TCK-52038,Float Club: pause my membership,"Traveling for two months. Can you pause my Float Club box? Do not cancel. I repeat, do not cancel.",solved,normal,greg44@example.com,"[""float-club""]",-1982,-1453
TCK-52039,Repair kit question,Does the repair kit work on the Lazy Kraken tentacle seams or only the body?,solved,normal,lamar76@example.com,"[""product""]",-2261,-1787
TCK-52040,Where is my order?,Ordered a Colossal Swan on 7 days ago. Tracking has not moved. Party is Saturday. Please advise.,solved,normal,linda96@example.com,"[""wismo""]",-1788,-1618
TCK-52041,Gift for retirement party,Can I get a tube man for a retirement party for one weekend? He was in HVAC 30 years. It has to flail.,solved,normal,chen76@example.com,"[""presales"",""tube-man""]",-2087,-1881
TCK-52042,Sir Reginald has a slow leak,Sir Reginald Unicorn loses about 20% overnight. Within warranty. What are my options?,solved,normal,paloma23@example.com,"[""warranty""]",-1628,-1250
TCK-52043,Bounce house wet after rain,The Corporate Retreat Edition got rained on. What is the dry-out protocol before the offsite?,solved,normal,ivan3@example.com,"[""bounce"",""care""]",-2056,-1361
TCK-52044,Bounce house wet after rain,The Corporate Retreat Edition got rained on. What is the dry-out protocol before the offsite?,solved,normal,nellie59@example.com,"[""bounce"",""care""]",-2310,-1924
TCK-52045,Bounce house booking change,Need to move our Castle Classic rental from Sat to Sun. Same address. Kid changed the theme again.,solved,normal,nellie13@example.com,"[""bounce"",""booking""]",-1588,-1315
TCK-52046,Pizza float smells like vinyl,Is the vinyl smell on the Pizza Slice XL normal? How long until it airs out?,solved,normal,otis24@example.com,"[""product""]",-2277,-2179
TCK-52047,Pizza float smells like vinyl,Is the vinyl smell on the Pizza Slice XL normal? How long until it airs out?,solved,normal,omar8@example.com,"[""product""]",-1634,-1486
TCK-52048,Sir Reginald has a slow leak,Sir Reginald Unicorn loses about 20% overnight. Within warranty. What are my options?,solved,normal,gus91@example.com,"[""warranty""]",-1628,-1485
TCK-52049,Refund request: double charge,Charged twice for order ORD-101260. Bank shows both pending. Please fix.,solved,normal,flo11@example.com,"[""billing"",""refund""]",-1929,-1507
TCK-52050,Bounce house wet after rain,The Corporate Retreat Edition got rained on. What is the dry-out protocol before the offsite?,solved,normal,tina62@example.com,"[""bounce"",""care""]",-2411,-1736
TCK-52051,Float Club: pause my membership,"Traveling for two months. Can you pause my Float Club box? Do not cancel. I repeat, do not cancel.",solved,normal,yuki97@example.com,"[""float-club""]",-1733,-1627
TCK-52052,Swan for a wedding?,Is the Colossal Swan available in white only? Wedding is in August. It will be in the photos. It IS the photos.,solved,normal,arthur57@example.com,"[""product"",""presales""]",-2415,-2150
TCK-52053,Refund request: double charge,Charged twice for order ORD-102965. Bank shows both pending. Please fix.,solved,normal,pearl3@example.com,"[""billing"",""refund""]",-2097,-1420
TCK-52054,Valve cap missing from box,My Pizza Slice XL arrived without the valve cap. It deflates overnight. Love it otherwise.,solved,normal,tomasz93@example.com,"[""parts""]",-1916,-1200
TCK-52055,Stadium mascot arm replacement,Our mascot system left arm tore during the seventh inning. Need the replacement panel before Friday's home game.,solved,high,paloma61@example.com,"[""b2b"",""mascot"",""parts""]",-1712,-1570
TCK-52056,Float Club: pause my membership,"Traveling for two months. Can you pause my Float Club box? Do not cancel. I repeat, do not cancel.",solved,normal,bob19@example.com,"[""float-club""]",-1984,-1273
TCK-52057,Bounce house wet after rain,The Corporate Retreat Edition got rained on. What is the dry-out protocol before the offsite?,solved,normal,quinn66@example.com,"[""bounce"",""care""]",-2009,-1784
TCK-52058,Gift for retirement party,Can I get a tube man for a retirement party for one weekend? He was in HVAC 30 years. It has to flail.,solved,normal,ingrid55@example.com,"[""presales"",""tube-man""]",-2207,-2082
TCK-52059,Repair kit question,Does the repair kit work on the Lazy Kraken tentacle seams or only the body?,solved,normal,zoe4@example.com,"[""product""]",-2224,-1451
TCK-52060,Sir Reginald has a slow leak,Sir Reginald Unicorn loses about 20% overnight. Within warranty. What are my options?,solved,normal,luis12@example.com,"[""warranty""]",-1807,-1698
TCK-52061,Valve cap missing from box,My Pizza Slice XL arrived without the valve cap. It deflates overnight. Love it otherwise.,solved,normal,stan68@example.com,"[""parts""]",-1983,-1213
TCK-52062,Swan for a wedding?,Is the Colossal Swan available in white only? Wedding is in August. It will be in the photos. It IS the photos.,solved,normal,lamar95@example.com,"[""product"",""presales""]",-1826,-1292
TCK-52063,Bounce house booking change,Need to move our Castle Classic rental from Sat to Sun. Same address. Kid changed the theme again.,solved,normal,jerome10@example.com,"[""bounce"",""booking""]",-1819,-1711
TCK-52064,Repair kit question,Does the repair kit work on the Lazy Kraken tentacle seams or only the body?,solved,normal,chen74@example.com,"[""product""]",-2041,-1378
TCK-52065,Tube man dancing weird,Our Standard Wacky unit is doing more of a slow lean than a wave. Customers are asking if he is ok.,solved,normal,yosef83@example.com,"[""tube-man"",""b2b""]",-1783,-1378
TCK-52066,Pizza float smells like vinyl,Is the vinyl smell on the Pizza Slice XL normal? How long until it airs out?,solved,normal,mo78@example.com,"[""product""]",-2132,-1543
TCK-52067,Pizza float smells like vinyl,Is the vinyl smell on the Pizza Slice XL normal? How long until it airs out?,solved,normal,gus35@example.com,"[""product""]",-1653,-1565
TCK-52068,Sir Reginald has a slow leak,Sir Reginald Unicorn loses about 20% overnight. Within warranty. What are my options?,solved,normal,keiko9@example.com,"[""warranty""]",-1735,-938
TCK-52069,Bounce house booking change,Need to move our Castle Classic rental from Sat to Sun. Same address. Kid changed the theme again.,open,normal,carlos87@example.com,"[""bounce"",""booking""]",-2391,-2019
TCK-52070,Invoice copy needed,Our dealership needs a copy of last month's TMaaS invoice for accounting. Unit count changed mid-month.,solved,normal,tina87@example.com,"[""b2b"",""billing""]",-2327,-1481
TCK-52071,Tube man dancing weird,Our Standard Wacky unit is doing more of a slow lean than a wave. Customers are asking if he is ok.,solved,normal,pearl6@example.com,"[""tube-man"",""b2b""]",-1684,-900
TCK-52072,Stadium mascot arm replacement,Our mascot system left arm tore during the seventh inning. Need the replacement panel before Friday's home game.,solved,high,tina30@example.com,"[""b2b"",""mascot"",""parts""]",-2363,-1486
TCK-52073,Pizza float smells like vinyl,Is the vinyl smell on the Pizza Slice XL normal? How long until it airs out?,solved,normal,ingrid6@example.com,"[""product""]",-1679,-988
TCK-52074,Repair kit question,Does the repair kit work on the Lazy Kraken tentacle seams or only the body?,solved,normal,curtis79@example.com,"[""product""]",-2062,-1228
TCK-52075,Repair kit question,Does the repair kit work on the Lazy Kraken tentacle seams or only the body?,solved,normal,bettye11@example.com,"[""product""]",-2268,-1879
TCK-52076,Sir Reginald has a slow leak,Sir Reginald Unicorn loses about 20% overnight. Within warranty. What are my options?,solved,normal,pearl4@example.com,"[""warranty""]",-2037,-1644
TCK-52077,Gift for retirement party,Can I get a tube man for a retirement party for one weekend? He was in HVAC 30 years. It has to flail.,solved,normal,priya63@example.com,"[""presales"",""tube-man""]",-1503,-834
TCK-52078,Valve cap missing from box,My Colossal Swan arrived without the valve cap. It deflates overnight. Love it otherwise.,solved,normal,zoe64@example.com,"[""parts""]",-1618,-920
TCK-52079,Valve cap missing from box,My Sir Reginald Unicorn arrived without the valve cap. It deflates overnight. Love it otherwise.,solved,normal,flo55@example.com,"[""parts""]",-1796,-1649
TCK-52080,Address change on subscription,"Moved from Kalamazoo, MI to Kalamazoo, MI. Update my Float Club shipping address please.",solved,normal,luis83@example.com,"[""float-club"",""account""]",-1981,-1610
TCK-52081,Refund request: double charge,Charged twice for order ORD-102773. Bank shows both pending. Please fix.,solved,normal,flo44@example.com,"[""billing"",""refund""]",-1761,-1077
TCK-52082,Invoice copy needed,Our dealership needs a copy of last month's TMaaS invoice for accounting. Unit count changed mid-month.,solved,normal,bob5@example.com,"[""b2b"",""billing""]",-1614,-1356
TCK-52083,Where is my order?,Ordered a Sir Reginald Unicorn on 6 days ago. Tracking has not moved. Party is Saturday. Please advise.,solved,normal,yosef81@example.com,"[""wismo""]",-2350,-2037
TCK-52084,Bounce house wet after rain,The Corporate Retreat Edition got rained on. What is the dry-out protocol before the offsite?,open,normal,dolores90@example.com,"[""bounce"",""care""]",-1654,-1167
TCK-52085,Repair kit question,Does the repair kit work on the Lazy Kraken tentacle seams or only the body?,solved,normal,keiko59@example.com,"[""product""]",-1940,-1656
TCK-52086,Float Club: pause my membership,"Traveling for two months. Can you pause my Float Club box? Do not cancel. I repeat, do not cancel.",solved,normal,ximena52@example.com,"[""float-club""]",-2300,-1452
TCK-52087,Pizza float smells like vinyl,Is the vinyl smell on the Pizza Slice XL normal? How long until it airs out?,solved,normal,paloma68@example.com,"[""product""]",-1586,-897
TCK-52088,Pizza float smells like vinyl,Is the vinyl smell on the Pizza Slice XL normal? How long until it airs out?,solved,normal,zoe36@example.com,"[""product""]",-1824,-1254
TCK-52089,Refund request: double charge,Charged twice for order ORD-100165. Bank shows both pending. Please fix.,solved,normal,flo38@example.com,"[""billing"",""refund""]",-1928,-1435
TCK-52090,Repair kit question,Does the repair kit work on the Lazy Kraken tentacle seams or only the body?,solved,normal,arthur33@example.com,"[""product""]",-1932,-1757
TCK-52091,Where is my order?,Ordered a Pizza Slice XL on 3 days ago. Tracking has not moved. Party is Saturday. Please advise.,solved,normal,ximena38@example.com,"[""wismo""]",-1998,-1870
TCK-52092,Bounce house wet after rain,The Corporate Retreat Edition got rained on. What is the dry-out protocol before the offsite?,solved,normal,gus27@example.com,"[""bounce"",""care""]",-2394,-1817
TCK-52093,Sir Reginald has a slow leak,Sir Reginald Unicorn loses about 20% overnight. Within warranty. What are my options?,solved,normal,fatima57@example.com,"[""warranty""]",-1515,-875
TCK-52094,Refund request: double charge,Charged twice for order ORD-102118. Bank shows both pending. Please fix.,solved,normal,ernesto33@example.com,"[""billing"",""refund""]",-1658,-1593
TCK-52095,Where is my order?,Ordered a Lazy Kraken on 8 days ago. Tracking has not moved. Party is Saturday. Please advise.,solved,normal,jamal39@example.com,"[""wismo""]",-2346,-1677
TCK-52096,Stadium mascot arm replacement,Our mascot system left arm tore during the seventh inning. Need the replacement panel before Friday's home game.,solved,high,nellie83@example.com,"[""b2b"",""mascot"",""parts""]",-2091,-1354
TCK-52097,Repair kit question,Does the repair kit work on the Lazy Kraken tentacle seams or only the body?,solved,normal,ray1@example.com,"[""product""]",-1683,-825
TCK-52098,Invoice copy needed,Our dealership needs a copy of last month's TMaaS invoice for accounting. Unit count changed mid-month.,solved,normal,kitty36@example.com,"[""b2b"",""billing""]",-2006,-1446
TCK-52099,Tube man dancing weird,Our Standard Wacky unit is doing more of a slow lean than a wave. Customers are asking if he is ok.,solved,normal,ivan86@example.com,"[""tube-man"",""b2b""]",-2032,-1826
TCK-52100,Repair kit question,Does the repair kit work on the Lazy Kraken tentacle seams or only the body?,solved,normal,arthur50@example.com,"[""product""]",-2258,-2094
TCK-52101,Where is my order?,Ordered a Lazy Kraken on 6 days ago. Tracking has not moved. Party is Saturday. Please advise.,solved,normal,carlos46@example.com,"[""wismo""]",-1728,-1132
TCK-52102,Sir Reginald has a slow leak,Sir Reginald Unicorn loses about 20% overnight. Within warranty. What are my options?,solved,normal,lamar69@example.com,"[""warranty""]",-1664,-1483
TCK-52103,Tube man dancing weird,Our Standard Wacky unit is doing more of a slow lean than a wave. Customers are asking if he is ok.,solved,normal,dolores36@example.com,"[""tube-man"",""b2b""]",-2202,-1467
TCK-52104,Pizza float smells like vinyl,Is the vinyl smell on the Pizza Slice XL normal? How long until it airs out?,open,normal,greg45@example.com,"[""product""]",-1535,-979
TCK-52105,Refund request: double charge,Charged twice for order ORD-102947. Bank shows both pending. Please fix.,solved,normal,jerome68@example.com,"[""billing"",""refund""]",-1778,-1643
TCK-52106,Repair kit question,Does the repair kit work on the Lazy Kraken tentacle seams or only the body?,solved,normal,rosa14@example.com,"[""product""]",-1565,-754
TCK-52107,Float Club: pause my membership,"Traveling for two months. Can you pause my Float Club box? Do not cancel. I repeat, do not cancel.",solved,normal,mo98@example.com,"[""float-club""]",-2236,-1474
TCK-52108,Address change on subscription,"Moved from Bowling Green, OH to Fort Wayne, IN. Update my Float Club shipping address please.",solved,normal,bettye60@example.com,"[""float-club"",""account""]",-1998,-1948
TCK-52109,Bounce house wet after rain,The Corporate Retreat Edition got rained on. What is the dry-out protocol before the offsite?,solved,normal,zoe37@example.com,"[""bounce"",""care""]",-2209,-2149
TCK-52111,Refund request: double charge,Charged twice for order ORD-102967. Bank shows both pending. Please fix.,solved,normal,jerome24@example.com,"[""billing"",""refund""]",-2081,-1613
TCK-52112,Sir Reginald has a slow leak,Sir Reginald Unicorn loses about 20% overnight. Within warranty. What are my options?,solved,normal,otis45@example.com,"[""warranty""]",-1649,-1064
TCK-52113,Bounce house wet after rain,The Corporate Retreat Edition got rained on. What is the dry-out protocol before the offsite?,solved,normal,ivan35@example.com,"[""bounce"",""care""]",-1659,-795
TCK-52114,Float Club: pause my membership,"Traveling for two months. Can you pause my Float Club box? Do not cancel. I repeat, do not cancel.",solved,normal,deshawn43@example.com,"[""float-club""]",-1560,-903
TCK-52115,Stadium mascot arm replacement,Our mascot system left arm tore during the seventh inning. Need the replacement panel before Friday's home game.,solved,high,ray39@example.com,"[""b2b"",""mascot"",""parts""]",-2362,-2029
TCK-52116,Tube man dancing weird,Our Standard Wacky unit is doing more of a slow lean than a wave. Customers are asking if he is ok.,solved,normal,jamal58@example.com,"[""tube-man"",""b2b""]",-1570,-708
TCK-52117,Address change on subscription,"Moved from Findlay, OH to Findlay, OH. Update my Float Club shipping address please.",solved,normal,pearl95@example.com,"[""float-club"",""account""]",-2302,-1535
TCK-52118,Float Club: pause my membership,"Traveling for two months. Can you pause my Float Club box? Do not cancel. I repeat, do not cancel.",solved,normal,lamar96@example.com,"[""float-club""]",-1959,-1709
TCK-52119,Where is my order?,Ordered a Pizza Slice XL on 3 days ago. Tracking has not moved. Party is Saturday. Please advise.,solved,normal,ximena47@example.com,"[""wismo""]",-2210,-1362
TCK-52120,Swan for a wedding?,Is the Colossal Swan available in white only? Wedding is in August. It will be in the photos. It IS the photos.,solved,normal,wes1@example.com,"[""product"",""presales""]",-2422,-2345
TCK-52121,Sir Reginald has a slow leak,Sir Reginald Unicorn loses about 20% overnight. Within warranty. What are my options?,solved,normal,stan66@example.com,"[""warranty""]",-1583,-1323
TCK-52122,Repair kit question,Does the repair kit work on the Lazy Kraken tentacle seams or only the body?,solved,normal,ernesto22@example.com,"[""product""]",-1837,-1149
TCK-52123,Address change on subscription,"Moved from South Bend, IN to South Bend, IN. Update my Float Club shipping address please.",solved,normal,deshawn22@example.com,"[""float-club"",""account""]",-1717,-1132
TCK-52124,Invoice copy needed,Our dealership needs a copy of last month's TMaaS invoice for accounting. Unit count changed mid-month.,open,normal,dolores21@example.com,"[""b2b"",""billing""]",-2196,-2158
TCK-52125,Pizza float smells like vinyl,Is the vinyl smell on the Pizza Slice XL normal? How long until it airs out?,solved,normal,margaret45@example.com,"[""product""]",-2329,-1687
TCK-52126,Sir Reginald has a slow leak,Sir Reginald Unicorn loses about 20% overnight. Within warranty. What are my options?,solved,normal,bettye84@example.com,"[""warranty""]",-1733,-1114
TCK-52127,Gift for retirement party,Can I get a tube man for a retirement party for one weekend? He was in HVAC 30 years. It has to flail.,solved,normal,keiko39@example.com,"[""presales"",""tube-man""]",-1832,-1007
TCK-52128,Sir Reginald has a slow leak,Sir Reginald Unicorn loses about 20% overnight. Within warranty. What are my options?,solved,normal,paloma7@example.com,"[""warranty""]",-2297,-1897
TCK-52129,Address change on subscription,"Moved from Bowling Green, OH to Sandusky, OH. Update my Float Club shipping address please.",open,normal,arthur5@example.com,"[""float-club"",""account""]",-2050,-1488
TCK-52130,Address change on subscription,"Moved from Findlay, OH to Ann Arbor, MI. Update my Float Club shipping address please.",solved,normal,carlos28@example.com,"[""float-club"",""account""]",-2305,-2208
TCK-52131,Address change on subscription,"Moved from Kalamazoo, MI to Columbus, OH. Update my Float Club shipping address please.",solved,normal,priya79@example.com,"[""float-club"",""account""]",-1670,-1365
TCK-52132,Tube man dancing weird,Our Standard Wacky unit is doing more of a slow lean than a wave. Customers are asking if he is ok.,open,normal,yosef1@example.com,"[""tube-man"",""b2b""]",-1651,-1268
TCK-52133,Invoice copy needed,Our dealership needs a copy of last month's TMaaS invoice for accounting. Unit count changed mid-month.,solved,normal,carlos17@example.com,"[""b2b"",""billing""]",-1859,-1123
TCK-52134,Tube man dancing weird,Our Standard Wacky unit is doing more of a slow lean than a wave. Customers are asking if he is ok.,solved,normal,jerome55@example.com,"[""tube-man"",""b2b""]",-2199,-1841
TCK-52135,Swan for a wedding?,Is the Colossal Swan available in white only? Wedding is in August. It will be in the photos. It IS the photos.,solved,normal,pearl63@example.com,"[""product"",""presales""]",-1957,-1678
TCK-52136,Valve cap missing from box,My Pizza Slice XL arrived without the valve cap. It deflates overnight. Love it otherwise.,solved,normal,quinn32@example.com,"[""parts""]",-2173,-2006
TCK-52137,Repair kit question,Does the repair kit work on the Lazy Kraken tentacle seams or only the body?,solved,normal,bettye69@example.com,"[""product""]",-2190,-1574
TCK-52138,Gift for retirement party,Can I get a tube man for a retirement party for one weekend? He was in HVAC 30 years. It has to flail.,solved,normal,ingrid9@example.com,"[""presales"",""tube-man""]",-1804,-1246
TCK-52139,Float Club: pause my membership,"Traveling for two months. Can you pause my Float Club box? Do not cancel. I repeat, do not cancel.",solved,normal,jamal31@example.com,"[""float-club""]",-1536,-1400
TCK-52140,Where is my order?,Ordered a Lazy Kraken on 4 days ago. Tracking has not moved. Party is Saturday. Please advise.,solved,normal,zoe80@example.com,"[""wismo""]",-1785,-1454
TCK-52141,Bounce house booking change,Need to move our Castle Classic rental from Sat to Sun. Same address. Kid changed the theme again.,solved,normal,luis56@example.com,"[""bounce"",""booking""]",-1683,-1278
TCK-52142,Refund request: double charge,Charged twice for order ORD-102765. Bank shows both pending. Please fix.,solved,normal,chen74@example.com,"[""billing"",""refund""]",-2228,-1648
TCK-52143,Sir Reginald has a slow leak,Sir Reginald Unicorn loses about 20% overnight. Within warranty. What are my options?,solved,normal,priya34@example.com,"[""warranty""]",-2216,-1661
TCK-52144,Address change on subscription,"Moved from South Bend, IN to South Bend, IN. Update my Float Club shipping address please.",solved,normal,dolores68@example.com,"[""float-club"",""account""]",-1882,-1116
TCK-52145,Bounce house wet after rain,The Corporate Retreat Edition got rained on. What is the dry-out protocol before the offsite?,solved,normal,gus74@example.com,"[""bounce"",""care""]",-1841,-1587
TCK-52146,Pizza float smells like vinyl,Is the vinyl smell on the Pizza Slice XL normal? How long until it airs out?,solved,normal,fatima62@example.com,"[""product""]",-2304,-2013
TCK-52147,Stadium mascot arm replacement,Our mascot system left arm tore during the seventh inning. Need the replacement panel before Friday's home game.,solved,high,zoe34@example.com,"[""b2b"",""mascot"",""parts""]",-2271,-2184
TCK-52148,Repair kit question,Does the repair kit work on the Lazy Kraken tentacle seams or only the body?,solved,normal,mo83@example.com,"[""product""]",-2320,-1656
TCK-52149,Float Club: pause my membership,"Traveling for two months. Can you pause my Float Club box? Do not cancel. I repeat, do not cancel.",solved,normal,luis8@example.com,"[""float-club""]",-1593,-940
TCK-52150,Pizza float smells like vinyl,Is the vinyl smell on the Pizza Slice XL normal? How long until it airs out?,solved,normal,yuki99@example.com,"[""product""]",-2317,-1862
TCK-52151,Swan for a wedding?,Is the Colossal Swan available in white only? Wedding is in August. It will be in the photos. It IS the photos.,solved,normal,linda87@example.com,"[""product"",""presales""]",-1796,-1522
TCK-52152,Float Club: pause my membership,"Traveling for two months. Can you pause my Float Club box? Do not cancel. I repeat, do not cancel.",solved,normal,omar56@example.com,"[""float-club""]",-1668,-1131
TCK-52153,Where is my order?,Ordered a Sir Reginald Unicorn on 4 days ago. Tracking has not moved. Party is Saturday. Please advise.,solved,normal,priya40@example.com,"[""wismo""]",-2215,-2114
TCK-52154,Bounce house wet after rain,The Corporate Retreat Edition got rained on. What is the dry-out protocol before the offsite?,solved,normal,rosa99@example.com,"[""bounce"",""care""]",-2356,-1953
TCK-52155,Swan for a wedding?,Is the Colossal Swan available in white only? Wedding is in August. It will be in the photos. It IS the photos.,solved,normal,bettye95@example.com,"[""product"",""presales""]",-2294,-1701
TCK-52156,Refund request: double charge,Charged twice for order ORD-102329. Bank shows both pending. Please fix.,solved,normal,hannah39@example.com,"[""billing"",""refund""]",-2376,-2012
TCK-52157,Swan for a wedding?,Is the Colossal Swan available in white only? Wedding is in August. It will be in the photos. It IS the photos.,solved,normal,aisha59@example.com,"[""product"",""presales""]",-2196,-1578
TCK-52158,Swan for a wedding?,Is the Colossal Swan available in white only? Wedding is in August. It will be in the photos. It IS the photos.,solved,normal,aisha33@example.com,"[""product"",""presales""]",-1974,-1634
TCK-52159,Swan for a wedding?,Is the Colossal Swan available in white only? Wedding is in August. It will be in the photos. It IS the photos.,solved,normal,wes84@example.com,"[""product"",""presales""]",-2074,-1814
TCK-52160,Sir Reginald has a slow leak,Sir Reginald Unicorn loses about 20% overnight. Within warranty. What are my options?,solved,normal,priya19@example.com,"[""warranty""]",-1525,-1323
TCK-52161,Repair kit question,Does the repair kit work on the Lazy Kraken tentacle seams or only the body?,solved,normal,vera39@example.com,"[""product""]",-2077,-1193
TCK-52162,Swan for a wedding?,Is the Colossal Swan available in white only? Wedding is in August. It will be in the photos. It IS the photos.,solved,normal,zoe7@example.com,"[""product"",""presales""]",-1752,-1373
TCK-52163,Sir Reginald has a slow leak,Sir Reginald Unicorn loses about 20% overnight. Within warranty. What are my options?,solved,normal,harriet58@example.com,"[""warranty""]",-1896,-1746
TCK-52164,Gift for retirement party,Can I get a tube man for a retirement party for one weekend? He was in HVAC 30 years. It has to flail.,solved,normal,chen32@example.com,"[""presales"",""tube-man""]",-1624,-1315
TCK-52165,Invoice copy needed,Our dealership needs a copy of last month's TMaaS invoice for accounting. Unit count changed mid-month.,open,normal,flo78@example.com,"[""b2b"",""billing""]",-2096,-1677
TCK-52166,Where is my order?,Ordered a Pizza Slice XL on 10 days ago. Tracking has not moved. Party is Saturday. Please advise.,open,normal,quinn54@example.com,"[""wismo""]",-1594,-1064
TCK-52167,Address change on subscription,"Moved from Erie, PA to Toledo, OH. Update my Float Club shipping address please.",solved,normal,ray37@example.com,"[""float-club"",""account""]",-1970,-1442
TCK-52168,Stadium mascot arm replacement,Our mascot system left arm tore during the seventh inning. Need the replacement panel before Friday's home game.,solved,high,wes15@example.com,"[""b2b"",""mascot"",""parts""]",-2235,-1810
TCK-52169,Address change on subscription,"Moved from Kalamazoo, MI to Toledo, OH. Update my Float Club shipping address please.",solved,normal,otis45@example.com,"[""float-club"",""account""]",-1896,-1810
TCK-52170,Bounce house booking change,Need to move our Castle Classic rental from Sat to Sun. Same address. Kid changed the theme again.,open,normal,omar46@example.com,"[""bounce"",""booking""]",-2109,-1744
TCK-52171,Gift for retirement party,Can I get a tube man for a retirement party for one weekend? He was in HVAC 30 years. It has to flail.,solved,normal,mabel20@example.com,"[""presales"",""tube-man""]",-2371,-1992
TCK-52172,Sir Reginald has a slow leak,Sir Reginald Unicorn loses about 20% overnight. Within warranty. What are my options?,solved,normal,chen28@example.com,"[""warranty""]",-2383,-2216
TCK-52173,Swan for a wedding?,Is the Colossal Swan available in white only? Wedding is in August. It will be in the photos. It IS the photos.,solved,normal,tomasz32@example.com,"[""product"",""presales""]",-1872,-1048
TCK-52174,Gift for retirement party,Can I get a tube man for a retirement party for one weekend? He was in HVAC 30 years. It has to flail.,solved,normal,ray14@example.com,"[""presales"",""tube-man""]",-1829,-1592
TCK-52175,Bounce house wet after rain,The Corporate Retreat Edition got rained on. What is the dry-out protocol before the offsite?,solved,normal,bob22@example.com,"[""bounce"",""care""]",-1511,-792
TCK-52176,Where is my order?,Ordered a Colossal Swan on 11 days ago. Tracking has not moved. Party is Saturday. Please advise.,solved,normal,yuki70@example.com,"[""wismo""]",-2448,-2351
TCK-52177,Pizza float smells like vinyl,Is the vinyl smell on the Pizza Slice XL normal? How long until it airs out?,solved,normal,curtis83@example.com,"[""product""]",-2171,-1372
TCK-52178,Gift for retirement party,Can I get a tube man for a retirement party for one weekend? He was in HVAC 30 years. It has to flail.,solved,normal,lamar16@example.com,"[""presales"",""tube-man""]",-1649,-1374
TCK-52179,Address change on subscription,"Moved from Akron, OH to Kalamazoo, MI. Update my Float Club shipping address please.",solved,normal,harriet13@example.com,"[""float-club"",""account""]",-2424,-1778
TCK-52180,Stadium mascot arm replacement,Our mascot system left arm tore during the seventh inning. Need the replacement panel before Friday's home game.,solved,high,zoe79@example.com,"[""b2b"",""mascot"",""parts""]",-2136,-1818
TCK-52181,Invoice copy needed,Our dealership needs a copy of last month's TMaaS invoice for accounting. Unit count changed mid-month.,solved,normal,mo40@example.com,"[""b2b"",""billing""]",-2305,-1611
TCK-52182,Address change on subscription,"Moved from Ann Arbor, MI to Sandusky, OH. Update my Float Club shipping address please.",solved,normal,wes46@example.com,"[""float-club"",""account""]",-1702,-807
TCK-52183,Bounce house booking change,Need to move our Castle Classic rental from Sat to Sun. Same address. Kid changed the theme again.,solved,normal,paloma34@example.com,"[""bounce"",""booking""]",-2234,-1635
TCK-52184,Pizza float smells like vinyl,Is the vinyl smell on the Pizza Slice XL normal? How long until it airs out?,solved,normal,flo57@example.com,"[""product""]",-2083,-1254
TCK-52185,Refund request: double charge,Charged twice for order ORD-102150. Bank shows both pending. Please fix.,solved,normal,otis5@example.com,"[""billing"",""refund""]",-2272,-2065
TCK-52186,Bounce house booking change,Need to move our Castle Classic rental from Sat to Sun. Same address. Kid changed the theme again.,solved,normal,linda17@example.com,"[""bounce"",""booking""]",-2055,-1505
TCK-52187,Sir Reginald has a slow leak,Sir Reginald Unicorn loses about 20% overnight. Within warranty. What are my options?,solved,normal,flo25@example.com,"[""warranty""]",-1595,-1271
TCK-52188,Valve cap missing from box,My Colossal Swan arrived without the valve cap. It deflates overnight. Love it otherwise.,solved,normal,wes95@example.com,"[""parts""]",-1725,-1556
TCK-52189,Stadium mascot arm replacement,Our mascot system left arm tore during the seventh inning. Need the replacement panel before Friday's home game.,solved,high,greg72@example.com,"[""b2b"",""mascot"",""parts""]",-2002,-1291
TCK-52190,Float Club: pause my membership,"Traveling for two months. Can you pause my Float Club box? Do not cancel. I repeat, do not cancel.",solved,normal,otis56@example.com,"[""float-club""]",-2121,-1586
TCK-52191,Gift for retirement party,Can I get a tube man for a retirement party for one weekend? He was in HVAC 30 years. It has to flail.,solved,normal,mabel75@example.com,"[""presales"",""tube-man""]",-1979,-1820
TCK-52192,Swan for a wedding?,Is the Colossal Swan available in white only? Wedding is in August. It will be in the photos. It IS the photos.,solved,normal,luis54@example.com,"[""product"",""presales""]",-1754,-1539
TCK-52193,Bounce house booking change,Need to move our Castle Classic rental from Sat to Sun. Same address. Kid changed the theme again.,solved,normal,paloma62@example.com,"[""bounce"",""booking""]",-1996,-1442
TCK-52194,Stadium mascot arm replacement,Our mascot system left arm tore during the seventh inning. Need the replacement panel before Friday's home game.,open,high,ernesto72@example.com,"[""b2b"",""mascot"",""parts""]",-2069,-1737
TCK-52195,Repair kit question,Does the repair kit work on the Lazy Kraken tentacle seams or only the body?,solved,normal,curtis55@example.com,"[""product""]",-2321,-2076
TCK-52196,Stadium mascot arm replacement,Our mascot system left arm tore during the seventh inning. Need the replacement panel before Friday's home game.,solved,high,tina50@example.com,"[""b2b"",""mascot"",""parts""]",-1814,-1655
TCK-52197,Stadium mascot arm replacement,Our mascot system left arm tore during the seventh inning. Need the replacement panel before Friday's home game.,solved,high,greg4@example.com,"[""b2b"",""mascot"",""parts""]",-1859,-1081
TCK-52198,Stadium mascot arm replacement,Our mascot system left arm tore during the seventh inning. Need the replacement panel before Friday's home game.,solved,high,flo92@example.com,"[""b2b"",""mascot"",""parts""]",-1842,-1449
TCK-52199,Address change on subscription,"Moved from Erie, PA to Sandusky, OH. Update my Float Club shipping address please.",solved,normal,deshawn62@example.com,"[""float-club"",""account""]",-1844,-1448
TCK-52200,Refund request: double charge,Charged twice for order ORD-102385. Bank shows both pending. Please fix.,solved,normal,pearl40@example.com,"[""billing"",""refund""]",-1832,-1020
TCK-52201,Float Club: pause my membership,"Traveling for two months. Can you pause my Float Club box? Do not cancel. I repeat, do not cancel.",solved,normal,hannah10@example.com,"[""float-club""]",-1987,-1749
TCK-52202,Bounce house wet after rain,The Corporate Retreat Edition got rained on. What is the dry-out protocol before the offsite?,solved,normal,nellie75@example.com,"[""bounce"",""care""]",-2217,-1787
TCK-52203,Gift for retirement party,Can I get a tube man for a retirement party for one weekend? He was in HVAC 30 years. It has to flail.,solved,normal,luis87@example.com,"[""presales"",""tube-man""]",-1819,-1406
TCK-52204,Bounce house wet after rain,The Corporate Retreat Edition got rained on. What is the dry-out protocol before the offsite?,solved,normal,zoe28@example.com,"[""bounce"",""care""]",-2303,-1558
TCK-52205,Invoice copy needed,Our dealership needs a copy of last month's TMaaS invoice for accounting. Unit count changed mid-month.,solved,normal,otis84@example.com,"[""b2b"",""billing""]",-2165,-1936
TCK-52206,Tube man dancing weird,Our Standard Wacky unit is doing more of a slow lean than a wave. Customers are asking if he is ok.,solved,normal,jamal97@example.com,"[""tube-man"",""b2b""]",-2111,-1602
TCK-52207,Bounce house booking change,Need to move our Castle Classic rental from Sat to Sun. Same address. Kid changed the theme again.,open,normal,lamar99@example.com,"[""bounce"",""booking""]",-2432,-2051
TCK-52208,Address change on subscription,"Moved from Erie, PA to Dayton, OH. Update my Float Club shipping address please.",solved,normal,nadia1@example.com,"[""float-club"",""account""]",-1632,-1449
TCK-52209,Swan for a wedding?,Is the Colossal Swan available in white only? Wedding is in August. It will be in the photos. It IS the photos.,open,normal,curtis24@example.com,"[""product"",""presales""]",-1647,-994
TCK-52210,Float Club: pause my membership,"Traveling for two months. Can you pause my Float Club box? Do not cancel. I repeat, do not cancel.",solved,normal,wes41@example.com,"[""float-club""]",-1618,-1487
TCK-52211,Tube man dancing weird,Our Standard Wacky unit is doing more of a slow lean than a wave. Customers are asking if he is ok.,solved,normal,curtis76@example.com,"[""tube-man"",""b2b""]",-2365,-1656
TCK-52212,Repair kit question,Does the repair kit work on the Lazy Kraken tentacle seams or only the body?,solved,normal,zoe26@example.com,"[""product""]",-1863,-1272
TCK-52213,Gift for retirement party,Can I get a tube man for a retirement party for one weekend? He was in HVAC 30 years. It has to flail.,solved,normal,omar39@example.com,"[""presales"",""tube-man""]",-1538,-657
TCK-52214,Stadium mascot arm replacement,Our mascot system left arm tore during the seventh inning. Need the replacement panel before Friday's home game.,solved,high,jerome47@example.com,"[""b2b"",""mascot"",""parts""]",-2281,-2124
TCK-52215,Stadium mascot arm replacement,Our mascot system left arm tore during the seventh inning. Need the replacement panel before Friday's home game.,solved,high,gus98@example.com,"[""b2b"",""mascot"",""parts""]",-2065,-1965
TCK-52216,Tube man dancing weird,Our Standard Wacky unit is doing more of a slow lean than a wave. Customers are asking if he is ok.,solved,normal,ernesto74@example.com,"[""tube-man"",""b2b""]",-2149,-1692
TCK-52217,Bounce house booking change,Need to move our Castle Classic rental from Sat to Sun. Same address. Kid changed the theme again.,solved,normal,zoe10@example.com,"[""bounce"",""booking""]",-2418,-2314
TCK-52218,Float Club: pause my membership,"Traveling for two months. Can you pause my Float Club box? Do not cancel. I repeat, do not cancel.",solved,normal,greg14@example.com,"[""float-club""]",-2027,-1407
TCK-52219,Bounce house booking change,Need to move our Castle Classic rental from Sat to Sun. Same address. Kid changed the theme again.,solved,normal,ivan87@example.com,"[""bounce"",""booking""]",-1507,-1189
TCK-52220,Address change on subscription,"Moved from Sandusky, OH to South Bend, IN. Update my Float Club shipping address please.",solved,normal,dolores87@example.com,"[""float-club"",""account""]",-1640,-1288
TCK-52221,Gift for retirement party,Can I get a tube man for a retirement party for one weekend? He was in HVAC 30 years. It has to flail.,solved,normal,ximena29@example.com,"[""presales"",""tube-man""]",-1523,-710
TCK-52222,Address change on subscription,"Moved from Sandusky, OH to Fort Wayne, IN. Update my Float Club shipping address please.",solved,normal,dolores88@example.com,"[""float-club"",""account""]",-1667,-804
TCK-52223,Stadium mascot arm replacement,Our mascot system left arm tore during the seventh inning. Need the replacement panel before Friday's home game.,solved,high,arthur26@example.com,"[""b2b"",""mascot"",""parts""]",-1570,-965
TCK-52224,Bounce house wet after rain,The Corporate Retreat Edition got rained on. What is the dry-out protocol before the offsite?,solved,normal,kitty9@example.com,"[""bounce"",""care""]",-2245,-1513
TCK-52225,Pizza float smells like vinyl,Is the vinyl smell on the Pizza Slice XL normal? How long until it airs out?,solved,normal,pearl74@example.com,"[""product""]",-1773,-1195
TCK-52226,Refund request: double charge,Charged twice for order ORD-101214. Bank shows both pending. Please fix.,solved,normal,tina55@example.com,"[""billing"",""refund""]",-1674,-1092
TCK-52227,Sir Reginald has a slow leak,Sir Reginald Unicorn loses about 20% overnight. Within warranty. What are my options?,solved,normal,priya87@example.com,"[""warranty""]",-1725,-1122
TCK-52228,Bounce house booking change,Need to move our Castle Classic rental from Sat to Sun. Same address. Kid changed the theme again.,solved,normal,ximena47@example.com,"[""bounce"",""booking""]",-2377,-2058
TCK-52229,Bounce house wet after rain,The Corporate Retreat Edition got rained on. What is the dry-out protocol before the offsite?,solved,normal,yosef56@example.com,"[""bounce"",""care""]",-2125,-1694
TCK-52230,Pizza float smells like vinyl,Is the vinyl smell on the Pizza Slice XL normal? How long until it airs out?,solved,normal,tomasz14@example.com,"[""product""]",-2043,-2009
TCK-52231,Stadium mascot arm replacement,Our mascot system left arm tore during the seventh inning. Need the replacement panel before Friday's home game.,solved,high,hannah44@example.com,"[""b2b"",""mascot"",""parts""]",-1917,-1748
TCK-52232,Address change on subscription,"Moved from South Bend, IN to Akron, OH. Update my Float Club shipping address please.",solved,normal,curtis88@example.com,"[""float-club"",""account""]",-2354,-1961
TCK-52233,Address change on subscription,"Moved from Toledo, OH to Findlay, OH. Update my Float Club shipping address please.",solved,normal,nellie11@example.com,"[""float-club"",""account""]",-2428,-1899
TCK-52234,Swan for a wedding?,Is the Colossal Swan available in white only? Wedding is in August. It will be in the photos. It IS the photos.,solved,normal,zoe39@example.com,"[""product"",""presales""]",-1686,-1141
TCK-52235,Refund request: double charge,Charged twice for order ORD-102483. Bank shows both pending. Please fix.,solved,normal,keiko50@example.com,"[""billing"",""refund""]",-1695,-1596
TCK-52236,Invoice copy needed,Our dealership needs a copy of last month's TMaaS invoice for accounting. Unit count changed mid-month.,solved,normal,mabel3@example.com,"[""b2b"",""billing""]",-2383,-2211
TCK-52237,Where is my order?,Ordered a Lazy Kraken on 11 days ago. Tracking has not moved. Party is Saturday. Please advise.,solved,normal,bob56@example.com,"[""wismo""]",-2414,-1857
TCK-52238,Valve cap missing from box,My Lazy Kraken arrived without the valve cap. It deflates overnight. Love it otherwise.,solved,normal,bob40@example.com,"[""parts""]",-2218,-1433
TCK-52239,Swan for a wedding?,Is the Colossal Swan available in white only? Wedding is in August. It will be in the photos. It IS the photos.,solved,normal,ximena61@example.com,"[""product"",""presales""]",-1747,-1651
TCK-52240,Repair kit question,Does the repair kit work on the Lazy Kraken tentacle seams or only the body?,solved,normal,wes21@example.com,"[""product""]",-2201,-1674
TCK-52241,Repair kit question,Does the repair kit work on the Lazy Kraken tentacle seams or only the body?,solved,normal,fatima82@example.com,"[""product""]",-1850,-1552
TCK-52242,Stadium mascot arm replacement,Our mascot system left arm tore during the seventh inning. Need the replacement panel before Friday's home game.,solved,high,otis42@example.com,"[""b2b"",""mascot"",""parts""]",-1771,-1723
TCK-52243,Repair kit question,Does the repair kit work on the Lazy Kraken tentacle seams or only the body?,solved,normal,tina18@example.com,"[""product""]",-1902,-1572
TCK-52244,Swan for a wedding?,Is the Colossal Swan available in white only? Wedding is in August. It will be in the photos. It IS the photos.,solved,normal,greg42@example.com,"[""product"",""presales""]",-2387,-1565
TCK-52245,Invoice copy needed,Our dealership needs a copy of last month's TMaaS invoice for accounting. Unit count changed mid-month.,solved,normal,otis80@example.com,"[""b2b"",""billing""]",-1799,-1033
TCK-52246,Stadium mascot arm replacement,Our mascot system left arm tore during the seventh inning. Need the replacement panel before Friday's home game.,solved,high,quinn27@example.com,"[""b2b"",""mascot"",""parts""]",-1752,-1295
TCK-52247,Invoice copy needed,Our dealership needs a copy of last month's TMaaS invoice for accounting. Unit count changed mid-month.,solved,normal,gus20@example.com,"[""b2b"",""billing""]",-1745,-1662
TCK-52248,Invoice copy needed,Our dealership needs a copy of last month's TMaaS invoice for accounting. Unit count changed mid-month.,solved,normal,nadia90@example.com,"[""b2b"",""billing""]",-1963,-1262
TCK-52249,Bounce house wet after rain,The Corporate Retreat Edition got rained on. What is the dry-out protocol before the offsite?,solved,normal,mabel29@example.com,"[""bounce"",""care""]",-1916,-1366
TCK-52250,Bounce house booking change,Need to move our Castle Classic rental from Sat to Sun. Same address. Kid changed the theme again.,solved,normal,bettye59@example.com,"[""bounce"",""booking""]",-1944,-1749
TCK-52251,Gift for retirement party,Can I get a tube man for a retirement party for one weekend? He was in HVAC 30 years. It has to flail.,solved,normal,kitty7@example.com,"[""presales"",""tube-man""]",-1709,-902
TCK-52252,Bounce house booking change,Need to move our Castle Classic rental from Sat to Sun. Same address. Kid changed the theme again.,solved,normal,jerome20@example.com,"[""bounce"",""booking""]",-1569,-669
TCK-52253,Bounce house booking change,Need to move our Castle Classic rental from Sat to Sun. Same address. Kid changed the theme again.,solved,normal,bob91@example.com,"[""bounce"",""booking""]",-2356,-2044
TCK-52254,Tube man dancing weird,Our Standard Wacky unit is doing more of a slow lean than a wave. Customers are asking if he is ok.,solved,normal,greg46@example.com,"[""tube-man"",""b2b""]",-2355,-1569
TCK-52255,Valve cap missing from box,My Sir Reginald Unicorn arrived without the valve cap. It deflates overnight. Love it otherwise.,solved,normal,ingrid40@example.com,"[""parts""]",-1612,-894
TCK-52256,Stadium mascot arm replacement,Our mascot system left arm tore during the seventh inning. Need the replacement panel before Friday's home game.,solved,high,omar87@example.com,"[""b2b"",""mascot"",""parts""]",-2204,-1315
TCK-52257,Address change on subscription,"Moved from Dayton, OH to Erie, PA. Update my Float Club shipping address please.",solved,normal,priya39@example.com,"[""float-club"",""account""]",-2147,-1877
TCK-52258,Tube man dancing weird,Our Standard Wacky unit is doing more of a slow lean than a wave. Customers are asking if he is ok.,solved,normal,tomasz39@example.com,"[""tube-man"",""b2b""]",-1941,-1609
TCK-52259,Float Club: pause my membership,"Traveling for two months. Can you pause my Float Club box? Do not cancel. I repeat, do not cancel.",solved,normal,ximena25@example.com,"[""float-club""]",-1873,-1603
TCK-52260,Tube man dancing weird,Our Standard Wacky unit is doing more of a slow lean than a wave. Customers are asking if he is ok.,solved,normal,ingrid9@example.com,"[""tube-man"",""b2b""]",-2264,-1934
TCK-52261,Sir Reginald has a slow leak,Sir Reginald Unicorn loses about 20% overnight. Within warranty. What are my options?,solved,normal,zoe68@example.com,"[""warranty""]",-1537,-832
TCK-52262,Invoice copy needed,Our dealership needs a copy of last month's TMaaS invoice for accounting. Unit count changed mid-month.,solved,normal,kitty69@example.com,"[""b2b"",""billing""]",-2326,-2230
TCK-52263,Stadium mascot arm replacement,Our mascot system left arm tore during the seventh inning. Need the replacement panel before Friday's home game.,solved,high,aisha16@example.com,"[""b2b"",""mascot"",""parts""]",-2231,-2170
TCK-52264,Sir Reginald has a slow leak,Sir Reginald Unicorn loses about 20% overnight. Within warranty. What are my options?,solved,normal,bettye16@example.com,"[""warranty""]",-1718,-1122
TCK-52265,Bounce house booking change,Need to move our Castle Classic rental from Sat to Sun. Same address. Kid changed the theme again.,solved,normal,yuki58@example.com,"[""bounce"",""booking""]",-1757,-938
TCK-52266,Bounce house booking change,Need to move our Castle Classic rental from Sat to Sun. Same address. Kid changed the theme again.,solved,normal,ximena96@example.com,"[""bounce"",""booking""]",-1505,-834
TCK-52267,Where is my order?,Ordered a Lazy Kraken on 12 days ago. Tracking has not moved. Party is Saturday. Please advise.,solved,normal,bob72@example.com,"[""wismo""]",-1913,-1236
TCK-52268,Swan for a wedding?,Is the Colossal Swan available in white only? Wedding is in August. It will be in the photos. It IS the photos.,open,normal,hannah27@example.com,"[""product"",""presales""]",-1779,-1743
TCK-52269,Bounce house wet after rain,The Corporate Retreat Edition got rained on. What is the dry-out protocol before the offsite?,solved,normal,ximena96@example.com,"[""bounce"",""care""]",-2413,-1936
TCK-52270,Bounce house booking change,Need to move our Castle Classic rental from Sat to Sun. Same address. Kid changed the theme again.,solved,normal,lamar93@example.com,"[""bounce"",""booking""]",-1783,-1386
TCK-52271,Tube man dancing weird,Our Standard Wacky unit is doing more of a slow lean than a wave. Customers are asking if he is ok.,solved,normal,mo73@example.com,"[""tube-man"",""b2b""]",-2151,-1987
TCK-52272,Repair kit question,Does the repair kit work on the Lazy Kraken tentacle seams or only the body?,solved,normal,mo83@example.com,"[""product""]",-1979,-1341
TCK-52273,Tube man dancing weird,Our Standard Wacky unit is doing more of a slow lean than a wave. Customers are asking if he is ok.,solved,normal,otis12@example.com,"[""tube-man"",""b2b""]",-1678,-978
TCK-52274,Repair kit question,Does the repair kit work on the Lazy Kraken tentacle seams or only the body?,solved,normal,chen27@example.com,"[""product""]",-2322,-1546
TCK-52275,Invoice copy needed,Our dealership needs a copy of last month's TMaaS invoice for accounting. Unit count changed mid-month.,solved,normal,kitty5@example.com,"[""b2b"",""billing""]",-2194,-1853
TCK-52276,Valve cap missing from box,My Lazy Kraken arrived without the valve cap. It deflates overnight. Love it otherwise.,solved,normal,aisha59@example.com,"[""parts""]",-2306,-1706
TCK-52277,Sir Reginald has a slow leak,Sir Reginald Unicorn loses about 20% overnight. Within warranty. What are my options?,solved,normal,mo52@example.com,"[""warranty""]",-1564,-967
TCK-52278,Address change on subscription,"Moved from South Bend, IN to Akron, OH. Update my Float Club shipping address please.",solved,normal,arthur64@example.com,"[""float-club"",""account""]",-2204,-1862
TCK-52279,Float Club: pause my membership,"Traveling for two months. Can you pause my Float Club box? Do not cancel. I repeat, do not cancel.",solved,normal,tina74@example.com,"[""float-club""]",-2124,-1595
TCK-52280,Gift for retirement party,Can I get a tube man for a retirement party for one weekend? He was in HVAC 30 years. It has to flail.,solved,normal,pearl12@example.com,"[""presales"",""tube-man""]",-1885,-1260
TCK-52281,Refund request: double charge,Charged twice for order ORD-102981. Bank shows both pending. Please fix.,open,normal,ernesto18@example.com,"[""billing"",""refund""]",-1768,-1429
TCK-52282,Valve cap missing from box,My Pizza Slice XL arrived without the valve cap. It deflates overnight. Love it otherwise.,solved,normal,ingrid1@example.com,"[""parts""]",-1782,-1266
TCK-52283,Sir Reginald has a slow leak,Sir Reginald Unicorn loses about 20% overnight. Within warranty. What are my options?,solved,normal,carlos3@example.com,"[""warranty""]",-2448,-1924
TCK-52284,Bounce house wet after rain,The Corporate Retreat Edition got rained on. What is the dry-out protocol before the offsite?,solved,normal,aisha13@example.com,"[""bounce"",""care""]",-1834,-1747
TCK-52285,Swan for a wedding?,Is the Colossal Swan available in white only? Wedding is in August. It will be in the photos. It IS the photos.,solved,normal,linda67@example.com,"[""product"",""presales""]",-2038,-1564
TCK-52286,Tube man dancing weird,Our Standard Wacky unit is doing more of a slow lean than a wave. Customers are asking if he is ok.,solved,normal,fatima95@example.com,"[""tube-man"",""b2b""]",-1957,-1732
TCK-52287,Gift for retirement party,Can I get a tube man for a retirement party for one weekend? He was in HVAC 30 years. It has to flail.,solved,normal,aisha29@example.com,"[""presales"",""tube-man""]",-2262,-1913
TCK-52288,Bounce house booking change,Need to move our Castle Classic rental from Sat to Sun. Same address. Kid changed the theme again.,solved,normal,ivan58@example.com,"[""bounce"",""booking""]",-1583,-1360
TCK-52289,Gift for retirement party,Can I get a tube man for a retirement party for one weekend? He was in HVAC 30 years. It has to flail.,solved,normal,dolores14@example.com,"[""presales"",""tube-man""]",-1762,-1114
TCK-52290,Tube man dancing weird,Our Standard Wacky unit is doing more of a slow lean than a wave. Customers are asking if he is ok.,solved,normal,dolores16@example.com,"[""tube-man"",""b2b""]",-1588,-1496
TCK-52291,Gift for retirement party,Can I get a tube man for a retirement party for one weekend? He was in HVAC 30 years. It has to flail.,solved,normal,ernesto47@example.com,"[""presales"",""tube-man""]",-2268,-1424
TCK-52292,Refund request: double charge,Charged twice for order ORD-100323. Bank shows both pending. Please fix.,solved,normal,lamar23@example.com,"[""billing"",""refund""]",-2383,-2084
TCK-52293,Refund request: double charge,Charged twice for order ORD-103317. Bank shows both pending. Please fix.,solved,normal,chen12@example.com,"[""billing"",""refund""]",-2112,-2014
TCK-52294,Refund request: double charge,Charged twice for order ORD-102505. Bank shows both pending. Please fix.,solved,normal,aisha42@example.com,"[""billing"",""refund""]",-2441,-2275
TCK-52295,Pizza float smells like vinyl,Is the vinyl smell on the Pizza Slice XL normal? How long until it airs out?,solved,normal,dolores24@example.com,"[""product""]",-2381,-1907
TCK-52296,Stadium mascot arm replacement,Our mascot system left arm tore during the seventh inning. Need the replacement panel before Friday's home game.,solved,high,stan52@example.com,"[""b2b"",""mascot"",""parts""]",-2167,-1722
TCK-52297,Stadium mascot arm replacement,Our mascot system left arm tore during the seventh inning. Need the replacement panel before Friday's home game.,solved,high,mabel21@example.com,"[""b2b"",""mascot"",""parts""]",-1659,-780
TCK-52298,Swan for a wedding?,Is the Colossal Swan available in white only? Wedding is in August. It will be in the photos. It IS the photos.,solved,normal,jerome79@example.com,"[""product"",""presales""]",-2265,-2098
TCK-52299,Invoice copy needed,Our dealership needs a copy of last month's TMaaS invoice for accounting. Unit count changed mid-month.,solved,normal,greg84@example.com,"[""b2b"",""billing""]",-2187,-1740
TCK-52300,Tube man dancing weird,Our Standard Wacky unit is doing more of a slow lean than a wave. Customers are asking if he is ok.,solved,normal,otis22@example.com,"[""tube-man"",""b2b""]",-2460,-2087
TCK-52301,Valve cap missing from box,My Colossal Swan arrived without the valve cap. It deflates overnight. Love it otherwise.,solved,normal,jerome46@example.com,"[""parts""]",-2206,-2095
TCK-52302,Bounce house wet after rain,The Corporate Retreat Edition got rained on. What is the dry-out protocol before the offsite?,solved,normal,margaret5@example.com,"[""bounce"",""care""]",-2121,-1956
TCK-52303,Float Club: pause my membership,"Traveling for two months. Can you pause my Float Club box? Do not cancel. I repeat, do not cancel.",solved,normal,yuki53@example.com,"[""float-club""]",-2048,-1705
TCK-52304,Gift for retirement party,Can I get a tube man for a retirement party for one weekend? He was in HVAC 30 years. It has to flail.,solved,normal,quinn51@example.com,"[""presales"",""tube-man""]",-1701,-1067
TCK-52305,Repair kit question,Does the repair kit work on the Lazy Kraken tentacle seams or only the body?,solved,normal,dolores78@example.com,"[""product""]",-2165,-1309
TCK-52306,Gift for retirement party,Can I get a tube man for a retirement party for one weekend? He was in HVAC 30 years. It has to flail.,solved,normal,lamar79@example.com,"[""presales"",""tube-man""]",-2059,-1883
TCK-52307,Bounce house booking change,Need to move our Castle Classic rental from Sat to Sun. Same address. Kid changed the theme again.,solved,normal,vera6@example.com,"[""bounce"",""booking""]",-1669,-1167
TCK-52308,Swan for a wedding?,Is the Colossal Swan available in white only? Wedding is in August. It will be in the photos. It IS the photos.,solved,normal,rosa30@example.com,"[""product"",""presales""]",-1729,-908
TCK-52309,Stadium mascot arm replacement,Our mascot system left arm tore during the seventh inning. Need the replacement panel before Friday's home game.,solved,high,ximena4@example.com,"[""b2b"",""mascot"",""parts""]",-2114,-1989
TCK-52310,Bounce house booking change,Need to move our Castle Classic rental from Sat to Sun. Same address. Kid changed the theme again.,solved,normal,paloma6@example.com,"[""bounce"",""booking""]",-2215,-1781
TCK-52311,Address change on subscription,"Moved from Fort Wayne, IN to South Bend, IN. Update my Float Club shipping address please.",solved,normal,deshawn11@example.com,"[""float-club"",""account""]",-2288,-1593
TCK-52312,Bounce house wet after rain,The Corporate Retreat Edition got rained on. What is the dry-out protocol before the offsite?,solved,normal,vera63@example.com,"[""bounce"",""care""]",-2326,-2110
TCK-52313,Where is my order?,Ordered a Pizza Slice XL on 10 days ago. Tracking has not moved. Party is Saturday. Please advise.,solved,normal,fatima96@example.com,"[""wismo""]",-2051,-1203
TCK-52314,Where is my order?,Ordered a Lazy Kraken on 7 days ago. Tracking has not moved. Party is Saturday. Please advise.,solved,normal,linda20@example.com,"[""wismo""]",-1976,-1095
TCK-52315,Pizza float smells like vinyl,Is the vinyl smell on the Pizza Slice XL normal? How long until it airs out?,solved,normal,rosa73@example.com,"[""product""]",-1546,-791
TCK-52316,Valve cap missing from box,My Colossal Swan arrived without the valve cap. It deflates overnight. Love it otherwise.,solved,normal,flo34@example.com,"[""parts""]",-2047,-1566
TCK-52317,Valve cap missing from box,My Colossal Swan arrived without the valve cap. It deflates overnight. Love it otherwise.,solved,normal,nadia36@example.com,"[""parts""]",-1982,-1484
TCK-52318,Repair kit question,Does the repair kit work on the Lazy Kraken tentacle seams or only the body?,solved,normal,yuki94@example.com,"[""product""]",-2007,-1910
TCK-52319,Pizza float smells like vinyl,Is the vinyl smell on the Pizza Slice XL normal? How long until it airs out?,solved,normal,quinn93@example.com,"[""product""]",-1758,-1615
TCK-52320,Refund request: double charge,Charged twice for order ORD-101677. Bank shows both pending. Please fix.,solved,normal,bob38@example.com,"[""billing"",""refund""]",-2219,-1538
TCK-52321,Gift for retirement party,Can I get a tube man for a retirement party for one weekend? He was in HVAC 30 years. It has to flail.,solved,normal,wes49@example.com,"[""presales"",""tube-man""]",-1536,-877
TCK-52322,Bounce house booking change,Need to move our Castle Classic rental from Sat to Sun. Same address. Kid changed the theme again.,solved,normal,bob69@example.com,"[""bounce"",""booking""]",-1933,-1865
TCK-52323,Valve cap missing from box,My Sir Reginald Unicorn arrived without the valve cap. It deflates overnight. Love it otherwise.,solved,normal,fatima58@example.com,"[""parts""]",-1734,-1172
TCK-52324,Bounce house wet after rain,The Corporate Retreat Edition got rained on. What is the dry-out protocol before the offsite?,solved,normal,wes43@example.com,"[""bounce"",""care""]",-2293,-1770
TCK-52325,Address change on subscription,"Moved from Akron, OH to Columbus, OH. Update my Float Club shipping address please.",solved,normal,ivan64@example.com,"[""float-club"",""account""]",-1734,-872
TCK-52326,Pizza float smells like vinyl,Is the vinyl smell on the Pizza Slice XL normal? How long until it airs out?,solved,normal,wes83@example.com,"[""product""]",-1702,-1257
TCK-52327,Address change on subscription,"Moved from Kalamazoo, MI to Kalamazoo, MI. Update my Float Club shipping address please.",solved,normal,mo46@example.com,"[""float-club"",""account""]",-605,162
TCK-52328,Address change on subscription,"Moved from Columbus, OH to Findlay, OH. Update my Float Club shipping address please.",open,normal,jamal63@example.com,"[""float-club"",""account""]",-830,-415
TCK-52329,Stadium mascot arm replacement,Our mascot system left arm tore during the seventh inning. Need the replacement panel before Friday's home game.,open,high,mabel85@example.com,"[""b2b"",""mascot"",""parts""]",-221,13
TCK-52330,Swan for a wedding?,Is the Colossal Swan available in white only? Wedding is in August. It will be in the photos. It IS the photos.,solved,normal,umar39@example.com,"[""product"",""presales""]",-109,90
TCK-52331,Tube man dancing weird,Our Standard Wacky unit is doing more of a slow lean than a wave. Customers are asking if he is ok.,solved,normal,dolores82@example.com,"[""tube-man"",""b2b""]",-811,73
TCK-52332,Bounce house wet after rain,The Corporate Retreat Edition got rained on. What is the dry-out protocol before the offsite?,solved,normal,jerome72@example.com,"[""bounce"",""care""]",-788,-615
TCK-52333,Swan for a wedding?,Is the Colossal Swan available in white only? Wedding is in August. It will be in the photos. It IS the photos.,open,normal,jerome82@example.com,"[""product"",""presales""]",-386,179
TCK-52334,Address change on subscription,"Moved from Dayton, OH to Ann Arbor, MI. Update my Float Club shipping address please.",open,normal,ray5@example.com,"[""float-club"",""account""]",-218,254
TCK-52335,Invoice copy needed,Our dealership needs a copy of last month's TMaaS invoice for accounting. Unit count changed mid-month.,open,normal,luis82@example.com,"[""b2b"",""billing""]",-252,-47
TCK-52336,Where is my order?,Ordered a Colossal Swan on 4 days ago. Tracking has not moved. Party is Saturday. Please advise.,open,normal,bettye41@example.com,"[""wismo""]",-444,381
TCK-52337,Bounce house wet after rain,The Corporate Retreat Edition got rained on. What is the dry-out protocol before the offsite?,open,normal,fatima29@example.com,"[""bounce"",""care""]",-306,2
TCK-52338,Gift for retirement party,Can I get a tube man for a retirement party for one weekend? He was in HVAC 30 years. It has to flail.,open,normal,linda85@example.com,"[""presales"",""tube-man""]",-973,-418
TCK-52339,Sir Reginald has a slow leak,Sir Reginald Unicorn loses about 20% overnight. Within warranty. What are my options?,solved,normal,stan27@example.com,"[""warranty""]",-594,170
TCK-52340,Float Club: pause my membership,"Traveling for two months. Can you pause my Float Club box? Do not cancel. I repeat, do not cancel.",open,normal,tomasz26@example.com,"[""float-club""]",-843,-677
TCK-52341,Float Club: pause my membership,"Traveling for two months. Can you pause my Float Club box? Do not cancel. I repeat, do not cancel.",open,normal,mo76@example.com,"[""float-club""]",-571,-5
TCK-52342,Invoice copy needed,Our dealership needs a copy of last month's TMaaS invoice for accounting. Unit count changed mid-month.,solved,normal,bettye7@example.com,"[""b2b"",""billing""]",-894,-408
TCK-52343,Gift for retirement party,Can I get a tube man for a retirement party for one weekend? He was in HVAC 30 years. It has to flail.,solved,normal,hannah40@example.com,"[""presales"",""tube-man""]",-404,146
TCK-52344,Bounce house wet after rain,The Corporate Retreat Edition got rained on. What is the dry-out protocol before the offsite?,open,normal,vera99@example.com,"[""bounce"",""care""]",-548,54
TCK-52345,Gift for retirement party,Can I get a tube man for a retirement party for one weekend? He was in HVAC 30 years. It has to flail.,open,normal,ernesto64@example.com,"[""presales"",""tube-man""]",-979,-519
TCK-52346,Swan for a wedding?,Is the Colossal Swan available in white only? Wedding is in August. It will be in the photos. It IS the photos.,solved,normal,nellie25@example.com,"[""product"",""presales""]",-699,-182
TCK-52347,Where is my order?,Ordered a Lazy Kraken on 12 days ago. Tracking has not moved. Party is Saturday. Please advise.,solved,normal,rosa73@example.com,"[""wismo""]",-724,42
TCK-52348,Float Club: pause my membership,"Traveling for two months. Can you pause my Float Club box? Do not cancel. I repeat, do not cancel.",open,normal,omar48@example.com,"[""float-club""]",-234,167
TCK-52349,Valve cap missing from box,My Colossal Swan arrived without the valve cap. It deflates overnight. Love it otherwise.,solved,normal,omar22@example.com,"[""parts""]",-809,-114
TCK-52350,Pizza float smells like vinyl,Is the vinyl smell on the Pizza Slice XL normal? How long until it airs out?,open,normal,mabel46@example.com,"[""product""]",-88,203
TCK-52351,Valve cap missing from box,My Lazy Kraken arrived without the valve cap. It deflates overnight. Love it otherwise.,open,normal,arthur62@example.com,"[""parts""]",-818,-416
TCK-52352,Pizza float smells like vinyl,Is the vinyl smell on the Pizza Slice XL normal? How long until it airs out?,solved,normal,ray72@example.com,"[""product""]",-248,487
TCK-52353,Gift for retirement party,Can I get a tube man for a retirement party for one weekend? He was in HVAC 30 years. It has to flail.,open,normal,otis8@example.com,"[""presales"",""tube-man""]",-660,-591
TCK-52354,Tube man dancing weird,Our Standard Wacky unit is doing more of a slow lean than a wave. Customers are asking if he is ok.,open,normal,ingrid92@example.com,"[""tube-man"",""b2b""]",-734,-393
TCK-52355,Invoice copy needed,Our dealership needs a copy of last month's TMaaS invoice for accounting. Unit count changed mid-month.,open,normal,nellie54@example.com,"[""b2b"",""billing""]",-360,30
TCK-52356,Float Club: pause my membership,"Traveling for two months. Can you pause my Float Club box? Do not cancel. I repeat, do not cancel.",open,normal,luis98@example.com,"[""float-club""]",-693,-123
TCK-52357,Invoice copy needed,Our dealership needs a copy of last month's TMaaS invoice for accounting. Unit count changed mid-month.,open,normal,gus43@example.com,"[""b2b"",""billing""]",-636,251
TCK-52358,Sir Reginald has a slow leak,Sir Reginald Unicorn loses about 20% overnight. Within warranty. What are my options?,open,normal,ingrid48@example.com,"[""warranty""]",-210,578
TCK-52359,Valve cap missing from box,My Lazy Kraken arrived without the valve cap. It deflates overnight. Love it otherwise.,solved,normal,keiko12@example.com,"[""parts""]",-958,-478
TCK-52360,Address change on subscription,"Moved from Bowling Green, OH to Fort Wayne, IN. Update my Float Club shipping address please.",open,normal,margaret17@example.com,"[""float-club"",""account""]",-569,74
TCK-52361,Repair kit question,Does the repair kit work on the Lazy Kraken tentacle seams or only the body?,open,normal,greg75@example.com,"[""product""]",-638,34
TCK-52362,Pizza float smells like vinyl,Is the vinyl smell on the Pizza Slice XL normal? How long until it airs out?,solved,normal,dolores35@example.com,"[""product""]",-982,-304
TCK-52363,Tube man dancing weird,Our Standard Wacky unit is doing more of a slow lean than a wave. Customers are asking if he is ok.,solved,normal,luis25@example.com,"[""tube-man"",""b2b""]",-506,218
TCK-52364,Float Club: pause my membership,"Traveling for two months. Can you pause my Float Club box? Do not cancel. I repeat, do not cancel.",open,normal,luis33@example.com,"[""float-club""]",-434,233
TCK-52365,Stadium mascot arm replacement,Our mascot system left arm tore during the seventh inning. Need the replacement panel before Friday's home game.,open,high,yuki86@example.com,"[""b2b"",""mascot"",""parts""]",-729,135
TCK-52366,Pizza float smells like vinyl,Is the vinyl smell on the Pizza Slice XL normal? How long until it airs out?,open,normal,tomasz18@example.com,"[""product""]",-1001,-179
TCK-52367,Gift for retirement party,Can I get a tube man for a retirement party for one weekend? He was in HVAC 30 years. It has to flail.,solved,normal,umar61@example.com,"[""presales"",""tube-man""]",-497,-412
TCK-52368,Valve cap missing from box,My Pizza Slice XL arrived without the valve cap. It deflates overnight. Love it otherwise.,open,normal,nadia86@example.com,"[""parts""]",-366,-125
TCK-52369,Tube man dancing weird,Our Standard Wacky unit is doing more of a slow lean than a wave. Customers are asking if he is ok.,solved,normal,tomasz61@example.com,"[""tube-man"",""b2b""]",-722,-347
TCK-52370,Bounce house wet after rain,The Corporate Retreat Edition got rained on. What is the dry-out protocol before the offsite?,open,normal,flo49@example.com,"[""bounce"",""care""]",-203,-17
TCK-52371,Bounce house wet after rain,The Corporate Retreat Edition got rained on. What is the dry-out protocol before the offsite?,open,normal,kitty59@example.com,"[""bounce"",""care""]",-595,-559
TCK-52372,Gift for retirement party,Can I get a tube man for a retirement party for one weekend? He was in HVAC 30 years. It has to flail.,solved,normal,lamar7@example.com,"[""presales"",""tube-man""]",-788,-296
TCK-52373,Address change on subscription,"Moved from Toledo, OH to Fort Wayne, IN. Update my Float Club shipping address please.",open,normal,tomasz25@example.com,"[""float-club"",""account""]",-955,-341
TCK-52374,Invoice copy needed,Our dealership needs a copy of last month's TMaaS invoice for accounting. Unit count changed mid-month.,open,normal,ernesto48@example.com,"[""b2b"",""billing""]",-570,-294
TCK-52375,Pizza float smells like vinyl,Is the vinyl smell on the Pizza Slice XL normal? How long until it airs out?,open,normal,deshawn43@example.com,"[""product""]",-352,-158
TCK-52376,Sir Reginald has a slow leak,Sir Reginald Unicorn loses about 20% overnight. Within warranty. What are my options?,solved,normal,bettye56@example.com,"[""warranty""]",-989,-762
TCK-52377,Address change on subscription,"Moved from Fort Wayne, IN to Kalamazoo, MI. Update my Float Club shipping address please.",open,normal,rosa54@example.com,"[""float-club"",""account""]",-727,-306
TCK-52378,Bounce house wet after rain,The Corporate Retreat Edition got rained on. What is the dry-out protocol before the offsite?,open,normal,paloma73@example.com,"[""bounce"",""care""]",-143,147
TCK-52379,Sir Reginald has a slow leak,Sir Reginald Unicorn loses about 20% overnight. Within warranty. What are my options?,open,normal,margaret34@example.com,"[""warranty""]",-500,-75
TCK-52380,Repair kit question,Does the repair kit work on the Lazy Kraken tentacle seams or only the body?,solved,normal,arthur43@example.com,"[""product""]",-378,-12
TCK-52381,Invoice copy needed,Our dealership needs a copy of last month's TMaaS invoice for accounting. Unit count changed mid-month.,solved,normal,linda82@example.com,"[""b2b"",""billing""]",-243,-211
TCK-52382,Where is my order?,Ordered a Pizza Slice XL on 9 days ago. Tracking has not moved. Party is Saturday. Please advise.,solved,normal,deshawn23@example.com,"[""wismo""]",-312,-259
TCK-52383,Repair kit question,Does the repair kit work on the Lazy Kraken tentacle seams or only the body?,open,normal,nellie46@example.com,"[""product""]",-788,-170
TCK-52384,Invoice copy needed,Our dealership needs a copy of last month's TMaaS invoice for accounting. Unit count changed mid-month.,open,normal,nellie95@example.com,"[""b2b"",""billing""]",-306,-251
TCK-52385,Tube man dancing weird,Our Standard Wacky unit is doing more of a slow lean than a wave. Customers are asking if he is ok.,open,normal,luis99@example.com,"[""tube-man"",""b2b""]",-256,263
TCK-52386,Float Club: pause my membership,"Traveling for two months. Can you pause my Float Club box? Do not cancel. I repeat, do not cancel.",solved,normal,tomasz96@example.com,"[""float-club""]",-777,-648
TCK-52387,Swan for a wedding?,Is the Colossal Swan available in white only? Wedding is in August. It will be in the photos. It IS the photos.,open,normal,fatima88@example.com,"[""product"",""presales""]",-113,44
TCK-52388,Bounce house booking change,Need to move our Castle Classic rental from Sat to Sun. Same address. Kid changed the theme again.,open,normal,ingrid79@example.com,"[""bounce"",""booking""]",-162,238
TCK-52389,Address change on subscription,"Moved from Findlay, OH to Bowling Green, OH. Update my Float Club shipping address please.",solved,normal,vera29@example.com,"[""float-club"",""account""]",-826,0
TCK-52390,Valve cap missing from box,My Sir Reginald Unicorn arrived without the valve cap. It deflates overnight. Love it otherwise.,solved,normal,curtis59@example.com,"[""parts""]",-506,200
TCK-52391,Sir Reginald has a slow leak,Sir Reginald Unicorn loses about 20% overnight. Within warranty. What are my options?,solved,normal,aisha65@example.com,"[""warranty""]",-934,-546
TCK-52392,Invoice copy needed,Our dealership needs a copy of last month's TMaaS invoice for accounting. Unit count changed mid-month.,solved,normal,carlos76@example.com,"[""b2b"",""billing""]",-827,-74
TCK-52393,Swan for a wedding?,Is the Colossal Swan available in white only? Wedding is in August. It will be in the photos. It IS the photos.,open,normal,mabel28@example.com,"[""product"",""presales""]",-408,370
TCK-52394,Sir Reginald has a slow leak,Sir Reginald Unicorn loses about 20% overnight. Within warranty. What are my options?,open,normal,mo18@example.com,"[""warranty""]",-687,-387
TCK-52395,Pizza float smells like vinyl,Is the vinyl smell on the Pizza Slice XL normal? How long until it airs out?,open,normal,fatima46@example.com,"[""product""]",-650,229
TCK-52396,Invoice copy needed,Our dealership needs a copy of last month's TMaaS invoice for accounting. Unit count changed mid-month.,open,normal,margaret81@example.com,"[""b2b"",""billing""]",-115,-48
TCK-52397,Gift for retirement party,Can I get a tube man for a retirement party for one weekend? He was in HVAC 30 years. It has to flail.,open,normal,yuki32@example.com,"[""presales"",""tube-man""]",-398,-352
TCK-52398,Tube man dancing weird,Our Standard Wacky unit is doing more of a slow lean than a wave. Customers are asking if he is ok.,solved,normal,flo40@example.com,"[""tube-man"",""b2b""]",-320,39
TCK-52399,Float Club: pause my membership,"Traveling for two months. Can you pause my Float Club box? Do not cancel. I repeat, do not cancel.",open,normal,zoe40@example.com,"[""float-club""]",-427,-380
TCK-52400,Address change on subscription,"Moved from Fort Wayne, IN to Toledo, OH. Update my Float Club shipping address please.",open,normal,quinn47@example.com,"[""float-club"",""account""]",-793,-450
TCK-52401,Bounce house booking change,Need to move our Castle Classic rental from Sat to Sun. Same address. Kid changed the theme again.,open,normal,fatima90@example.com,"[""bounce"",""booking""]",-577,-468
TCK-52402,Tube man dancing weird,Our Standard Wacky unit is doing more of a slow lean than a wave. Customers are asking if he is ok.,open,normal,vera65@example.com,"[""tube-man"",""b2b""]",-849,-59
TCK-52403,Pizza float smells like vinyl,Is the vinyl smell on the Pizza Slice XL normal? How long until it airs out?,open,normal,margaret4@example.com,"[""product""]",-521,223
TCK-52404,Valve cap missing from box,My Colossal Swan arrived without the valve cap. It deflates overnight. Love it otherwise.,open,normal,zoe30@example.com,"[""parts""]",-80,322
TCK-52405,Float Club: pause my membership,"Traveling for two months. Can you pause my Float Club box? Do not cancel. I repeat, do not cancel.",solved,normal,kitty41@example.com,"[""float-club""]",-222,-94
TCK-52406,Sir Reginald has a slow leak,Sir Reginald Unicorn loses about 20% overnight. Within warranty. What are my options?,open,normal,vera76@example.com,"[""warranty""]",-658,-160
TCK-52407,Pizza float smells like vinyl,Is the vinyl smell on the Pizza Slice XL normal? How long until it airs out?,open,normal,yosef1@example.com,"[""product""]",-473,-286
TCK-52408,Invoice copy needed,Our dealership needs a copy of last month's TMaaS invoice for accounting. Unit count changed mid-month.,open,normal,fatima38@example.com,"[""b2b"",""billing""]",-198,208
TCK-52409,Pizza float smells like vinyl,Is the vinyl smell on the Pizza Slice XL normal? How long until it airs out?,open,normal,flo43@example.com,"[""product""]",-852,-43
TCK-52410,Swan for a wedding?,Is the Colossal Swan available in white only? Wedding is in August. It will be in the photos. It IS the photos.,open,normal,tina35@example.com,"[""product"",""presales""]",-452,9
TCK-52411,Repair kit question,Does the repair kit work on the Lazy Kraken tentacle seams or only the body?,open,normal,paloma60@example.com,"[""product""]",-907,-172
TCK-52412,Refund request: double charge,Charged twice for order ORD-102893. Bank shows both pending. Please fix.,open,normal,priya37@example.com,"[""billing"",""refund""]",-976,-116
TCK-52413,Address change on subscription,"Moved from Kalamazoo, MI to Akron, OH. Update my Float Club shipping address please.",solved,normal,gus29@example.com,"[""float-club"",""account""]",-781,117
TCK-52414,Where is my order?,Ordered a Pizza Slice XL on 10 days ago. Tracking has not moved. Party is Saturday. Please advise.,open,normal,otis18@example.com,"[""wismo""]",-584,253
TCK-52415,Valve cap missing from box,My Lazy Kraken arrived without the valve cap. It deflates overnight. Love it otherwise.,open,normal,aisha45@example.com,"[""parts""]",-1004,-778
TCK-52416,Bounce house booking change,Need to move our Castle Classic rental from Sat to Sun. Same address. Kid changed the theme again.,solved,normal,ray56@example.com,"[""bounce"",""booking""]",-68,767
TCK-52417,Bounce house booking change,Need to move our Castle Classic rental from Sat to Sun. Same address. Kid changed the theme again.,open,normal,deshawn42@example.com,"[""bounce"",""booking""]",-106,-32
TCK-52418,Address change on subscription,"Moved from Fort Wayne, IN to Dayton, OH. Update my Float Club shipping address please.",open,normal,margaret40@example.com,"[""float-club"",""account""]",-562,-270
TCK-52419,Sir Reginald has a slow leak,Sir Reginald Unicorn loses about 20% overnight. Within warranty. What are my options?,open,normal,bob33@example.com,"[""warranty""]",-510,93
TCK-52420,Sir Reginald has a slow leak,Sir Reginald Unicorn loses about 20% overnight. Within warranty. What are my options?,open,normal,luis26@example.com,"[""warranty""]",-707,-438
TCK-52421,Sir Reginald has a slow leak,Sir Reginald Unicorn loses about 20% overnight. Within warranty. What are my options?,open,normal,curtis98@example.com,"[""warranty""]",-446,434
TCK-52422,Where is my order?,Ordered a Pizza Slice XL on 4 days ago. Tracking has not moved. Party is Saturday. Please advise.,open,normal,nadia61@example.com,"[""wismo""]",-539,100
TCK-52423,Pizza float smells like vinyl,Is the vinyl smell on the Pizza Slice XL normal? How long until it airs out?,open,normal,vera87@example.com,"[""product""]",-233,-164
TCK-52424,Swan for a wedding?,Is the Colossal Swan available in white only? Wedding is in August. It will be in the photos. It IS the photos.,solved,normal,rosa39@example.com,"[""product"",""presales""]",-560,108
TCK-52425,Pizza float smells like vinyl,Is the vinyl smell on the Pizza Slice XL normal? How long until it airs out?,open,normal,luis66@example.com,"[""product""]",-651,240
TCK-52426,Valve cap missing from box,My Pizza Slice XL arrived without the valve cap. It deflates overnight. Love it otherwise.,solved,normal,harriet33@example.com,"[""parts""]",-715,-437
TCK-52427,Float Club: pause my membership,"Traveling for two months. Can you pause my Float Club box? Do not cancel. I repeat, do not cancel.",open,normal,tomasz62@example.com,"[""float-club""]",-995,-739
TCK-52428,Invoice copy needed,Our dealership needs a copy of last month's TMaaS invoice for accounting. Unit count changed mid-month.,solved,normal,linda93@example.com,"[""b2b"",""billing""]",-515,-113
TCK-52429,Gift for retirement party,Can I get a tube man for a retirement party for one weekend? He was in HVAC 30 years. It has to flail.,solved,normal,lamar38@example.com,"[""presales"",""tube-man""]",-224,262
TCK-52430,Swan for a wedding?,Is the Colossal Swan available in white only? Wedding is in August. It will be in the photos. It IS the photos.,open,normal,bettye78@example.com,"[""product"",""presales""]",-245,254
TCK-52431,Swan for a wedding?,Is the Colossal Swan available in white only? Wedding is in August. It will be in the photos. It IS the photos.,open,normal,carlos62@example.com,"[""product"",""presales""]",-75,355
TCK-52432,Float Club: pause my membership,"Traveling for two months. Can you pause my Float Club box? Do not cancel. I repeat, do not cancel.",open,normal,pearl99@example.com,"[""float-club""]",-848,-614
TCK-52433,Swan for a wedding?,Is the Colossal Swan available in white only? Wedding is in August. It will be in the photos. It IS the photos.,open,normal,arthur28@example.com,"[""product"",""presales""]",-316,277
TCK-52434,Where is my order?,Ordered a Colossal Swan on 6 days ago. Tracking has not moved. Party is Saturday. Please advise.,open,normal,margaret55@example.com,"[""wismo""]",-760,-404
TCK-52435,Pizza float smells like vinyl,Is the vinyl smell on the Pizza Slice XL normal? How long until it airs out?,solved,normal,ivan73@example.com,"[""product""]",-66,344
TCK-52436,Tube man dancing weird,Our Standard Wacky unit is doing more of a slow lean than a wave. Customers are asking if he is ok.,solved,normal,bettye12@example.com,"[""tube-man"",""b2b""]",-768,-463
TCK-52437,Valve cap missing from box,My Pizza Slice XL arrived without the valve cap. It deflates overnight. Love it otherwise.,solved,normal,fatima29@example.com,"[""parts""]",-516,-423
TCK-52438,Bounce house booking change,Need to move our Castle Classic rental from Sat to Sun. Same address. Kid changed the theme again.,open,normal,nellie47@example.com,"[""bounce"",""booking""]",-510,143
TCK-52439,Refund request: double charge,Charged twice for order ORD-101052. Bank shows both pending. Please fix.,open,normal,jerome35@example.com,"[""billing"",""refund""]",-907,-696
TCK-52440,Swan for a wedding?,Is the Colossal Swan available in white only? Wedding is in August. It will be in the photos. It IS the photos.,open,normal,jamal8@example.com,"[""product"",""presales""]",-382,418
TCK-52441,Where is my order?,Ordered a Pizza Slice XL on 6 days ago. Tracking has not moved. Party is Saturday. Please advise.,solved,normal,luis55@example.com,"[""wismo""]",-711,119
TCK-52442,Float Club: pause my membership,"Traveling for two months. Can you pause my Float Club box? Do not cancel. I repeat, do not cancel.",solved,normal,tomasz37@example.com,"[""float-club""]",-119,-56
TCK-52443,Sir Reginald has a slow leak,Sir Reginald Unicorn loses about 20% overnight. Within warranty. What are my options?,open,normal,umar52@example.com,"[""warranty""]",-121,-36
TCK-52444,Bounce house wet after rain,The Corporate Retreat Edition got rained on. What is the dry-out protocol before the offsite?,open,normal,aisha60@example.com,"[""bounce"",""care""]",-769,-555
TCK-52445,Stadium mascot arm replacement,Our mascot system left arm tore during the seventh inning. Need the replacement panel before Friday's home game.,open,high,priya25@example.com,"[""b2b"",""mascot"",""parts""]",-410,-320
TCK-52446,Stadium mascot arm replacement,Our mascot system left arm tore during the seventh inning. Need the replacement panel before Friday's home game.,open,high,keiko62@example.com,"[""b2b"",""mascot"",""parts""]",-558,-417
TCK-52447,Refund request: double charge,Charged twice for order ORD-100423. Bank shows both pending. Please fix.,solved,normal,jerome61@example.com,"[""billing"",""refund""]",-89,30
TCK-52448,Bounce house booking change,Need to move our Castle Classic rental from Sat to Sun. Same address. Kid changed the theme again.,solved,normal,stan47@example.com,"[""bounce"",""booking""]",-126,140
TCK-52449,Where is my order?,Ordered a Lazy Kraken on 8 days ago. Tracking has not moved. Party is Saturday. Please advise.,solved,normal,hannah10@example.com,"[""wismo""]",-602,80
TCK-52450,Pizza float smells like vinyl,Is the vinyl smell on the Pizza Slice XL normal? How long until it airs out?,open,normal,stan80@example.com,"[""product""]",-811,-276
TCK-52451,Stadium mascot arm replacement,Our mascot system left arm tore during the seventh inning. Need the replacement panel before Friday's home game.,open,high,umar21@example.com,"[""b2b"",""mascot"",""parts""]",-958,-234
TCK-52452,Bounce house wet after rain,The Corporate Retreat Edition got rained on. What is the dry-out protocol before the offsite?,open,normal,chen76@example.com,"[""bounce"",""care""]",-229,285
TCK-52453,Swan for a wedding?,Is the Colossal Swan available in white only? Wedding is in August. It will be in the photos. It IS the photos.,open,normal,otis82@example.com,"[""product"",""presales""]",-976,-369
TCK-52454,Bounce house booking change,Need to move our Castle Classic rental from Sat to Sun. Same address. Kid changed the theme again.,solved,normal,umar30@example.com,"[""bounce"",""booking""]",-1018,-181
TCK-52455,Sir Reginald has a slow leak,Sir Reginald Unicorn loses about 20% overnight. Within warranty. What are my options?,open,normal,ray83@example.com,"[""warranty""]",-446,387
TCK-52456,Address change on subscription,"Moved from Bowling Green, OH to Ann Arbor, MI. Update my Float Club shipping address please.",solved,normal,harriet35@example.com,"[""float-club"",""account""]",-190,-87
TCK-52457,Valve cap missing from box,My Lazy Kraken arrived without the valve cap. It deflates overnight. Love it otherwise.,solved,normal,mo99@example.com,"[""parts""]",-597,101
TCK-52458,Bounce house wet after rain,The Corporate Retreat Edition got rained on. What is the dry-out protocol before the offsite?,solved,normal,bob94@example.com,"[""bounce"",""care""]",-916,-551
TCK-52459,Valve cap missing from box,My Lazy Kraken arrived without the valve cap. It deflates overnight. Love it otherwise.,solved,normal,harriet24@example.com,"[""parts""]",-719,-192
TCK-52460,Swan for a wedding?,Is the Colossal Swan available in white only? Wedding is in August. It will be in the photos. It IS the photos.,solved,normal,paloma78@example.com,"[""product"",""presales""]",-339,43
TCK-52461,Sir Reginald has a slow leak,Sir Reginald Unicorn loses about 20% overnight. Within warranty. What are my options?,solved,normal,hannah56@example.com,"[""warranty""]",-543,-331
TCK-52462,Invoice copy needed,Our dealership needs a copy of last month's TMaaS invoice for accounting. Unit count changed mid-month.,solved,normal,bettye35@example.com,"[""b2b"",""billing""]",-668,-614
TCK-52463,Refund request: double charge,Charged twice for order ORD-100140. Bank shows both pending. Please fix.,open,normal,vera27@example.com,"[""billing"",""refund""]",-407,339
TCK-52464,Refund request: double charge,Charged twice for order ORD-100109. Bank shows both pending. Please fix.,solved,normal,otis69@example.com,"[""billing"",""refund""]",-161,16
TCK-52465,Pizza float smells like vinyl,Is the vinyl smell on the Pizza Slice XL normal? How long until it airs out?,open,normal,ernesto29@example.com,"[""product""]",-645,-484
TCK-52466,Where is my order?,Ordered a Sir Reginald Unicorn on 6 days ago. Tracking has not moved. Party is Saturday. Please advise.,open,normal,ingrid84@example.com,"[""wismo""]",-1006,-183
TCK-52467,Valve cap missing from box,My Colossal Swan arrived without the valve cap. It deflates overnight. Love it otherwise.,solved,normal,jerome16@example.com,"[""parts""]",-356,386
TCK-52468,Repair kit question,Does the repair kit work on the Lazy Kraken tentacle seams or only the body?,open,normal,nellie83@example.com,"[""product""]",-961,-432
TCK-52469,Bounce house booking change,Need to move our Castle Classic rental from Sat to Sun. Same address. Kid changed the theme again.,solved,normal,nellie93@example.com,"[""bounce"",""booking""]",-427,313
TCK-52470,Float Club: pause my membership,"Traveling for two months. Can you pause my Float Club box? Do not cancel. I repeat, do not cancel.",solved,normal,yuki44@example.com,"[""float-club""]",-719,-493
TCK-52471,Repair kit question,Does the repair kit work on the Lazy Kraken tentacle seams or only the body?,open,normal,chen9@example.com,"[""product""]",-326,175
TCK-52472,Where is my order?,Ordered a Colossal Swan on 6 days ago. Tracking has not moved. Party is Saturday. Please advise.,open,normal,bettye8@example.com,"[""wismo""]",-133,182
TCK-52473,Valve cap missing from box,My Colossal Swan arrived without the valve cap. It deflates overnight. Love it otherwise.,open,normal,mo44@example.com,"[""parts""]",-870,-834
TCK-52474,Invoice copy needed,Our dealership needs a copy of last month's TMaaS invoice for accounting. Unit count changed mid-month.,solved,normal,curtis33@example.com,"[""b2b"",""billing""]",-429,195
TCK-52475,Where is my order?,Ordered a Pizza Slice XL on 11 days ago. Tracking has not moved. Party is Saturday. Please advise.,open,normal,umar76@example.com,"[""wismo""]",-979,-735
TCK-52476,Bounce house wet after rain,The Corporate Retreat Edition got rained on. What is the dry-out protocol before the offsite?,open,normal,chen14@example.com,"[""bounce"",""care""]",-171,386
TCK-52477,Gift for retirement party,Can I get a tube man for a retirement party for one weekend? He was in HVAC 30 years. It has to flail.,solved,normal,tina3@example.com,"[""presales"",""tube-man""]",-564,-340
TCK-52478,Float Club: pause my membership,"Traveling for two months. Can you pause my Float Club box? Do not cancel. I repeat, do not cancel.",solved,normal,nadia63@example.com,"[""float-club""]",-307,358
TCK-52479,Where is my order?,Ordered a Pizza Slice XL on 6 days ago. Tracking has not moved. Party is Saturday. Please advise.,open,normal,wes3@example.com,"[""wismo""]",-280,-107
TCK-52480,Stadium mascot arm replacement,Our mascot system left arm tore during the seventh inning. Need the replacement panel before Friday's home game.,open,high,nadia76@example.com,"[""b2b"",""mascot"",""parts""]",-635,-281
TCK-52481,Refund request: double charge,Charged twice for order ORD-102800. Bank shows both pending. Please fix.,open,normal,bettye74@example.com,"[""billing"",""refund""]",-693,-560
TCK-52482,Bounce house wet after rain,The Corporate Retreat Edition got rained on. What is the dry-out protocol before the offsite?,solved,normal,jerome60@example.com,"[""bounce"",""care""]",-306,116
TCK-52483,Pizza float smells like vinyl,Is the vinyl smell on the Pizza Slice XL normal? How long until it airs out?,open,normal,quinn83@example.com,"[""product""]",-483,313
TCK-52484,Where is my order?,Ordered a Colossal Swan on 10 days ago. Tracking has not moved. Party is Saturday. Please advise.,open,normal,vera58@example.com,"[""wismo""]",-941,-450
TCK-52485,Float Club: pause my membership,"Traveling for two months. Can you pause my Float Club box? Do not cancel. I repeat, do not cancel.",open,normal,luis70@example.com,"[""float-club""]",-748,-479
TCK-52486,Bounce house wet after rain,The Corporate Retreat Edition got rained on. What is the dry-out protocol before the offsite?,open,normal,ingrid86@example.com,"[""bounce"",""care""]",-158,-97
TCK-52487,Bounce house wet after rain,The Corporate Retreat Edition got rained on. What is the dry-out protocol before the offsite?,solved,normal,paloma95@example.com,"[""bounce"",""care""]",-883,-411
TCK-52488,Invoice copy needed,Our dealership needs a copy of last month's TMaaS invoice for accounting. Unit count changed mid-month.,open,normal,zoe25@example.com,"[""b2b"",""billing""]",-864,-645
TCK-52489,Float Club: pause my membership,"Traveling for two months. Can you pause my Float Club box? Do not cancel. I repeat, do not cancel.",solved,normal,otis11@example.com,"[""float-club""]",-100,488
TCK-52490,Stadium mascot arm replacement,Our mascot system left arm tore during the seventh inning. Need the replacement panel before Friday's home game.,solved,high,curtis32@example.com,"[""b2b"",""mascot"",""parts""]",-710,-71
TCK-52491,Address change on subscription,"Moved from Sandusky, OH to Sandusky, OH. Update my Float Club shipping address please.",solved,normal,ernesto55@example.com,"[""float-club"",""account""]",-509,333
TCK-52492,Bounce house booking change,Need to move our Castle Classic rental from Sat to Sun. Same address. Kid changed the theme again.,open,normal,quinn89@example.com,"[""bounce"",""booking""]",-793,-562
TCK-52493,Where is my order?,Ordered a Lazy Kraken on 8 days ago. Tracking has not moved. Party is Saturday. Please advise.,solved,normal,jamal23@example.com,"[""wismo""]",-512,-83
TCK-52494,Bounce house wet after rain,The Corporate Retreat Edition got rained on. What is the dry-out protocol before the offsite?,solved,normal,vera32@example.com,"[""bounce"",""care""]",-92,401
TCK-52495,Swan for a wedding?,Is the Colossal Swan available in white only? Wedding is in August. It will be in the photos. It IS the photos.,open,normal,ray28@example.com,"[""product"",""presales""]",-575,-197
TCK-52496,Address change on subscription,"Moved from Kalamazoo, MI to Bowling Green, OH. Update my Float Club shipping address please.",solved,normal,bob57@example.com,"[""float-club"",""account""]",-537,-15
TCK-52497,Repair kit question,Does the repair kit work on the Lazy Kraken tentacle seams or only the body?,open,normal,omar63@example.com,"[""product""]",-72,544
TCK-52498,Address change on subscription,"Moved from Fort Wayne, IN to Findlay, OH. Update my Float Club shipping address please.",solved,normal,wes86@example.com,"[""float-club"",""account""]",-252,-194
TCK-52499,Sir Reginald has a slow leak,Sir Reginald Unicorn loses about 20% overnight. Within warranty. What are my options?,open,normal,flo50@example.com,"[""warranty""]",-164,49
TCK-52500,Float Club: pause my membership,"Traveling for two months. Can you pause my Float Club box? Do not cancel. I repeat, do not cancel.",solved,normal,bob86@example.com,"[""float-club""]",-623,-54
TCK-52501,Swan for a wedding?,Is the Colossal Swan available in white only? Wedding is in August. It will be in the photos. It IS the photos.,open,normal,ingrid83@example.com,"[""product"",""presales""]",-680,-361
TCK-52502,Repair kit question,Does the repair kit work on the Lazy Kraken tentacle seams or only the body?,open,normal,keiko51@example.com,"[""product""]",-81,742
TCK-52503,Valve cap missing from box,My Colossal Swan arrived without the valve cap. It deflates overnight. Love it otherwise.,open,normal,ivan90@example.com,"[""parts""]",-206,87
TCK-52504,Repair kit question,Does the repair kit work on the Lazy Kraken tentacle seams or only the body?,open,normal,kitty10@example.com,"[""product""]",-642,-491
TCK-52505,Sir Reginald has a slow leak,Sir Reginald Unicorn loses about 20% overnight. Within warranty. What are my options?,solved,normal,hannah10@example.com,"[""warranty""]",-831,-435
TCK-52506,Refund request: double charge,Charged twice for order ORD-101886. Bank shows both pending. Please fix.,solved,normal,hannah89@example.com,"[""billing"",""refund""]",-296,311
TCK-52507,Pizza float smells like vinyl,Is the vinyl smell on the Pizza Slice XL normal? How long until it airs out?,open,normal,nadia53@example.com,"[""product""]",-440,452
TCK-52508,Repair kit question,Does the repair kit work on the Lazy Kraken tentacle seams or only the body?,solved,normal,keiko86@example.com,"[""product""]",-555,-171
TCK-52510,Float Club: pause my membership,"Traveling for two months. Can you pause my Float Club box? Do not cancel. I repeat, do not cancel.",open,normal,carlos99@example.com,"[""float-club""]",-858,-155
TCK-52511,Tube man dancing weird,Our Standard Wacky unit is doing more of a slow lean than a wave. Customers are asking if he is ok.,open,normal,bettye12@example.com,"[""tube-man"",""b2b""]",-646,-415
TCK-52512,Pizza float smells like vinyl,Is the vinyl smell on the Pizza Slice XL normal? How long until it airs out?,solved,normal,fatima70@example.com,"[""product""]",-448,-117
TCK-52513,Invoice copy needed,Our dealership needs a copy of last month's TMaaS invoice for accounting. Unit count changed mid-month.,open,normal,ingrid79@example.com,"[""b2b"",""billing""]",-414,-20
TCK-52514,Gift for retirement party,Can I get a tube man for a retirement party for one weekend? He was in HVAC 30 years. It has to flail.,solved,normal,paloma36@example.com,"[""presales"",""tube-man""]",-884,-412
TCK-52515,Where is my order?,Ordered a Lazy Kraken on 5 days ago. Tracking has not moved. Party is Saturday. Please advise.,open,normal,pearl11@example.com,"[""wismo""]",-369,-143
TCK-52516,Where is my order?,Ordered a Colossal Swan on 4 days ago. Tracking has not moved. Party is Saturday. Please advise.,solved,normal,curtis4@example.com,"[""wismo""]",-229,512
TCK-52517,Invoice copy needed,Our dealership needs a copy of last month's TMaaS invoice for accounting. Unit count changed mid-month.,open,normal,mo50@example.com,"[""b2b"",""billing""]",-273,527
TCK-52518,Bounce house booking change,Need to move our Castle Classic rental from Sat to Sun. Same address. Kid changed the theme again.,solved,normal,omar24@example.com,"[""bounce"",""booking""]",-1012,-716
TCK-52519,Invoice copy needed,Our dealership needs a copy of last month's TMaaS invoice for accounting. Unit count changed mid-month.,solved,normal,stan35@example.com,"[""b2b"",""billing""]",-122,494
TCK-52520,Tube man dancing weird,Our Standard Wacky unit is doing more of a slow lean than a wave. Customers are asking if he is ok.,solved,normal,keiko85@example.com,"[""tube-man"",""b2b""]",-69,708
TCK-52521,Gift for retirement party,Can I get a tube man for a retirement party for one weekend? He was in HVAC 30 years. It has to flail.,open,normal,chen65@example.com,"[""presales"",""tube-man""]",-902,-548
TCK-52522,Pizza float smells like vinyl,Is the vinyl smell on the Pizza Slice XL normal? How long until it airs out?,open,normal,bettye79@example.com,"[""product""]",-665,-397
TCK-52523,Valve cap missing from box,My Pizza Slice XL arrived without the valve cap. It deflates overnight. Love it otherwise.,solved,normal,flo46@example.com,"[""parts""]",-353,-28
TCK-52524,Gift for retirement party,Can I get a tube man for a retirement party for one weekend? He was in HVAC 30 years. It has to flail.,solved,normal,lamar74@example.com,"[""presales"",""tube-man""]",-882,-849
TCK-52525,Valve cap missing from box,My Sir Reginald Unicorn arrived without the valve cap. It deflates overnight. Love it otherwise.,open,normal,yosef64@example.com,"[""parts""]",-316,436
TCK-52526,Float Club: pause my membership,"Traveling for two months. Can you pause my Float Club box? Do not cancel. I repeat, do not cancel.",open,normal,quinn12@example.com,"[""float-club""]",-444,401
TCK-52527,Sir Reginald has a slow leak,Sir Reginald Unicorn loses about 20% overnight. Within warranty. What are my options?,open,normal,ivan92@example.com,"[""warranty""]",-124,94
TCK-52528,Invoice copy needed,Our dealership needs a copy of last month's TMaaS invoice for accounting. Unit count changed mid-month.,open,normal,hannah87@example.com,"[""b2b"",""billing""]",-610,-232
TCK-52529,Pizza float smells like vinyl,Is the vinyl smell on the Pizza Slice XL normal? How long until it airs out?,open,normal,deshawn5@example.com,"[""product""]",-904,-406
TCK-52530,Swan for a wedding?,Is the Colossal Swan available in white only? Wedding is in August. It will be in the photos. It IS the photos.,open,normal,jamal15@example.com,"[""product"",""presales""]",-692,-69
TCK-52531,Address change on subscription,"Moved from Columbus, OH to Findlay, OH. Update my Float Club shipping address please.",solved,normal,fatima49@example.com,"[""float-club"",""account""]",-986,-461
TCK-52532,Float Club: pause my membership,"Traveling for two months. Can you pause my Float Club box? Do not cancel. I repeat, do not cancel.",open,normal,paloma32@example.com,"[""float-club""]",-1017,-790
TCK-52533,Float Club: pause my membership,"Traveling for two months. Can you pause my Float Club box? Do not cancel. I repeat, do not cancel.",open,normal,ernesto29@example.com,"[""float-club""]",-167,522
TCK-52534,Sir Reginald has a slow leak,Sir Reginald Unicorn loses about 20% overnight. Within warranty. What are my options?,solved,normal,bob84@example.com,"[""warranty""]",-170,610
TCK-52535,Gift for retirement party,Can I get a tube man for a retirement party for one weekend? He was in HVAC 30 years. It has to flail.,solved,normal,jerome85@example.com,"[""presales"",""tube-man""]",-630,-124
TCK-52536,Address change on subscription,"Moved from Columbus, OH to Dayton, OH. Update my Float Club shipping address please.",solved,normal,umar54@example.com,"[""float-club"",""account""]",-747,-591
TCK-52537,Swan for a wedding?,Is the Colossal Swan available in white only? Wedding is in August. It will be in the photos. It IS the photos.,open,normal,gus78@example.com,"[""product"",""presales""]",-932,-202
TCK-52538,Repair kit question,Does the repair kit work on the Lazy Kraken tentacle seams or only the body?,solved,normal,tina36@example.com,"[""product""]",-525,-252
TCK-52539,Address change on subscription,"Moved from Ann Arbor, MI to Erie, PA. Update my Float Club shipping address please.",open,normal,aisha12@example.com,"[""float-club"",""account""]",-765,-701
TCK-52540,Gift for retirement party,Can I get a tube man for a retirement party for one weekend? He was in HVAC 30 years. It has to flail.,open,normal,stan88@example.com,"[""presales"",""tube-man""]",-80,283
TCK-52541,Pizza float smells like vinyl,Is the vinyl smell on the Pizza Slice XL normal? How long until it airs out?,solved,normal,paloma72@example.com,"[""product""]",-776,-5
TCK-52542,Tube man dancing weird,Our Standard Wacky unit is doing more of a slow lean than a wave. Customers are asking if he is ok.,open,normal,bob73@example.com,"[""tube-man"",""b2b""]",-718,80
TCK-52543,Pizza float smells like vinyl,Is the vinyl smell on the Pizza Slice XL normal? How long until it airs out?,open,normal,lamar17@example.com,"[""product""]",-317,-191
TCK-52544,Tube man dancing weird,Our Standard Wacky unit is doing more of a slow lean than a wave. Customers are asking if he is ok.,open,normal,vera75@example.com,"[""tube-man"",""b2b""]",-225,556
TCK-52545,Tube man dancing weird,Our Standard Wacky unit is doing more of a slow lean than a wave. Customers are asking if he is ok.,open,normal,omar46@example.com,"[""tube-man"",""b2b""]",-593,-127
TCK-52546,Float Club: pause my membership,"Traveling for two months. Can you pause my Float Club box? Do not cancel. I repeat, do not cancel.",solved,normal,luis41@example.com,"[""float-club""]",-552,199
TCK-52547,Bounce house booking change,Need to move our Castle Classic rental from Sat to Sun. Same address. Kid changed the theme again.,open,normal,curtis89@example.com,"[""bounce"",""booking""]",-107,-53
TCK-52548,Invoice copy needed,Our dealership needs a copy of last month's TMaaS invoice for accounting. Unit count changed mid-month.,solved,normal,rosa86@example.com,"[""b2b"",""billing""]",-303,387
TCK-52549,Invoice copy needed,Our dealership needs a copy of last month's TMaaS invoice for accounting. Unit count changed mid-month.,open,normal,yuki4@example.com,"[""b2b"",""billing""]",-750,-649
TCK-52550,Tube man dancing weird,Our Standard Wacky unit is doing more of a slow lean than a wave. Customers are asking if he is ok.,solved,normal,ingrid76@example.com,"[""tube-man"",""b2b""]",-792,1
TCK-52551,Gift for retirement party,Can I get a tube man for a retirement party for one weekend? He was in HVAC 30 years. It has to flail.,solved,normal,deshawn90@example.com,"[""presales"",""tube-man""]",-332,196
TCK-52552,Invoice copy needed,Our dealership needs a copy of last month's TMaaS invoice for accounting. Unit count changed mid-month.,solved,normal,vera93@example.com,"[""b2b"",""billing""]",-908,-135
TCK-52553,Stadium mascot arm replacement,Our mascot system left arm tore during the seventh inning. Need the replacement panel before Friday's home game.,solved,high,nellie58@example.com,"[""b2b"",""mascot"",""parts""]",-909,-558
TCK-52554,Valve cap missing from box,My Colossal Swan arrived without the valve cap. It deflates overnight. Love it otherwise.,open,normal,yuki22@example.com,"[""parts""]",-158,577
TCK-52555,Pizza float smells like vinyl,Is the vinyl smell on the Pizza Slice XL normal? How long until it airs out?,solved,normal,luis51@example.com,"[""product""]",-869,-217
TCK-52556,Float Club: pause my membership,"Traveling for two months. Can you pause my Float Club box? Do not cancel. I repeat, do not cancel.",solved,normal,lamar47@example.com,"[""float-club""]",-726,-505
TCK-52557,Swan for a wedding?,Is the Colossal Swan available in white only? Wedding is in August. It will be in the photos. It IS the photos.,solved,normal,aisha40@example.com,"[""product"",""presales""]",-665,-493
TCK-52558,Pizza float smells like vinyl,Is the vinyl smell on the Pizza Slice XL normal? How long until it airs out?,open,normal,ingrid72@example.com,"[""product""]",-925,-217
TCK-52559,Where is my order?,Ordered a Pizza Slice XL on 8 days ago. Tracking has not moved. Party is Saturday. Please advise.,open,normal,jerome62@example.com,"[""wismo""]",-646,-568
TCK-52560,Bounce house booking change,Need to move our Castle Classic rental from Sat to Sun. Same address. Kid changed the theme again.,open,normal,margaret68@example.com,"[""bounce"",""booking""]",-487,-315
TCK-52561,Valve cap missing from box,My Lazy Kraken arrived without the valve cap. It deflates overnight. Love it otherwise.,open,normal,margaret80@example.com,"[""parts""]",-598,-14
TCK-52562,Where is my order?,Ordered a Sir Reginald Unicorn on 3 days ago. Tracking has not moved. Party is Saturday. Please advise.,open,normal,ray29@example.com,"[""wismo""]",-824,27
TCK-52563,Address change on subscription,"Moved from Fort Wayne, IN to Findlay, OH. Update my Float Club shipping address please.",solved,normal,deshawn23@example.com,"[""float-club"",""account""]",-736,-442
TCK-52564,Where is my order?,Ordered a Pizza Slice XL on 5 days ago. Tracking has not moved. Party is Saturday. Please advise.,open,normal,zoe40@example.com,"[""wismo""]",-258,446
TCK-52565,Refund request: double charge,Charged twice for order ORD-103390. Bank shows both pending. Please fix.,open,normal,ray40@example.com,"[""billing"",""refund""]",-304,559
TCK-52566,Swan for a wedding?,Is the Colossal Swan available in white only? Wedding is in August. It will be in the photos. It IS the photos.,open,normal,bettye87@example.com,"[""product"",""presales""]",-875,-496
TCK-52567,Refund request: double charge,Charged twice for order ORD-102490. Bank shows both pending. Please fix.,open,normal,flo74@example.com,"[""billing"",""refund""]",-1003,-548
TCK-52568,Stadium mascot arm replacement,Our mascot system left arm tore during the seventh inning. Need the replacement panel before Friday's home game.,open,high,ximena2@example.com,"[""b2b"",""mascot"",""parts""]",-980,-355
TCK-52569,Invoice copy needed,Our dealership needs a copy of last month's TMaaS invoice for accounting. Unit count changed mid-month.,open,normal,jamal63@example.com,"[""b2b"",""billing""]",-208,462
TCK-52570,Valve cap missing from box,My Colossal Swan arrived without the valve cap. It deflates overnight. Love it otherwise.,open,normal,yuki91@example.com,"[""parts""]",-441,-272
TCK-52571,Bounce house booking change,Need to move our Castle Classic rental from Sat to Sun. Same address. Kid changed the theme again.,solved,normal,omar15@example.com,"[""bounce"",""booking""]",-73,262
TCK-52572,Invoice copy needed,Our dealership needs a copy of last month's TMaaS invoice for accounting. Unit count changed mid-month.,solved,normal,gus98@example.com,"[""b2b"",""billing""]",-961,-483
TCK-52573,Gift for retirement party,Can I get a tube man for a retirement party for one weekend? He was in HVAC 30 years. It has to flail.,solved,normal,curtis61@example.com,"[""presales"",""tube-man""]",-616,-409
TCK-52574,Sir Reginald has a slow leak,Sir Reginald Unicorn loses about 20% overnight. Within warranty. What are my options?,open,normal,jamal21@example.com,"[""warranty""]",-826,-685
TCK-52575,Address change on subscription,"Moved from Dayton, OH to South Bend, IN. Update my Float Club shipping address please.",solved,normal,dolores58@example.com,"[""float-club"",""account""]",-284,206
TCK-52576,Pizza float smells like vinyl,Is the vinyl smell on the Pizza Slice XL normal? How long until it airs out?,open,normal,ray8@example.com,"[""product""]",-321,203
TCK-52577,Refund request: double charge,Charged twice for order ORD-103189. Bank shows both pending. Please fix.,solved,normal,rosa64@example.com,"[""billing"",""refund""]",-464,-94
TCK-52578,Where is my order?,Ordered a Pizza Slice XL on 5 days ago. Tracking has not moved. Party is Saturday. Please advise.,open,normal,flo30@example.com,"[""wismo""]",-376,90
TCK-52579,Invoice copy needed,Our dealership needs a copy of last month's TMaaS invoice for accounting. Unit count changed mid-month.,solved,normal,paloma61@example.com,"[""b2b"",""billing""]",-349,436
TCK-52580,Where is my order?,Ordered a Sir Reginald Unicorn on 9 days ago. Tracking has not moved. Party is Saturday. Please advise.,solved,normal,vera7@example.com,"[""wismo""]",-707,-506
TCK-52581,Sir Reginald has a slow leak,Sir Reginald Unicorn loses about 20% overnight. Within warranty. What are my options?,open,normal,ernesto47@example.com,"[""warranty""]",-550,164
TCK-52582,Tube man dancing weird,Our Standard Wacky unit is doing more of a slow lean than a wave. Customers are asking if he is ok.,open,normal,ernesto94@example.com,"[""tube-man"",""b2b""]",-247,483
TCK-52583,Bounce house booking change,Need to move our Castle Classic rental from Sat to Sun. Same address. Kid changed the theme again.,open,normal,flo27@example.com,"[""bounce"",""booking""]",-972,-485
TCK-52584,Invoice copy needed,Our dealership needs a copy of last month's TMaaS invoice for accounting. Unit count changed mid-month.,open,normal,ray16@example.com,"[""b2b"",""billing""]",-625,126
TCK-52585,Where is my order?,Ordered a Lazy Kraken on 10 days ago. Tracking has not moved. Party is Saturday. Please advise.,solved,normal,carlos39@example.com,"[""wismo""]",-99,737
TCK-52586,Bounce house wet after rain,The Corporate Retreat Edition got rained on. What is the dry-out protocol before the offsite?,solved,normal,mabel33@example.com,"[""bounce"",""care""]",-485,-171
TCK-52587,Valve cap missing from box,My Colossal Swan arrived without the valve cap. It deflates overnight. Love it otherwise.,solved,normal,ivan44@example.com,"[""parts""]",-154,142
TCK-52588,Where is my order?,Ordered a Colossal Swan on 7 days ago. Tracking has not moved. Party is Saturday. Please advise.,solved,normal,chen80@example.com,"[""wismo""]",-277,48
TCK-52589,Float Club: pause my membership,"Traveling for two months. Can you pause my Float Club box? Do not cancel. I repeat, do not cancel.",open,normal,chen16@example.com,"[""float-club""]",-477,411
TCK-52590,Refund request: double charge,Charged twice for order ORD-100482. Bank shows both pending. Please fix.,solved,normal,greg50@example.com,"[""billing"",""refund""]",-706,-423
TCK-52591,Where is my order?,Ordered a Sir Reginald Unicorn on 9 days ago. Tracking has not moved. Party is Saturday. Please advise.,open,normal,quinn91@example.com,"[""wismo""]",-954,-242
TCK-52592,Stadium mascot arm replacement,Our mascot system left arm tore during the seventh inning. Need the replacement panel before Friday's home game.,open,high,nadia32@example.com,"[""b2b"",""mascot"",""parts""]",-132,272
TCK-52593,Swan for a wedding?,Is the Colossal Swan available in white only? Wedding is in August. It will be in the photos. It IS the photos.,open,normal,stan99@example.com,"[""product"",""presales""]",-843,-786
TCK-52594,Gift for retirement party,Can I get a tube man for a retirement party for one weekend? He was in HVAC 30 years. It has to flail.,solved,normal,luis70@example.com,"[""presales"",""tube-man""]",-572,103
TCK-52595,Float Club: pause my membership,"Traveling for two months. Can you pause my Float Club box? Do not cancel. I repeat, do not cancel.",open,normal,harriet12@example.com,"[""float-club""]",-385,417
TCK-52596,Bounce house wet after rain,The Corporate Retreat Edition got rained on. What is the dry-out protocol before the offsite?,open,normal,luis51@example.com,"[""bounce"",""care""]",-120,-68
TCK-52597,Where is my order?,Ordered a Colossal Swan on 10 days ago. Tracking has not moved. Party is Saturday. Please advise.,solved,normal,keiko9@example.com,"[""wismo""]",-598,-268
TCK-52598,Gift for retirement party,Can I get a tube man for a retirement party for one weekend? He was in HVAC 30 years. It has to flail.,solved,normal,keiko2@example.com,"[""presales"",""tube-man""]",-449,229
TCK-52599,Gift for retirement party,Can I get a tube man for a retirement party for one weekend? He was in HVAC 30 years. It has to flail.,solved,normal,dolores4@example.com,"[""presales"",""tube-man""]",-132,417
TCK-52600,Sir Reginald has a slow leak,Sir Reginald Unicorn loses about 20% overnight. Within warranty. What are my options?,solved,normal,wes71@example.com,"[""warranty""]",-459,305
TCK-52601,Address change on subscription,"Moved from Fort Wayne, IN to Erie, PA. Update my Float Club shipping address please.",solved,normal,harriet49@example.com,"[""float-club"",""account""]",-695,-517
TCK-52602,Tube man dancing weird,Our Standard Wacky unit is doing more of a slow lean than a wave. Customers are asking if he is ok.,solved,normal,ray64@example.com,"[""tube-man"",""b2b""]",-596,67
TCK-52603,Bounce house wet after rain,The Corporate Retreat Edition got rained on. What is the dry-out protocol before the offsite?,open,normal,luis68@example.com,"[""bounce"",""care""]",-910,-588
TCK-52604,Address change on subscription,"Moved from Kalamazoo, MI to Akron, OH. Update my Float Club shipping address please.",open,normal,mabel98@example.com,"[""float-club"",""account""]",-794,-66
TCK-52605,Invoice copy needed,Our dealership needs a copy of last month's TMaaS invoice for accounting. Unit count changed mid-month.,solved,normal,bettye60@example.com,"[""b2b"",""billing""]",-973,-593
TCK-52606,Address change on subscription,"Moved from Ann Arbor, MI to Akron, OH. Update my Float Club shipping address please.",open,normal,luis61@example.com,"[""float-club"",""account""]",-634,-397
TCK-52607,Repair kit question,Does the repair kit work on the Lazy Kraken tentacle seams or only the body?,open,normal,zoe56@example.com,"[""product""]",-954,-129
TCK-52608,Float Club: pause my membership,"Traveling for two months. Can you pause my Float Club box? Do not cancel. I repeat, do not cancel.",solved,normal,bob18@example.com,"[""float-club""]",-536,-379
TCK-52609,Gift for retirement party,Can I get a tube man for a retirement party for one weekend? He was in HVAC 30 years. It has to flail.,open,normal,vera10@example.com,"[""presales"",""tube-man""]",-217,-176
TCK-52610,Gift for retirement party,Can I get a tube man for a retirement party for one weekend? He was in HVAC 30 years. It has to flail.,open,normal,carlos66@example.com,"[""presales"",""tube-man""]",-124,141
TCK-52611,Repair kit question,Does the repair kit work on the Lazy Kraken tentacle seams or only the body?,solved,normal,zoe41@example.com,"[""product""]",-370,-123
TCK-52612,Bounce house booking change,Need to move our Castle Classic rental from Sat to Sun. Same address. Kid changed the theme again.,open,normal,jamal25@example.com,"[""bounce"",""booking""]",-169,363
TCK-52613,Sir Reginald has a slow leak,Sir Reginald Unicorn loses about 20% overnight. Within warranty. What are my options?,open,normal,pearl43@example.com,"[""warranty""]",-456,-179
TCK-52614,Where is my order?,Ordered a Lazy Kraken on 12 days ago. Tracking has not moved. Party is Saturday. Please advise.,open,normal,rosa9@example.com,"[""wismo""]",-372,451
TCK-52615,Float Club: pause my membership,"Traveling for two months. Can you pause my Float Club box? Do not cancel. I repeat, do not cancel.",open,normal,umar41@example.com,"[""float-club""]",-445,447
TCK-52616,Gift for retirement party,Can I get a tube man for a retirement party for one weekend? He was in HVAC 30 years. It has to flail.,open,normal,tina60@example.com,"[""presales"",""tube-man""]",-390,-167
TCK-52617,Float Club: pause my membership,"Traveling for two months. Can you pause my Float Club box? Do not cancel. I repeat, do not cancel.",solved,normal,ivan83@example.com,"[""float-club""]",-345,-204
TCK-52618,Swan for a wedding?,Is the Colossal Swan available in white only? Wedding is in August. It will be in the photos. It IS the photos.,open,normal,linda55@example.com,"[""product"",""presales""]",-121,217
TCK-52619,Where is my order?,Ordered a Sir Reginald Unicorn on 6 days ago. Tracking has not moved. Party is Saturday. Please advise.,open,normal,wes53@example.com,"[""wismo""]",-422,162
TCK-52620,Swan for a wedding?,Is the Colossal Swan available in white only? Wedding is in August. It will be in the photos. It IS the photos.,open,normal,linda65@example.com,"[""product"",""presales""]",-763,-298
TCK-52621,Pizza float smells like vinyl,Is the vinyl smell on the Pizza Slice XL normal? How long until it airs out?,open,normal,linda82@example.com,"[""product""]",-938,-98
TCK-52622,Sir Reginald has a slow leak,Sir Reginald Unicorn loses about 20% overnight. Within warranty. What are my options?,solved,normal,harriet93@example.com,"[""warranty""]",-332,-181
TCK-52623,Bounce house booking change,Need to move our Castle Classic rental from Sat to Sun. Same address. Kid changed the theme again.,open,normal,omar19@example.com,"[""bounce"",""booking""]",-627,-264
TCK-52624,Valve cap missing from box,My Lazy Kraken arrived without the valve cap. It deflates overnight. Love it otherwise.,open,normal,deshawn22@example.com,"[""parts""]",-433,152
TCK-52625,Stadium mascot arm replacement,Our mascot system left arm tore during the seventh inning. Need the replacement panel before Friday's home game.,open,high,yuki42@example.com,"[""b2b"",""mascot"",""parts""]",-861,-616
TCK-52626,Pizza float smells like vinyl,Is the vinyl smell on the Pizza Slice XL normal? How long until it airs out?,open,normal,tina70@example.com,"[""product""]",-483,122
TCK-52627,Bounce house booking change,Need to move our Castle Classic rental from Sat to Sun. Same address. Kid changed the theme again.,solved,normal,quinn1@example.com,"[""bounce"",""booking""]",-751,-357
TCK-52628,Sir Reginald has a slow leak,Sir Reginald Unicorn loses about 20% overnight. Within warranty. What are my options?,open,normal,chen80@example.com,"[""warranty""]",-323,-239
TCK-52629,Invoice copy needed,Our dealership needs a copy of last month's TMaaS invoice for accounting. Unit count changed mid-month.,open,normal,zoe50@example.com,"[""b2b"",""billing""]",-948,-292
TCK-52630,Bounce house wet after rain,The Corporate Retreat Edition got rained on. What is the dry-out protocol before the offsite?,open,normal,harriet48@example.com,"[""bounce"",""care""]",-673,-419
TCK-52631,Bounce house booking change,Need to move our Castle Classic rental from Sat to Sun. Same address. Kid changed the theme again.,open,normal,vera6@example.com,"[""bounce"",""booking""]",-179,142
TCK-52632,Bounce house booking change,Need to move our Castle Classic rental from Sat to Sun. Same address. Kid changed the theme again.,solved,normal,vera81@example.com,"[""bounce"",""booking""]",-404,437
TCK-52633,Swan for a wedding?,Is the Colossal Swan available in white only? Wedding is in August. It will be in the photos. It IS the photos.,solved,normal,deshawn55@example.com,"[""product"",""presales""]",-872,-322
TCK-52634,Repair kit question,Does the repair kit work on the Lazy Kraken tentacle seams or only the body?,open,normal,omar26@example.com,"[""product""]",-794,-640
TCK-52635,Address change on subscription,"Moved from Ann Arbor, MI to Bowling Green, OH. Update my Float Club shipping address please.",open,normal,aisha89@example.com,"[""float-club"",""account""]",-183,624
TCK-52636,Gift for retirement party,Can I get a tube man for a retirement party for one weekend? He was in HVAC 30 years. It has to flail.,open,normal,tina98@example.com,"[""presales"",""tube-man""]",-504,120
TCK-52637,Tube man dancing weird,Our Standard Wacky unit is doing more of a slow lean than a wave. Customers are asking if he is ok.,open,normal,linda69@example.com,"[""tube-man"",""b2b""]",-404,149
TCK-52638,Float Club: pause my membership,"Traveling for two months. Can you pause my Float Club box? Do not cancel. I repeat, do not cancel.",solved,normal,wes29@example.com,"[""float-club""]",-908,-697
TCK-52639,Pizza float smells like vinyl,Is the vinyl smell on the Pizza Slice XL normal? How long until it airs out?,solved,normal,rosa87@example.com,"[""product""]",-997,-510
TCK-52640,Invoice copy needed,Our dealership needs a copy of last month's TMaaS invoice for accounting. Unit count changed mid-month.,open,normal,nadia21@example.com,"[""b2b"",""billing""]",-557,-132
TCK-52641,Valve cap missing from box,My Sir Reginald Unicorn arrived without the valve cap. It deflates overnight. Love it otherwise.,open,normal,nadia85@example.com,"[""parts""]",-834,-584
TCK-52642,Swan for a wedding?,Is the Colossal Swan available in white only? Wedding is in August. It will be in the photos. It IS the photos.,open,normal,linda63@example.com,"[""product"",""presales""]",-309,470
TCK-52643,Refund request: double charge,Charged twice for order ORD-102873. Bank shows both pending. Please fix.,open,normal,bettye27@example.com,"[""billing"",""refund""]",-956,-352
TCK-52644,Repair kit question,Does the repair kit work on the Lazy Kraken tentacle seams or only the body?,solved,normal,harriet8@example.com,"[""product""]",-263,-169
TCK-52645,Address change on subscription,"Moved from Fort Wayne, IN to Toledo, OH. Update my Float Club shipping address please.",solved,normal,ray45@example.com,"[""float-club"",""account""]",-702,-22
TCK-52646,Sir Reginald has a slow leak,Sir Reginald Unicorn loses about 20% overnight. Within warranty. What are my options?,open,normal,fatima22@example.com,"[""warranty""]",-879,-697
TCK-52647,Repair kit question,Does the repair kit work on the Lazy Kraken tentacle seams or only the body?,open,normal,chen56@example.com,"[""product""]",-769,-143
TCK-52648,Repair kit question,Does the repair kit work on the Lazy Kraken tentacle seams or only the body?,open,normal,aisha84@example.com,"[""product""]",-386,125
TCK-52649,Invoice copy needed,Our dealership needs a copy of last month's TMaaS invoice for accounting. Unit count changed mid-month.,open,normal,ray54@example.com,"[""b2b"",""billing""]",-919,-357
TCK-52650,Sir Reginald has a slow leak,Sir Reginald Unicorn loses about 20% overnight. Within warranty. What are my options?,open,normal,ingrid27@example.com,"[""warranty""]",-835,-676
TCK-52651,Bounce house wet after rain,The Corporate Retreat Edition got rained on. What is the dry-out protocol before the offsite?,solved,normal,bob5@example.com,"[""bounce"",""care""]",-962,-380
TCK-52652,Gift for retirement party,Can I get a tube man for a retirement party for one weekend? He was in HVAC 30 years. It has to flail.,solved,normal,dolores34@example.com,"[""presales"",""tube-man""]",-924,-264
TCK-52653,Refund request: double charge,Charged twice for order ORD-102758. Bank shows both pending. Please fix.,solved,normal,tina11@example.com,"[""billing"",""refund""]",-601,-233
TCK-52654,Pizza float smells like vinyl,Is the vinyl smell on the Pizza Slice XL normal? How long until it airs out?,open,normal,curtis23@example.com,"[""product""]",-514,-87
TCK-52655,Address change on subscription,"Moved from Sandusky, OH to Erie, PA. Update my Float Club shipping address please.",solved,normal,hannah64@example.com,"[""float-club"",""account""]",-61,257
TCK-52656,Tube man dancing weird,Our Standard Wacky unit is doing more of a slow lean than a wave. Customers are asking if he is ok.,solved,normal,pearl51@example.com,"[""tube-man"",""b2b""]",-389,90
TCK-52657,Invoice copy needed,Our dealership needs a copy of last month's TMaaS invoice for accounting. Unit count changed mid-month.,open,normal,mabel12@example.com,"[""b2b"",""billing""]",-847,-379
TCK-52658,Where is my order?,Ordered a Colossal Swan on 10 days ago. Tracking has not moved. Party is Saturday. Please advise.,open,normal,zoe2@example.com,"[""wismo""]",-781,97
TCK-52659,Sir Reginald has a slow leak,Sir Reginald Unicorn loses about 20% overnight. Within warranty. What are my options?,open,normal,tomasz32@example.com,"[""warranty""]",-109,98
TCK-52660,Stadium mascot arm replacement,Our mascot system left arm tore during the seventh inning. Need the replacement panel before Friday's home game.,solved,high,bob16@example.com,"[""b2b"",""mascot"",""parts""]",-235,-90
TCK-52661,Refund request: double charge,Charged twice for order ORD-101789. Bank shows both pending. Please fix.,open,normal,curtis1@example.com,"[""billing"",""refund""]",-344,-31
TCK-52662,Float Club: pause my membership,"Traveling for two months. Can you pause my Float Club box? Do not cancel. I repeat, do not cancel.",solved,normal,yuki71@example.com,"[""float-club""]",-761,36
TCK-52663,Repair kit question,Does the repair kit work on the Lazy Kraken tentacle seams or only the body?,open,normal,ray22@example.com,"[""product""]",-90,194
TCK-52664,Repair kit question,Does the repair kit work on the Lazy Kraken tentacle seams or only the body?,solved,normal,gus65@example.com,"[""product""]",-315,-189
TCK-52665,Pizza float smells like vinyl,Is the vinyl smell on the Pizza Slice XL normal? How long until it airs out?,open,normal,yuki61@example.com,"[""product""]",-686,74
TCK-52666,Refund request: double charge,Charged twice for order ORD-103290. Bank shows both pending. Please fix.,solved,normal,nadia22@example.com,"[""billing"",""refund""]",-697,-144
TCK-52667,Where is my order?,Ordered a Pizza Slice XL on 7 days ago. Tracking has not moved. Party is Saturday. Please advise.,open,normal,mo25@example.com,"[""wismo""]",-358,145
TCK-52668,Refund request: double charge,Charged twice for order ORD-101749. Bank shows both pending. Please fix.,open,normal,pearl63@example.com,"[""billing"",""refund""]",-797,-7
TCK-52669,Valve cap missing from box,My Lazy Kraken arrived without the valve cap. It deflates overnight. Love it otherwise.,solved,normal,wes30@example.com,"[""parts""]",-163,180
TCK-52670,Bounce house booking change,Need to move our Castle Classic rental from Sat to Sun. Same address. Kid changed the theme again.,open,normal,mabel33@example.com,"[""bounce"",""booking""]",-1013,-316
TCK-52671,Bounce house wet after rain,The Corporate Retreat Edition got rained on. What is the dry-out protocol before the offsite?,solved,normal,chen44@example.com,"[""bounce"",""care""]",-682,-576
TCK-52672,Valve cap missing from box,My Colossal Swan arrived without the valve cap. It deflates overnight. Love it otherwise.,open,normal,priya98@example.com,"[""parts""]",-814,84
TCK-52673,Address change on subscription,"Moved from Kalamazoo, MI to Toledo, OH. Update my Float Club shipping address please.",open,normal,flo22@example.com,"[""float-club"",""account""]",-856,-457
TCK-52674,Gift for retirement party,Can I get a tube man for a retirement party for one weekend? He was in HVAC 30 years. It has to flail.,open,normal,tina37@example.com,"[""presales"",""tube-man""]",-904,-810
TCK-52675,Pizza float smells like vinyl,Is the vinyl smell on the Pizza Slice XL normal? How long until it airs out?,solved,normal,ray6@example.com,"[""product""]",-520,370
TCK-52676,Gift for retirement party,Can I get a tube man for a retirement party for one weekend? He was in HVAC 30 years. It has to flail.,solved,normal,wes79@example.com,"[""presales"",""tube-man""]",-657,82
TCK-52677,Repair kit question,Does the repair kit work on the Lazy Kraken tentacle seams or only the body?,solved,normal,kitty17@example.com,"[""product""]",-295,25
TCK-52678,Float Club: pause my membership,"Traveling for two months. Can you pause my Float Club box? Do not cancel. I repeat, do not cancel.",open,normal,vera9@example.com,"[""float-club""]",-607,281
TCK-52679,Stadium mascot arm replacement,Our mascot system left arm tore during the seventh inning. Need the replacement panel before Friday's home game.,solved,high,deshawn80@example.com,"[""b2b"",""mascot"",""parts""]",-888,-375
TCK-52680,Bounce house booking change,Need to move our Castle Classic rental from Sat to Sun. Same address. Kid changed the theme again.,solved,normal,mabel46@example.com,"[""bounce"",""booking""]",-208,569
TCK-52681,Valve cap missing from box,My Sir Reginald Unicorn arrived without the valve cap. It deflates overnight. Love it otherwise.,open,normal,yosef85@example.com,"[""parts""]",-370,222
TCK-52682,Bounce house wet after rain,The Corporate Retreat Edition got rained on. What is the dry-out protocol before the offsite?,open,normal,mo99@example.com,"[""bounce"",""care""]",-948,-724
TCK-52683,Valve cap missing from box,My Sir Reginald Unicorn arrived without the valve cap. It deflates overnight. Love it otherwise.,open,normal,bob58@example.com,"[""parts""]",-74,668
TCK-52684,Tube man dancing weird,Our Standard Wacky unit is doing more of a slow lean than a wave. Customers are asking if he is ok.,solved,normal,curtis70@example.com,"[""tube-man"",""b2b""]",-492,-376
TCK-52685,Where is my order?,Ordered a Pizza Slice XL on 3 days ago. Tracking has not moved. Party is Saturday. Please advise.,open,normal,yosef38@example.com,"[""wismo""]",-226,391
TCK-52686,Valve cap missing from box,My Pizza Slice XL arrived without the valve cap. It deflates overnight. Love it otherwise.,open,normal,keiko62@example.com,"[""parts""]",-337,-25
TCK-52687,Bounce house wet after rain,The Corporate Retreat Edition got rained on. What is the dry-out protocol before the offsite?,open,normal,harriet74@example.com,"[""bounce"",""care""]",-304,-122
TCK-52688,Gift for retirement party,Can I get a tube man for a retirement party for one weekend? He was in HVAC 30 years. It has to flail.,solved,normal,stan22@example.com,"[""presales"",""tube-man""]",-353,271
TCK-52689,Gift for retirement party,Can I get a tube man for a retirement party for one weekend? He was in HVAC 30 years. It has to flail.,solved,normal,ximena24@example.com,"[""presales"",""tube-man""]",-714,63
TCK-52690,Pizza float smells like vinyl,Is the vinyl smell on the Pizza Slice XL normal? How long until it airs out?,open,normal,keiko35@example.com,"[""product""]",-860,-220
TCK-52691,Refund request: double charge,Charged twice for order ORD-103315. Bank shows both pending. Please fix.,open,normal,yuki53@example.com,"[""billing"",""refund""]",-464,193
